image_url,name,publisher,description,category,tags,price,review_score,review_count,stock_quantity,date_added
https://example.com/images/product_1.jpg,Mini Projector HD,TechNova,Mini Projector HD by TechNova. High-quality electronics product designed for everyday use and long-term durability.,Electronics,"fast-charging, ergonomic, new-arrival, bestseller",336.79,4.6,4164,327,2025-09-24 01:16:47
https://example.com/images/product_2.jpg,Stainless Steel Water Bottle,BrightTech,Stainless Steel Water Bottle by BrightTech. High-quality sports & outdoors product designed for everyday use and long-term durability.,Sports & Outdoors,"new-arrival, compact, smart, ergonomic",265.65,4.7,10299,998,2025-10-17 01:16:47
https://example.com/images/product_3.jpg,Mechanical Keyboard,NextGen,Mechanical Keyboard by NextGen. High-quality travel product designed for everyday use and long-term durability.,Travel,"waterproof, wireless, smart, new-arrival",326.13,4.5,11004,813,2025-09-04 01:16:47
https://example.com/images/product_4.jpg,Portable Blender,FitZone,Portable Blender by FitZone. High-quality electronics product designed for everyday use and long-term durability.,Electronics,"wireless, lightweight, fast-charging, portable",310.1,4.2,7880,726,2024-12-24 01:16:47
https://example.com/images/product_5.jpg,Wireless Charging Pad,NovaStyle,Wireless Charging Pad by NovaStyle. High-quality travel product designed for everyday use and long-term durability.,Travel,"budget, portable, wireless, ergonomic",392.03,4.0,7743,474,2024-09-08 01:16:47
https://example.com/images/product_6.jpg,LED Desk Lamp,PureLiving,LED Desk Lamp by PureLiving. High-quality smart home product designed for everyday use and long-term durability.,Smart Home,"lightweight, multi-use, portable, budget",162.01,3.3,2345,156,2024-12-20 01:16:47
https://example.com/images/product_7.jpg,Mechanical Keyboard,PrimeHouse,Mechanical Keyboard by PrimeHouse. High-quality office supplies product designed for everyday use and long-term durability.,Office Supplies,"eco-friendly, waterproof, bestseller, portable",336.36,4.4,11423,185,2026-02-08 01:16:47
https://example.com/images/product_8.jpg,LED Desk Lamp,PrimeHouse,LED Desk Lamp by PrimeHouse. High-quality office supplies product designed for everyday use and long-term durability.,Office Supplies,"fast-charging, durable, waterproof, new-arrival",550.13,3.9,7253,298,2025-12-22 01:16:47
https://example.com/images/product_9.jpg,Cordless Vacuum Cleaner,HomeEase,Cordless Vacuum Cleaner by HomeEase. High-quality health & personal care product designed for everyday use and long-term durability.,Health & Personal Care,"compact, fast-charging, bestseller, multi-use",153.43,4.5,9589,117,2025-06-08 01:16:47
https://example.com/images/product_10.jpg,Smart Home Speaker,CoreMax,Smart Home Speaker by CoreMax. High-quality home & kitchen product designed for everyday use and long-term durability.,Home & Kitchen,"wireless, premium, bestseller, lightweight",474.85,2.9,3938,960,2025-06-23 01:16:47
https://example.com/images/product_11.jpg,Organic Green Tea Pack,NovaStyle,Organic Green Tea Pack by NovaStyle. High-quality smart home product designed for everyday use and long-term durability.,Smart Home,"premium, compact, fast-charging, smart",555.3,3.2,11002,418,2024-06-22 01:16:47
https://example.com/images/product_12.jpg,Yoga Mat Pro,ActiveCore,Yoga Mat Pro by ActiveCore. High-quality fitness product designed for everyday use and long-term durability.,Fitness,"eco-friendly, waterproof, budget, smart",398.94,4.3,4647,925,2025-07-10 01:16:47
https://example.com/images/product_13.jpg,Noise Cancelling Earbuds,GadgetPro,Noise Cancelling Earbuds by GadgetPro. High-quality accessories product designed for everyday use and long-term durability.,Accessories,"new-arrival, waterproof, portable, compact",268.17,4.0,3756,342,2025-07-02 01:16:47
https://example.com/images/product_14.jpg,Stainless Steel Water Bottle,GadgetPro,Stainless Steel Water Bottle by GadgetPro. High-quality health & personal care product designed for everyday use and long-term durability.,Health & Personal Care,"premium, compact, bestseller, smart",409.69,2.8,8068,363,2024-03-16 01:16:47
https://example.com/images/product_15.jpg,Smart LED Light Bulb,PureLiving,Smart LED Light Bulb by PureLiving. High-quality electronics product designed for everyday use and long-term durability.,Electronics,"smart, waterproof, lightweight, new-arrival",47.63,4.0,1684,515,2024-10-27 01:16:47
https://example.com/images/product_16.jpg,Digital Kitchen Scale,GreenLife,Digital Kitchen Scale by GreenLife. High-quality health & personal care product designed for everyday use and long-term durability.,Health & Personal Care,"new-arrival, portable, multi-use, eco-friendly",110.02,2.7,11428,204,2024-06-28 01:16:47
https://example.com/images/product_17.jpg,Stainless Steel Water Bottle,EcoWare,Stainless Steel Water Bottle by EcoWare. High-quality home & kitchen product designed for everyday use and long-term durability.,Home & Kitchen,"compact, eco-friendly, ergonomic, fast-charging",102.9,4.2,4006,586,2024-08-25 01:16:47
https://example.com/images/product_18.jpg,4K Action Camera,FitZone,4K Action Camera by FitZone. High-quality home & kitchen product designed for everyday use and long-term durability.,Home & Kitchen,"compact, ergonomic, wireless, bestseller",364.6,4.2,12995,499,2024-07-06 01:16:47
https://example.com/images/product_19.jpg,Ergonomic Office Chair,FitZone,Ergonomic Office Chair by FitZone. High-quality electronics product designed for everyday use and long-term durability.,Electronics,"durable, eco-friendly, multi-use, smart",514.39,4.7,4077,896,2025-01-17 01:16:47
https://example.com/images/product_20.jpg,Mechanical Keyboard,ActiveCore,Mechanical Keyboard by ActiveCore. High-quality home & kitchen product designed for everyday use and long-term durability.,Home & Kitchen,"compact, lightweight, new-arrival, portable",367.42,3.9,5919,65,2024-03-20 01:16:47
https://example.com/images/product_21.jpg,Aromatherapy Diffuser,FitZone,Aromatherapy Diffuser by FitZone. High-quality travel product designed for everyday use and long-term durability.,Travel,"smart, fast-charging, waterproof, eco-friendly",516.0,4.4,8959,297,2024-11-24 01:16:47
https://example.com/images/product_22.jpg,Organic Green Tea Pack,PureLiving,Organic Green Tea Pack by PureLiving. High-quality smart home product designed for everyday use and long-term durability.,Smart Home,"portable, durable, budget, multi-use",149.07,3.8,7386,870,2025-12-15 01:16:47
https://example.com/images/product_23.jpg,Mini Projector HD,NovaStyle,Mini Projector HD by NovaStyle. High-quality health & personal care product designed for everyday use and long-term durability.,Health & Personal Care,"durable, multi-use, budget, eco-friendly",320.28,3.6,10927,236,2025-07-31 01:16:47
https://example.com/images/product_24.jpg,Portable Phone Charger,FitZone,Portable Phone Charger by FitZone. High-quality home & kitchen product designed for everyday use and long-term durability.,Home & Kitchen,"eco-friendly, compact, multi-use, smart",426.86,2.6,4030,919,2024-05-10 01:16:47
https://example.com/images/product_25.jpg,Mechanical Keyboard,EcoWare,Mechanical Keyboard by EcoWare. High-quality accessories product designed for everyday use and long-term durability.,Accessories,"eco-friendly, bestseller, new-arrival, waterproof",590.61,4.9,5349,624,2024-11-15 01:16:47
https://example.com/images/product_26.jpg,Cordless Vacuum Cleaner,FitZone,Cordless Vacuum Cleaner by FitZone. High-quality travel product designed for everyday use and long-term durability.,Travel,"wireless, smart, waterproof, budget",306.19,3.7,13066,567,2024-08-12 01:16:47
https://example.com/images/product_27.jpg,Smart Home Speaker,ZenithLabs,Smart Home Speaker by ZenithLabs. High-quality electronics product designed for everyday use and long-term durability.,Electronics,"eco-friendly, fast-charging, premium, compact",519.04,3.8,170,357,2025-11-07 01:16:47
https://example.com/images/product_28.jpg,Portable Blender,BrightTech,Portable Blender by BrightTech. High-quality sports & outdoors product designed for everyday use and long-term durability.,Sports & Outdoors,"premium, durable, eco-friendly, waterproof",99.44,3.7,2003,977,2025-01-13 01:16:47
https://example.com/images/product_29.jpg,Smart LED Light Bulb,PureLiving,Smart LED Light Bulb by PureLiving. High-quality health & personal care product designed for everyday use and long-term durability.,Health & Personal Care,"fast-charging, waterproof, ergonomic, bestseller",433.06,4.2,1901,749,2024-08-25 01:16:47
https://example.com/images/product_30.jpg,Yoga Mat Pro,ActiveCore,Yoga Mat Pro by ActiveCore. High-quality travel product designed for everyday use and long-term durability.,Travel,"wireless, fast-charging, premium, ergonomic",45.52,4.8,9152,358,2025-01-02 01:16:47
https://example.com/images/product_31.jpg,LED Desk Lamp,EcoWare,LED Desk Lamp by EcoWare. High-quality electronics product designed for everyday use and long-term durability.,Electronics,"ergonomic, new-arrival, smart, waterproof",40.27,2.8,805,403,2024-08-24 01:16:47
https://example.com/images/product_32.jpg,Yoga Mat Pro,ZenithLabs,Yoga Mat Pro by ZenithLabs. High-quality fitness product designed for everyday use and long-term durability.,Fitness,"eco-friendly, compact, lightweight, ergonomic",292.81,2.6,6001,699,2026-01-27 01:16:47
https://example.com/images/product_33.jpg,Digital Kitchen Scale,TechNova,Digital Kitchen Scale by TechNova. High-quality accessories product designed for everyday use and long-term durability.,Accessories,"fast-charging, budget, premium, eco-friendly",583.24,4.3,9589,632,2024-09-19 01:16:47
https://example.com/images/product_34.jpg,Noise Cancelling Earbuds,EcoWare,Noise Cancelling Earbuds by EcoWare. High-quality home & kitchen product designed for everyday use and long-term durability.,Home & Kitchen,"new-arrival, wireless, premium, waterproof",583.54,3.3,9868,457,2025-10-10 01:16:47
https://example.com/images/product_35.jpg,USB-C Hub Adapter,FitZone,USB-C Hub Adapter by FitZone. High-quality accessories product designed for everyday use and long-term durability.,Accessories,"wireless, multi-use, waterproof, fast-charging",337.91,4.3,195,956,2025-10-15 01:16:47
https://example.com/images/product_36.jpg,Tablet Stand Adjustable,UrbanGear,Tablet Stand Adjustable by UrbanGear. High-quality health & personal care product designed for everyday use and long-term durability.,Health & Personal Care,"bestseller, fast-charging, compact, smart",254.22,2.9,8267,274,2024-09-22 01:16:47
https://example.com/images/product_37.jpg,Smart LED Light Bulb,PrimeHouse,Smart LED Light Bulb by PrimeHouse. High-quality smart home product designed for everyday use and long-term durability.,Smart Home,"bestseller, new-arrival, budget, smart",528.75,3.8,3612,541,2024-05-27 01:16:47
https://example.com/images/product_38.jpg,Smart Fitness Watch,PureLiving,Smart Fitness Watch by PureLiving. High-quality office supplies product designed for everyday use and long-term durability.,Office Supplies,"ergonomic, multi-use, fast-charging, wireless",229.26,3.6,8378,172,2025-01-14 01:16:47
https://example.com/images/product_39.jpg,Fitness Resistance Bands,NovaStyle,Fitness Resistance Bands by NovaStyle. High-quality sports & outdoors product designed for everyday use and long-term durability.,Sports & Outdoors,"eco-friendly, fast-charging, smart, lightweight",299.5,3.2,5129,383,2025-05-28 01:16:47
https://example.com/images/product_40.jpg,Portable Blender,PureLiving,Portable Blender by PureLiving. High-quality travel product designed for everyday use and long-term durability.,Travel,"fast-charging, waterproof, wireless, budget",457.59,4.9,14080,933,2026-01-19 01:16:47
https://example.com/images/product_41.jpg,Aromatherapy Diffuser,TechNova,Aromatherapy Diffuser by TechNova. High-quality accessories product designed for everyday use and long-term durability.,Accessories,"durable, portable, lightweight, bestseller",485.38,3.5,11000,281,2025-12-24 01:16:47
https://example.com/images/product_42.jpg,Bluetooth Car Adapter,BrightTech,Bluetooth Car Adapter by BrightTech. High-quality accessories product designed for everyday use and long-term durability.,Accessories,"lightweight, wireless, budget, eco-friendly",459.21,2.6,9079,285,2025-10-19 01:16:47
https://example.com/images/product_43.jpg,Portable Phone Charger,PrimeHouse,Portable Phone Charger by PrimeHouse. High-quality travel product designed for everyday use and long-term durability.,Travel,"smart, eco-friendly, durable, compact",270.55,4.1,14593,788,2024-07-27 01:16:47
https://example.com/images/product_44.jpg,Tablet Stand Adjustable,GreenLife,Tablet Stand Adjustable by GreenLife. High-quality sports & outdoors product designed for everyday use and long-term durability.,Sports & Outdoors,"wireless, durable, ergonomic, lightweight",375.67,3.6,402,41,2025-06-21 01:16:47
https://example.com/images/product_45.jpg,Gaming Mouse RGB,HomeEase,Gaming Mouse RGB by HomeEase. High-quality office supplies product designed for everyday use and long-term durability.,Office Supplies,"new-arrival, multi-use, fast-charging, portable",562.01,3.1,5816,805,2025-05-27 01:16:47
https://example.com/images/product_46.jpg,Bluetooth Car Adapter,EcoWare,Bluetooth Car Adapter by EcoWare. High-quality travel product designed for everyday use and long-term durability.,Travel,"lightweight, ergonomic, budget, wireless",274.79,3.7,5194,293,2024-11-28 01:16:47
https://example.com/images/product_47.jpg,Cordless Vacuum Cleaner,PureLiving,Cordless Vacuum Cleaner by PureLiving. High-quality home & kitchen product designed for everyday use and long-term durability.,Home & Kitchen,"multi-use, ergonomic, premium, compact",137.73,4.9,6846,595,2025-03-27 01:16:47
https://example.com/images/product_48.jpg,Wireless Bluetooth Headphones,ZenithLabs,Wireless Bluetooth Headphones by ZenithLabs. High-quality accessories product designed for everyday use and long-term durability.,Accessories,"premium, new-arrival, compact, budget",592.65,4.0,13693,434,2025-01-27 01:16:47
https://example.com/images/product_49.jpg,Organic Green Tea Pack,NextGen,Organic Green Tea Pack by NextGen. High-quality accessories product designed for everyday use and long-term durability.,Accessories,"durable, multi-use, waterproof, eco-friendly",423.03,4.9,13372,627,2024-09-25 01:16:47
https://example.com/images/product_50.jpg,Yoga Mat Pro,FitZone,Yoga Mat Pro by FitZone. High-quality electronics product designed for everyday use and long-term durability.,Electronics,"new-arrival, premium, portable, budget",111.15,4.2,7953,827,2024-03-30 01:16:47
https://example.com/images/product_51.jpg,4K Action Camera,NovaStyle,4K Action Camera by NovaStyle. High-quality fitness product designed for everyday use and long-term durability.,Fitness,"premium, multi-use, waterproof, new-arrival",178.43,3.9,2584,564,2025-02-05 01:16:47
https://example.com/images/product_52.jpg,Running Shoes,ActiveCore,Running Shoes by ActiveCore. High-quality electronics product designed for everyday use and long-term durability.,Electronics,"ergonomic, smart, bestseller, multi-use",260.62,2.7,14600,229,2024-11-15 01:16:47
https://example.com/images/product_53.jpg,Stainless Steel Water Bottle,PureLiving,Stainless Steel Water Bottle by PureLiving. High-quality office supplies product designed for everyday use and long-term durability.,Office Supplies,"premium, budget, bestseller, wireless",315.53,2.9,5983,135,2025-09-13 01:16:47
https://example.com/images/product_54.jpg,Yoga Mat Pro,BrightTech,Yoga Mat Pro by BrightTech. High-quality health & personal care product designed for everyday use and long-term durability.,Health & Personal Care,"multi-use, eco-friendly, lightweight, budget",164.91,4.7,8247,383,2026-02-09 01:16:47
https://example.com/images/product_55.jpg,Tablet Stand Adjustable,GadgetPro,Tablet Stand Adjustable by GadgetPro. High-quality travel product designed for everyday use and long-term durability.,Travel,"durable, budget, eco-friendly, wireless",511.61,3.2,12009,979,2025-04-30 01:16:47
https://example.com/images/product_56.jpg,USB-C Hub Adapter,PrimeHouse,USB-C Hub Adapter by PrimeHouse. High-quality travel product designed for everyday use and long-term durability.,Travel,"smart, lightweight, new-arrival, waterproof",501.17,3.5,13676,481,2025-08-19 01:16:47
https://example.com/images/product_57.jpg,Tablet Stand Adjustable,TechNova,Tablet Stand Adjustable by TechNova. High-quality fitness product designed for everyday use and long-term durability.,Fitness,"multi-use, budget, portable, waterproof",114.55,2.7,3855,894,2024-09-24 01:16:47
https://example.com/images/product_58.jpg,Laptop Backpack,CoreMax,Laptop Backpack by CoreMax. High-quality office supplies product designed for everyday use and long-term durability.,Office Supplies,"premium, new-arrival, ergonomic, portable",420.49,3.5,1552,768,2024-10-31 01:16:47
https://example.com/images/product_59.jpg,Gaming Mouse RGB,TechNova,Gaming Mouse RGB by TechNova. High-quality sports & outdoors product designed for everyday use and long-term durability.,Sports & Outdoors,"smart, eco-friendly, wireless, multi-use",535.74,3.5,3043,231,2025-03-05 01:16:47
https://example.com/images/product_60.jpg,Smart Fitness Watch,CoreMax,Smart Fitness Watch by CoreMax. High-quality home & kitchen product designed for everyday use and long-term durability.,Home & Kitchen,"wireless, lightweight, bestseller, new-arrival",320.97,3.7,14176,663,2024-11-12 01:16:47
https://example.com/images/product_61.jpg,Gaming Mouse RGB,PureLiving,Gaming Mouse RGB by PureLiving. High-quality sports & outdoors product designed for everyday use and long-term durability.,Sports & Outdoors,"smart, compact, eco-friendly, new-arrival",438.83,2.6,5082,23,2025-02-02 01:16:47
https://example.com/images/product_62.jpg,Mechanical Keyboard,ZenithLabs,Mechanical Keyboard by ZenithLabs. High-quality sports & outdoors product designed for everyday use and long-term durability.,Sports & Outdoors,"budget, durable, multi-use, waterproof",578.96,4.6,3094,119,2025-01-05 01:16:47
https://example.com/images/product_63.jpg,Aromatherapy Diffuser,NovaStyle,Aromatherapy Diffuser by NovaStyle. High-quality fitness product designed for everyday use and long-term durability.,Fitness,"durable, ergonomic, smart, premium",523.08,3.7,12131,604,2024-10-17 01:16:47
https://example.com/images/product_64.jpg,Smart Home Speaker,GreenLife,Smart Home Speaker by GreenLife. High-quality health & personal care product designed for everyday use and long-term durability.,Health & Personal Care,"bestseller, portable, lightweight, durable",261.49,3.3,8034,971,2025-12-08 01:16:47
https://example.com/images/product_65.jpg,Electric Toothbrush,BrightTech,Electric Toothbrush by BrightTech. High-quality accessories product designed for everyday use and long-term durability.,Accessories,"fast-charging, lightweight, wireless, premium",231.54,4.3,8131,434,2025-03-10 01:16:47
https://example.com/images/product_66.jpg,Portable Phone Charger,HomeEase,Portable Phone Charger by HomeEase. High-quality accessories product designed for everyday use and long-term durability.,Accessories,"premium, ergonomic, budget, waterproof",403.82,4.4,980,975,2025-09-19 01:16:47
https://example.com/images/product_67.jpg,Tablet Stand Adjustable,HomeEase,Tablet Stand Adjustable by HomeEase. High-quality sports & outdoors product designed for everyday use and long-term durability.,Sports & Outdoors,"fast-charging, budget, ergonomic, new-arrival",519.67,3.5,2729,38,2025-01-04 01:16:47
https://example.com/images/product_68.jpg,4K Action Camera,EcoWare,4K Action Camera by EcoWare. High-quality office supplies product designed for everyday use and long-term durability.,Office Supplies,"fast-charging, waterproof, durable, multi-use",568.36,4.6,12611,197,2025-02-27 01:16:47
https://example.com/images/product_69.jpg,Aromatherapy Diffuser,GadgetPro,Aromatherapy Diffuser by GadgetPro. High-quality sports & outdoors product designed for everyday use and long-term durability.,Sports & Outdoors,"waterproof, multi-use, compact, budget",23.77,2.8,14494,455,2024-09-11 01:16:47
https://example.com/images/product_70.jpg,Ergonomic Office Chair,FitZone,Ergonomic Office Chair by FitZone. High-quality smart home product designed for everyday use and long-term durability.,Smart Home,"compact, portable, fast-charging, bestseller",96.33,2.7,6112,701,2025-10-14 01:16:47
https://example.com/images/product_71.jpg,Tablet Stand Adjustable,BrightTech,Tablet Stand Adjustable by BrightTech. High-quality fitness product designed for everyday use and long-term durability.,Fitness,"budget, ergonomic, compact, fast-charging",288.43,4.2,4438,183,2024-03-11 01:16:47
https://example.com/images/product_72.jpg,Portable Phone Charger,FitZone,Portable Phone Charger by FitZone. High-quality travel product designed for everyday use and long-term durability.,Travel,"waterproof, new-arrival, multi-use, ergonomic",106.45,3.2,4166,180,2026-01-24 01:16:47
https://example.com/images/product_73.jpg,Running Shoes,GadgetPro,Running Shoes by GadgetPro. High-quality smart home product designed for everyday use and long-term durability.,Smart Home,"new-arrival, smart, budget, fast-charging",89.82,2.9,14386,110,2024-03-10 01:16:47
https://example.com/images/product_74.jpg,Organic Green Tea Pack,GreenLife,Organic Green Tea Pack by GreenLife. High-quality sports & outdoors product designed for everyday use and long-term durability.,Sports & Outdoors,"waterproof, budget, wireless, premium",348.64,3.3,1933,697,2025-11-15 01:16:47
https://example.com/images/product_75.jpg,Aromatherapy Diffuser,NextGen,Aromatherapy Diffuser by NextGen. High-quality accessories product designed for everyday use and long-term durability.,Accessories,"wireless, smart, compact, bestseller",295.71,4.0,4508,888,2024-03-18 01:16:47
https://example.com/images/product_76.jpg,Running Shoes,GreenLife,Running Shoes by GreenLife. High-quality electronics product designed for everyday use and long-term durability.,Electronics,"lightweight, wireless, eco-friendly, multi-use",127.18,2.7,536,94,2025-10-27 01:16:47
https://example.com/images/product_77.jpg,Smart Home Speaker,GreenLife,Smart Home Speaker by GreenLife. High-quality accessories product designed for everyday use and long-term durability.,Accessories,"ergonomic, eco-friendly, multi-use, fast-charging",258.25,4.3,11317,776,2025-06-05 01:16:47
https://example.com/images/product_78.jpg,Running Shoes,NextGen,Running Shoes by NextGen. High-quality sports & outdoors product designed for everyday use and long-term durability.,Sports & Outdoors,"eco-friendly, premium, multi-use, compact",225.42,4.5,6322,422,2024-06-25 01:16:47
https://example.com/images/product_79.jpg,Smart LED Light Bulb,PrimeHouse,Smart LED Light Bulb by PrimeHouse. High-quality accessories product designed for everyday use and long-term durability.,Accessories,"smart, new-arrival, durable, lightweight",182.7,3.1,4099,404,2024-07-09 01:16:47
https://example.com/images/product_80.jpg,LED Desk Lamp,ActiveCore,LED Desk Lamp by ActiveCore. High-quality health & personal care product designed for everyday use and long-term durability.,Health & Personal Care,"bestseller, budget, compact, durable",469.16,4.5,6759,608,2024-04-18 01:16:47
https://example.com/images/product_81.jpg,Travel Duffel Bag,PureLiving,Travel Duffel Bag by PureLiving. High-quality accessories product designed for everyday use and long-term durability.,Accessories,"budget, bestseller, compact, wireless",451.06,3.3,14701,847,2024-03-22 01:16:47
https://example.com/images/product_82.jpg,Mechanical Keyboard,CoreMax,Mechanical Keyboard by CoreMax. High-quality smart home product designed for everyday use and long-term durability.,Smart Home,"ergonomic, premium, eco-friendly, smart",546.0,4.5,8861,619,2025-02-28 01:16:47
https://example.com/images/product_83.jpg,Smart LED Light Bulb,EcoWare,Smart LED Light Bulb by EcoWare. High-quality health & personal care product designed for everyday use and long-term durability.,Health & Personal Care,"fast-charging, premium, durable, lightweight",94.01,2.5,6810,239,2025-11-11 01:16:47
https://example.com/images/product_84.jpg,Stainless Steel Water Bottle,BrightTech,Stainless Steel Water Bottle by BrightTech. High-quality office supplies product designed for everyday use and long-term durability.,Office Supplies,"waterproof, fast-charging, durable, wireless",122.89,2.5,1807,833,2024-08-07 01:16:47
https://example.com/images/product_85.jpg,Ergonomic Office Chair,PureLiving,Ergonomic Office Chair by PureLiving. High-quality sports & outdoors product designed for everyday use and long-term durability.,Sports & Outdoors,"bestseller, waterproof, portable, ergonomic",125.48,4.5,8784,478,2025-05-26 01:16:47
https://example.com/images/product_86.jpg,Wireless Bluetooth Headphones,GadgetPro,Wireless Bluetooth Headphones by GadgetPro. High-quality fitness product designed for everyday use and long-term durability.,Fitness,"multi-use, premium, bestseller, new-arrival",137.15,3.9,12905,583,2024-04-25 01:16:47
https://example.com/images/product_87.jpg,Ergonomic Office Chair,PrimeHouse,Ergonomic Office Chair by PrimeHouse. High-quality accessories product designed for everyday use and long-term durability.,Accessories,"waterproof, eco-friendly, portable, smart",19.43,3.6,5613,106,2024-11-23 01:16:47
https://example.com/images/product_88.jpg,Fitness Resistance Bands,FitZone,Fitness Resistance Bands by FitZone. High-quality sports & outdoors product designed for everyday use and long-term durability.,Sports & Outdoors,"budget, ergonomic, portable, compact",520.4,3.6,3711,435,2025-07-25 01:16:47
https://example.com/images/product_89.jpg,Portable Blender,BrightTech,Portable Blender by BrightTech. High-quality office supplies product designed for everyday use and long-term durability.,Office Supplies,"premium, compact, lightweight, eco-friendly",595.36,4.3,1500,898,2025-04-04 01:16:47
https://example.com/images/product_90.jpg,Wireless Charging Pad,UrbanGear,Wireless Charging Pad by UrbanGear. High-quality smart home product designed for everyday use and long-term durability.,Smart Home,"eco-friendly, bestseller, lightweight, multi-use",291.18,2.8,6156,578,2026-01-19 01:16:47
https://example.com/images/product_91.jpg,Noise Cancelling Earbuds,UrbanGear,Noise Cancelling Earbuds by UrbanGear. High-quality travel product designed for everyday use and long-term durability.,Travel,"multi-use, compact, fast-charging, bestseller",224.32,3.7,7644,739,2024-11-19 01:16:47
https://example.com/images/product_92.jpg,Smart Fitness Watch,PureLiving,Smart Fitness Watch by PureLiving. High-quality office supplies product designed for everyday use and long-term durability.,Office Supplies,"durable, multi-use, ergonomic, bestseller",546.16,4.3,7163,217,2025-08-25 01:16:47
https://example.com/images/product_93.jpg,Mechanical Keyboard,BrightTech,Mechanical Keyboard by BrightTech. High-quality office supplies product designed for everyday use and long-term durability.,Office Supplies,"eco-friendly, ergonomic, new-arrival, budget",24.76,2.9,7798,737,2025-09-26 01:16:47
https://example.com/images/product_94.jpg,Stainless Steel Water Bottle,ActiveCore,Stainless Steel Water Bottle by ActiveCore. High-quality office supplies product designed for everyday use and long-term durability.,Office Supplies,"fast-charging, durable, compact, waterproof",230.59,2.9,3928,460,2025-05-26 01:16:47
https://example.com/images/product_95.jpg,HD Webcam,FitZone,HD Webcam by FitZone. High-quality health & personal care product designed for everyday use and long-term durability.,Health & Personal Care,"smart, wireless, waterproof, compact",321.96,3.4,5564,252,2024-05-07 01:16:47
https://example.com/images/product_96.jpg,Organic Green Tea Pack,UrbanGear,Organic Green Tea Pack by UrbanGear. High-quality health & personal care product designed for everyday use and long-term durability.,Health & Personal Care,"fast-charging, multi-use, durable, wireless",595.51,4.9,2911,329,2024-11-18 01:16:47
https://example.com/images/product_97.jpg,Bluetooth Car Adapter,BrightTech,Bluetooth Car Adapter by BrightTech. High-quality accessories product designed for everyday use and long-term durability.,Accessories,"ergonomic, lightweight, new-arrival, portable",71.96,3.1,2877,526,2025-08-23 01:16:47
https://example.com/images/product_98.jpg,Wireless Charging Pad,GadgetPro,Wireless Charging Pad by GadgetPro. High-quality health & personal care product designed for everyday use and long-term durability.,Health & Personal Care,"smart, budget, durable, waterproof",584.71,3.3,9231,660,2025-03-12 01:16:47
https://example.com/images/product_99.jpg,Wireless Bluetooth Headphones,BrightTech,Wireless Bluetooth Headphones by BrightTech. High-quality electronics product designed for everyday use and long-term durability.,Electronics,"compact, bestseller, ergonomic, durable",278.22,3.4,2555,169,2025-04-09 01:16:47
https://example.com/images/product_100.jpg,Smart Fitness Watch,FitZone,Smart Fitness Watch by FitZone. High-quality smart home product designed for everyday use and long-term durability.,Smart Home,"portable, eco-friendly, wireless, durable",57.29,3.5,6080,756,2024-12-28 01:16:47
https://example.com/images/product_101.jpg,Wireless Bluetooth Headphones,NextGen,Wireless Bluetooth Headphones by NextGen. High-quality fitness product designed for everyday use and long-term durability.,Fitness,"portable, budget, bestseller, waterproof",590.96,4.6,13950,360,2026-02-08 01:16:47
https://example.com/images/product_102.jpg,Stainless Steel Water Bottle,HomeEase,Stainless Steel Water Bottle by HomeEase. High-quality health & personal care product designed for everyday use and long-term durability.,Health & Personal Care,"new-arrival, durable, compact, fast-charging",476.68,4.9,4045,995,2025-07-31 01:16:47
https://example.com/images/product_103.jpg,Running Shoes,UrbanGear,Running Shoes by UrbanGear. High-quality fitness product designed for everyday use and long-term durability.,Fitness,"durable, fast-charging, multi-use, ergonomic",48.51,3.1,1070,170,2025-06-12 01:16:47
https://example.com/images/product_104.jpg,Wireless Charging Pad,UrbanGear,Wireless Charging Pad by UrbanGear. High-quality office supplies product designed for everyday use and long-term durability.,Office Supplies,"lightweight, new-arrival, ergonomic, wireless",168.68,3.9,13655,518,2026-02-07 01:16:47
https://example.com/images/product_105.jpg,Portable Blender,TechNova,Portable Blender by TechNova. High-quality accessories product designed for everyday use and long-term durability.,Accessories,"portable, wireless, bestseller, new-arrival",201.88,3.0,4768,280,2025-11-05 01:16:47
https://example.com/images/product_106.jpg,Portable Blender,CoreMax,Portable Blender by CoreMax. High-quality accessories product designed for everyday use and long-term durability.,Accessories,"compact, bestseller, new-arrival, multi-use",314.87,4.9,9885,587,2026-01-21 01:16:47
https://example.com/images/product_107.jpg,Wireless Charging Pad,PureLiving,Wireless Charging Pad by PureLiving. High-quality smart home product designed for everyday use and long-term durability.,Smart Home,"bestseller, compact, wireless, durable",437.57,3.6,10154,749,2024-06-10 01:16:47
https://example.com/images/product_108.jpg,Portable Phone Charger,PrimeHouse,Portable Phone Charger by PrimeHouse. High-quality travel product designed for everyday use and long-term durability.,Travel,"durable, compact, eco-friendly, premium",453.99,3.4,1011,864,2024-09-10 01:16:47
https://example.com/images/product_109.jpg,Fitness Resistance Bands,CoreMax,Fitness Resistance Bands by CoreMax. High-quality travel product designed for everyday use and long-term durability.,Travel,"ergonomic, fast-charging, wireless, portable",149.74,3.5,11439,448,2025-07-14 01:16:47
https://example.com/images/product_110.jpg,Smart LED Light Bulb,PureLiving,Smart LED Light Bulb by PureLiving. High-quality fitness product designed for everyday use and long-term durability.,Fitness,"wireless, lightweight, eco-friendly, bestseller",598.2,3.2,12666,579,2025-08-22 01:16:47
https://example.com/images/product_111.jpg,HD Webcam,GadgetPro,HD Webcam by GadgetPro. High-quality accessories product designed for everyday use and long-term durability.,Accessories,"multi-use, budget, eco-friendly, new-arrival",131.9,3.3,2440,320,2024-09-12 01:16:47
https://example.com/images/product_112.jpg,Yoga Mat Pro,GadgetPro,Yoga Mat Pro by GadgetPro. High-quality accessories product designed for everyday use and long-term durability.,Accessories,"new-arrival, budget, portable, smart",362.75,2.7,7771,617,2024-11-06 01:16:47
https://example.com/images/product_113.jpg,Running Shoes,NextGen,Running Shoes by NextGen. High-quality sports & outdoors product designed for everyday use and long-term durability.,Sports & Outdoors,"bestseller, premium, compact, lightweight",477.05,4.7,5329,117,2025-09-29 01:16:47
https://example.com/images/product_114.jpg,Electric Toothbrush,FitZone,Electric Toothbrush by FitZone. High-quality health & personal care product designed for everyday use and long-term durability.,Health & Personal Care,"compact, bestseller, eco-friendly, new-arrival",230.1,2.7,11550,356,2026-02-07 01:16:47
https://example.com/images/product_115.jpg,Running Shoes,GadgetPro,Running Shoes by GadgetPro. High-quality office supplies product designed for everyday use and long-term durability.,Office Supplies,"smart, ergonomic, compact, new-arrival",62.73,3.3,10078,458,2024-11-17 01:16:47
https://example.com/images/product_116.jpg,Noise Cancelling Earbuds,TechNova,Noise Cancelling Earbuds by TechNova. High-quality fitness product designed for everyday use and long-term durability.,Fitness,"budget, waterproof, wireless, multi-use",33.21,3.8,349,647,2025-06-29 01:16:47
https://example.com/images/product_117.jpg,Smart LED Light Bulb,ActiveCore,Smart LED Light Bulb by ActiveCore. High-quality smart home product designed for everyday use and long-term durability.,Smart Home,"lightweight, smart, bestseller, multi-use",241.36,4.5,4753,724,2025-12-02 01:16:47
https://example.com/images/product_118.jpg,Smart LED Light Bulb,ActiveCore,Smart LED Light Bulb by ActiveCore. High-quality fitness product designed for everyday use and long-term durability.,Fitness,"fast-charging, portable, eco-friendly, compact",570.21,4.0,8772,751,2024-02-27 01:16:47
https://example.com/images/product_119.jpg,Travel Duffel Bag,EcoWare,Travel Duffel Bag by EcoWare. High-quality health & personal care product designed for everyday use and long-term durability.,Health & Personal Care,"multi-use, fast-charging, smart, portable",213.58,3.0,7717,364,2024-07-22 01:16:47
https://example.com/images/product_120.jpg,Aromatherapy Diffuser,ActiveCore,Aromatherapy Diffuser by ActiveCore. High-quality home & kitchen product designed for everyday use and long-term durability.,Home & Kitchen,"fast-charging, ergonomic, premium, waterproof",213.59,3.3,13571,911,2026-01-06 01:16:47
https://example.com/images/product_121.jpg,Portable Phone Charger,HomeEase,Portable Phone Charger by HomeEase. High-quality travel product designed for everyday use and long-term durability.,Travel,"eco-friendly, portable, multi-use, new-arrival",479.02,2.9,5790,785,2024-12-09 01:16:47
https://example.com/images/product_122.jpg,Smart Home Speaker,ZenithLabs,Smart Home Speaker by ZenithLabs. High-quality electronics product designed for everyday use and long-term durability.,Electronics,"new-arrival, multi-use, bestseller, premium",570.43,2.5,11626,974,2025-08-04 01:16:47
https://example.com/images/product_123.jpg,Digital Kitchen Scale,FitZone,Digital Kitchen Scale by FitZone. High-quality travel product designed for everyday use and long-term durability.,Travel,"multi-use, ergonomic, premium, fast-charging",436.27,4.3,1310,100,2025-07-30 01:16:47
https://example.com/images/product_124.jpg,Wireless Charging Pad,ZenithLabs,Wireless Charging Pad by ZenithLabs. High-quality health & personal care product designed for everyday use and long-term durability.,Health & Personal Care,"durable, compact, premium, bestseller",295.25,4.0,6751,434,2025-08-24 01:16:47
https://example.com/images/product_125.jpg,Cordless Vacuum Cleaner,ZenithLabs,Cordless Vacuum Cleaner by ZenithLabs. High-quality home & kitchen product designed for everyday use and long-term durability.,Home & Kitchen,"compact, premium, durable, bestseller",24.99,4.5,11712,260,2025-12-02 01:16:47
https://example.com/images/product_126.jpg,Laptop Backpack,HomeEase,Laptop Backpack by HomeEase. High-quality office supplies product designed for everyday use and long-term durability.,Office Supplies,"new-arrival, waterproof, multi-use, budget",152.97,3.0,7954,595,2025-10-28 01:16:47
https://example.com/images/product_127.jpg,Electric Toothbrush,PrimeHouse,Electric Toothbrush by PrimeHouse. High-quality fitness product designed for everyday use and long-term durability.,Fitness,"smart, waterproof, portable, lightweight",590.3,2.6,8316,425,2024-04-17 01:16:47
https://example.com/images/product_128.jpg,Organic Green Tea Pack,HomeEase,Organic Green Tea Pack by HomeEase. High-quality sports & outdoors product designed for everyday use and long-term durability.,Sports & Outdoors,"waterproof, eco-friendly, smart, bestseller",295.55,4.6,4398,823,2024-12-22 01:16:47
https://example.com/images/product_129.jpg,Aromatherapy Diffuser,PrimeHouse,Aromatherapy Diffuser by PrimeHouse. High-quality travel product designed for everyday use and long-term durability.,Travel,"lightweight, fast-charging, bestseller, ergonomic",252.13,3.0,2605,999,2026-01-30 01:16:47
https://example.com/images/product_130.jpg,Aromatherapy Diffuser,NovaStyle,Aromatherapy Diffuser by NovaStyle. High-quality office supplies product designed for everyday use and long-term durability.,Office Supplies,"budget, portable, durable, multi-use",90.07,4.6,11273,759,2026-02-05 01:16:47
https://example.com/images/product_131.jpg,Ergonomic Office Chair,FitZone,Ergonomic Office Chair by FitZone. High-quality sports & outdoors product designed for everyday use and long-term durability.,Sports & Outdoors,"compact, budget, portable, eco-friendly",556.46,4.0,3294,245,2024-04-07 01:16:47
https://example.com/images/product_132.jpg,Smart LED Light Bulb,EcoWare,Smart LED Light Bulb by EcoWare. High-quality electronics product designed for everyday use and long-term durability.,Electronics,"wireless, compact, premium, smart",135.51,3.0,11321,820,2025-07-20 01:16:47
https://example.com/images/product_133.jpg,Portable Blender,BrightTech,Portable Blender by BrightTech. High-quality smart home product designed for everyday use and long-term durability.,Smart Home,"budget, portable, wireless, smart",536.83,4.5,2315,622,2026-01-31 01:16:47
https://example.com/images/product_134.jpg,Wireless Charging Pad,GreenLife,Wireless Charging Pad by GreenLife. High-quality accessories product designed for everyday use and long-term durability.,Accessories,"premium, eco-friendly, waterproof, multi-use",247.52,3.6,12015,452,2025-08-04 01:16:47
https://example.com/images/product_135.jpg,Aromatherapy Diffuser,PureLiving,Aromatherapy Diffuser by PureLiving. High-quality sports & outdoors product designed for everyday use and long-term durability.,Sports & Outdoors,"smart, lightweight, premium, budget",167.03,2.9,12386,17,2025-09-19 01:16:47
https://example.com/images/product_136.jpg,Travel Duffel Bag,PureLiving,Travel Duffel Bag by PureLiving. High-quality electronics product designed for everyday use and long-term durability.,Electronics,"waterproof, lightweight, compact, fast-charging",280.63,2.9,3241,301,2024-10-21 01:16:47
https://example.com/images/product_137.jpg,Stainless Steel Water Bottle,ZenithLabs,Stainless Steel Water Bottle by ZenithLabs. High-quality sports & outdoors product designed for everyday use and long-term durability.,Sports & Outdoors,"eco-friendly, fast-charging, compact, durable",128.18,3.1,6636,895,2024-03-01 01:16:47
https://example.com/images/product_138.jpg,USB-C Hub Adapter,PureLiving,USB-C Hub Adapter by PureLiving. High-quality health & personal care product designed for everyday use and long-term durability.,Health & Personal Care,"multi-use, waterproof, wireless, durable",412.6,3.5,10766,973,2026-01-28 01:16:47
https://example.com/images/product_139.jpg,Electric Toothbrush,EcoWare,Electric Toothbrush by EcoWare. High-quality travel product designed for everyday use and long-term durability.,Travel,"portable, compact, budget, premium",184.81,4.5,5561,458,2025-09-27 01:16:47
https://example.com/images/product_140.jpg,Digital Kitchen Scale,FitZone,Digital Kitchen Scale by FitZone. High-quality home & kitchen product designed for everyday use and long-term durability.,Home & Kitchen,"lightweight, smart, budget, multi-use",368.0,4.7,6579,626,2026-01-11 01:16:47
https://example.com/images/product_141.jpg,Mechanical Keyboard,EcoWare,Mechanical Keyboard by EcoWare. High-quality health & personal care product designed for everyday use and long-term durability.,Health & Personal Care,"ergonomic, bestseller, premium, waterproof",133.69,3.2,8548,367,2026-01-07 01:16:47
https://example.com/images/product_142.jpg,Portable Phone Charger,ActiveCore,Portable Phone Charger by ActiveCore. High-quality accessories product designed for everyday use and long-term durability.,Accessories,"wireless, budget, ergonomic, new-arrival",171.99,4.2,3815,282,2025-10-03 01:16:47
https://example.com/images/product_143.jpg,HD Webcam,HomeEase,HD Webcam by HomeEase. High-quality home & kitchen product designed for everyday use and long-term durability.,Home & Kitchen,"lightweight, ergonomic, bestseller, portable",166.94,4.7,2859,763,2026-01-22 01:16:47
https://example.com/images/product_144.jpg,Wireless Bluetooth Headphones,PureLiving,Wireless Bluetooth Headphones by PureLiving. High-quality accessories product designed for everyday use and long-term durability.,Accessories,"premium, portable, new-arrival, budget",55.46,4.9,11290,275,2024-12-13 01:16:47
https://example.com/images/product_145.jpg,Smart LED Light Bulb,GadgetPro,Smart LED Light Bulb by GadgetPro. High-quality health & personal care product designed for everyday use and long-term durability.,Health & Personal Care,"smart, lightweight, wireless, new-arrival",139.34,4.7,3416,115,2026-02-01 01:16:47
https://example.com/images/product_146.jpg,Noise Cancelling Earbuds,PrimeHouse,Noise Cancelling Earbuds by PrimeHouse. High-quality travel product designed for everyday use and long-term durability.,Travel,"premium, multi-use, budget, durable",598.27,3.4,6769,887,2025-10-15 01:16:47
https://example.com/images/product_147.jpg,Digital Kitchen Scale,BrightTech,Digital Kitchen Scale by BrightTech. High-quality fitness product designed for everyday use and long-term durability.,Fitness,"compact, lightweight, premium, eco-friendly",189.02,5.0,11692,616,2025-04-20 01:16:47
https://example.com/images/product_148.jpg,Smart Home Speaker,CoreMax,Smart Home Speaker by CoreMax. High-quality sports & outdoors product designed for everyday use and long-term durability.,Sports & Outdoors,"waterproof, premium, eco-friendly, new-arrival",500.32,3.8,5089,547,2025-04-01 01:16:47
https://example.com/images/product_149.jpg,Fitness Resistance Bands,FitZone,Fitness Resistance Bands by FitZone. High-quality sports & outdoors product designed for everyday use and long-term durability.,Sports & Outdoors,"new-arrival, multi-use, fast-charging, smart",340.77,3.1,6276,393,2025-06-03 01:16:47
https://example.com/images/product_150.jpg,Portable Blender,BrightTech,Portable Blender by BrightTech. High-quality sports & outdoors product designed for everyday use and long-term durability.,Sports & Outdoors,"wireless, compact, budget, durable",307.48,3.4,2512,966,2024-05-20 01:16:47
https://example.com/images/product_151.jpg,HD Webcam,GreenLife,HD Webcam by GreenLife. High-quality home & kitchen product designed for everyday use and long-term durability.,Home & Kitchen,"waterproof, smart, new-arrival, budget",535.97,4.3,11721,981,2025-08-06 01:16:47
https://example.com/images/product_152.jpg,LED Desk Lamp,FitZone,LED Desk Lamp by FitZone. High-quality smart home product designed for everyday use and long-term durability.,Smart Home,"portable, bestseller, multi-use, compact",591.13,4.9,3806,571,2025-11-17 01:16:47
https://example.com/images/product_153.jpg,Smart Fitness Watch,HomeEase,Smart Fitness Watch by HomeEase. High-quality accessories product designed for everyday use and long-term durability.,Accessories,"eco-friendly, new-arrival, budget, portable",226.15,4.7,12288,651,2025-01-17 01:16:47
https://example.com/images/product_154.jpg,Yoga Mat Pro,NovaStyle,Yoga Mat Pro by NovaStyle. High-quality home & kitchen product designed for everyday use and long-term durability.,Home & Kitchen,"fast-charging, waterproof, ergonomic, wireless",97.08,3.2,6123,955,2025-09-06 01:16:47
https://example.com/images/product_155.jpg,Cordless Vacuum Cleaner,FitZone,Cordless Vacuum Cleaner by FitZone. High-quality home & kitchen product designed for everyday use and long-term durability.,Home & Kitchen,"fast-charging, smart, waterproof, budget",583.52,3.8,2743,744,2025-03-15 01:16:47
https://example.com/images/product_156.jpg,Wireless Charging Pad,CoreMax,Wireless Charging Pad by CoreMax. High-quality office supplies product designed for everyday use and long-term durability.,Office Supplies,"portable, ergonomic, multi-use, smart",263.57,4.4,10407,742,2024-12-08 01:16:47
https://example.com/images/product_157.jpg,Portable Blender,FitZone,Portable Blender by FitZone. High-quality electronics product designed for everyday use and long-term durability.,Electronics,"fast-charging, multi-use, bestseller, compact",419.83,3.3,10065,524,2025-01-12 01:16:47
https://example.com/images/product_158.jpg,Organic Green Tea Pack,PureLiving,Organic Green Tea Pack by PureLiving. High-quality health & personal care product designed for everyday use and long-term durability.,Health & Personal Care,"smart, bestseller, multi-use, eco-friendly",238.98,4.0,13744,889,2026-02-02 01:16:47
https://example.com/images/product_159.jpg,Gaming Mouse RGB,ZenithLabs,Gaming Mouse RGB by ZenithLabs. High-quality sports & outdoors product designed for everyday use and long-term durability.,Sports & Outdoors,"multi-use, premium, durable, wireless",497.48,4.2,565,719,2025-11-12 01:16:47
https://example.com/images/product_160.jpg,Wireless Charging Pad,ZenithLabs,Wireless Charging Pad by ZenithLabs. High-quality smart home product designed for everyday use and long-term durability.,Smart Home,"lightweight, multi-use, bestseller, new-arrival",505.41,3.1,14704,45,2024-04-25 01:16:47
https://example.com/images/product_161.jpg,4K Action Camera,NovaStyle,4K Action Camera by NovaStyle. High-quality sports & outdoors product designed for everyday use and long-term durability.,Sports & Outdoors,"portable, fast-charging, lightweight, durable",389.03,3.5,7172,689,2025-03-03 01:16:47
https://example.com/images/product_162.jpg,Travel Duffel Bag,CoreMax,Travel Duffel Bag by CoreMax. High-quality health & personal care product designed for everyday use and long-term durability.,Health & Personal Care,"ergonomic, smart, compact, fast-charging",515.96,4.7,2750,36,2024-04-08 01:16:47
https://example.com/images/product_163.jpg,Wireless Charging Pad,CoreMax,Wireless Charging Pad by CoreMax. High-quality sports & outdoors product designed for everyday use and long-term durability.,Sports & Outdoors,"portable, wireless, budget, premium",513.8,3.2,12266,578,2024-09-23 01:16:47
https://example.com/images/product_164.jpg,Wireless Bluetooth Headphones,ZenithLabs,Wireless Bluetooth Headphones by ZenithLabs. High-quality office supplies product designed for everyday use and long-term durability.,Office Supplies,"lightweight, multi-use, new-arrival, smart",179.17,3.4,1929,759,2024-04-09 01:16:47
https://example.com/images/product_165.jpg,Smart LED Light Bulb,BrightTech,Smart LED Light Bulb by BrightTech. High-quality sports & outdoors product designed for everyday use and long-term durability.,Sports & Outdoors,"portable, ergonomic, lightweight, wireless",578.12,2.6,14606,219,2024-06-01 01:16:47
https://example.com/images/product_166.jpg,Gaming Mouse RGB,TechNova,Gaming Mouse RGB by TechNova. High-quality home & kitchen product designed for everyday use and long-term durability.,Home & Kitchen,"premium, bestseller, compact, budget",85.23,4.6,10035,531,2026-01-27 01:16:47
https://example.com/images/product_167.jpg,Bluetooth Car Adapter,UrbanGear,Bluetooth Car Adapter by UrbanGear. High-quality sports & outdoors product designed for everyday use and long-term durability.,Sports & Outdoors,"budget, eco-friendly, compact, premium",189.56,4.4,1500,284,2026-01-18 01:16:47
https://example.com/images/product_168.jpg,Organic Green Tea Pack,EcoWare,Organic Green Tea Pack by EcoWare. High-quality office supplies product designed for everyday use and long-term durability.,Office Supplies,"budget, smart, portable, bestseller",490.71,4.6,4808,664,2024-11-23 01:16:47
https://example.com/images/product_169.jpg,Cookware Set 10pc,ZenithLabs,Cookware Set 10pc by ZenithLabs. High-quality office supplies product designed for everyday use and long-term durability.,Office Supplies,"budget, ergonomic, lightweight, fast-charging",67.52,4.9,993,918,2026-01-16 01:16:47
https://example.com/images/product_170.jpg,Organic Green Tea Pack,GreenLife,Organic Green Tea Pack by GreenLife. High-quality office supplies product designed for everyday use and long-term durability.,Office Supplies,"bestseller, smart, portable, new-arrival",95.23,4.9,273,951,2025-12-14 01:16:47
https://example.com/images/product_171.jpg,Digital Kitchen Scale,UrbanGear,Digital Kitchen Scale by UrbanGear. High-quality accessories product designed for everyday use and long-term durability.,Accessories,"lightweight, budget, multi-use, compact",438.46,2.6,10986,90,2024-03-12 01:16:47
https://example.com/images/product_172.jpg,Cookware Set 10pc,GreenLife,Cookware Set 10pc by GreenLife. High-quality home & kitchen product designed for everyday use and long-term durability.,Home & Kitchen,"lightweight, bestseller, new-arrival, eco-friendly",307.63,3.1,7826,166,2024-04-03 01:16:47
https://example.com/images/product_173.jpg,Cookware Set 10pc,ZenithLabs,Cookware Set 10pc by ZenithLabs. High-quality electronics product designed for everyday use and long-term durability.,Electronics,"new-arrival, wireless, waterproof, fast-charging",175.77,2.8,11628,873,2025-09-30 01:16:47
https://example.com/images/product_174.jpg,Noise Cancelling Earbuds,PrimeHouse,Noise Cancelling Earbuds by PrimeHouse. High-quality accessories product designed for everyday use and long-term durability.,Accessories,"compact, premium, waterproof, portable",14.82,2.7,1763,874,2025-03-15 01:16:47
https://example.com/images/product_175.jpg,Smart Home Speaker,TechNova,Smart Home Speaker by TechNova. High-quality office supplies product designed for everyday use and long-term durability.,Office Supplies,"new-arrival, waterproof, compact, portable",187.85,3.9,399,599,2025-07-19 01:16:47
https://example.com/images/product_176.jpg,Laptop Backpack,NextGen,Laptop Backpack by NextGen. High-quality smart home product designed for everyday use and long-term durability.,Smart Home,"waterproof, smart, wireless, ergonomic",360.55,4.8,1952,270,2025-01-28 01:16:47
https://example.com/images/product_177.jpg,Wireless Charging Pad,UrbanGear,Wireless Charging Pad by UrbanGear. High-quality health & personal care product designed for everyday use and long-term durability.,Health & Personal Care,"waterproof, compact, lightweight, multi-use",481.44,3.0,9237,520,2025-07-07 01:16:47
https://example.com/images/product_178.jpg,Portable Phone Charger,BrightTech,Portable Phone Charger by BrightTech. High-quality smart home product designed for everyday use and long-term durability.,Smart Home,"compact, multi-use, lightweight, wireless",13.36,4.0,4212,851,2024-11-13 01:16:47
https://example.com/images/product_179.jpg,Electric Toothbrush,CoreMax,Electric Toothbrush by CoreMax. High-quality smart home product designed for everyday use and long-term durability.,Smart Home,"premium, bestseller, durable, portable",68.72,2.9,13208,440,2024-02-20 01:16:47
https://example.com/images/product_180.jpg,HD Webcam,ActiveCore,HD Webcam by ActiveCore. High-quality smart home product designed for everyday use and long-term durability.,Smart Home,"budget, eco-friendly, ergonomic, portable",156.93,4.9,1610,329,2025-01-16 01:16:47
https://example.com/images/product_181.jpg,Ergonomic Office Chair,CoreMax,Ergonomic Office Chair by CoreMax. High-quality office supplies product designed for everyday use and long-term durability.,Office Supplies,"bestseller, fast-charging, compact, ergonomic",324.22,3.5,7667,238,2025-07-05 01:16:47
https://example.com/images/product_182.jpg,Running Shoes,GreenLife,Running Shoes by GreenLife. High-quality accessories product designed for everyday use and long-term durability.,Accessories,"compact, lightweight, budget, bestseller",332.63,4.9,10418,941,2025-04-05 01:16:47
https://example.com/images/product_183.jpg,Yoga Mat Pro,PrimeHouse,Yoga Mat Pro by PrimeHouse. High-quality accessories product designed for everyday use and long-term durability.,Accessories,"durable, bestseller, budget, new-arrival",558.86,3.4,3973,609,2024-10-23 01:16:47
https://example.com/images/product_184.jpg,HD Webcam,CoreMax,HD Webcam by CoreMax. High-quality fitness product designed for everyday use and long-term durability.,Fitness,"compact, bestseller, portable, durable",346.46,4.9,4022,209,2025-07-24 01:16:47
https://example.com/images/product_185.jpg,LED Desk Lamp,BrightTech,LED Desk Lamp by BrightTech. High-quality sports & outdoors product designed for everyday use and long-term durability.,Sports & Outdoors,"smart, lightweight, portable, durable",209.89,4.0,6832,110,2024-11-15 01:16:47
https://example.com/images/product_186.jpg,Portable Blender,CoreMax,Portable Blender by CoreMax. High-quality office supplies product designed for everyday use and long-term durability.,Office Supplies,"premium, eco-friendly, fast-charging, budget",581.96,3.9,11757,740,2024-07-26 01:16:47
https://example.com/images/product_187.jpg,Wireless Bluetooth Headphones,ActiveCore,Wireless Bluetooth Headphones by ActiveCore. High-quality fitness product designed for everyday use and long-term durability.,Fitness,"ergonomic, lightweight, eco-friendly, fast-charging",101.86,4.7,629,688,2026-01-25 01:16:47
https://example.com/images/product_188.jpg,Ergonomic Office Chair,FitZone,Ergonomic Office Chair by FitZone. High-quality health & personal care product designed for everyday use and long-term durability.,Health & Personal Care,"bestseller, smart, fast-charging, wireless",266.66,4.1,11450,42,2025-05-26 01:16:47
https://example.com/images/product_189.jpg,Smart Home Speaker,NextGen,Smart Home Speaker by NextGen. High-quality fitness product designed for everyday use and long-term durability.,Fitness,"multi-use, durable, budget, waterproof",482.44,2.8,8744,421,2025-09-11 01:16:47
https://example.com/images/product_190.jpg,Tablet Stand Adjustable,ZenithLabs,Tablet Stand Adjustable by ZenithLabs. High-quality office supplies product designed for everyday use and long-term durability.,Office Supplies,"budget, new-arrival, portable, fast-charging",36.57,2.6,1846,296,2025-02-12 01:16:47
https://example.com/images/product_191.jpg,Digital Kitchen Scale,FitZone,Digital Kitchen Scale by FitZone. High-quality fitness product designed for everyday use and long-term durability.,Fitness,"eco-friendly, durable, lightweight, portable",206.22,4.4,5160,306,2025-12-15 01:16:47
https://example.com/images/product_192.jpg,Fitness Resistance Bands,ActiveCore,Fitness Resistance Bands by ActiveCore. High-quality smart home product designed for everyday use and long-term durability.,Smart Home,"ergonomic, smart, waterproof, premium",453.65,2.5,5186,152,2024-03-14 01:16:47
https://example.com/images/product_193.jpg,Digital Kitchen Scale,BrightTech,Digital Kitchen Scale by BrightTech. High-quality electronics product designed for everyday use and long-term durability.,Electronics,"wireless, waterproof, bestseller, eco-friendly",129.16,4.1,6845,886,2024-04-06 01:16:47
https://example.com/images/product_194.jpg,Smart Home Speaker,GadgetPro,Smart Home Speaker by GadgetPro. High-quality fitness product designed for everyday use and long-term durability.,Fitness,"wireless, budget, new-arrival, compact",209.47,4.9,10480,459,2024-11-12 01:16:47
https://example.com/images/product_195.jpg,Travel Duffel Bag,NovaStyle,Travel Duffel Bag by NovaStyle. High-quality office supplies product designed for everyday use and long-term durability.,Office Supplies,"bestseller, fast-charging, wireless, compact",368.0,3.9,3807,579,2025-11-25 01:16:47
https://example.com/images/product_196.jpg,Running Shoes,EcoWare,Running Shoes by EcoWare. High-quality smart home product designed for everyday use and long-term durability.,Smart Home,"premium, durable, ergonomic, portable",303.15,3.0,5610,30,2025-02-11 01:16:47
https://example.com/images/product_197.jpg,Running Shoes,GreenLife,Running Shoes by GreenLife. High-quality smart home product designed for everyday use and long-term durability.,Smart Home,"bestseller, multi-use, lightweight, eco-friendly",569.78,2.8,13507,670,2025-09-08 01:16:47
https://example.com/images/product_198.jpg,Ergonomic Office Chair,GadgetPro,Ergonomic Office Chair by GadgetPro. High-quality smart home product designed for everyday use and long-term durability.,Smart Home,"fast-charging, ergonomic, durable, smart",19.2,4.5,5773,564,2024-12-07 01:16:47
https://example.com/images/product_199.jpg,Stainless Steel Water Bottle,NovaStyle,Stainless Steel Water Bottle by NovaStyle. High-quality accessories product designed for everyday use and long-term durability.,Accessories,"fast-charging, new-arrival, bestseller, lightweight",250.06,4.5,146,906,2025-12-26 01:16:47
https://example.com/images/product_200.jpg,Mini Projector HD,HomeEase,Mini Projector HD by HomeEase. High-quality health & personal care product designed for everyday use and long-term durability.,Health & Personal Care,"budget, multi-use, fast-charging, eco-friendly",310.54,3.0,11337,333,2025-02-02 01:16:47
https://example.com/images/product_201.jpg,Travel Duffel Bag,CoreMax,Travel Duffel Bag by CoreMax. High-quality smart home product designed for everyday use and long-term durability.,Smart Home,"durable, wireless, waterproof, portable",432.64,4.4,2702,648,2025-11-29 01:16:47
https://example.com/images/product_202.jpg,USB-C Hub Adapter,TechNova,USB-C Hub Adapter by TechNova. High-quality electronics product designed for everyday use and long-term durability.,Electronics,"multi-use, compact, wireless, portable",311.9,3.9,10395,708,2025-10-22 01:16:47
https://example.com/images/product_203.jpg,Electric Toothbrush,NextGen,Electric Toothbrush by NextGen. High-quality home & kitchen product designed for everyday use and long-term durability.,Home & Kitchen,"multi-use, budget, new-arrival, lightweight",374.13,3.6,10101,781,2024-08-18 01:16:47
https://example.com/images/product_204.jpg,HD Webcam,ZenithLabs,HD Webcam by ZenithLabs. High-quality sports & outdoors product designed for everyday use and long-term durability.,Sports & Outdoors,"premium, multi-use, smart, lightweight",24.94,3.2,6447,637,2024-12-08 01:16:47
https://example.com/images/product_205.jpg,Portable Phone Charger,UrbanGear,Portable Phone Charger by UrbanGear. High-quality health & personal care product designed for everyday use and long-term durability.,Health & Personal Care,"durable, wireless, bestseller, portable",17.56,4.3,12885,641,2024-07-19 01:16:47
https://example.com/images/product_206.jpg,Yoga Mat Pro,TechNova,Yoga Mat Pro by TechNova. High-quality sports & outdoors product designed for everyday use and long-term durability.,Sports & Outdoors,"ergonomic, eco-friendly, fast-charging, multi-use",282.65,2.5,4643,774,2025-07-07 01:16:47
https://example.com/images/product_207.jpg,Mini Projector HD,PureLiving,Mini Projector HD by PureLiving. High-quality travel product designed for everyday use and long-term durability.,Travel,"fast-charging, wireless, lightweight, waterproof",476.62,3.3,3281,321,2025-11-03 01:16:47
https://example.com/images/product_208.jpg,Wireless Bluetooth Headphones,TechNova,Wireless Bluetooth Headphones by TechNova. High-quality electronics product designed for everyday use and long-term durability.,Electronics,"multi-use, budget, compact, durable",525.04,2.9,6251,357,2025-10-29 01:16:47
https://example.com/images/product_209.jpg,USB-C Hub Adapter,BrightTech,USB-C Hub Adapter by BrightTech. High-quality sports & outdoors product designed for everyday use and long-term durability.,Sports & Outdoors,"lightweight, fast-charging, budget, multi-use",124.73,4.7,5803,622,2026-01-29 01:16:47
https://example.com/images/product_210.jpg,Bluetooth Car Adapter,NextGen,Bluetooth Car Adapter by NextGen. High-quality electronics product designed for everyday use and long-term durability.,Electronics,"portable, new-arrival, smart, eco-friendly",356.76,3.1,4965,118,2025-02-18 01:16:47
https://example.com/images/product_211.jpg,Yoga Mat Pro,NovaStyle,Yoga Mat Pro by NovaStyle. High-quality office supplies product designed for everyday use and long-term durability.,Office Supplies,"wireless, smart, ergonomic, new-arrival",149.75,4.5,2451,610,2025-02-26 01:16:47
https://example.com/images/product_212.jpg,4K Action Camera,NextGen,4K Action Camera by NextGen. High-quality sports & outdoors product designed for everyday use and long-term durability.,Sports & Outdoors,"ergonomic, wireless, compact, bestseller",272.83,4.1,11156,658,2024-10-18 01:16:47
https://example.com/images/product_213.jpg,Mini Projector HD,GadgetPro,Mini Projector HD by GadgetPro. High-quality sports & outdoors product designed for everyday use and long-term durability.,Sports & Outdoors,"premium, compact, portable, wireless",367.99,2.7,12075,390,2025-03-31 01:16:47
https://example.com/images/product_214.jpg,Wireless Charging Pad,PrimeHouse,Wireless Charging Pad by PrimeHouse. High-quality office supplies product designed for everyday use and long-term durability.,Office Supplies,"lightweight, eco-friendly, fast-charging, new-arrival",63.05,4.1,1614,226,2024-06-15 01:16:47
https://example.com/images/product_215.jpg,Electric Toothbrush,UrbanGear,Electric Toothbrush by UrbanGear. High-quality fitness product designed for everyday use and long-term durability.,Fitness,"eco-friendly, bestseller, premium, lightweight",88.55,4.8,5643,638,2025-06-22 01:16:47
https://example.com/images/product_216.jpg,Stainless Steel Water Bottle,PureLiving,Stainless Steel Water Bottle by PureLiving. High-quality home & kitchen product designed for everyday use and long-term durability.,Home & Kitchen,"durable, ergonomic, compact, premium",96.14,3.4,5836,631,2025-09-25 01:16:47
https://example.com/images/product_217.jpg,Wireless Charging Pad,ActiveCore,Wireless Charging Pad by ActiveCore. High-quality sports & outdoors product designed for everyday use and long-term durability.,Sports & Outdoors,"new-arrival, durable, fast-charging, multi-use",168.34,3.0,9546,359,2024-10-27 01:16:47
https://example.com/images/product_218.jpg,Organic Green Tea Pack,HomeEase,Organic Green Tea Pack by HomeEase. High-quality accessories product designed for everyday use and long-term durability.,Accessories,"durable, budget, new-arrival, eco-friendly",581.85,3.6,10318,980,2025-10-12 01:16:47
https://example.com/images/product_219.jpg,Organic Green Tea Pack,UrbanGear,Organic Green Tea Pack by UrbanGear. High-quality office supplies product designed for everyday use and long-term durability.,Office Supplies,"bestseller, wireless, compact, budget",156.69,2.7,13659,563,2025-11-29 01:16:47
https://example.com/images/product_220.jpg,Laptop Backpack,CoreMax,Laptop Backpack by CoreMax. High-quality accessories product designed for everyday use and long-term durability.,Accessories,"ergonomic, waterproof, durable, bestseller",201.04,4.1,9310,457,2025-02-13 01:16:47
https://example.com/images/product_221.jpg,LED Desk Lamp,PrimeHouse,LED Desk Lamp by PrimeHouse. High-quality health & personal care product designed for everyday use and long-term durability.,Health & Personal Care,"smart, premium, bestseller, ergonomic",554.64,3.9,13090,590,2024-12-07 01:16:47
https://example.com/images/product_222.jpg,Stainless Steel Water Bottle,HomeEase,Stainless Steel Water Bottle by HomeEase. High-quality travel product designed for everyday use and long-term durability.,Travel,"premium, budget, portable, ergonomic",323.72,3.4,5871,717,2025-03-29 01:16:47
https://example.com/images/product_223.jpg,Smart Home Speaker,GreenLife,Smart Home Speaker by GreenLife. High-quality health & personal care product designed for everyday use and long-term durability.,Health & Personal Care,"ergonomic, compact, bestseller, new-arrival",13.02,2.8,11374,349,2025-11-09 01:16:47
https://example.com/images/product_224.jpg,Noise Cancelling Earbuds,PrimeHouse,Noise Cancelling Earbuds by PrimeHouse. High-quality travel product designed for everyday use and long-term durability.,Travel,"portable, new-arrival, multi-use, budget",276.76,3.5,11724,182,2025-09-14 01:16:47
https://example.com/images/product_225.jpg,LED Desk Lamp,CoreMax,LED Desk Lamp by CoreMax. High-quality health & personal care product designed for everyday use and long-term durability.,Health & Personal Care,"smart, multi-use, bestseller, lightweight",318.95,2.6,12382,149,2025-03-14 01:16:47
https://example.com/images/product_226.jpg,HD Webcam,EcoWare,HD Webcam by EcoWare. High-quality smart home product designed for everyday use and long-term durability.,Smart Home,"new-arrival, eco-friendly, portable, bestseller",130.38,2.6,2352,850,2025-03-23 01:16:47
https://example.com/images/product_227.jpg,Gaming Mouse RGB,TechNova,Gaming Mouse RGB by TechNova. High-quality smart home product designed for everyday use and long-term durability.,Smart Home,"ergonomic, waterproof, wireless, multi-use",147.99,4.0,1800,488,2024-11-23 01:16:47
https://example.com/images/product_228.jpg,4K Action Camera,GreenLife,4K Action Camera by GreenLife. High-quality sports & outdoors product designed for everyday use and long-term durability.,Sports & Outdoors,"eco-friendly, wireless, compact, bestseller",140.53,2.9,9521,672,2025-03-16 01:16:47
https://example.com/images/product_229.jpg,Stainless Steel Water Bottle,EcoWare,Stainless Steel Water Bottle by EcoWare. High-quality health & personal care product designed for everyday use and long-term durability.,Health & Personal Care,"multi-use, bestseller, ergonomic, waterproof",118.84,3.4,10935,264,2025-08-30 01:16:47
https://example.com/images/product_230.jpg,Digital Kitchen Scale,ActiveCore,Digital Kitchen Scale by ActiveCore. High-quality electronics product designed for everyday use and long-term durability.,Electronics,"compact, multi-use, ergonomic, lightweight",581.27,5.0,6148,245,2024-09-01 01:16:47
https://example.com/images/product_231.jpg,Smart LED Light Bulb,PureLiving,Smart LED Light Bulb by PureLiving. High-quality smart home product designed for everyday use and long-term durability.,Smart Home,"premium, compact, durable, ergonomic",584.54,2.8,11416,507,2025-05-02 01:16:47
https://example.com/images/product_232.jpg,Stainless Steel Water Bottle,ZenithLabs,Stainless Steel Water Bottle by ZenithLabs. High-quality office supplies product designed for everyday use and long-term durability.,Office Supplies,"waterproof, new-arrival, eco-friendly, lightweight",158.58,2.8,264,82,2024-10-22 01:16:47
https://example.com/images/product_233.jpg,Cookware Set 10pc,CoreMax,Cookware Set 10pc by CoreMax. High-quality travel product designed for everyday use and long-term durability.,Travel,"premium, smart, bestseller, budget",359.71,2.7,13808,750,2024-08-21 01:16:47
https://example.com/images/product_234.jpg,Ergonomic Office Chair,GreenLife,Ergonomic Office Chair by GreenLife. High-quality fitness product designed for everyday use and long-term durability.,Fitness,"budget, compact, multi-use, bestseller",589.66,2.7,6905,666,2025-06-09 01:16:47
https://example.com/images/product_235.jpg,Stainless Steel Water Bottle,ActiveCore,Stainless Steel Water Bottle by ActiveCore. High-quality smart home product designed for everyday use and long-term durability.,Smart Home,"new-arrival, premium, eco-friendly, compact",557.19,3.0,5611,582,2024-07-11 01:16:47
https://example.com/images/product_236.jpg,Portable Phone Charger,NovaStyle,Portable Phone Charger by NovaStyle. High-quality smart home product designed for everyday use and long-term durability.,Smart Home,"budget, compact, multi-use, ergonomic",526.1,4.0,13566,221,2024-10-17 01:16:47
https://example.com/images/product_237.jpg,Laptop Backpack,NovaStyle,Laptop Backpack by NovaStyle. High-quality office supplies product designed for everyday use and long-term durability.,Office Supplies,"fast-charging, budget, portable, durable",384.86,3.3,10586,446,2025-07-26 01:16:47
https://example.com/images/product_238.jpg,Fitness Resistance Bands,UrbanGear,Fitness Resistance Bands by UrbanGear. High-quality accessories product designed for everyday use and long-term durability.,Accessories,"eco-friendly, fast-charging, ergonomic, smart",367.57,4.2,6387,885,2025-08-23 01:16:47
https://example.com/images/product_239.jpg,Portable Phone Charger,PureLiving,Portable Phone Charger by PureLiving. High-quality sports & outdoors product designed for everyday use and long-term durability.,Sports & Outdoors,"waterproof, eco-friendly, fast-charging, new-arrival",571.95,2.8,1533,251,2026-01-27 01:16:47
https://example.com/images/product_240.jpg,Organic Green Tea Pack,ZenithLabs,Organic Green Tea Pack by ZenithLabs. High-quality office supplies product designed for everyday use and long-term durability.,Office Supplies,"multi-use, new-arrival, waterproof, eco-friendly",376.6,4.7,14035,318,2025-10-26 01:16:47
https://example.com/images/product_241.jpg,LED Desk Lamp,PureLiving,LED Desk Lamp by PureLiving. High-quality electronics product designed for everyday use and long-term durability.,Electronics,"premium, portable, new-arrival, smart",421.55,3.8,5348,958,2025-02-16 01:16:47
https://example.com/images/product_242.jpg,4K Action Camera,TechNova,4K Action Camera by TechNova. High-quality sports & outdoors product designed for everyday use and long-term durability.,Sports & Outdoors,"premium, portable, smart, new-arrival",14.42,3.3,3038,184,2024-04-15 01:16:47
https://example.com/images/product_243.jpg,Ergonomic Office Chair,PrimeHouse,Ergonomic Office Chair by PrimeHouse. High-quality travel product designed for everyday use and long-term durability.,Travel,"portable, fast-charging, compact, budget",451.47,2.9,3622,591,2024-04-03 01:16:47
https://example.com/images/product_244.jpg,Ergonomic Office Chair,CoreMax,Ergonomic Office Chair by CoreMax. High-quality health & personal care product designed for everyday use and long-term durability.,Health & Personal Care,"compact, smart, premium, lightweight",269.3,3.2,10556,697,2025-07-11 01:16:47
https://example.com/images/product_245.jpg,Fitness Resistance Bands,GadgetPro,Fitness Resistance Bands by GadgetPro. High-quality fitness product designed for everyday use and long-term durability.,Fitness,"premium, waterproof, fast-charging, durable",225.31,4.8,4539,294,2024-09-27 01:16:47
https://example.com/images/product_246.jpg,Ergonomic Office Chair,FitZone,Ergonomic Office Chair by FitZone. High-quality office supplies product designed for everyday use and long-term durability.,Office Supplies,"lightweight, portable, fast-charging, premium",375.81,3.4,8349,27,2025-06-10 01:16:47
https://example.com/images/product_247.jpg,Smart LED Light Bulb,GreenLife,Smart LED Light Bulb by GreenLife. High-quality smart home product designed for everyday use and long-term durability.,Smart Home,"wireless, smart, bestseller, durable",509.29,4.4,657,731,2026-02-14 01:16:47
https://example.com/images/product_248.jpg,Mechanical Keyboard,PrimeHouse,Mechanical Keyboard by PrimeHouse. High-quality electronics product designed for everyday use and long-term durability.,Electronics,"portable, eco-friendly, wireless, smart",180.41,4.6,13028,579,2026-01-17 01:16:47
https://example.com/images/product_249.jpg,Noise Cancelling Earbuds,ZenithLabs,Noise Cancelling Earbuds by ZenithLabs. High-quality home & kitchen product designed for everyday use and long-term durability.,Home & Kitchen,"fast-charging, portable, wireless, waterproof",360.57,4.4,8748,784,2025-09-01 01:16:47
https://example.com/images/product_250.jpg,Wireless Charging Pad,NovaStyle,Wireless Charging Pad by NovaStyle. High-quality travel product designed for everyday use and long-term durability.,Travel,"portable, compact, eco-friendly, durable",327.99,4.7,9820,638,2025-05-09 01:16:47
https://example.com/images/product_251.jpg,Fitness Resistance Bands,GreenLife,Fitness Resistance Bands by GreenLife. High-quality electronics product designed for everyday use and long-term durability.,Electronics,"compact, wireless, portable, durable",197.89,4.4,2050,847,2026-01-25 01:16:47
https://example.com/images/product_252.jpg,Fitness Resistance Bands,GreenLife,Fitness Resistance Bands by GreenLife. High-quality electronics product designed for everyday use and long-term durability.,Electronics,"new-arrival, waterproof, lightweight, durable",347.21,2.6,3942,887,2024-08-16 01:16:47
https://example.com/images/product_253.jpg,LED Desk Lamp,GadgetPro,LED Desk Lamp by GadgetPro. High-quality fitness product designed for everyday use and long-term durability.,Fitness,"premium, ergonomic, waterproof, compact",17.54,3.0,5939,418,2024-03-15 01:16:47
https://example.com/images/product_254.jpg,USB-C Hub Adapter,UrbanGear,USB-C Hub Adapter by UrbanGear. High-quality sports & outdoors product designed for everyday use and long-term durability.,Sports & Outdoors,"wireless, durable, multi-use, portable",215.98,4.2,5148,883,2025-01-03 01:16:47
https://example.com/images/product_255.jpg,Travel Duffel Bag,HomeEase,Travel Duffel Bag by HomeEase. High-quality health & personal care product designed for everyday use and long-term durability.,Health & Personal Care,"multi-use, ergonomic, new-arrival, durable",546.5,3.0,1506,661,2025-03-27 01:16:47
https://example.com/images/product_256.jpg,Noise Cancelling Earbuds,NovaStyle,Noise Cancelling Earbuds by NovaStyle. High-quality sports & outdoors product designed for everyday use and long-term durability.,Sports & Outdoors,"bestseller, portable, compact, wireless",20.59,4.9,1338,418,2024-05-12 01:16:47
https://example.com/images/product_257.jpg,Yoga Mat Pro,GreenLife,Yoga Mat Pro by GreenLife. High-quality office supplies product designed for everyday use and long-term durability.,Office Supplies,"eco-friendly, fast-charging, premium, waterproof",206.54,4.2,1825,61,2025-06-25 01:16:47
https://example.com/images/product_258.jpg,USB-C Hub Adapter,NovaStyle,USB-C Hub Adapter by NovaStyle. High-quality travel product designed for everyday use and long-term durability.,Travel,"bestseller, durable, portable, smart",413.23,4.1,2223,903,2025-12-02 01:16:47
https://example.com/images/product_259.jpg,Bluetooth Car Adapter,UrbanGear,Bluetooth Car Adapter by UrbanGear. High-quality electronics product designed for everyday use and long-term durability.,Electronics,"bestseller, budget, eco-friendly, smart",423.98,3.7,11253,160,2025-05-13 01:16:47
https://example.com/images/product_260.jpg,Cordless Vacuum Cleaner,CoreMax,Cordless Vacuum Cleaner by CoreMax. High-quality smart home product designed for everyday use and long-term durability.,Smart Home,"portable, durable, budget, compact",228.15,4.1,2003,893,2025-11-02 01:16:47
https://example.com/images/product_261.jpg,Electric Toothbrush,NextGen,Electric Toothbrush by NextGen. High-quality accessories product designed for everyday use and long-term durability.,Accessories,"new-arrival, waterproof, smart, ergonomic",489.22,3.4,1794,917,2025-03-09 01:16:47
https://example.com/images/product_262.jpg,Cookware Set 10pc,PureLiving,Cookware Set 10pc by PureLiving. High-quality office supplies product designed for everyday use and long-term durability.,Office Supplies,"waterproof, new-arrival, eco-friendly, wireless",12.86,4.5,3129,669,2024-09-13 01:16:47
https://example.com/images/product_263.jpg,Portable Blender,EcoWare,Portable Blender by EcoWare. High-quality fitness product designed for everyday use and long-term durability.,Fitness,"wireless, budget, compact, waterproof",84.69,3.9,13312,641,2025-04-17 01:16:47
https://example.com/images/product_264.jpg,Travel Duffel Bag,ZenithLabs,Travel Duffel Bag by ZenithLabs. High-quality smart home product designed for everyday use and long-term durability.,Smart Home,"wireless, portable, eco-friendly, new-arrival",405.64,4.1,546,276,2024-07-21 01:16:47
https://example.com/images/product_265.jpg,Smart Fitness Watch,NextGen,Smart Fitness Watch by NextGen. High-quality accessories product designed for everyday use and long-term durability.,Accessories,"fast-charging, lightweight, durable, waterproof",92.43,3.8,8945,802,2025-05-28 01:16:47
https://example.com/images/product_266.jpg,Ergonomic Office Chair,PrimeHouse,Ergonomic Office Chair by PrimeHouse. High-quality electronics product designed for everyday use and long-term durability.,Electronics,"waterproof, portable, durable, eco-friendly",228.2,3.6,14149,807,2024-11-08 01:16:47
https://example.com/images/product_267.jpg,Bluetooth Car Adapter,PureLiving,Bluetooth Car Adapter by PureLiving. High-quality health & personal care product designed for everyday use and long-term durability.,Health & Personal Care,"lightweight, new-arrival, ergonomic, budget",6.35,4.6,5965,623,2026-01-23 01:16:47
https://example.com/images/product_268.jpg,Mechanical Keyboard,GreenLife,Mechanical Keyboard by GreenLife. High-quality sports & outdoors product designed for everyday use and long-term durability.,Sports & Outdoors,"wireless, budget, multi-use, durable",377.85,3.2,4867,520,2024-12-12 01:16:47
https://example.com/images/product_269.jpg,Portable Blender,NextGen,Portable Blender by NextGen. High-quality accessories product designed for everyday use and long-term durability.,Accessories,"smart, budget, waterproof, new-arrival",77.38,3.6,9541,931,2025-09-12 01:16:47
https://example.com/images/product_270.jpg,Wireless Charging Pad,BrightTech,Wireless Charging Pad by BrightTech. High-quality travel product designed for everyday use and long-term durability.,Travel,"eco-friendly, lightweight, premium, compact",356.32,2.6,13979,741,2025-12-31 01:16:47
https://example.com/images/product_271.jpg,Tablet Stand Adjustable,PrimeHouse,Tablet Stand Adjustable by PrimeHouse. High-quality travel product designed for everyday use and long-term durability.,Travel,"multi-use, budget, premium, lightweight",305.97,3.0,9159,282,2024-12-23 01:16:47
https://example.com/images/product_272.jpg,Organic Green Tea Pack,HomeEase,Organic Green Tea Pack by HomeEase. High-quality sports & outdoors product designed for everyday use and long-term durability.,Sports & Outdoors,"fast-charging, ergonomic, compact, new-arrival",486.58,3.7,32,325,2025-07-01 01:16:47
https://example.com/images/product_273.jpg,Wireless Bluetooth Headphones,NextGen,Wireless Bluetooth Headphones by NextGen. High-quality sports & outdoors product designed for everyday use and long-term durability.,Sports & Outdoors,"fast-charging, premium, smart, lightweight",54.43,3.5,4059,964,2026-01-10 01:16:47
https://example.com/images/product_274.jpg,Digital Kitchen Scale,CoreMax,Digital Kitchen Scale by CoreMax. High-quality fitness product designed for everyday use and long-term durability.,Fitness,"new-arrival, durable, ergonomic, waterproof",300.17,3.0,8222,659,2025-06-01 01:16:47
https://example.com/images/product_275.jpg,Digital Kitchen Scale,PrimeHouse,Digital Kitchen Scale by PrimeHouse. High-quality accessories product designed for everyday use and long-term durability.,Accessories,"eco-friendly, durable, multi-use, bestseller",496.25,3.6,13349,371,2025-12-21 01:16:47
https://example.com/images/product_276.jpg,Portable Phone Charger,TechNova,Portable Phone Charger by TechNova. High-quality home & kitchen product designed for everyday use and long-term durability.,Home & Kitchen,"eco-friendly, lightweight, waterproof, premium",276.3,4.2,7894,65,2024-10-10 01:16:47
https://example.com/images/product_277.jpg,Fitness Resistance Bands,NovaStyle,Fitness Resistance Bands by NovaStyle. High-quality office supplies product designed for everyday use and long-term durability.,Office Supplies,"new-arrival, smart, multi-use, wireless",258.59,3.4,8519,794,2025-06-17 01:16:47
https://example.com/images/product_278.jpg,Wireless Charging Pad,ActiveCore,Wireless Charging Pad by ActiveCore. High-quality office supplies product designed for everyday use and long-term durability.,Office Supplies,"durable, wireless, multi-use, compact",406.88,4.9,10504,778,2024-05-27 01:16:47
https://example.com/images/product_279.jpg,Smart LED Light Bulb,GreenLife,Smart LED Light Bulb by GreenLife. High-quality accessories product designed for everyday use and long-term durability.,Accessories,"durable, portable, wireless, compact",551.13,2.6,980,761,2025-02-26 01:16:47
https://example.com/images/product_280.jpg,Portable Blender,NextGen,Portable Blender by NextGen. High-quality home & kitchen product designed for everyday use and long-term durability.,Home & Kitchen,"smart, compact, portable, new-arrival",550.26,3.2,2264,666,2024-03-02 01:16:47
https://example.com/images/product_281.jpg,USB-C Hub Adapter,NovaStyle,USB-C Hub Adapter by NovaStyle. High-quality fitness product designed for everyday use and long-term durability.,Fitness,"premium, portable, lightweight, new-arrival",457.17,3.4,3937,38,2024-03-08 01:16:47
https://example.com/images/product_282.jpg,HD Webcam,PrimeHouse,HD Webcam by PrimeHouse. High-quality accessories product designed for everyday use and long-term durability.,Accessories,"budget, multi-use, smart, lightweight",368.83,4.5,9449,490,2024-02-28 01:16:47
https://example.com/images/product_283.jpg,4K Action Camera,HomeEase,4K Action Camera by HomeEase. High-quality fitness product designed for everyday use and long-term durability.,Fitness,"ergonomic, durable, fast-charging, portable",551.61,5.0,8388,212,2025-11-17 01:16:47
https://example.com/images/product_284.jpg,Smart Home Speaker,ActiveCore,Smart Home Speaker by ActiveCore. High-quality home & kitchen product designed for everyday use and long-term durability.,Home & Kitchen,"multi-use, waterproof, wireless, premium",568.43,3.6,7579,789,2025-01-24 01:16:47
https://example.com/images/product_285.jpg,Smart Home Speaker,ZenithLabs,Smart Home Speaker by ZenithLabs. High-quality health & personal care product designed for everyday use and long-term durability.,Health & Personal Care,"smart, eco-friendly, multi-use, lightweight",475.35,3.6,2427,763,2026-01-07 01:16:47
https://example.com/images/product_286.jpg,Stainless Steel Water Bottle,BrightTech,Stainless Steel Water Bottle by BrightTech. High-quality accessories product designed for everyday use and long-term durability.,Accessories,"new-arrival, smart, multi-use, wireless",532.75,4.4,8865,391,2026-02-04 01:16:47
https://example.com/images/product_287.jpg,Mini Projector HD,CoreMax,Mini Projector HD by CoreMax. High-quality smart home product designed for everyday use and long-term durability.,Smart Home,"multi-use, waterproof, wireless, lightweight",129.04,2.6,12787,501,2025-04-07 01:16:47
https://example.com/images/product_288.jpg,Noise Cancelling Earbuds,ZenithLabs,Noise Cancelling Earbuds by ZenithLabs. High-quality smart home product designed for everyday use and long-term durability.,Smart Home,"lightweight, new-arrival, premium, fast-charging",576.93,2.6,12184,383,2025-01-06 01:16:47
https://example.com/images/product_289.jpg,LED Desk Lamp,UrbanGear,LED Desk Lamp by UrbanGear. High-quality office supplies product designed for everyday use and long-term durability.,Office Supplies,"compact, budget, bestseller, waterproof",496.96,3.6,14752,119,2024-03-11 01:16:47
https://example.com/images/product_290.jpg,Ergonomic Office Chair,BrightTech,Ergonomic Office Chair by BrightTech. High-quality sports & outdoors product designed for everyday use and long-term durability.,Sports & Outdoors,"portable, premium, smart, wireless",554.18,3.9,2023,522,2024-06-17 01:16:47
https://example.com/images/product_291.jpg,LED Desk Lamp,ActiveCore,LED Desk Lamp by ActiveCore. High-quality travel product designed for everyday use and long-term durability.,Travel,"compact, ergonomic, durable, smart",8.19,3.5,6929,638,2024-09-08 01:16:47
https://example.com/images/product_292.jpg,Laptop Backpack,ActiveCore,Laptop Backpack by ActiveCore. High-quality fitness product designed for everyday use and long-term durability.,Fitness,"durable, bestseller, budget, waterproof",78.97,4.6,14465,813,2025-06-14 01:16:47
https://example.com/images/product_293.jpg,Smart Fitness Watch,PrimeHouse,Smart Fitness Watch by PrimeHouse. High-quality fitness product designed for everyday use and long-term durability.,Fitness,"eco-friendly, budget, premium, waterproof",487.84,3.6,4547,212,2024-05-13 01:16:47
https://example.com/images/product_294.jpg,LED Desk Lamp,UrbanGear,LED Desk Lamp by UrbanGear. High-quality sports & outdoors product designed for everyday use and long-term durability.,Sports & Outdoors,"lightweight, budget, waterproof, multi-use",483.79,3.4,3043,521,2025-06-05 01:16:47
https://example.com/images/product_295.jpg,HD Webcam,FitZone,HD Webcam by FitZone. High-quality electronics product designed for everyday use and long-term durability.,Electronics,"compact, new-arrival, durable, waterproof",70.48,2.7,7862,825,2025-08-29 01:16:47
https://example.com/images/product_296.jpg,Cookware Set 10pc,FitZone,Cookware Set 10pc by FitZone. High-quality office supplies product designed for everyday use and long-term durability.,Office Supplies,"eco-friendly, smart, lightweight, wireless",215.56,3.1,13324,457,2024-03-03 01:16:47
https://example.com/images/product_297.jpg,Portable Blender,EcoWare,Portable Blender by EcoWare. High-quality travel product designed for everyday use and long-term durability.,Travel,"compact, lightweight, waterproof, wireless",396.13,4.9,7578,626,2025-03-21 01:16:47
https://example.com/images/product_298.jpg,USB-C Hub Adapter,CoreMax,USB-C Hub Adapter by CoreMax. High-quality home & kitchen product designed for everyday use and long-term durability.,Home & Kitchen,"fast-charging, multi-use, premium, eco-friendly",49.73,4.6,8907,70,2025-07-14 01:16:47
https://example.com/images/product_299.jpg,Digital Kitchen Scale,UrbanGear,Digital Kitchen Scale by UrbanGear. High-quality office supplies product designed for everyday use and long-term durability.,Office Supplies,"eco-friendly, lightweight, waterproof, fast-charging",509.11,4.6,7373,559,2025-09-16 01:16:47
https://example.com/images/product_300.jpg,Digital Kitchen Scale,GreenLife,Digital Kitchen Scale by GreenLife. High-quality home & kitchen product designed for everyday use and long-term durability.,Home & Kitchen,"wireless, portable, waterproof, smart",541.23,3.4,14396,558,2025-02-09 01:16:47
https://example.com/images/product_301.jpg,Cookware Set 10pc,ZenithLabs,Cookware Set 10pc by ZenithLabs. High-quality office supplies product designed for everyday use and long-term durability.,Office Supplies,"budget, multi-use, ergonomic, smart",62.56,3.2,7502,321,2024-10-14 01:16:47
https://example.com/images/product_302.jpg,Smart Home Speaker,FitZone,Smart Home Speaker by FitZone. High-quality home & kitchen product designed for everyday use and long-term durability.,Home & Kitchen,"wireless, durable, multi-use, portable",172.99,3.6,11562,962,2024-03-24 01:16:47
https://example.com/images/product_303.jpg,Smart Home Speaker,UrbanGear,Smart Home Speaker by UrbanGear. High-quality electronics product designed for everyday use and long-term durability.,Electronics,"bestseller, budget, durable, new-arrival",405.43,4.9,14427,640,2025-08-11 01:16:47
https://example.com/images/product_304.jpg,Portable Blender,FitZone,Portable Blender by FitZone. High-quality travel product designed for everyday use and long-term durability.,Travel,"budget, new-arrival, portable, smart",184.05,3.3,1680,924,2024-06-08 01:16:47
https://example.com/images/product_305.jpg,Tablet Stand Adjustable,GreenLife,Tablet Stand Adjustable by GreenLife. High-quality accessories product designed for everyday use and long-term durability.,Accessories,"bestseller, waterproof, durable, multi-use",47.82,2.6,13254,796,2024-03-14 01:16:47
https://example.com/images/product_306.jpg,Cookware Set 10pc,NovaStyle,Cookware Set 10pc by NovaStyle. High-quality home & kitchen product designed for everyday use and long-term durability.,Home & Kitchen,"smart, new-arrival, durable, wireless",128.28,3.1,10581,995,2024-04-18 01:16:47
https://example.com/images/product_307.jpg,Digital Kitchen Scale,CoreMax,Digital Kitchen Scale by CoreMax. High-quality health & personal care product designed for everyday use and long-term durability.,Health & Personal Care,"new-arrival, eco-friendly, waterproof, durable",409.62,4.5,13394,376,2026-02-07 01:16:47
https://example.com/images/product_308.jpg,Travel Duffel Bag,BrightTech,Travel Duffel Bag by BrightTech. High-quality accessories product designed for everyday use and long-term durability.,Accessories,"compact, durable, waterproof, eco-friendly",321.0,4.1,1414,768,2025-08-03 01:16:47
https://example.com/images/product_309.jpg,Travel Duffel Bag,HomeEase,Travel Duffel Bag by HomeEase. High-quality electronics product designed for everyday use and long-term durability.,Electronics,"multi-use, compact, new-arrival, eco-friendly",562.38,4.6,10457,315,2025-01-28 01:16:47
https://example.com/images/product_310.jpg,Cordless Vacuum Cleaner,CoreMax,Cordless Vacuum Cleaner by CoreMax. High-quality home & kitchen product designed for everyday use and long-term durability.,Home & Kitchen,"portable, new-arrival, wireless, ergonomic",471.52,3.5,9095,653,2024-06-09 01:16:47
https://example.com/images/product_311.jpg,Electric Toothbrush,FitZone,Electric Toothbrush by FitZone. High-quality travel product designed for everyday use and long-term durability.,Travel,"multi-use, lightweight, ergonomic, bestseller",297.63,4.2,4081,474,2024-07-31 01:16:47
https://example.com/images/product_312.jpg,Yoga Mat Pro,NovaStyle,Yoga Mat Pro by NovaStyle. High-quality travel product designed for everyday use and long-term durability.,Travel,"lightweight, premium, ergonomic, fast-charging",286.31,3.8,14534,981,2025-04-09 01:16:47
https://example.com/images/product_313.jpg,Digital Kitchen Scale,ActiveCore,Digital Kitchen Scale by ActiveCore. High-quality smart home product designed for everyday use and long-term durability.,Smart Home,"lightweight, bestseller, wireless, eco-friendly",150.09,4.3,728,778,2025-05-15 01:16:47
https://example.com/images/product_314.jpg,Noise Cancelling Earbuds,BrightTech,Noise Cancelling Earbuds by BrightTech. High-quality home & kitchen product designed for everyday use and long-term durability.,Home & Kitchen,"multi-use, smart, wireless, lightweight",255.45,3.5,13830,405,2024-11-16 01:16:47
https://example.com/images/product_315.jpg,Ergonomic Office Chair,PureLiving,Ergonomic Office Chair by PureLiving. High-quality home & kitchen product designed for everyday use and long-term durability.,Home & Kitchen,"durable, smart, bestseller, multi-use",39.0,4.5,1276,968,2025-02-26 01:16:47
https://example.com/images/product_316.jpg,Electric Toothbrush,NextGen,Electric Toothbrush by NextGen. High-quality home & kitchen product designed for everyday use and long-term durability.,Home & Kitchen,"smart, fast-charging, compact, waterproof",279.34,3.9,4047,159,2024-02-25 01:16:47
https://example.com/images/product_317.jpg,Cordless Vacuum Cleaner,FitZone,Cordless Vacuum Cleaner by FitZone. High-quality sports & outdoors product designed for everyday use and long-term durability.,Sports & Outdoors,"new-arrival, compact, eco-friendly, wireless",237.19,4.9,1966,896,2025-05-21 01:16:47
https://example.com/images/product_318.jpg,Smart LED Light Bulb,EcoWare,Smart LED Light Bulb by EcoWare. High-quality fitness product designed for everyday use and long-term durability.,Fitness,"lightweight, wireless, eco-friendly, premium",532.84,5.0,6738,457,2024-03-10 01:16:47
https://example.com/images/product_319.jpg,Laptop Backpack,PureLiving,Laptop Backpack by PureLiving. High-quality sports & outdoors product designed for everyday use and long-term durability.,Sports & Outdoors,"compact, lightweight, durable, premium",22.38,4.4,1034,735,2024-07-13 01:16:47
https://example.com/images/product_320.jpg,Bluetooth Car Adapter,ActiveCore,Bluetooth Car Adapter by ActiveCore. High-quality travel product designed for everyday use and long-term durability.,Travel,"budget, fast-charging, ergonomic, premium",218.64,3.9,5316,505,2025-07-16 01:16:47
https://example.com/images/product_321.jpg,Stainless Steel Water Bottle,GreenLife,Stainless Steel Water Bottle by GreenLife. High-quality accessories product designed for everyday use and long-term durability.,Accessories,"portable, lightweight, waterproof, smart",69.09,3.7,4738,639,2025-02-12 01:16:47
https://example.com/images/product_322.jpg,Wireless Charging Pad,GreenLife,Wireless Charging Pad by GreenLife. High-quality home & kitchen product designed for everyday use and long-term durability.,Home & Kitchen,"waterproof, budget, durable, new-arrival",357.89,4.5,4808,703,2025-02-13 01:16:47
https://example.com/images/product_323.jpg,Running Shoes,FitZone,Running Shoes by FitZone. High-quality accessories product designed for everyday use and long-term durability.,Accessories,"waterproof, smart, lightweight, premium",115.15,4.1,954,355,2024-03-30 01:16:47
https://example.com/images/product_324.jpg,Wireless Bluetooth Headphones,CoreMax,Wireless Bluetooth Headphones by CoreMax. High-quality office supplies product designed for everyday use and long-term durability.,Office Supplies,"new-arrival, bestseller, lightweight, ergonomic",433.48,3.1,13410,833,2025-04-21 01:16:47
https://example.com/images/product_325.jpg,Smart LED Light Bulb,GreenLife,Smart LED Light Bulb by GreenLife. High-quality travel product designed for everyday use and long-term durability.,Travel,"bestseller, durable, portable, wireless",79.47,3.2,11493,61,2025-03-13 01:16:47
https://example.com/images/product_326.jpg,Ergonomic Office Chair,TechNova,Ergonomic Office Chair by TechNova. High-quality office supplies product designed for everyday use and long-term durability.,Office Supplies,"new-arrival, portable, lightweight, premium",400.74,4.9,11082,247,2024-12-05 01:16:47
https://example.com/images/product_327.jpg,Aromatherapy Diffuser,TechNova,Aromatherapy Diffuser by TechNova. High-quality home & kitchen product designed for everyday use and long-term durability.,Home & Kitchen,"wireless, waterproof, bestseller, smart",479.38,3.5,9628,256,2025-05-14 01:16:47
https://example.com/images/product_328.jpg,USB-C Hub Adapter,ActiveCore,USB-C Hub Adapter by ActiveCore. High-quality travel product designed for everyday use and long-term durability.,Travel,"wireless, smart, bestseller, multi-use",397.1,4.1,8593,386,2024-04-18 01:16:47
https://example.com/images/product_329.jpg,Yoga Mat Pro,FitZone,Yoga Mat Pro by FitZone. High-quality health & personal care product designed for everyday use and long-term durability.,Health & Personal Care,"budget, durable, ergonomic, portable",446.7,4.9,3084,384,2025-02-24 01:16:47
https://example.com/images/product_330.jpg,Smart Fitness Watch,CoreMax,Smart Fitness Watch by CoreMax. High-quality home & kitchen product designed for everyday use and long-term durability.,Home & Kitchen,"durable, portable, premium, bestseller",75.95,3.0,5524,677,2025-05-08 01:16:47
https://example.com/images/product_331.jpg,Electric Toothbrush,NovaStyle,Electric Toothbrush by NovaStyle. High-quality fitness product designed for everyday use and long-term durability.,Fitness,"ergonomic, smart, durable, budget",164.2,4.0,14770,917,2025-07-08 01:16:47
https://example.com/images/product_332.jpg,Mini Projector HD,PureLiving,Mini Projector HD by PureLiving. High-quality smart home product designed for everyday use and long-term durability.,Smart Home,"wireless, compact, portable, multi-use",560.35,4.6,7849,739,2025-03-25 01:16:47
https://example.com/images/product_333.jpg,Portable Blender,UrbanGear,Portable Blender by UrbanGear. High-quality home & kitchen product designed for everyday use and long-term durability.,Home & Kitchen,"ergonomic, premium, waterproof, multi-use",192.71,4.1,8859,880,2025-11-25 01:16:47
https://example.com/images/product_334.jpg,Portable Blender,GadgetPro,Portable Blender by GadgetPro. High-quality smart home product designed for everyday use and long-term durability.,Smart Home,"fast-charging, eco-friendly, wireless, bestseller",379.0,4.8,14409,791,2024-05-23 01:16:47
https://example.com/images/product_335.jpg,Wireless Bluetooth Headphones,HomeEase,Wireless Bluetooth Headphones by HomeEase. High-quality home & kitchen product designed for everyday use and long-term durability.,Home & Kitchen,"eco-friendly, lightweight, ergonomic, fast-charging",10.68,4.5,9305,512,2025-12-20 01:16:47
https://example.com/images/product_336.jpg,Fitness Resistance Bands,EcoWare,Fitness Resistance Bands by EcoWare. High-quality home & kitchen product designed for everyday use and long-term durability.,Home & Kitchen,"budget, smart, durable, fast-charging",537.06,4.1,2975,952,2024-07-05 01:16:47
https://example.com/images/product_337.jpg,Smart LED Light Bulb,FitZone,Smart LED Light Bulb by FitZone. High-quality accessories product designed for everyday use and long-term durability.,Accessories,"durable, fast-charging, bestseller, ergonomic",490.72,2.6,11713,675,2025-02-05 01:16:47
https://example.com/images/product_338.jpg,Wireless Charging Pad,GadgetPro,Wireless Charging Pad by GadgetPro. High-quality sports & outdoors product designed for everyday use and long-term durability.,Sports & Outdoors,"new-arrival, smart, compact, durable",398.64,3.7,639,502,2025-08-26 01:16:47
https://example.com/images/product_339.jpg,Cordless Vacuum Cleaner,GadgetPro,Cordless Vacuum Cleaner by GadgetPro. High-quality sports & outdoors product designed for everyday use and long-term durability.,Sports & Outdoors,"eco-friendly, bestseller, durable, portable",16.36,4.2,10615,951,2025-03-14 01:16:47
https://example.com/images/product_340.jpg,Tablet Stand Adjustable,FitZone,Tablet Stand Adjustable by FitZone. High-quality accessories product designed for everyday use and long-term durability.,Accessories,"waterproof, multi-use, lightweight, compact",326.31,4.7,1236,86,2025-11-30 01:16:47
https://example.com/images/product_341.jpg,Smart Home Speaker,FitZone,Smart Home Speaker by FitZone. High-quality accessories product designed for everyday use and long-term durability.,Accessories,"lightweight, fast-charging, ergonomic, waterproof",439.79,4.2,8506,281,2026-01-01 01:16:47
https://example.com/images/product_342.jpg,Portable Phone Charger,PrimeHouse,Portable Phone Charger by PrimeHouse. High-quality smart home product designed for everyday use and long-term durability.,Smart Home,"compact, waterproof, ergonomic, premium",449.27,3.2,6293,306,2025-05-14 01:16:47
https://example.com/images/product_343.jpg,Portable Blender,HomeEase,Portable Blender by HomeEase. High-quality office supplies product designed for everyday use and long-term durability.,Office Supplies,"multi-use, waterproof, lightweight, wireless",487.45,3.7,4362,898,2025-10-20 01:16:47
https://example.com/images/product_344.jpg,Electric Toothbrush,GadgetPro,Electric Toothbrush by GadgetPro. High-quality smart home product designed for everyday use and long-term durability.,Smart Home,"eco-friendly, fast-charging, lightweight, ergonomic",18.04,4.9,12593,104,2025-04-16 01:16:47
https://example.com/images/product_345.jpg,USB-C Hub Adapter,FitZone,USB-C Hub Adapter by FitZone. High-quality fitness product designed for everyday use and long-term durability.,Fitness,"portable, durable, lightweight, bestseller",324.02,2.7,3400,514,2025-10-17 01:16:47
https://example.com/images/product_346.jpg,Organic Green Tea Pack,ZenithLabs,Organic Green Tea Pack by ZenithLabs. High-quality smart home product designed for everyday use and long-term durability.,Smart Home,"ergonomic, eco-friendly, fast-charging, bestseller",329.32,4.1,11195,226,2024-10-21 01:16:47
https://example.com/images/product_347.jpg,Fitness Resistance Bands,FitZone,Fitness Resistance Bands by FitZone. High-quality office supplies product designed for everyday use and long-term durability.,Office Supplies,"smart, budget, ergonomic, new-arrival",356.65,4.8,14625,33,2024-05-17 01:16:47
https://example.com/images/product_348.jpg,Organic Green Tea Pack,EcoWare,Organic Green Tea Pack by EcoWare. High-quality home & kitchen product designed for everyday use and long-term durability.,Home & Kitchen,"wireless, bestseller, budget, fast-charging",229.99,3.2,12767,994,2024-09-17 01:16:47
https://example.com/images/product_349.jpg,Smart Fitness Watch,BrightTech,Smart Fitness Watch by BrightTech. High-quality smart home product designed for everyday use and long-term durability.,Smart Home,"multi-use, eco-friendly, budget, premium",429.97,2.6,8867,674,2025-10-21 01:16:47
https://example.com/images/product_350.jpg,Ergonomic Office Chair,NextGen,Ergonomic Office Chair by NextGen. High-quality electronics product designed for everyday use and long-term durability.,Electronics,"smart, durable, waterproof, ergonomic",80.9,3.9,239,926,2024-02-24 01:16:47
https://example.com/images/product_351.jpg,Cordless Vacuum Cleaner,ActiveCore,Cordless Vacuum Cleaner by ActiveCore. High-quality office supplies product designed for everyday use and long-term durability.,Office Supplies,"fast-charging, premium, wireless, smart",379.21,4.7,10804,898,2026-02-02 01:16:47
https://example.com/images/product_352.jpg,Tablet Stand Adjustable,CoreMax,Tablet Stand Adjustable by CoreMax. High-quality health & personal care product designed for everyday use and long-term durability.,Health & Personal Care,"multi-use, budget, ergonomic, portable",106.28,2.9,13875,301,2025-05-24 01:16:47
https://example.com/images/product_353.jpg,Smart Fitness Watch,PureLiving,Smart Fitness Watch by PureLiving. High-quality electronics product designed for everyday use and long-term durability.,Electronics,"lightweight, multi-use, portable, new-arrival",153.04,2.7,2548,658,2025-05-26 01:16:47
https://example.com/images/product_354.jpg,Aromatherapy Diffuser,PrimeHouse,Aromatherapy Diffuser by PrimeHouse. High-quality health & personal care product designed for everyday use and long-term durability.,Health & Personal Care,"portable, lightweight, ergonomic, new-arrival",554.72,3.4,10397,307,2024-06-05 01:16:47
https://example.com/images/product_355.jpg,Mechanical Keyboard,TechNova,Mechanical Keyboard by TechNova. High-quality fitness product designed for everyday use and long-term durability.,Fitness,"waterproof, smart, compact, lightweight",107.0,3.3,7442,351,2024-11-05 01:16:47
https://example.com/images/product_356.jpg,Ergonomic Office Chair,PureLiving,Ergonomic Office Chair by PureLiving. High-quality home & kitchen product designed for everyday use and long-term durability.,Home & Kitchen,"bestseller, budget, premium, portable",242.92,3.1,5016,627,2026-02-07 01:16:47
https://example.com/images/product_357.jpg,Gaming Mouse RGB,NovaStyle,Gaming Mouse RGB by NovaStyle. High-quality sports & outdoors product designed for everyday use and long-term durability.,Sports & Outdoors,"smart, compact, waterproof, budget",372.76,2.8,9688,827,2024-12-27 01:16:47
https://example.com/images/product_358.jpg,Wireless Bluetooth Headphones,NovaStyle,Wireless Bluetooth Headphones by NovaStyle. High-quality office supplies product designed for everyday use and long-term durability.,Office Supplies,"new-arrival, bestseller, durable, fast-charging",541.31,4.0,10955,573,2025-06-15 01:16:47
https://example.com/images/product_359.jpg,LED Desk Lamp,NextGen,LED Desk Lamp by NextGen. High-quality fitness product designed for everyday use and long-term durability.,Fitness,"compact, budget, fast-charging, eco-friendly",260.17,4.2,3049,175,2025-06-21 01:16:47
https://example.com/images/product_360.jpg,Yoga Mat Pro,ZenithLabs,Yoga Mat Pro by ZenithLabs. High-quality travel product designed for everyday use and long-term durability.,Travel,"portable, fast-charging, smart, eco-friendly",152.29,4.0,14327,402,2024-07-25 01:16:47
https://example.com/images/product_361.jpg,Cookware Set 10pc,CoreMax,Cookware Set 10pc by CoreMax. High-quality office supplies product designed for everyday use and long-term durability.,Office Supplies,"compact, portable, waterproof, new-arrival",77.51,3.1,7365,409,2024-07-19 01:16:47
https://example.com/images/product_362.jpg,Stainless Steel Water Bottle,UrbanGear,Stainless Steel Water Bottle by UrbanGear. High-quality electronics product designed for everyday use and long-term durability.,Electronics,"compact, ergonomic, portable, new-arrival",538.29,3.6,12213,3,2025-06-17 01:16:47
https://example.com/images/product_363.jpg,Wireless Charging Pad,ZenithLabs,Wireless Charging Pad by ZenithLabs. High-quality sports & outdoors product designed for everyday use and long-term durability.,Sports & Outdoors,"waterproof, wireless, premium, eco-friendly",432.61,4.1,9793,838,2024-07-05 01:16:47
https://example.com/images/product_364.jpg,Electric Toothbrush,TechNova,Electric Toothbrush by TechNova. High-quality office supplies product designed for everyday use and long-term durability.,Office Supplies,"premium, eco-friendly, compact, bestseller",123.75,4.8,8431,869,2025-05-19 01:16:47
https://example.com/images/product_365.jpg,Cordless Vacuum Cleaner,HomeEase,Cordless Vacuum Cleaner by HomeEase. High-quality office supplies product designed for everyday use and long-term durability.,Office Supplies,"premium, multi-use, waterproof, budget",488.52,3.1,14043,262,2025-03-25 01:16:47
https://example.com/images/product_366.jpg,Tablet Stand Adjustable,ActiveCore,Tablet Stand Adjustable by ActiveCore. High-quality fitness product designed for everyday use and long-term durability.,Fitness,"portable, budget, eco-friendly, new-arrival",122.09,2.6,8037,990,2025-01-19 01:16:47
https://example.com/images/product_367.jpg,LED Desk Lamp,CoreMax,LED Desk Lamp by CoreMax. High-quality home & kitchen product designed for everyday use and long-term durability.,Home & Kitchen,"multi-use, waterproof, compact, budget",399.83,4.7,2604,889,2025-10-30 01:16:47
https://example.com/images/product_368.jpg,Noise Cancelling Earbuds,GadgetPro,Noise Cancelling Earbuds by GadgetPro. High-quality accessories product designed for everyday use and long-term durability.,Accessories,"ergonomic, waterproof, portable, wireless",215.42,4.2,5180,148,2024-09-16 01:16:47
https://example.com/images/product_369.jpg,Bluetooth Car Adapter,CoreMax,Bluetooth Car Adapter by CoreMax. High-quality smart home product designed for everyday use and long-term durability.,Smart Home,"eco-friendly, compact, multi-use, premium",341.99,4.4,8126,415,2024-09-01 01:16:47
https://example.com/images/product_370.jpg,Bluetooth Car Adapter,PrimeHouse,Bluetooth Car Adapter by PrimeHouse. High-quality office supplies product designed for everyday use and long-term durability.,Office Supplies,"fast-charging, ergonomic, bestseller, eco-friendly",435.77,4.1,11449,757,2024-03-01 01:16:47
https://example.com/images/product_371.jpg,Tablet Stand Adjustable,CoreMax,Tablet Stand Adjustable by CoreMax. High-quality sports & outdoors product designed for everyday use and long-term durability.,Sports & Outdoors,"fast-charging, smart, ergonomic, durable",484.49,4.9,12001,257,2024-05-16 01:16:47
https://example.com/images/product_372.jpg,Ergonomic Office Chair,CoreMax,Ergonomic Office Chair by CoreMax. High-quality electronics product designed for everyday use and long-term durability.,Electronics,"fast-charging, durable, bestseller, waterproof",114.19,4.4,14447,177,2025-02-27 01:16:47
https://example.com/images/product_373.jpg,Wireless Bluetooth Headphones,NovaStyle,Wireless Bluetooth Headphones by NovaStyle. High-quality health & personal care product designed for everyday use and long-term durability.,Health & Personal Care,"premium, eco-friendly, ergonomic, fast-charging",13.48,2.5,4825,304,2025-09-13 01:16:47
https://example.com/images/product_374.jpg,Tablet Stand Adjustable,ZenithLabs,Tablet Stand Adjustable by ZenithLabs. High-quality travel product designed for everyday use and long-term durability.,Travel,"new-arrival, compact, premium, budget",324.6,4.2,13880,221,2025-03-05 01:16:47
https://example.com/images/product_375.jpg,Noise Cancelling Earbuds,TechNova,Noise Cancelling Earbuds by TechNova. High-quality smart home product designed for everyday use and long-term durability.,Smart Home,"portable, new-arrival, smart, compact",236.76,3.5,12469,367,2025-04-27 01:16:47
https://example.com/images/product_376.jpg,HD Webcam,PureLiving,HD Webcam by PureLiving. High-quality fitness product designed for everyday use and long-term durability.,Fitness,"budget, eco-friendly, waterproof, ergonomic",131.57,2.5,4977,195,2025-11-28 01:16:47
https://example.com/images/product_377.jpg,Smart Fitness Watch,ZenithLabs,Smart Fitness Watch by ZenithLabs. High-quality fitness product designed for everyday use and long-term durability.,Fitness,"new-arrival, portable, smart, durable",570.04,3.2,10701,293,2025-02-06 01:16:47
https://example.com/images/product_378.jpg,Travel Duffel Bag,ActiveCore,Travel Duffel Bag by ActiveCore. High-quality accessories product designed for everyday use and long-term durability.,Accessories,"compact, waterproof, budget, durable",212.25,4.3,5369,726,2025-04-17 01:16:47
https://example.com/images/product_379.jpg,Smart Home Speaker,HomeEase,Smart Home Speaker by HomeEase. High-quality health & personal care product designed for everyday use and long-term durability.,Health & Personal Care,"premium, new-arrival, durable, compact",118.66,4.5,5865,209,2025-05-05 01:16:47
https://example.com/images/product_380.jpg,4K Action Camera,HomeEase,4K Action Camera by HomeEase. High-quality smart home product designed for everyday use and long-term durability.,Smart Home,"bestseller, compact, new-arrival, wireless",243.93,2.9,5817,316,2025-09-11 01:16:47
https://example.com/images/product_381.jpg,Tablet Stand Adjustable,GadgetPro,Tablet Stand Adjustable by GadgetPro. High-quality travel product designed for everyday use and long-term durability.,Travel,"lightweight, wireless, multi-use, premium",529.52,3.2,5041,921,2025-01-10 01:16:47
https://example.com/images/product_382.jpg,HD Webcam,PureLiving,HD Webcam by PureLiving. High-quality health & personal care product designed for everyday use and long-term durability.,Health & Personal Care,"lightweight, fast-charging, budget, durable",396.56,4.1,8789,177,2025-09-30 01:16:47
https://example.com/images/product_383.jpg,USB-C Hub Adapter,TechNova,USB-C Hub Adapter by TechNova. High-quality health & personal care product designed for everyday use and long-term durability.,Health & Personal Care,"portable, lightweight, compact, premium",252.78,4.8,12202,617,2024-05-20 01:16:47
https://example.com/images/product_384.jpg,Fitness Resistance Bands,ActiveCore,Fitness Resistance Bands by ActiveCore. High-quality smart home product designed for everyday use and long-term durability.,Smart Home,"wireless, smart, lightweight, budget",228.9,2.9,4027,732,2024-07-02 01:16:47
https://example.com/images/product_385.jpg,Smart Home Speaker,EcoWare,Smart Home Speaker by EcoWare. High-quality electronics product designed for everyday use and long-term durability.,Electronics,"eco-friendly, lightweight, portable, budget",488.28,4.3,56,440,2025-09-17 01:16:47
https://example.com/images/product_386.jpg,Electric Toothbrush,PureLiving,Electric Toothbrush by PureLiving. High-quality sports & outdoors product designed for everyday use and long-term durability.,Sports & Outdoors,"premium, eco-friendly, durable, new-arrival",408.38,4.7,9283,478,2025-06-25 01:16:47
https://example.com/images/product_387.jpg,Stainless Steel Water Bottle,ActiveCore,Stainless Steel Water Bottle by ActiveCore. High-quality fitness product designed for everyday use and long-term durability.,Fitness,"compact, lightweight, multi-use, eco-friendly",44.75,2.9,14557,735,2024-09-15 01:16:47
https://example.com/images/product_388.jpg,Fitness Resistance Bands,NextGen,Fitness Resistance Bands by NextGen. High-quality electronics product designed for everyday use and long-term durability.,Electronics,"fast-charging, portable, waterproof, premium",145.43,4.7,11839,371,2024-07-11 01:16:47
https://example.com/images/product_389.jpg,Mechanical Keyboard,EcoWare,Mechanical Keyboard by EcoWare. High-quality smart home product designed for everyday use and long-term durability.,Smart Home,"multi-use, ergonomic, eco-friendly, wireless",318.51,2.8,31,466,2024-08-19 01:16:47
https://example.com/images/product_390.jpg,4K Action Camera,GadgetPro,4K Action Camera by GadgetPro. High-quality health & personal care product designed for everyday use and long-term durability.,Health & Personal Care,"smart, compact, ergonomic, bestseller",576.27,2.5,4815,281,2026-02-02 01:16:47
https://example.com/images/product_391.jpg,Noise Cancelling Earbuds,BrightTech,Noise Cancelling Earbuds by BrightTech. High-quality home & kitchen product designed for everyday use and long-term durability.,Home & Kitchen,"new-arrival, waterproof, durable, smart",356.61,3.8,8476,532,2025-12-24 01:16:47
https://example.com/images/product_392.jpg,Digital Kitchen Scale,TechNova,Digital Kitchen Scale by TechNova. High-quality accessories product designed for everyday use and long-term durability.,Accessories,"durable, portable, smart, premium",455.35,4.0,2668,951,2024-11-21 01:16:47
https://example.com/images/product_393.jpg,Travel Duffel Bag,BrightTech,Travel Duffel Bag by BrightTech. High-quality sports & outdoors product designed for everyday use and long-term durability.,Sports & Outdoors,"smart, premium, waterproof, portable",250.2,2.5,12964,858,2024-07-05 01:16:47
https://example.com/images/product_394.jpg,USB-C Hub Adapter,BrightTech,USB-C Hub Adapter by BrightTech. High-quality electronics product designed for everyday use and long-term durability.,Electronics,"lightweight, fast-charging, compact, eco-friendly",533.14,4.1,497,677,2025-05-28 01:16:47
https://example.com/images/product_395.jpg,Tablet Stand Adjustable,NovaStyle,Tablet Stand Adjustable by NovaStyle. High-quality sports & outdoors product designed for everyday use and long-term durability.,Sports & Outdoors,"bestseller, ergonomic, compact, lightweight",513.31,2.9,14263,857,2024-05-13 01:16:47
https://example.com/images/product_396.jpg,Running Shoes,ZenithLabs,Running Shoes by ZenithLabs. High-quality health & personal care product designed for everyday use and long-term durability.,Health & Personal Care,"bestseller, fast-charging, multi-use, premium",21.02,3.5,1336,86,2024-08-26 01:16:47
https://example.com/images/product_397.jpg,Smart LED Light Bulb,EcoWare,Smart LED Light Bulb by EcoWare. High-quality sports & outdoors product designed for everyday use and long-term durability.,Sports & Outdoors,"eco-friendly, budget, portable, smart",263.7,3.0,2390,93,2024-07-09 01:16:47
https://example.com/images/product_398.jpg,Bluetooth Car Adapter,NextGen,Bluetooth Car Adapter by NextGen. High-quality travel product designed for everyday use and long-term durability.,Travel,"durable, multi-use, wireless, budget",326.4,3.1,4,425,2025-07-29 01:16:47
https://example.com/images/product_399.jpg,Smart Fitness Watch,NextGen,Smart Fitness Watch by NextGen. High-quality accessories product designed for everyday use and long-term durability.,Accessories,"smart, lightweight, fast-charging, new-arrival",293.3,4.4,12063,294,2025-08-23 01:16:47
https://example.com/images/product_400.jpg,Mechanical Keyboard,NovaStyle,Mechanical Keyboard by NovaStyle. High-quality accessories product designed for everyday use and long-term durability.,Accessories,"multi-use, budget, compact, new-arrival",316.61,4.5,14575,400,2025-11-03 01:16:47
https://example.com/images/product_401.jpg,LED Desk Lamp,GreenLife,LED Desk Lamp by GreenLife. High-quality home & kitchen product designed for everyday use and long-term durability.,Home & Kitchen,"compact, ergonomic, smart, wireless",192.0,4.8,7207,152,2025-08-26 01:16:47
https://example.com/images/product_402.jpg,Ergonomic Office Chair,BrightTech,Ergonomic Office Chair by BrightTech. High-quality smart home product designed for everyday use and long-term durability.,Smart Home,"multi-use, eco-friendly, fast-charging, durable",72.62,2.9,3678,445,2024-04-29 01:16:47
https://example.com/images/product_403.jpg,Bluetooth Car Adapter,GadgetPro,Bluetooth Car Adapter by GadgetPro. High-quality office supplies product designed for everyday use and long-term durability.,Office Supplies,"bestseller, lightweight, premium, smart",293.38,3.9,13723,771,2024-07-05 01:16:47
https://example.com/images/product_404.jpg,Smart Home Speaker,NovaStyle,Smart Home Speaker by NovaStyle. High-quality sports & outdoors product designed for everyday use and long-term durability.,Sports & Outdoors,"durable, premium, lightweight, bestseller",325.48,4.2,5755,393,2025-06-13 01:16:47
https://example.com/images/product_405.jpg,Portable Phone Charger,CoreMax,Portable Phone Charger by CoreMax. High-quality smart home product designed for everyday use and long-term durability.,Smart Home,"smart, durable, ergonomic, new-arrival",187.31,4.1,5461,633,2024-09-02 01:16:47
https://example.com/images/product_406.jpg,Yoga Mat Pro,UrbanGear,Yoga Mat Pro by UrbanGear. High-quality home & kitchen product designed for everyday use and long-term durability.,Home & Kitchen,"multi-use, premium, durable, compact",342.65,4.4,4971,105,2025-12-19 01:16:47
https://example.com/images/product_407.jpg,Stainless Steel Water Bottle,FitZone,Stainless Steel Water Bottle by FitZone. High-quality accessories product designed for everyday use and long-term durability.,Accessories,"fast-charging, budget, waterproof, multi-use",477.63,3.2,4378,66,2025-02-19 01:16:47
https://example.com/images/product_408.jpg,Bluetooth Car Adapter,HomeEase,Bluetooth Car Adapter by HomeEase. High-quality smart home product designed for everyday use and long-term durability.,Smart Home,"compact, premium, fast-charging, eco-friendly",211.6,4.0,10246,79,2025-05-17 01:16:47
https://example.com/images/product_409.jpg,Wireless Charging Pad,PrimeHouse,Wireless Charging Pad by PrimeHouse. High-quality home & kitchen product designed for everyday use and long-term durability.,Home & Kitchen,"waterproof, portable, bestseller, smart",214.55,3.4,12840,257,2025-03-22 01:16:47
https://example.com/images/product_410.jpg,Smart LED Light Bulb,PrimeHouse,Smart LED Light Bulb by PrimeHouse. High-quality sports & outdoors product designed for everyday use and long-term durability.,Sports & Outdoors,"multi-use, premium, eco-friendly, ergonomic",119.77,4.9,6742,190,2025-01-30 01:16:47
https://example.com/images/product_411.jpg,Noise Cancelling Earbuds,GadgetPro,Noise Cancelling Earbuds by GadgetPro. High-quality travel product designed for everyday use and long-term durability.,Travel,"wireless, compact, premium, lightweight",20.47,2.8,13375,204,2024-06-10 01:16:47
https://example.com/images/product_412.jpg,Mini Projector HD,TechNova,Mini Projector HD by TechNova. High-quality fitness product designed for everyday use and long-term durability.,Fitness,"ergonomic, fast-charging, portable, durable",254.73,3.1,3744,666,2026-01-16 01:16:47
https://example.com/images/product_413.jpg,Cookware Set 10pc,NextGen,Cookware Set 10pc by NextGen. High-quality sports & outdoors product designed for everyday use and long-term durability.,Sports & Outdoors,"budget, lightweight, fast-charging, ergonomic",371.36,3.9,6978,545,2024-11-27 01:16:47
https://example.com/images/product_414.jpg,Mini Projector HD,GadgetPro,Mini Projector HD by GadgetPro. High-quality smart home product designed for everyday use and long-term durability.,Smart Home,"portable, ergonomic, eco-friendly, waterproof",219.74,4.4,4162,489,2025-03-18 01:16:47
https://example.com/images/product_415.jpg,Wireless Bluetooth Headphones,HomeEase,Wireless Bluetooth Headphones by HomeEase. High-quality travel product designed for everyday use and long-term durability.,Travel,"smart, bestseller, budget, lightweight",594.74,3.3,7806,593,2024-12-19 01:16:47
https://example.com/images/product_416.jpg,Laptop Backpack,GreenLife,Laptop Backpack by GreenLife. High-quality electronics product designed for everyday use and long-term durability.,Electronics,"compact, lightweight, premium, durable",97.89,4.0,11801,649,2024-12-02 01:16:47
https://example.com/images/product_417.jpg,Electric Toothbrush,GadgetPro,Electric Toothbrush by GadgetPro. High-quality fitness product designed for everyday use and long-term durability.,Fitness,"bestseller, compact, durable, fast-charging",257.68,4.3,10457,57,2024-06-23 01:16:47
https://example.com/images/product_418.jpg,Stainless Steel Water Bottle,FitZone,Stainless Steel Water Bottle by FitZone. High-quality travel product designed for everyday use and long-term durability.,Travel,"eco-friendly, ergonomic, fast-charging, new-arrival",275.99,3.5,3900,804,2024-03-15 01:16:47
https://example.com/images/product_419.jpg,Yoga Mat Pro,GadgetPro,Yoga Mat Pro by GadgetPro. High-quality home & kitchen product designed for everyday use and long-term durability.,Home & Kitchen,"budget, premium, compact, ergonomic",585.4,3.3,3135,593,2025-01-09 01:16:47
https://example.com/images/product_420.jpg,Smart Home Speaker,FitZone,Smart Home Speaker by FitZone. High-quality sports & outdoors product designed for everyday use and long-term durability.,Sports & Outdoors,"portable, multi-use, premium, durable",223.69,4.1,10171,396,2024-10-30 01:16:47
https://example.com/images/product_421.jpg,4K Action Camera,BrightTech,4K Action Camera by BrightTech. High-quality fitness product designed for everyday use and long-term durability.,Fitness,"smart, eco-friendly, premium, portable",586.43,3.3,1116,321,2024-12-16 01:16:47
https://example.com/images/product_422.jpg,Smart LED Light Bulb,BrightTech,Smart LED Light Bulb by BrightTech. High-quality fitness product designed for everyday use and long-term durability.,Fitness,"eco-friendly, budget, new-arrival, multi-use",518.02,4.5,6133,576,2025-06-22 01:16:47
https://example.com/images/product_423.jpg,Aromatherapy Diffuser,TechNova,Aromatherapy Diffuser by TechNova. High-quality health & personal care product designed for everyday use and long-term durability.,Health & Personal Care,"fast-charging, lightweight, ergonomic, portable",329.68,3.5,8303,899,2024-08-18 01:16:47
https://example.com/images/product_424.jpg,Aromatherapy Diffuser,HomeEase,Aromatherapy Diffuser by HomeEase. High-quality travel product designed for everyday use and long-term durability.,Travel,"budget, eco-friendly, smart, waterproof",208.47,4.1,13305,107,2025-03-11 01:16:47
https://example.com/images/product_425.jpg,Smart LED Light Bulb,GadgetPro,Smart LED Light Bulb by GadgetPro. High-quality home & kitchen product designed for everyday use and long-term durability.,Home & Kitchen,"budget, multi-use, waterproof, ergonomic",126.49,3.7,7248,199,2025-07-16 01:16:47
https://example.com/images/product_426.jpg,Aromatherapy Diffuser,HomeEase,Aromatherapy Diffuser by HomeEase. High-quality travel product designed for everyday use and long-term durability.,Travel,"budget, fast-charging, ergonomic, smart",165.03,4.9,13210,930,2024-10-27 01:16:47
https://example.com/images/product_427.jpg,Wireless Bluetooth Headphones,BrightTech,Wireless Bluetooth Headphones by BrightTech. High-quality health & personal care product designed for everyday use and long-term durability.,Health & Personal Care,"wireless, multi-use, compact, budget",394.64,3.3,5849,544,2025-12-28 01:16:47
https://example.com/images/product_428.jpg,Noise Cancelling Earbuds,ZenithLabs,Noise Cancelling Earbuds by ZenithLabs. High-quality office supplies product designed for everyday use and long-term durability.,Office Supplies,"waterproof, smart, multi-use, portable",375.41,3.1,5162,2,2026-01-30 01:16:47
https://example.com/images/product_429.jpg,Portable Blender,ActiveCore,Portable Blender by ActiveCore. High-quality accessories product designed for everyday use and long-term durability.,Accessories,"compact, smart, lightweight, wireless",344.11,2.5,429,96,2025-07-11 01:16:47
https://example.com/images/product_430.jpg,Smart LED Light Bulb,GreenLife,Smart LED Light Bulb by GreenLife. High-quality electronics product designed for everyday use and long-term durability.,Electronics,"new-arrival, wireless, bestseller, smart",581.41,4.3,11488,80,2025-11-13 01:16:47
https://example.com/images/product_431.jpg,USB-C Hub Adapter,GadgetPro,USB-C Hub Adapter by GadgetPro. High-quality smart home product designed for everyday use and long-term durability.,Smart Home,"premium, new-arrival, wireless, compact",174.87,3.2,6742,706,2026-01-20 01:16:47
https://example.com/images/product_432.jpg,Tablet Stand Adjustable,BrightTech,Tablet Stand Adjustable by BrightTech. High-quality health & personal care product designed for everyday use and long-term durability.,Health & Personal Care,"portable, compact, lightweight, wireless",558.24,3.0,5697,11,2025-12-09 01:16:47
https://example.com/images/product_433.jpg,Portable Phone Charger,GreenLife,Portable Phone Charger by GreenLife. High-quality smart home product designed for everyday use and long-term durability.,Smart Home,"durable, fast-charging, lightweight, wireless",197.61,3.8,7233,740,2025-07-24 01:16:47
https://example.com/images/product_434.jpg,Gaming Mouse RGB,CoreMax,Gaming Mouse RGB by CoreMax. High-quality accessories product designed for everyday use and long-term durability.,Accessories,"portable, smart, compact, durable",143.04,4.8,11982,96,2025-10-29 01:16:47
https://example.com/images/product_435.jpg,Smart Home Speaker,ZenithLabs,Smart Home Speaker by ZenithLabs. High-quality office supplies product designed for everyday use and long-term durability.,Office Supplies,"bestseller, compact, fast-charging, portable",149.96,3.9,14787,54,2025-08-19 01:16:47
https://example.com/images/product_436.jpg,Digital Kitchen Scale,NextGen,Digital Kitchen Scale by NextGen. High-quality electronics product designed for everyday use and long-term durability.,Electronics,"fast-charging, waterproof, wireless, compact",143.69,3.3,14400,732,2025-06-25 01:16:47
https://example.com/images/product_437.jpg,Smart LED Light Bulb,CoreMax,Smart LED Light Bulb by CoreMax. High-quality home & kitchen product designed for everyday use and long-term durability.,Home & Kitchen,"multi-use, ergonomic, durable, premium",102.2,4.5,10380,139,2025-01-11 01:16:47
https://example.com/images/product_438.jpg,Smart Fitness Watch,CoreMax,Smart Fitness Watch by CoreMax. High-quality accessories product designed for everyday use and long-term durability.,Accessories,"budget, smart, bestseller, wireless",561.82,4.8,9180,63,2024-08-21 01:16:47
https://example.com/images/product_439.jpg,Travel Duffel Bag,FitZone,Travel Duffel Bag by FitZone. High-quality electronics product designed for everyday use and long-term durability.,Electronics,"multi-use, wireless, waterproof, compact",519.75,4.7,1075,454,2024-07-20 01:16:47
https://example.com/images/product_440.jpg,Portable Phone Charger,BrightTech,Portable Phone Charger by BrightTech. High-quality accessories product designed for everyday use and long-term durability.,Accessories,"portable, multi-use, compact, budget",466.52,4.4,5246,847,2024-11-11 01:16:47
https://example.com/images/product_441.jpg,Electric Toothbrush,HomeEase,Electric Toothbrush by HomeEase. High-quality office supplies product designed for everyday use and long-term durability.,Office Supplies,"premium, new-arrival, compact, portable",359.36,2.6,10756,708,2024-07-05 01:16:47
https://example.com/images/product_442.jpg,Organic Green Tea Pack,CoreMax,Organic Green Tea Pack by CoreMax. High-quality smart home product designed for everyday use and long-term durability.,Smart Home,"portable, compact, multi-use, new-arrival",305.66,3.2,3601,858,2025-03-09 01:16:47
https://example.com/images/product_443.jpg,Travel Duffel Bag,EcoWare,Travel Duffel Bag by EcoWare. High-quality home & kitchen product designed for everyday use and long-term durability.,Home & Kitchen,"bestseller, ergonomic, multi-use, waterproof",138.17,3.2,12019,677,2025-06-19 01:16:47
https://example.com/images/product_444.jpg,LED Desk Lamp,UrbanGear,LED Desk Lamp by UrbanGear. High-quality smart home product designed for everyday use and long-term durability.,Smart Home,"compact, new-arrival, smart, waterproof",192.07,2.9,7311,174,2024-04-19 01:16:47
https://example.com/images/product_445.jpg,Fitness Resistance Bands,ZenithLabs,Fitness Resistance Bands by ZenithLabs. High-quality fitness product designed for everyday use and long-term durability.,Fitness,"ergonomic, lightweight, new-arrival, multi-use",379.25,4.2,12252,749,2025-08-05 01:16:47
https://example.com/images/product_446.jpg,Aromatherapy Diffuser,GreenLife,Aromatherapy Diffuser by GreenLife. High-quality office supplies product designed for everyday use and long-term durability.,Office Supplies,"budget, durable, portable, new-arrival",219.16,4.5,4486,587,2025-08-19 01:16:47
https://example.com/images/product_447.jpg,Cookware Set 10pc,PureLiving,Cookware Set 10pc by PureLiving. High-quality smart home product designed for everyday use and long-term durability.,Smart Home,"new-arrival, wireless, multi-use, compact",294.6,2.9,13045,193,2025-04-18 01:16:47
https://example.com/images/product_448.jpg,Yoga Mat Pro,BrightTech,Yoga Mat Pro by BrightTech. High-quality home & kitchen product designed for everyday use and long-term durability.,Home & Kitchen,"smart, lightweight, waterproof, compact",75.68,3.6,11735,132,2024-07-27 01:16:47
https://example.com/images/product_449.jpg,Ergonomic Office Chair,HomeEase,Ergonomic Office Chair by HomeEase. High-quality electronics product designed for everyday use and long-term durability.,Electronics,"portable, compact, waterproof, fast-charging",476.8,3.6,11197,549,2024-12-24 01:16:47
https://example.com/images/product_450.jpg,Organic Green Tea Pack,HomeEase,Organic Green Tea Pack by HomeEase. High-quality smart home product designed for everyday use and long-term durability.,Smart Home,"ergonomic, eco-friendly, lightweight, premium",216.07,4.0,473,578,2025-05-30 01:16:47
https://example.com/images/product_451.jpg,Aromatherapy Diffuser,CoreMax,Aromatherapy Diffuser by CoreMax. High-quality smart home product designed for everyday use and long-term durability.,Smart Home,"new-arrival, lightweight, portable, wireless",420.28,4.2,12461,963,2024-03-07 01:16:47
https://example.com/images/product_452.jpg,Yoga Mat Pro,EcoWare,Yoga Mat Pro by EcoWare. High-quality home & kitchen product designed for everyday use and long-term durability.,Home & Kitchen,"bestseller, premium, new-arrival, eco-friendly",280.29,4.8,5455,629,2024-04-04 01:16:47
https://example.com/images/product_453.jpg,Tablet Stand Adjustable,EcoWare,Tablet Stand Adjustable by EcoWare. High-quality accessories product designed for everyday use and long-term durability.,Accessories,"smart, multi-use, waterproof, fast-charging",296.47,4.7,3983,635,2025-02-15 01:16:47
https://example.com/images/product_454.jpg,Laptop Backpack,ActiveCore,Laptop Backpack by ActiveCore. High-quality health & personal care product designed for everyday use and long-term durability.,Health & Personal Care,"new-arrival, ergonomic, eco-friendly, multi-use",220.03,3.5,3861,651,2024-11-03 01:16:47
https://example.com/images/product_455.jpg,Cordless Vacuum Cleaner,FitZone,Cordless Vacuum Cleaner by FitZone. High-quality health & personal care product designed for everyday use and long-term durability.,Health & Personal Care,"new-arrival, durable, smart, wireless",158.13,4.4,30,31,2024-10-01 01:16:47
https://example.com/images/product_456.jpg,Tablet Stand Adjustable,FitZone,Tablet Stand Adjustable by FitZone. High-quality travel product designed for everyday use and long-term durability.,Travel,"eco-friendly, premium, waterproof, budget",428.95,3.3,12378,925,2025-07-13 01:16:47
https://example.com/images/product_457.jpg,Organic Green Tea Pack,EcoWare,Organic Green Tea Pack by EcoWare. High-quality fitness product designed for everyday use and long-term durability.,Fitness,"eco-friendly, smart, budget, premium",29.95,3.3,13865,454,2026-01-18 01:16:47
https://example.com/images/product_458.jpg,USB-C Hub Adapter,FitZone,USB-C Hub Adapter by FitZone. High-quality electronics product designed for everyday use and long-term durability.,Electronics,"durable, compact, bestseller, eco-friendly",103.74,3.2,141,8,2026-01-09 01:16:47
https://example.com/images/product_459.jpg,Laptop Backpack,PrimeHouse,Laptop Backpack by PrimeHouse. High-quality smart home product designed for everyday use and long-term durability.,Smart Home,"bestseller, waterproof, wireless, durable",383.64,3.4,14177,918,2024-10-16 01:16:47
https://example.com/images/product_460.jpg,Smart Home Speaker,UrbanGear,Smart Home Speaker by UrbanGear. High-quality travel product designed for everyday use and long-term durability.,Travel,"durable, ergonomic, new-arrival, wireless",52.57,2.8,6962,283,2024-11-19 01:16:47
https://example.com/images/product_461.jpg,Portable Blender,NextGen,Portable Blender by NextGen. High-quality sports & outdoors product designed for everyday use and long-term durability.,Sports & Outdoors,"bestseller, premium, waterproof, wireless",440.78,3.7,12041,463,2025-06-27 01:16:47
https://example.com/images/product_462.jpg,LED Desk Lamp,TechNova,LED Desk Lamp by TechNova. High-quality smart home product designed for everyday use and long-term durability.,Smart Home,"budget, waterproof, ergonomic, portable",27.93,4.1,6230,613,2025-05-03 01:16:47
https://example.com/images/product_463.jpg,LED Desk Lamp,HomeEase,LED Desk Lamp by HomeEase. High-quality health & personal care product designed for everyday use and long-term durability.,Health & Personal Care,"ergonomic, smart, fast-charging, lightweight",351.27,2.9,6688,435,2024-10-06 01:16:47
https://example.com/images/product_464.jpg,Portable Blender,ActiveCore,Portable Blender by ActiveCore. High-quality accessories product designed for everyday use and long-term durability.,Accessories,"eco-friendly, premium, wireless, multi-use",457.77,3.7,10348,128,2024-02-25 01:16:47
https://example.com/images/product_465.jpg,HD Webcam,NovaStyle,HD Webcam by NovaStyle. High-quality office supplies product designed for everyday use and long-term durability.,Office Supplies,"ergonomic, smart, waterproof, fast-charging",370.87,4.8,10603,379,2025-08-14 01:16:47
https://example.com/images/product_466.jpg,Fitness Resistance Bands,NextGen,Fitness Resistance Bands by NextGen. High-quality health & personal care product designed for everyday use and long-term durability.,Health & Personal Care,"bestseller, portable, fast-charging, premium",487.82,4.1,4421,96,2025-11-29 01:16:47
https://example.com/images/product_467.jpg,Tablet Stand Adjustable,PureLiving,Tablet Stand Adjustable by PureLiving. High-quality travel product designed for everyday use and long-term durability.,Travel,"smart, lightweight, fast-charging, waterproof",482.75,2.8,3120,513,2025-07-10 01:16:47
https://example.com/images/product_468.jpg,Ergonomic Office Chair,NovaStyle,Ergonomic Office Chair by NovaStyle. High-quality office supplies product designed for everyday use and long-term durability.,Office Supplies,"wireless, new-arrival, smart, portable",420.71,4.2,7930,217,2025-05-17 01:16:47
https://example.com/images/product_469.jpg,Mechanical Keyboard,ZenithLabs,Mechanical Keyboard by ZenithLabs. High-quality smart home product designed for everyday use and long-term durability.,Smart Home,"premium, bestseller, durable, waterproof",361.14,4.9,11596,278,2024-06-06 01:16:47
https://example.com/images/product_470.jpg,Ergonomic Office Chair,TechNova,Ergonomic Office Chair by TechNova. High-quality sports & outdoors product designed for everyday use and long-term durability.,Sports & Outdoors,"multi-use, eco-friendly, ergonomic, budget",317.96,4.4,13110,206,2025-09-21 01:16:47
https://example.com/images/product_471.jpg,Cookware Set 10pc,TechNova,Cookware Set 10pc by TechNova. High-quality sports & outdoors product designed for everyday use and long-term durability.,Sports & Outdoors,"bestseller, ergonomic, compact, fast-charging",471.37,4.8,5265,406,2024-09-06 01:16:47
https://example.com/images/product_472.jpg,Yoga Mat Pro,GadgetPro,Yoga Mat Pro by GadgetPro. High-quality electronics product designed for everyday use and long-term durability.,Electronics,"wireless, portable, premium, ergonomic",403.68,4.2,2474,366,2025-06-05 01:16:47
https://example.com/images/product_473.jpg,Stainless Steel Water Bottle,CoreMax,Stainless Steel Water Bottle by CoreMax. High-quality fitness product designed for everyday use and long-term durability.,Fitness,"eco-friendly, premium, smart, compact",220.74,4.5,14265,994,2025-11-04 01:16:47
https://example.com/images/product_474.jpg,Digital Kitchen Scale,CoreMax,Digital Kitchen Scale by CoreMax. High-quality smart home product designed for everyday use and long-term durability.,Smart Home,"budget, fast-charging, durable, eco-friendly",86.87,3.4,12850,499,2024-12-22 01:16:47
https://example.com/images/product_475.jpg,USB-C Hub Adapter,BrightTech,USB-C Hub Adapter by BrightTech. High-quality health & personal care product designed for everyday use and long-term durability.,Health & Personal Care,"eco-friendly, durable, multi-use, bestseller",36.14,3.4,7641,184,2025-01-25 01:16:47
https://example.com/images/product_476.jpg,HD Webcam,UrbanGear,HD Webcam by UrbanGear. High-quality office supplies product designed for everyday use and long-term durability.,Office Supplies,"budget, bestseller, fast-charging, waterproof",592.53,4.8,8574,150,2024-08-03 01:16:47
https://example.com/images/product_477.jpg,Fitness Resistance Bands,PureLiving,Fitness Resistance Bands by PureLiving. High-quality accessories product designed for everyday use and long-term durability.,Accessories,"durable, multi-use, lightweight, smart",522.61,3.3,5507,956,2026-02-09 01:16:47
https://example.com/images/product_478.jpg,USB-C Hub Adapter,ZenithLabs,USB-C Hub Adapter by ZenithLabs. High-quality fitness product designed for everyday use and long-term durability.,Fitness,"eco-friendly, multi-use, new-arrival, budget",398.9,3.6,4495,82,2024-12-14 01:16:47
https://example.com/images/product_479.jpg,Smart LED Light Bulb,NextGen,Smart LED Light Bulb by NextGen. High-quality sports & outdoors product designed for everyday use and long-term durability.,Sports & Outdoors,"new-arrival, compact, wireless, ergonomic",86.87,4.3,11413,570,2024-06-10 01:16:47
https://example.com/images/product_480.jpg,Yoga Mat Pro,GadgetPro,Yoga Mat Pro by GadgetPro. High-quality fitness product designed for everyday use and long-term durability.,Fitness,"new-arrival, lightweight, wireless, compact",553.43,4.1,9053,334,2024-04-19 01:16:47
https://example.com/images/product_481.jpg,Cookware Set 10pc,EcoWare,Cookware Set 10pc by EcoWare. High-quality sports & outdoors product designed for everyday use and long-term durability.,Sports & Outdoors,"ergonomic, compact, budget, lightweight",563.92,4.5,8496,590,2024-09-21 01:16:47
https://example.com/images/product_482.jpg,Laptop Backpack,NextGen,Laptop Backpack by NextGen. High-quality fitness product designed for everyday use and long-term durability.,Fitness,"premium, durable, ergonomic, budget",124.74,2.7,3987,640,2026-01-24 01:16:47
https://example.com/images/product_483.jpg,Fitness Resistance Bands,FitZone,Fitness Resistance Bands by FitZone. High-quality smart home product designed for everyday use and long-term durability.,Smart Home,"waterproof, ergonomic, portable, compact",269.06,2.7,8043,764,2025-09-25 01:16:47
https://example.com/images/product_484.jpg,Running Shoes,EcoWare,Running Shoes by EcoWare. High-quality travel product designed for everyday use and long-term durability.,Travel,"eco-friendly, bestseller, compact, lightweight",142.05,2.6,9245,883,2025-03-18 01:16:47
https://example.com/images/product_485.jpg,Wireless Charging Pad,PrimeHouse,Wireless Charging Pad by PrimeHouse. High-quality accessories product designed for everyday use and long-term durability.,Accessories,"portable, new-arrival, premium, bestseller",26.8,4.9,8688,195,2025-09-02 01:16:47
https://example.com/images/product_486.jpg,4K Action Camera,FitZone,4K Action Camera by FitZone. High-quality sports & outdoors product designed for everyday use and long-term durability.,Sports & Outdoors,"durable, wireless, lightweight, bestseller",520.75,4.7,8371,985,2025-04-05 01:16:47
https://example.com/images/product_487.jpg,Mechanical Keyboard,ActiveCore,Mechanical Keyboard by ActiveCore. High-quality sports & outdoors product designed for everyday use and long-term durability.,Sports & Outdoors,"multi-use, new-arrival, fast-charging, wireless",488.13,4.5,19,995,2025-09-03 01:16:47
https://example.com/images/product_488.jpg,Cordless Vacuum Cleaner,GreenLife,Cordless Vacuum Cleaner by GreenLife. High-quality fitness product designed for everyday use and long-term durability.,Fitness,"lightweight, eco-friendly, new-arrival, premium",212.03,4.1,4617,86,2025-01-07 01:16:47
https://example.com/images/product_489.jpg,Running Shoes,CoreMax,Running Shoes by CoreMax. High-quality electronics product designed for everyday use and long-term durability.,Electronics,"new-arrival, portable, bestseller, budget",158.92,2.7,11137,672,2024-02-24 01:16:47
https://example.com/images/product_490.jpg,HD Webcam,GreenLife,HD Webcam by GreenLife. High-quality sports & outdoors product designed for everyday use and long-term durability.,Sports & Outdoors,"compact, bestseller, portable, premium",124.37,2.8,13019,515,2024-10-09 01:16:47
https://example.com/images/product_491.jpg,Running Shoes,HomeEase,Running Shoes by HomeEase. High-quality fitness product designed for everyday use and long-term durability.,Fitness,"wireless, fast-charging, compact, portable",30.98,3.6,3670,775,2025-01-27 01:16:47
https://example.com/images/product_492.jpg,Mechanical Keyboard,BrightTech,Mechanical Keyboard by BrightTech. High-quality accessories product designed for everyday use and long-term durability.,Accessories,"budget, ergonomic, multi-use, lightweight",481.43,3.7,8103,550,2025-02-01 01:16:47
https://example.com/images/product_493.jpg,Bluetooth Car Adapter,NovaStyle,Bluetooth Car Adapter by NovaStyle. High-quality home & kitchen product designed for everyday use and long-term durability.,Home & Kitchen,"lightweight, durable, ergonomic, eco-friendly",298.06,4.9,10775,10,2026-02-04 01:16:47
https://example.com/images/product_494.jpg,Electric Toothbrush,UrbanGear,Electric Toothbrush by UrbanGear. High-quality travel product designed for everyday use and long-term durability.,Travel,"waterproof, compact, fast-charging, durable",224.74,3.1,5652,498,2025-07-16 01:16:47
https://example.com/images/product_495.jpg,Portable Blender,HomeEase,Portable Blender by HomeEase. High-quality travel product designed for everyday use and long-term durability.,Travel,"new-arrival, lightweight, multi-use, premium",92.36,4.5,1511,392,2025-07-17 01:16:47
https://example.com/images/product_496.jpg,Ergonomic Office Chair,GreenLife,Ergonomic Office Chair by GreenLife. High-quality electronics product designed for everyday use and long-term durability.,Electronics,"premium, smart, fast-charging, multi-use",225.56,4.4,2077,209,2025-10-08 01:16:47
https://example.com/images/product_497.jpg,Cordless Vacuum Cleaner,GadgetPro,Cordless Vacuum Cleaner by GadgetPro. High-quality smart home product designed for everyday use and long-term durability.,Smart Home,"budget, eco-friendly, compact, durable",565.06,3.2,9775,674,2024-02-29 01:16:47
https://example.com/images/product_498.jpg,Fitness Resistance Bands,GadgetPro,Fitness Resistance Bands by GadgetPro. High-quality health & personal care product designed for everyday use and long-term durability.,Health & Personal Care,"ergonomic, smart, bestseller, durable",84.67,2.7,1250,674,2024-09-19 01:16:47
https://example.com/images/product_499.jpg,Gaming Mouse RGB,EcoWare,Gaming Mouse RGB by EcoWare. High-quality health & personal care product designed for everyday use and long-term durability.,Health & Personal Care,"bestseller, fast-charging, waterproof, wireless",500.69,3.9,699,918,2025-01-19 01:16:47
https://example.com/images/product_500.jpg,Travel Duffel Bag,PrimeHouse,Travel Duffel Bag by PrimeHouse. High-quality travel product designed for everyday use and long-term durability.,Travel,"wireless, lightweight, eco-friendly, budget",283.46,3.5,6125,702,2025-09-05 01:16:47
