Table Size,Sort Type,Comparator,Average Time (ns)
1,quick,Price Ascending,612160
3,quick,Price Ascending,808960
5,quick,Price Ascending,255150
7,quick,Price Ascending,431380
9,quick,Price Ascending,293940
11,quick,Price Ascending,338525
13,quick,Price Ascending,453780
15,quick,Price Ascending,296475
17,quick,Price Ascending,146350
19,quick,Price Ascending,328520
21,quick,Price Ascending,285850
23,quick,Price Ascending,346820
25,quick,Price Ascending,338280
27,quick,Price Ascending,245340
29,quick,Price Ascending,124480
31,quick,Price Ascending,224100
33,quick,Price Ascending,266180
35,quick,Price Ascending,188825
37,quick,Price Ascending,225720
39,quick,Price Ascending,117000
41,quick,Price Ascending,212220
43,quick,Price Ascending,456820
45,quick,Price Ascending,117350
47,quick,Price Ascending,127180
49,quick,Price Ascending,255400
51,quick,Price Ascending,278666
53,quick,Price Ascending,591560
55,quick,Price Ascending,151550
57,quick,Price Ascending,292600
59,quick,Price Ascending,252560
61,quick,Price Ascending,303600
63,quick,Price Ascending,230125
65,quick,Price Ascending,404360
67,quick,Price Ascending,257100
69,quick,Price Ascending,397140
71,quick,Price Ascending,307580
73,quick,Price Ascending,344460
75,quick,Price Ascending,154650
77,quick,Price Ascending,322540
79,quick,Price Ascending,293660
81,quick,Price Ascending,192240
83,quick,Price Ascending,353180
85,quick,Price Ascending,263600
87,quick,Price Ascending,266325
89,quick,Price Ascending,514440
91,quick,Price Ascending,275075
93,quick,Price Ascending,173750
95,quick,Price Ascending,319680
97,quick,Price Ascending,230725
99,quick,Price Ascending,388400
101,quick,Price Ascending,372940
103,quick,Price Ascending,374180
105,quick,Price Ascending,322300
107,quick,Price Ascending,719120
109,quick,Price Ascending,323540
111,quick,Price Ascending,346125
113,quick,Price Ascending,365375
115,quick,Price Ascending,350275
117,quick,Price Ascending,575960
119,quick,Price Ascending,237100
121,quick,Price Ascending,256675
123,quick,Price Ascending,381400
125,quick,Price Ascending,420040
127,quick,Price Ascending,758880
129,quick,Price Ascending,385280
131,quick,Price Ascending,400940
133,quick,Price Ascending,266040
135,quick,Price Ascending,472025
137,quick,Price Ascending,428475
139,quick,Price Ascending,307025
141,quick,Price Ascending,425860
143,quick,Price Ascending,291800
145,quick,Price Ascending,315000
147,quick,Price Ascending,496280
149,quick,Price Ascending,373260
151,quick,Price Ascending,320980
153,quick,Price Ascending,423300
155,quick,Price Ascending,324120
157,quick,Price Ascending,342675
159,quick,Price Ascending,441160
161,quick,Price Ascending,368450
163,quick,Price Ascending,363250
165,quick,Price Ascending,485200
167,quick,Price Ascending,381150
169,quick,Price Ascending,638800
171,quick,Price Ascending,498600
173,quick,Price Ascending,387920
175,quick,Price Ascending,396025
177,quick,Price Ascending,412475
179,quick,Price Ascending,420700
181,quick,Price Ascending,438300
183,quick,Price Ascending,444840
185,quick,Price Ascending,513780
187,quick,Price Ascending,451980
189,quick,Price Ascending,541200
191,quick,Price Ascending,621100
193,quick,Price Ascending,462275
195,quick,Price Ascending,646980
197,quick,Price Ascending,499020
199,quick,Price Ascending,511025
201,quick,Price Ascending,508725
203,quick,Price Ascending,483525
205,quick,Price Ascending,496100
207,quick,Price Ascending,674640
209,quick,Price Ascending,537425
211,quick,Price Ascending,520320
213,quick,Price Ascending,568450
215,quick,Price Ascending,551450
217,quick,Price Ascending,681420
219,quick,Price Ascending,558250
221,quick,Price Ascending,587100
223,quick,Price Ascending,578720
225,quick,Price Ascending,651700
227,quick,Price Ascending,577575
229,quick,Price Ascending,592680
231,quick,Price Ascending,631960
233,quick,Price Ascending,614825
235,quick,Price Ascending,676525
237,quick,Price Ascending,636550
239,quick,Price Ascending,653500
241,quick,Price Ascending,771660
243,quick,Price Ascending,660350
245,quick,Price Ascending,679700
247,quick,Price Ascending,715540
249,quick,Price Ascending,899140
251,quick,Price Ascending,706740
253,quick,Price Ascending,724100
255,quick,Price Ascending,752200
257,quick,Price Ascending,761050
259,quick,Price Ascending,756940
261,quick,Price Ascending,780850
263,quick,Price Ascending,797425
265,quick,Price Ascending,792675
267,quick,Price Ascending,921075
269,quick,Price Ascending,999560
271,quick,Price Ascending,872460
273,quick,Price Ascending,996400
275,quick,Price Ascending,844025
277,quick,Price Ascending,854800
279,quick,Price Ascending,896175
281,quick,Price Ascending,933280
283,quick,Price Ascending,887740
285,quick,Price Ascending,902125
287,quick,Price Ascending,956500
289,quick,Price Ascending,959780
291,quick,Price Ascending,945400
293,quick,Price Ascending,930425
295,quick,Price Ascending,987160
297,quick,Price Ascending,1013140
299,quick,Price Ascending,992900
301,quick,Price Ascending,1260800
303,quick,Price Ascending,1033675
305,quick,Price Ascending,1069380
307,quick,Price Ascending,1104620
309,quick,Price Ascending,1060725
311,quick,Price Ascending,1427080
313,quick,Price Ascending,1085960
315,quick,Price Ascending,1334060
317,quick,Price Ascending,1160080
319,quick,Price Ascending,1239060
321,quick,Price Ascending,1135125
323,quick,Price Ascending,1132300
325,quick,Price Ascending,1298180
327,quick,Price Ascending,1135300
329,quick,Price Ascending,1424025
331,quick,Price Ascending,1209050
333,quick,Price Ascending,1399400
335,quick,Price Ascending,1198080
337,quick,Price Ascending,1353575
339,quick,Price Ascending,1419360
341,quick,Price Ascending,1317950
343,quick,Price Ascending,1241375
345,quick,Price Ascending,1321060
347,quick,Price Ascending,1310980
349,quick,Price Ascending,1316400
351,quick,Price Ascending,1313325
353,quick,Price Ascending,1472260
355,quick,Price Ascending,1324475
357,quick,Price Ascending,1395200
359,quick,Price Ascending,1437060
361,quick,Price Ascending,1497080
363,quick,Price Ascending,1647700
365,quick,Price Ascending,1638675
367,quick,Price Ascending,1486400
369,quick,Price Ascending,1470900
371,quick,Price Ascending,1533040
373,quick,Price Ascending,1503875
375,quick,Price Ascending,1587550
377,quick,Price Ascending,1525380
379,quick,Price Ascending,1684025
381,quick,Price Ascending,1573633
383,quick,Price Ascending,1547750
385,quick,Price Ascending,1600225
387,quick,Price Ascending,1566520
389,quick,Price Ascending,1632425
391,quick,Price Ascending,1681050
393,quick,Price Ascending,1613600
395,quick,Price Ascending,1755325
397,quick,Price Ascending,1681550
399,quick,Price Ascending,1649600
401,quick,Price Ascending,1891460
403,quick,Price Ascending,1726125
405,quick,Price Ascending,1713900
407,quick,Price Ascending,1780475
409,quick,Price Ascending,1748225
411,quick,Price Ascending,1769275
413,quick,Price Ascending,1843233
415,quick,Price Ascending,1804860
417,quick,Price Ascending,1941300
419,quick,Price Ascending,1855450
421,quick,Price Ascending,2037740
423,quick,Price Ascending,2378860
425,quick,Price Ascending,1929900
427,quick,Price Ascending,2055720
429,quick,Price Ascending,2298740
431,quick,Price Ascending,2197100
433,quick,Price Ascending,1987000
435,quick,Price Ascending,1997150
437,quick,Price Ascending,2021075
439,quick,Price Ascending,2078500
441,quick,Price Ascending,2020050
443,quick,Price Ascending,2068960
445,quick,Price Ascending,2248550
447,quick,Price Ascending,2244325
449,quick,Price Ascending,2073900
451,quick,Price Ascending,2185060
453,quick,Price Ascending,2184200
455,quick,Price Ascending,2150050
457,quick,Price Ascending,2223120
459,quick,Price Ascending,2300440
461,quick,Price Ascending,2458100
463,quick,Price Ascending,2471800
465,quick,Price Ascending,2243700
467,quick,Price Ascending,2256025
469,quick,Price Ascending,2286350
471,quick,Price Ascending,2283925
473,quick,Price Ascending,2628440
475,quick,Price Ascending,2428060
477,quick,Price Ascending,2490400
479,quick,Price Ascending,2400400
481,quick,Price Ascending,2457425
483,quick,Price Ascending,2459940
485,quick,Price Ascending,2568333
487,quick,Price Ascending,2529000
489,quick,Price Ascending,2562640
491,quick,Price Ascending,2529620
493,quick,Price Ascending,2531066
495,quick,Price Ascending,2759275
497,quick,Price Ascending,2676160
499,quick,Price Ascending,2694980
501,quick,Price Ascending,2727960
503,quick,Price Ascending,2739660
505,quick,Price Ascending,2807020
507,quick,Price Ascending,2620200
509,quick,Price Ascending,2658675
511,quick,Price Ascending,2754675
513,quick,Price Ascending,2994300
515,quick,Price Ascending,2875640
517,quick,Price Ascending,2861680
519,quick,Price Ascending,2850040
521,quick,Price Ascending,2861500
523,quick,Price Ascending,2822475
525,quick,Price Ascending,2876800
527,quick,Price Ascending,2994320
529,quick,Price Ascending,3065040
531,quick,Price Ascending,2929940
533,quick,Price Ascending,2867175
535,quick,Price Ascending,2934350
537,quick,Price Ascending,2894200
539,quick,Price Ascending,2970125
541,quick,Price Ascending,2985525
543,quick,Price Ascending,2995500
545,quick,Price Ascending,3134060
547,quick,Price Ascending,3207880
549,quick,Price Ascending,3181100
551,quick,Price Ascending,3291800
553,quick,Price Ascending,3248980
555,quick,Price Ascending,3266800
557,quick,Price Ascending,3313820
559,quick,Price Ascending,3361560
561,quick,Price Ascending,3388760
563,quick,Price Ascending,3459160
565,quick,Price Ascending,3410260
567,quick,Price Ascending,3436880
569,quick,Price Ascending,3735760
571,quick,Price Ascending,3322050
573,quick,Price Ascending,3339450
575,quick,Price Ascending,3333900
577,quick,Price Ascending,3369375
579,quick,Price Ascending,3525080
581,quick,Price Ascending,3576660
583,quick,Price Ascending,3676460
585,quick,Price Ascending,3687700
587,quick,Price Ascending,3618420
589,quick,Price Ascending,3614240
591,quick,Price Ascending,3584300
593,quick,Price Ascending,3695040
595,quick,Price Ascending,3882180
597,quick,Price Ascending,3626850
599,quick,Price Ascending,3657125
601,quick,Price Ascending,3884160
603,quick,Price Ascending,3684775
605,quick,Price Ascending,3785375
607,quick,Price Ascending,3839460
609,quick,Price Ascending,3948800
611,quick,Price Ascending,3908320
613,quick,Price Ascending,4017733
615,quick,Price Ascending,3970840
617,quick,Price Ascending,4046640
619,quick,Price Ascending,4082060
621,quick,Price Ascending,3929950
623,quick,Price Ascending,4258920
625,quick,Price Ascending,4029200
627,quick,Price Ascending,4220780
629,quick,Price Ascending,4149520
631,quick,Price Ascending,4242360
633,quick,Price Ascending,4185700
635,quick,Price Ascending,4214620
637,quick,Price Ascending,4372150
639,quick,Price Ascending,4350333
641,quick,Price Ascending,4257060
643,quick,Price Ascending,4220175
645,quick,Price Ascending,4682660
647,quick,Price Ascending,4199200
649,quick,Price Ascending,4402625
651,quick,Price Ascending,4284450
653,quick,Price Ascending,4484580
655,quick,Price Ascending,5815150
657,quick,Price Ascending,4552280
659,quick,Price Ascending,4469120
661,quick,Price Ascending,4764700
663,quick,Price Ascending,4561620
665,quick,Price Ascending,4783000
667,quick,Price Ascending,4656360
669,quick,Price Ascending,4756425
671,quick,Price Ascending,5248060
673,quick,Price Ascending,4716300
675,quick,Price Ascending,5011000
677,quick,Price Ascending,5362675
679,quick,Price Ascending,4828320
681,quick,Price Ascending,4734325
683,quick,Price Ascending,4896400
685,quick,Price Ascending,4905900
687,quick,Price Ascending,4731825
689,quick,Price Ascending,4821100
691,quick,Price Ascending,5234480
693,quick,Price Ascending,4771075
695,quick,Price Ascending,5288480
697,quick,Price Ascending,5026500
699,quick,Price Ascending,5084100
701,quick,Price Ascending,5068725
703,quick,Price Ascending,5108300
705,quick,Price Ascending,5157525
707,quick,Price Ascending,5362600
709,quick,Price Ascending,5175740
711,quick,Price Ascending,5188260
713,quick,Price Ascending,5436920
715,quick,Price Ascending,5311040
717,quick,Price Ascending,5113950
719,quick,Price Ascending,5419766
721,quick,Price Ascending,5490400
723,quick,Price Ascending,5303200
725,quick,Price Ascending,5317450
727,quick,Price Ascending,5424160
729,quick,Price Ascending,5626466
731,quick,Price Ascending,5442200
733,quick,Price Ascending,5380025
735,quick,Price Ascending,5396625
737,quick,Price Ascending,5558480
739,quick,Price Ascending,5779925
741,quick,Price Ascending,5644160
743,quick,Price Ascending,5665300
745,quick,Price Ascending,5803140
747,quick,Price Ascending,5680200
749,quick,Price Ascending,5837680
751,quick,Price Ascending,5883980
753,quick,Price Ascending,6031060
755,quick,Price Ascending,6014680
757,quick,Price Ascending,6039520
759,quick,Price Ascending,5779775
761,quick,Price Ascending,5786500
763,quick,Price Ascending,6049500
765,quick,Price Ascending,6054560
767,quick,Price Ascending,6105900
769,quick,Price Ascending,6202140
771,quick,Price Ascending,6130125
773,quick,Price Ascending,6430360
775,quick,Price Ascending,6332260
777,quick,Price Ascending,6215650
779,quick,Price Ascending,6174560
781,quick,Price Ascending,6428160
783,quick,Price Ascending,6473520
785,quick,Price Ascending,6372300
787,quick,Price Ascending,6744960
789,quick,Price Ascending,6765080
791,quick,Price Ascending,7240520
793,quick,Price Ascending,7130325
795,quick,Price Ascending,6818440
797,quick,Price Ascending,6836340
799,quick,Price Ascending,6865020
801,quick,Price Ascending,6868460
803,quick,Price Ascending,7218400
805,quick,Price Ascending,6725900
807,quick,Price Ascending,7034720
809,quick,Price Ascending,7068225
811,quick,Price Ascending,7105500
813,quick,Price Ascending,7005733
815,quick,Price Ascending,7098100
817,quick,Price Ascending,7458000
819,quick,Price Ascending,7644420
821,quick,Price Ascending,7180720
823,quick,Price Ascending,7354440
825,quick,Price Ascending,7166725
827,quick,Price Ascending,7332740
829,quick,Price Ascending,7559840
831,quick,Price Ascending,7203000
833,quick,Price Ascending,7421620
835,quick,Price Ascending,7517380
837,quick,Price Ascending,7461900
839,quick,Price Ascending,7613840
841,quick,Price Ascending,7654280
843,quick,Price Ascending,7436540
845,quick,Price Ascending,7464050
847,quick,Price Ascending,7579900
849,quick,Price Ascending,7559160
851,quick,Price Ascending,7920400
853,quick,Price Ascending,7724500
855,quick,Price Ascending,7825820
857,quick,Price Ascending,7653500
859,quick,Price Ascending,8138560
861,quick,Price Ascending,7058700
863,quick,Price Ascending,7220680
865,quick,Price Ascending,7384500
867,quick,Price Ascending,7622700
869,quick,Price Ascending,7284680
871,quick,Price Ascending,7376566
873,quick,Price Ascending,7631360
875,quick,Price Ascending,7270280
877,quick,Price Ascending,7712780
879,quick,Price Ascending,7152550
881,quick,Price Ascending,7467060
883,quick,Price Ascending,7551120
885,quick,Price Ascending,7567200
887,quick,Price Ascending,7140500
889,quick,Price Ascending,8451500
891,quick,Price Ascending,7842675
893,quick,Price Ascending,7550780
895,quick,Price Ascending,7665020
897,quick,Price Ascending,7936580
899,quick,Price Ascending,7576180
901,quick,Price Ascending,8104740
903,quick,Price Ascending,7795300
905,quick,Price Ascending,8300500
907,quick,Price Ascending,7931900
909,quick,Price Ascending,8660425
911,quick,Price Ascending,8690050
913,quick,Price Ascending,8616080
915,quick,Price Ascending,8869940
917,quick,Price Ascending,9304066
919,quick,Price Ascending,8994880
921,quick,Price Ascending,9048720
923,quick,Price Ascending,8907175
925,quick,Price Ascending,9082820
927,quick,Price Ascending,9127725
929,quick,Price Ascending,9192866
931,quick,Price Ascending,9273600
933,quick,Price Ascending,9193400
935,quick,Price Ascending,9244940
937,quick,Price Ascending,9219833
939,quick,Price Ascending,9183050
941,quick,Price Ascending,9180225
943,quick,Price Ascending,9586140
945,quick,Price Ascending,9728100
947,quick,Price Ascending,10000600
949,quick,Price Ascending,9654000
951,quick,Price Ascending,9666666
953,quick,Price Ascending,9087925
955,quick,Price Ascending,9247400
957,quick,Price Ascending,9343140
959,quick,Price Ascending,9389450
961,quick,Price Ascending,9390180
1,insertion,Price Ascending,16400
3,insertion,Price Ascending,9300
5,insertion,Price Ascending,10875
7,insertion,Price Ascending,10950
9,insertion,Price Ascending,11250
11,insertion,Price Ascending,12450
13,insertion,Price Ascending,13675
15,insertion,Price Ascending,14900
17,insertion,Price Ascending,16250
19,insertion,Price Ascending,16325
21,insertion,Price Ascending,16675
23,insertion,Price Ascending,18750
25,insertion,Price Ascending,19400
27,insertion,Price Ascending,37000
29,insertion,Price Ascending,21725
31,insertion,Price Ascending,21500
33,insertion,Price Ascending,22275
35,insertion,Price Ascending,23600
37,insertion,Price Ascending,23700
39,insertion,Price Ascending,24475
41,insertion,Price Ascending,28760
43,insertion,Price Ascending,26500
45,insertion,Price Ascending,32225
47,insertion,Price Ascending,27560
49,insertion,Price Ascending,28375
51,insertion,Price Ascending,28725
53,insertion,Price Ascending,33400
55,insertion,Price Ascending,31450
57,insertion,Price Ascending,35160
59,insertion,Price Ascending,37780
61,insertion,Price Ascending,39940
63,insertion,Price Ascending,38580
65,insertion,Price Ascending,39880
67,insertion,Price Ascending,36025
69,insertion,Price Ascending,35800
71,insertion,Price Ascending,38150
73,insertion,Price Ascending,38400
75,insertion,Price Ascending,39500
77,insertion,Price Ascending,89220
79,insertion,Price Ascending,51000
81,insertion,Price Ascending,42300
83,insertion,Price Ascending,42925
85,insertion,Price Ascending,49366
87,insertion,Price Ascending,43325
89,insertion,Price Ascending,52620
91,insertion,Price Ascending,43700
93,insertion,Price Ascending,48200
95,insertion,Price Ascending,53780
97,insertion,Price Ascending,46150
99,insertion,Price Ascending,47775
101,insertion,Price Ascending,53600
103,insertion,Price Ascending,53600
105,insertion,Price Ascending,52650
107,insertion,Price Ascending,62625
109,insertion,Price Ascending,52900
111,insertion,Price Ascending,52825
113,insertion,Price Ascending,56800
115,insertion,Price Ascending,55660
117,insertion,Price Ascending,57460
119,insertion,Price Ascending,56050
121,insertion,Price Ascending,58740
123,insertion,Price Ascending,58300
125,insertion,Price Ascending,60180
127,insertion,Price Ascending,58725
129,insertion,Price Ascending,71300
131,insertion,Price Ascending,61025
133,insertion,Price Ascending,65100
135,insertion,Price Ascending,64025
137,insertion,Price Ascending,63580
139,insertion,Price Ascending,70250
141,insertion,Price Ascending,68100
143,insertion,Price Ascending,69880
145,insertion,Price Ascending,66140
147,insertion,Price Ascending,67425
149,insertion,Price Ascending,68920
151,insertion,Price Ascending,80100
153,insertion,Price Ascending,72800
155,insertion,Price Ascending,68500
157,insertion,Price Ascending,73800
159,insertion,Price Ascending,72620
161,insertion,Price Ascending,76760
163,insertion,Price Ascending,73575
165,insertion,Price Ascending,76760
167,insertion,Price Ascending,73040
169,insertion,Price Ascending,114900
171,insertion,Price Ascending,95525
173,insertion,Price Ascending,76975
175,insertion,Price Ascending,82050
177,insertion,Price Ascending,79860
179,insertion,Price Ascending,76800
181,insertion,Price Ascending,79050
183,insertion,Price Ascending,85400
185,insertion,Price Ascending,108920
187,insertion,Price Ascending,106560
189,insertion,Price Ascending,87800
191,insertion,Price Ascending,86280
193,insertion,Price Ascending,85820
195,insertion,Price Ascending,155820
197,insertion,Price Ascending,90400
199,insertion,Price Ascending,90640
201,insertion,Price Ascending,97700
203,insertion,Price Ascending,128366
205,insertion,Price Ascending,97633
207,insertion,Price Ascending,120520
209,insertion,Price Ascending,93200
211,insertion,Price Ascending,95240
213,insertion,Price Ascending,95300
215,insertion,Price Ascending,94800
217,insertion,Price Ascending,94400
219,insertion,Price Ascending,138360
221,insertion,Price Ascending,95200
223,insertion,Price Ascending,94225
225,insertion,Price Ascending,94625
227,insertion,Price Ascending,95125
229,insertion,Price Ascending,96180
231,insertion,Price Ascending,171100
233,insertion,Price Ascending,102080
235,insertion,Price Ascending,128800
237,insertion,Price Ascending,120333
239,insertion,Price Ascending,103560
241,insertion,Price Ascending,101075
243,insertion,Price Ascending,102333
245,insertion,Price Ascending,106200
247,insertion,Price Ascending,106440
249,insertion,Price Ascending,107020
251,insertion,Price Ascending,118140
253,insertion,Price Ascending,106850
255,insertion,Price Ascending,106750
257,insertion,Price Ascending,110760
259,insertion,Price Ascending,113760
261,insertion,Price Ascending,120500
263,insertion,Price Ascending,208500
265,insertion,Price Ascending,126900
267,insertion,Price Ascending,115260
269,insertion,Price Ascending,117175
271,insertion,Price Ascending,113700
273,insertion,Price Ascending,116975
275,insertion,Price Ascending,117920
277,insertion,Price Ascending,118120
279,insertion,Price Ascending,115660
281,insertion,Price Ascending,118375
283,insertion,Price Ascending,121875
285,insertion,Price Ascending,153500
287,insertion,Price Ascending,195900
289,insertion,Price Ascending,151060
291,insertion,Price Ascending,122175
293,insertion,Price Ascending,119980
295,insertion,Price Ascending,128100
297,insertion,Price Ascending,139400
299,insertion,Price Ascending,127820
301,insertion,Price Ascending,131840
303,insertion,Price Ascending,126600
305,insertion,Price Ascending,124440
307,insertion,Price Ascending,125540
309,insertion,Price Ascending,140500
311,insertion,Price Ascending,134480
313,insertion,Price Ascending,167260
315,insertion,Price Ascending,131320
317,insertion,Price Ascending,132066
319,insertion,Price Ascending,154625
321,insertion,Price Ascending,135100
323,insertion,Price Ascending,131840
325,insertion,Price Ascending,132100
327,insertion,Price Ascending,212240
329,insertion,Price Ascending,273025
331,insertion,Price Ascending,140920
333,insertion,Price Ascending,136225
335,insertion,Price Ascending,147780
337,insertion,Price Ascending,139600
339,insertion,Price Ascending,138100
341,insertion,Price Ascending,140025
343,insertion,Price Ascending,137675
345,insertion,Price Ascending,142540
347,insertion,Price Ascending,143360
349,insertion,Price Ascending,145275
351,insertion,Price Ascending,168050
353,insertion,Price Ascending,170080
355,insertion,Price Ascending,143925
357,insertion,Price Ascending,145140
359,insertion,Price Ascending,143975
361,insertion,Price Ascending,144940
363,insertion,Price Ascending,153580
365,insertion,Price Ascending,147000
367,insertion,Price Ascending,150440
369,insertion,Price Ascending,165420
371,insertion,Price Ascending,163550
373,insertion,Price Ascending,172120
375,insertion,Price Ascending,159950
377,insertion,Price Ascending,154175
379,insertion,Price Ascending,160500
381,insertion,Price Ascending,154820
383,insertion,Price Ascending,157925
385,insertion,Price Ascending,158840
387,insertion,Price Ascending,160100
389,insertion,Price Ascending,161540
391,insertion,Price Ascending,161525
393,insertion,Price Ascending,165740
395,insertion,Price Ascending,177500
397,insertion,Price Ascending,164820
399,insertion,Price Ascending,163700
401,insertion,Price Ascending,163300
403,insertion,Price Ascending,176720
405,insertion,Price Ascending,165560
407,insertion,Price Ascending,167625
409,insertion,Price Ascending,166625
411,insertion,Price Ascending,204880
413,insertion,Price Ascending,172700
415,insertion,Price Ascending,174525
417,insertion,Price Ascending,169620
419,insertion,Price Ascending,183050
421,insertion,Price Ascending,173640
423,insertion,Price Ascending,169975
425,insertion,Price Ascending,170575
427,insertion,Price Ascending,179800
429,insertion,Price Ascending,191800
431,insertion,Price Ascending,181125
433,insertion,Price Ascending,177950
435,insertion,Price Ascending,178450
437,insertion,Price Ascending,174925
439,insertion,Price Ascending,176020
441,insertion,Price Ascending,177400
443,insertion,Price Ascending,185640
445,insertion,Price Ascending,183200
447,insertion,Price Ascending,188060
449,insertion,Price Ascending,178420
451,insertion,Price Ascending,186000
453,insertion,Price Ascending,186560
455,insertion,Price Ascending,184450
457,insertion,Price Ascending,184325
459,insertion,Price Ascending,184860
461,insertion,Price Ascending,188500
463,insertion,Price Ascending,200840
465,insertion,Price Ascending,191325
467,insertion,Price Ascending,186540
469,insertion,Price Ascending,194800
471,insertion,Price Ascending,198180
473,insertion,Price Ascending,202900
475,insertion,Price Ascending,199320
477,insertion,Price Ascending,201120
479,insertion,Price Ascending,195700
481,insertion,Price Ascending,194760
483,insertion,Price Ascending,212425
485,insertion,Price Ascending,215060
487,insertion,Price Ascending,202500
489,insertion,Price Ascending,196600
491,insertion,Price Ascending,270100
493,insertion,Price Ascending,198240
495,insertion,Price Ascending,204300
497,insertion,Price Ascending,207100
499,insertion,Price Ascending,213350
501,insertion,Price Ascending,246500
503,insertion,Price Ascending,206625
505,insertion,Price Ascending,201120
507,insertion,Price Ascending,200866
509,insertion,Price Ascending,210250
511,insertion,Price Ascending,224260
513,insertion,Price Ascending,206860
515,insertion,Price Ascending,209100
517,insertion,Price Ascending,223275
519,insertion,Price Ascending,225525
521,insertion,Price Ascending,216880
523,insertion,Price Ascending,212975
525,insertion,Price Ascending,217320
527,insertion,Price Ascending,213520
529,insertion,Price Ascending,218320
531,insertion,Price Ascending,229950
533,insertion,Price Ascending,243560
535,insertion,Price Ascending,233450
537,insertion,Price Ascending,230860
539,insertion,Price Ascending,216650
541,insertion,Price Ascending,248480
543,insertion,Price Ascending,219675
545,insertion,Price Ascending,230650
547,insertion,Price Ascending,221125
549,insertion,Price Ascending,231360
551,insertion,Price Ascending,252680
553,insertion,Price Ascending,252540
555,insertion,Price Ascending,222150
557,insertion,Price Ascending,237880
559,insertion,Price Ascending,231650
561,insertion,Price Ascending,225425
563,insertion,Price Ascending,237080
565,insertion,Price Ascending,244750
567,insertion,Price Ascending,261680
569,insertion,Price Ascending,247750
571,insertion,Price Ascending,231850
573,insertion,Price Ascending,232575
575,insertion,Price Ascending,228500
577,insertion,Price Ascending,232800
579,insertion,Price Ascending,274200
581,insertion,Price Ascending,240475
583,insertion,Price Ascending,265600
585,insertion,Price Ascending,239775
587,insertion,Price Ascending,232750
589,insertion,Price Ascending,236975
591,insertion,Price Ascending,251520
593,insertion,Price Ascending,338250
595,insertion,Price Ascending,259920
597,insertion,Price Ascending,249240
599,insertion,Price Ascending,242050
601,insertion,Price Ascending,240200
603,insertion,Price Ascending,239150
605,insertion,Price Ascending,290125
607,insertion,Price Ascending,252075
609,insertion,Price Ascending,259500
611,insertion,Price Ascending,242250
613,insertion,Price Ascending,242500
615,insertion,Price Ascending,267400
617,insertion,Price Ascending,265850
619,insertion,Price Ascending,289300
621,insertion,Price Ascending,268620
623,insertion,Price Ascending,254000
625,insertion,Price Ascending,265060
627,insertion,Price Ascending,252875
629,insertion,Price Ascending,253250
631,insertion,Price Ascending,284175
633,insertion,Price Ascending,389500
635,insertion,Price Ascending,271340
637,insertion,Price Ascending,256725
639,insertion,Price Ascending,271260
641,insertion,Price Ascending,268440
643,insertion,Price Ascending,264950
645,insertion,Price Ascending,420080
647,insertion,Price Ascending,270460
649,insertion,Price Ascending,291800
651,insertion,Price Ascending,265540
653,insertion,Price Ascending,264800
655,insertion,Price Ascending,271560
657,insertion,Price Ascending,725300
659,insertion,Price Ascending,264500
661,insertion,Price Ascending,267300
663,insertion,Price Ascending,274640
665,insertion,Price Ascending,288220
667,insertion,Price Ascending,300450
669,insertion,Price Ascending,310660
671,insertion,Price Ascending,273420
673,insertion,Price Ascending,280660
675,insertion,Price Ascending,287240
677,insertion,Price Ascending,280200
679,insertion,Price Ascending,325080
681,insertion,Price Ascending,285875
683,insertion,Price Ascending,272440
685,insertion,Price Ascending,277175
687,insertion,Price Ascending,281075
689,insertion,Price Ascending,288300
691,insertion,Price Ascending,275800
693,insertion,Price Ascending,330350
695,insertion,Price Ascending,296260
697,insertion,Price Ascending,301980
699,insertion,Price Ascending,293100
701,insertion,Price Ascending,281250
703,insertion,Price Ascending,302360
705,insertion,Price Ascending,308660
707,insertion,Price Ascending,288300
709,insertion,Price Ascending,299480
711,insertion,Price Ascending,285675
713,insertion,Price Ascending,312500
715,insertion,Price Ascending,294760
717,insertion,Price Ascending,364633
719,insertion,Price Ascending,311880
721,insertion,Price Ascending,294100
723,insertion,Price Ascending,299600
725,insertion,Price Ascending,294025
727,insertion,Price Ascending,302100
729,insertion,Price Ascending,327740
731,insertion,Price Ascending,296525
733,insertion,Price Ascending,296250
735,insertion,Price Ascending,355800
737,insertion,Price Ascending,303750
739,insertion,Price Ascending,553450
741,insertion,Price Ascending,336580
743,insertion,Price Ascending,304100
745,insertion,Price Ascending,342420
747,insertion,Price Ascending,306050
749,insertion,Price Ascending,324320
751,insertion,Price Ascending,302175
753,insertion,Price Ascending,321840
755,insertion,Price Ascending,333200
757,insertion,Price Ascending,301925
759,insertion,Price Ascending,316580
761,insertion,Price Ascending,390700
763,insertion,Price Ascending,305820
765,insertion,Price Ascending,308875
767,insertion,Price Ascending,332260
769,insertion,Price Ascending,316325
771,insertion,Price Ascending,367560
773,insertion,Price Ascending,326400
775,insertion,Price Ascending,308540
777,insertion,Price Ascending,306480
779,insertion,Price Ascending,313475
781,insertion,Price Ascending,313700
783,insertion,Price Ascending,352425
785,insertion,Price Ascending,396275
787,insertion,Price Ascending,378200
789,insertion,Price Ascending,381940
791,insertion,Price Ascending,419000
793,insertion,Price Ascending,385100
795,insertion,Price Ascending,379975
797,insertion,Price Ascending,391350
799,insertion,Price Ascending,397700
801,insertion,Price Ascending,405680
803,insertion,Price Ascending,396450
805,insertion,Price Ascending,379300
807,insertion,Price Ascending,407880
809,insertion,Price Ascending,417225
811,insertion,Price Ascending,491760
813,insertion,Price Ascending,403420
815,insertion,Price Ascending,378360
817,insertion,Price Ascending,326440
819,insertion,Price Ascending,346400
821,insertion,Price Ascending,347700
823,insertion,Price Ascending,327620
825,insertion,Price Ascending,334600
827,insertion,Price Ascending,335550
829,insertion,Price Ascending,358125
831,insertion,Price Ascending,385640
833,insertion,Price Ascending,355860
835,insertion,Price Ascending,338060
837,insertion,Price Ascending,356020
839,insertion,Price Ascending,414580
841,insertion,Price Ascending,337820
843,insertion,Price Ascending,354366
845,insertion,Price Ascending,338525
847,insertion,Price Ascending,365400
849,insertion,Price Ascending,427100
851,insertion,Price Ascending,345080
853,insertion,Price Ascending,358500
855,insertion,Price Ascending,341700
857,insertion,Price Ascending,373140
859,insertion,Price Ascending,522700
861,insertion,Price Ascending,381820
863,insertion,Price Ascending,353575
865,insertion,Price Ascending,346140
867,insertion,Price Ascending,358825
869,insertion,Price Ascending,457800
871,insertion,Price Ascending,363000
873,insertion,Price Ascending,344300
875,insertion,Price Ascending,347700
877,insertion,Price Ascending,461360
879,insertion,Price Ascending,364633
881,insertion,Price Ascending,376475
883,insertion,Price Ascending,380400
885,insertion,Price Ascending,363600
887,insertion,Price Ascending,360440
889,insertion,Price Ascending,358966
891,insertion,Price Ascending,354700
893,insertion,Price Ascending,436180
895,insertion,Price Ascending,383200
897,insertion,Price Ascending,358660
899,insertion,Price Ascending,365050
901,insertion,Price Ascending,458500
903,insertion,Price Ascending,384160
905,insertion,Price Ascending,424450
907,insertion,Price Ascending,361775
909,insertion,Price Ascending,372200
911,insertion,Price Ascending,364700
913,insertion,Price Ascending,396580
915,insertion,Price Ascending,394480
917,insertion,Price Ascending,371100
919,insertion,Price Ascending,385800
921,insertion,Price Ascending,365925
923,insertion,Price Ascending,385950
925,insertion,Price Ascending,389260
927,insertion,Price Ascending,368050
929,insertion,Price Ascending,369460
931,insertion,Price Ascending,415280
933,insertion,Price Ascending,400080
935,insertion,Price Ascending,375175
937,insertion,Price Ascending,402475
939,insertion,Price Ascending,389340
941,insertion,Price Ascending,380880
943,insertion,Price Ascending,420150
945,insertion,Price Ascending,399480
947,insertion,Price Ascending,405420
949,insertion,Price Ascending,378400
951,insertion,Price Ascending,437220
953,insertion,Price Ascending,381050
955,insertion,Price Ascending,459360
957,insertion,Price Ascending,382075
959,insertion,Price Ascending,380950
961,insertion,Price Ascending,439900
1,quick,Price Descending,10025
3,quick,Price Descending,20175
5,quick,Price Descending,14180
7,quick,Price Descending,15480
9,quick,Price Descending,16780
11,quick,Price Descending,16125
13,quick,Price Descending,17950
15,quick,Price Descending,18575
17,quick,Price Descending,21140
19,quick,Price Descending,23320
21,quick,Price Descending,25320
23,quick,Price Descending,29800
25,quick,Price Descending,67375
27,quick,Price Descending,40240
29,quick,Price Descending,37940
31,quick,Price Descending,40625
33,quick,Price Descending,44760
35,quick,Price Descending,47460
37,quick,Price Descending,52700
39,quick,Price Descending,57360
41,quick,Price Descending,60350
43,quick,Price Descending,64380
45,quick,Price Descending,68320
47,quick,Price Descending,72420
49,quick,Price Descending,79100
51,quick,Price Descending,90950
53,quick,Price Descending,88125
55,quick,Price Descending,96460
57,quick,Price Descending,104375
59,quick,Price Descending,168260
61,quick,Price Descending,136940
63,quick,Price Descending,209740
65,quick,Price Descending,132150
67,quick,Price Descending,126900
69,quick,Price Descending,134675
71,quick,Price Descending,149160
73,quick,Price Descending,123940
75,quick,Price Descending,115780
77,quick,Price Descending,148875
79,quick,Price Descending,96625
81,quick,Price Descending,106800
83,quick,Price Descending,106125
85,quick,Price Descending,161000
87,quick,Price Descending,117480
89,quick,Price Descending,116625
91,quick,Price Descending,152320
93,quick,Price Descending,126600
95,quick,Price Descending,135020
97,quick,Price Descending,141940
99,quick,Price Descending,135625
101,quick,Price Descending,140300
103,quick,Price Descending,149640
105,quick,Price Descending,161275
107,quick,Price Descending,152275
109,quick,Price Descending,160020
111,quick,Price Descending,167240
113,quick,Price Descending,289280
115,quick,Price Descending,233620
117,quick,Price Descending,188225
119,quick,Price Descending,196360
121,quick,Price Descending,195780
123,quick,Price Descending,202560
125,quick,Price Descending,209700
127,quick,Price Descending,313866
129,quick,Price Descending,328850
131,quick,Price Descending,231500
133,quick,Price Descending,316540
135,quick,Price Descending,241625
137,quick,Price Descending,243200
139,quick,Price Descending,244600
141,quick,Price Descending,274060
143,quick,Price Descending,262900
145,quick,Price Descending,270680
147,quick,Price Descending,273860
149,quick,Price Descending,309775
151,quick,Price Descending,301950
153,quick,Price Descending,307260
155,quick,Price Descending,301775
157,quick,Price Descending,310780
159,quick,Price Descending,315233
161,quick,Price Descending,316900
163,quick,Price Descending,362120
165,quick,Price Descending,340825
167,quick,Price Descending,480720
169,quick,Price Descending,357825
171,quick,Price Descending,374560
173,quick,Price Descending,371200
175,quick,Price Descending,401120
177,quick,Price Descending,385100
179,quick,Price Descending,616220
181,quick,Price Descending,451500
183,quick,Price Descending,422200
185,quick,Price Descending,412000
187,quick,Price Descending,425125
189,quick,Price Descending,468980
191,quick,Price Descending,578420
193,quick,Price Descending,445650
195,quick,Price Descending,452950
197,quick,Price Descending,458525
199,quick,Price Descending,459125
201,quick,Price Descending,633720
203,quick,Price Descending,483860
205,quick,Price Descending,519480
207,quick,Price Descending,497500
209,quick,Price Descending,557660
211,quick,Price Descending,581340
213,quick,Price Descending,668080
215,quick,Price Descending,544680
217,quick,Price Descending,545575
219,quick,Price Descending,565575
221,quick,Price Descending,584650
223,quick,Price Descending,591760
225,quick,Price Descending,584980
227,quick,Price Descending,588275
229,quick,Price Descending,606720
231,quick,Price Descending,624250
233,quick,Price Descending,620675
235,quick,Price Descending,615975
237,quick,Price Descending,633250
239,quick,Price Descending,770200
241,quick,Price Descending,656525
243,quick,Price Descending,661150
245,quick,Price Descending,680400
247,quick,Price Descending,839240
249,quick,Price Descending,696700
251,quick,Price Descending,810620
253,quick,Price Descending,742540
255,quick,Price Descending,753575
257,quick,Price Descending,793140
259,quick,Price Descending,746580
261,quick,Price Descending,927840
263,quick,Price Descending,774200
265,quick,Price Descending,791700
267,quick,Price Descending,791400
269,quick,Price Descending,855033
271,quick,Price Descending,818625
273,quick,Price Descending,831340
275,quick,Price Descending,938160
277,quick,Price Descending,860375
279,quick,Price Descending,850625
281,quick,Price Descending,980260
283,quick,Price Descending,960240
285,quick,Price Descending,892860
287,quick,Price Descending,944850
289,quick,Price Descending,937780
291,quick,Price Descending,948620
293,quick,Price Descending,1108740
295,quick,Price Descending,951150
297,quick,Price Descending,976660
299,quick,Price Descending,1167620
301,quick,Price Descending,984780
303,quick,Price Descending,1131480
305,quick,Price Descending,1012725
307,quick,Price Descending,1027033
309,quick,Price Descending,1140100
311,quick,Price Descending,1077000
313,quick,Price Descending,1170120
315,quick,Price Descending,1124620
317,quick,Price Descending,1093700
319,quick,Price Descending,1187820
321,quick,Price Descending,1122320
323,quick,Price Descending,1219900
325,quick,Price Descending,1140225
327,quick,Price Descending,1177875
329,quick,Price Descending,1300025
331,quick,Price Descending,1185125
333,quick,Price Descending,1265275
335,quick,Price Descending,1207400
337,quick,Price Descending,1266760
339,quick,Price Descending,1227725
341,quick,Price Descending,1272350
343,quick,Price Descending,1293040
345,quick,Price Descending,1285575
347,quick,Price Descending,1338650
349,quick,Price Descending,1335480
351,quick,Price Descending,1505780
353,quick,Price Descending,1340600
355,quick,Price Descending,1531700
357,quick,Price Descending,1466320
359,quick,Price Descending,1581480
361,quick,Price Descending,1391975
363,quick,Price Descending,1618475
365,quick,Price Descending,1426725
367,quick,Price Descending,1945280
369,quick,Price Descending,1458225
371,quick,Price Descending,1475675
373,quick,Price Descending,1816720
375,quick,Price Descending,1490325
377,quick,Price Descending,1783100
379,quick,Price Descending,1520650
381,quick,Price Descending,1631475
383,quick,Price Descending,1828240
385,quick,Price Descending,1590360
387,quick,Price Descending,1790580
389,quick,Price Descending,1778720
391,quick,Price Descending,1644325
393,quick,Price Descending,1920560
395,quick,Price Descending,1674100
397,quick,Price Descending,1868640
399,quick,Price Descending,1774550
401,quick,Price Descending,1752260
403,quick,Price Descending,1879300
405,quick,Price Descending,1769150
407,quick,Price Descending,1842950
409,quick,Price Descending,1964340
411,quick,Price Descending,1811450
413,quick,Price Descending,1936520
415,quick,Price Descending,2059460
417,quick,Price Descending,1969400
419,quick,Price Descending,1993080
421,quick,Price Descending,2080900
423,quick,Price Descending,1943650
425,quick,Price Descending,1922175
427,quick,Price Descending,2453940
429,quick,Price Descending,2073425
431,quick,Price Descending,1991450
433,quick,Price Descending,1962360
435,quick,Price Descending,2062650
437,quick,Price Descending,2058975
439,quick,Price Descending,2037480
441,quick,Price Descending,2044320
443,quick,Price Descending,2126850
445,quick,Price Descending,2173525
447,quick,Price Descending,2422660
449,quick,Price Descending,2129075
451,quick,Price Descending,2291700
453,quick,Price Descending,2182900
455,quick,Price Descending,2512500
457,quick,Price Descending,2360600
459,quick,Price Descending,2314120
461,quick,Price Descending,2447460
463,quick,Price Descending,2453860
465,quick,Price Descending,2453450
467,quick,Price Descending,2294150
469,quick,Price Descending,2330550
471,quick,Price Descending,2524120
473,quick,Price Descending,2609420
475,quick,Price Descending,2396425
477,quick,Price Descending,2403975
479,quick,Price Descending,2462125
481,quick,Price Descending,2426875
483,quick,Price Descending,2474500
485,quick,Price Descending,2524325
487,quick,Price Descending,2486300
489,quick,Price Descending,2692820
491,quick,Price Descending,2708360
493,quick,Price Descending,2769180
495,quick,Price Descending,2771240
497,quick,Price Descending,2752180
499,quick,Price Descending,2710260
501,quick,Price Descending,2672425
503,quick,Price Descending,2627675
505,quick,Price Descending,2766040
507,quick,Price Descending,2731125
509,quick,Price Descending,2857180
511,quick,Price Descending,3059960
513,quick,Price Descending,2775950
515,quick,Price Descending,3046920
517,quick,Price Descending,2941800
519,quick,Price Descending,2841675
521,quick,Price Descending,2890550
523,quick,Price Descending,3281940
525,quick,Price Descending,3073600
527,quick,Price Descending,3136740
529,quick,Price Descending,3153840
531,quick,Price Descending,3151140
533,quick,Price Descending,3106380
535,quick,Price Descending,3153050
537,quick,Price Descending,3204025
539,quick,Price Descending,3100375
541,quick,Price Descending,3093500
543,quick,Price Descending,3414280
545,quick,Price Descending,3633040
547,quick,Price Descending,2862525
549,quick,Price Descending,2847350
551,quick,Price Descending,2916100
553,quick,Price Descending,2884350
555,quick,Price Descending,3165620
557,quick,Price Descending,3318920
559,quick,Price Descending,3361240
561,quick,Price Descending,3177275
563,quick,Price Descending,3219460
565,quick,Price Descending,3289600
567,quick,Price Descending,3247600
569,quick,Price Descending,3291860
571,quick,Price Descending,3289950
573,quick,Price Descending,3424900
575,quick,Price Descending,3183825
577,quick,Price Descending,3240375
579,quick,Price Descending,3712260
581,quick,Price Descending,3445480
583,quick,Price Descending,3356475
585,quick,Price Descending,3471740
587,quick,Price Descending,3438925
589,quick,Price Descending,3489860
591,quick,Price Descending,3489420
593,quick,Price Descending,3825950
595,quick,Price Descending,4131120
597,quick,Price Descending,3501675
599,quick,Price Descending,4149200
601,quick,Price Descending,3399566
603,quick,Price Descending,3642360
605,quick,Price Descending,3668220
607,quick,Price Descending,3802940
609,quick,Price Descending,4017140
611,quick,Price Descending,3657600
613,quick,Price Descending,3647950
615,quick,Price Descending,3806800
617,quick,Price Descending,4141260
619,quick,Price Descending,3675800
621,quick,Price Descending,3975200
623,quick,Price Descending,4513320
625,quick,Price Descending,3921360
627,quick,Price Descending,4112040
629,quick,Price Descending,4261060
631,quick,Price Descending,3979280
633,quick,Price Descending,4167550
635,quick,Price Descending,4508950
637,quick,Price Descending,4467540
639,quick,Price Descending,4576960
641,quick,Price Descending,4755720
643,quick,Price Descending,4523750
645,quick,Price Descending,4281950
647,quick,Price Descending,4539800
649,quick,Price Descending,4432950
651,quick,Price Descending,4761320
653,quick,Price Descending,4775740
655,quick,Price Descending,4938460
657,quick,Price Descending,4743280
659,quick,Price Descending,4797360
661,quick,Price Descending,4975250
663,quick,Price Descending,4871520
665,quick,Price Descending,4870580
667,quick,Price Descending,4703100
669,quick,Price Descending,5224980
671,quick,Price Descending,5207400
673,quick,Price Descending,4699275
675,quick,Price Descending,4924700
677,quick,Price Descending,4857550
679,quick,Price Descending,5209440
681,quick,Price Descending,5011880
683,quick,Price Descending,5044760
685,quick,Price Descending,5269880
687,quick,Price Descending,5008820
689,quick,Price Descending,5057825
691,quick,Price Descending,5342860
693,quick,Price Descending,5220340
695,quick,Price Descending,5152960
697,quick,Price Descending,5442000
699,quick,Price Descending,5345920
701,quick,Price Descending,5185250
703,quick,Price Descending,5450266
705,quick,Price Descending,5953200
707,quick,Price Descending,6164940
709,quick,Price Descending,5931675
711,quick,Price Descending,9370200
713,quick,Price Descending,4984520
715,quick,Price Descending,4977100
717,quick,Price Descending,4905980
719,quick,Price Descending,5055700
721,quick,Price Descending,5030420
723,quick,Price Descending,4976250
725,quick,Price Descending,5166060
727,quick,Price Descending,4969550
729,quick,Price Descending,5155020
731,quick,Price Descending,5416900
733,quick,Price Descending,5296340
735,quick,Price Descending,5366660
737,quick,Price Descending,5261280
739,quick,Price Descending,5211760
741,quick,Price Descending,5363660
743,quick,Price Descending,5361340
745,quick,Price Descending,5261760
747,quick,Price Descending,5459060
749,quick,Price Descending,5742020
751,quick,Price Descending,5796700
753,quick,Price Descending,5265500
755,quick,Price Descending,5350400
757,quick,Price Descending,5579060
759,quick,Price Descending,5884040
761,quick,Price Descending,6316700
763,quick,Price Descending,5621875
765,quick,Price Descending,5415025
767,quick,Price Descending,5745260
769,quick,Price Descending,6033300
771,quick,Price Descending,6105600
773,quick,Price Descending,5819980
775,quick,Price Descending,5727250
777,quick,Price Descending,6384700
779,quick,Price Descending,6372200
781,quick,Price Descending,6465760
783,quick,Price Descending,6313975
785,quick,Price Descending,6618940
787,quick,Price Descending,6331650
789,quick,Price Descending,6399800
791,quick,Price Descending,6757260
793,quick,Price Descending,6684700
795,quick,Price Descending,6642080
797,quick,Price Descending,6799100
799,quick,Price Descending,7314700
801,quick,Price Descending,7132040
803,quick,Price Descending,7156880
805,quick,Price Descending,7203200
807,quick,Price Descending,7096280
809,quick,Price Descending,7418200
811,quick,Price Descending,7150500
813,quick,Price Descending,7038480
815,quick,Price Descending,7418000
817,quick,Price Descending,7398760
819,quick,Price Descending,7391160
821,quick,Price Descending,7470600
823,quick,Price Descending,7110866
825,quick,Price Descending,7355680
827,quick,Price Descending,7778680
829,quick,Price Descending,7438540
831,quick,Price Descending,7356975
833,quick,Price Descending,7512620
835,quick,Price Descending,7545500
837,quick,Price Descending,7546500
839,quick,Price Descending,7402133
841,quick,Price Descending,7681220
843,quick,Price Descending,7994640
845,quick,Price Descending,7710140
847,quick,Price Descending,7896420
849,quick,Price Descending,7822740
851,quick,Price Descending,7877433
853,quick,Price Descending,7718860
855,quick,Price Descending,7762340
857,quick,Price Descending,8161275
859,quick,Price Descending,8305500
861,quick,Price Descending,7895520
863,quick,Price Descending,8078260
865,quick,Price Descending,7844600
867,quick,Price Descending,8194620
869,quick,Price Descending,8041720
871,quick,Price Descending,8463300
873,quick,Price Descending,8156920
875,quick,Price Descending,8909260
877,quick,Price Descending,8514920
879,quick,Price Descending,8365540
881,quick,Price Descending,8365020
883,quick,Price Descending,8481000
885,quick,Price Descending,8172875
887,quick,Price Descending,8430100
889,quick,Price Descending,8649960
891,quick,Price Descending,8348050
893,quick,Price Descending,8571240
895,quick,Price Descending,8800200
897,quick,Price Descending,8849900
899,quick,Price Descending,8836320
901,quick,Price Descending,8732740
903,quick,Price Descending,8809740
905,quick,Price Descending,8915050
907,quick,Price Descending,8591775
909,quick,Price Descending,8325200
911,quick,Price Descending,7983740
913,quick,Price Descending,8752140
915,quick,Price Descending,8356900
917,quick,Price Descending,8250540
919,quick,Price Descending,8336900
921,quick,Price Descending,8218480
923,quick,Price Descending,9481550
925,quick,Price Descending,8544666
927,quick,Price Descending,8188500
929,quick,Price Descending,8534100
931,quick,Price Descending,8587080
933,quick,Price Descending,8240866
935,quick,Price Descending,8264760
937,quick,Price Descending,8384980
939,quick,Price Descending,8110925
941,quick,Price Descending,8619300
943,quick,Price Descending,8868280
945,quick,Price Descending,9470625
947,quick,Price Descending,8923340
949,quick,Price Descending,9046800
951,quick,Price Descending,9838860
953,quick,Price Descending,9546980
955,quick,Price Descending,9920500
957,quick,Price Descending,10193580
959,quick,Price Descending,9866680
961,quick,Price Descending,10004350
1,insertion,Price Descending,10025
3,insertion,Price Descending,11900
5,insertion,Price Descending,12940
7,insertion,Price Descending,10350
9,insertion,Price Descending,16360
11,insertion,Price Descending,20125
13,insertion,Price Descending,12780
15,insertion,Price Descending,13275
17,insertion,Price Descending,15480
19,insertion,Price Descending,19120
21,insertion,Price Descending,18575
23,insertion,Price Descending,17050
25,insertion,Price Descending,20750
27,insertion,Price Descending,18950
29,insertion,Price Descending,20525
31,insertion,Price Descending,20325
33,insertion,Price Descending,21350
35,insertion,Price Descending,23750
37,insertion,Price Descending,28640
39,insertion,Price Descending,30400
41,insertion,Price Descending,46080
43,insertion,Price Descending,26820
45,insertion,Price Descending,49020
47,insertion,Price Descending,45460
49,insertion,Price Descending,33440
51,insertion,Price Descending,28275
53,insertion,Price Descending,41580
55,insertion,Price Descending,40160
57,insertion,Price Descending,29350
59,insertion,Price Descending,36000
61,insertion,Price Descending,34266
63,insertion,Price Descending,34760
65,insertion,Price Descending,32100
67,insertion,Price Descending,39425
69,insertion,Price Descending,35620
71,insertion,Price Descending,42460
73,insertion,Price Descending,47180
75,insertion,Price Descending,54200
77,insertion,Price Descending,37700
79,insertion,Price Descending,59000
81,insertion,Price Descending,39650
83,insertion,Price Descending,117260
85,insertion,Price Descending,45950
87,insertion,Price Descending,77760
89,insertion,Price Descending,106475
91,insertion,Price Descending,58150
93,insertion,Price Descending,43960
95,insertion,Price Descending,44160
97,insertion,Price Descending,48460
99,insertion,Price Descending,47500
101,insertion,Price Descending,48880
103,insertion,Price Descending,51040
105,insertion,Price Descending,60700
107,insertion,Price Descending,54175
109,insertion,Price Descending,101980
111,insertion,Price Descending,53566
113,insertion,Price Descending,75725
115,insertion,Price Descending,54525
117,insertion,Price Descending,55150
119,insertion,Price Descending,66475
121,insertion,Price Descending,61350
123,insertion,Price Descending,55700
125,insertion,Price Descending,58720
127,insertion,Price Descending,102020
129,insertion,Price Descending,65700
131,insertion,Price Descending,72800
133,insertion,Price Descending,98680
135,insertion,Price Descending,62175
137,insertion,Price Descending,71020
139,insertion,Price Descending,66375
141,insertion,Price Descending,62050
143,insertion,Price Descending,64380
145,insertion,Price Descending,75050
147,insertion,Price Descending,68980
149,insertion,Price Descending,100566
151,insertion,Price Descending,110440
153,insertion,Price Descending,86460
155,insertion,Price Descending,70550
157,insertion,Price Descending,71840
159,insertion,Price Descending,75800
161,insertion,Price Descending,70000
163,insertion,Price Descending,113550
165,insertion,Price Descending,131280
167,insertion,Price Descending,78260
169,insertion,Price Descending,75525
171,insertion,Price Descending,77200
173,insertion,Price Descending,77900
175,insertion,Price Descending,76366
177,insertion,Price Descending,79900
179,insertion,Price Descending,77950
181,insertion,Price Descending,79700
183,insertion,Price Descending,80150
185,insertion,Price Descending,82150
187,insertion,Price Descending,84720
189,insertion,Price Descending,81875
191,insertion,Price Descending,93650
193,insertion,Price Descending,113925
195,insertion,Price Descending,99800
197,insertion,Price Descending,100580
199,insertion,Price Descending,86300
201,insertion,Price Descending,88840
203,insertion,Price Descending,86833
205,insertion,Price Descending,86700
207,insertion,Price Descending,94480
209,insertion,Price Descending,92400
211,insertion,Price Descending,91380
213,insertion,Price Descending,91980
215,insertion,Price Descending,93200
217,insertion,Price Descending,95600
219,insertion,Price Descending,107900
221,insertion,Price Descending,110900
223,insertion,Price Descending,152240
225,insertion,Price Descending,98880
227,insertion,Price Descending,146360
229,insertion,Price Descending,102380
231,insertion,Price Descending,99850
233,insertion,Price Descending,98250
235,insertion,Price Descending,100000
237,insertion,Price Descending,106360
239,insertion,Price Descending,177940
241,insertion,Price Descending,105780
243,insertion,Price Descending,107550
245,insertion,Price Descending,122040
247,insertion,Price Descending,111050
249,insertion,Price Descending,116960
251,insertion,Price Descending,120200
253,insertion,Price Descending,110100
255,insertion,Price Descending,107380
257,insertion,Price Descending,109540
259,insertion,Price Descending,115460
261,insertion,Price Descending,113080
263,insertion,Price Descending,115250
265,insertion,Price Descending,141075
267,insertion,Price Descending,113500
269,insertion,Price Descending,116880
271,insertion,Price Descending,208366
273,insertion,Price Descending,124780
275,insertion,Price Descending,120080
277,insertion,Price Descending,202600
279,insertion,Price Descending,118933
281,insertion,Price Descending,121566
283,insertion,Price Descending,119700
285,insertion,Price Descending,123180
287,insertion,Price Descending,125220
289,insertion,Price Descending,123833
291,insertion,Price Descending,213540
293,insertion,Price Descending,130825
295,insertion,Price Descending,127660
297,insertion,Price Descending,126000
299,insertion,Price Descending,132250
301,insertion,Price Descending,126450
303,insertion,Price Descending,175920
305,insertion,Price Descending,132840
307,insertion,Price Descending,128320
309,insertion,Price Descending,136450
311,insertion,Price Descending,134350
313,insertion,Price Descending,144000
315,insertion,Price Descending,136966
317,insertion,Price Descending,135940
319,insertion,Price Descending,136700
321,insertion,Price Descending,134350
323,insertion,Price Descending,134380
325,insertion,Price Descending,136375
327,insertion,Price Descending,138050
329,insertion,Price Descending,184060
331,insertion,Price Descending,135425
333,insertion,Price Descending,140675
335,insertion,Price Descending,152625
337,insertion,Price Descending,185850
339,insertion,Price Descending,149720
341,insertion,Price Descending,142000
343,insertion,Price Descending,146600
345,insertion,Price Descending,164875
347,insertion,Price Descending,142075
349,insertion,Price Descending,150400
351,insertion,Price Descending,171000
353,insertion,Price Descending,156025
355,insertion,Price Descending,168280
357,insertion,Price Descending,178700
359,insertion,Price Descending,159600
361,insertion,Price Descending,162360
363,insertion,Price Descending,155650
365,insertion,Price Descending,148720
367,insertion,Price Descending,162200
369,insertion,Price Descending,175450
371,insertion,Price Descending,159250
373,insertion,Price Descending,154260
375,insertion,Price Descending,209700
377,insertion,Price Descending,164800
379,insertion,Price Descending,162850
381,insertion,Price Descending,158720
383,insertion,Price Descending,159600
385,insertion,Price Descending,156460
387,insertion,Price Descending,159550
389,insertion,Price Descending,156800
391,insertion,Price Descending,159050
393,insertion,Price Descending,160066
395,insertion,Price Descending,161400
397,insertion,Price Descending,181775
399,insertion,Price Descending,168960
401,insertion,Price Descending,167980
403,insertion,Price Descending,163900
405,insertion,Price Descending,164940
407,insertion,Price Descending,167680
409,insertion,Price Descending,167360
411,insertion,Price Descending,167680
413,insertion,Price Descending,166850
415,insertion,Price Descending,169560
417,insertion,Price Descending,174175
419,insertion,Price Descending,204160
421,insertion,Price Descending,181860
423,insertion,Price Descending,175150
425,insertion,Price Descending,169000
427,insertion,Price Descending,173600
429,insertion,Price Descending,172980
431,insertion,Price Descending,175400
433,insertion,Price Descending,173975
435,insertion,Price Descending,185020
437,insertion,Price Descending,188500
439,insertion,Price Descending,184300
441,insertion,Price Descending,217700
443,insertion,Price Descending,184133
445,insertion,Price Descending,200220
447,insertion,Price Descending,191375
449,insertion,Price Descending,180520
451,insertion,Price Descending,190720
453,insertion,Price Descending,183420
455,insertion,Price Descending,215500
457,insertion,Price Descending,322400
459,insertion,Price Descending,182725
461,insertion,Price Descending,184866
463,insertion,Price Descending,187340
465,insertion,Price Descending,191900
467,insertion,Price Descending,187200
469,insertion,Price Descending,187000
471,insertion,Price Descending,195600
473,insertion,Price Descending,204260
475,insertion,Price Descending,199075
477,insertion,Price Descending,206000
479,insertion,Price Descending,191300
481,insertion,Price Descending,192860
483,insertion,Price Descending,193775
485,insertion,Price Descending,206300
487,insertion,Price Descending,194820
489,insertion,Price Descending,198100
491,insertion,Price Descending,399540
493,insertion,Price Descending,203175
495,insertion,Price Descending,202620
497,insertion,Price Descending,203220
499,insertion,Price Descending,201150
501,insertion,Price Descending,202960
503,insertion,Price Descending,200700
505,insertion,Price Descending,216350
507,insertion,Price Descending,208580
509,insertion,Price Descending,221460
511,insertion,Price Descending,214300
513,insertion,Price Descending,205820
515,insertion,Price Descending,205225
517,insertion,Price Descending,205660
519,insertion,Price Descending,210780
521,insertion,Price Descending,210840
523,insertion,Price Descending,227750
525,insertion,Price Descending,211275
527,insertion,Price Descending,226460
529,insertion,Price Descending,212675
531,insertion,Price Descending,247380
533,insertion,Price Descending,243200
535,insertion,Price Descending,215750
537,insertion,Price Descending,220960
539,insertion,Price Descending,223350
541,insertion,Price Descending,264240
543,insertion,Price Descending,225475
545,insertion,Price Descending,220050
547,insertion,Price Descending,239150
549,insertion,Price Descending,218300
551,insertion,Price Descending,218475
553,insertion,Price Descending,227675
555,insertion,Price Descending,242400
557,insertion,Price Descending,248240
559,insertion,Price Descending,225666
561,insertion,Price Descending,235260
563,insertion,Price Descending,227725
565,insertion,Price Descending,226375
567,insertion,Price Descending,287050
569,insertion,Price Descending,262675
571,insertion,Price Descending,244933
573,insertion,Price Descending,251250
575,insertion,Price Descending,229000
577,insertion,Price Descending,236360
579,insertion,Price Descending,237175
581,insertion,Price Descending,245175
583,insertion,Price Descending,239575
585,insertion,Price Descending,252300
587,insertion,Price Descending,421766
589,insertion,Price Descending,244560
591,insertion,Price Descending,370225
593,insertion,Price Descending,252033
595,insertion,Price Descending,419500
597,insertion,Price Descending,417760
599,insertion,Price Descending,409100
601,insertion,Price Descending,414340
603,insertion,Price Descending,415100
605,insertion,Price Descending,352675
607,insertion,Price Descending,414700
609,insertion,Price Descending,2122840
611,insertion,Price Descending,397860
613,insertion,Price Descending,1499220
615,insertion,Price Descending,433580
617,insertion,Price Descending,348300
619,insertion,Price Descending,288600
621,insertion,Price Descending,448275
623,insertion,Price Descending,258220
625,insertion,Price Descending,447740
627,insertion,Price Descending,268240
629,insertion,Price Descending,261075
631,insertion,Price Descending,443275
633,insertion,Price Descending,775840
635,insertion,Price Descending,504000
637,insertion,Price Descending,409320
639,insertion,Price Descending,257340
641,insertion,Price Descending,269140
643,insertion,Price Descending,264480
645,insertion,Price Descending,279050
647,insertion,Price Descending,287025
649,insertion,Price Descending,275600
651,insertion,Price Descending,271400
653,insertion,Price Descending,280950
655,insertion,Price Descending,270200
657,insertion,Price Descending,306225
659,insertion,Price Descending,276700
661,insertion,Price Descending,283525
663,insertion,Price Descending,278775
665,insertion,Price Descending,403800
667,insertion,Price Descending,274720
669,insertion,Price Descending,279325
671,insertion,Price Descending,290875
673,insertion,Price Descending,287100
675,insertion,Price Descending,276275
677,insertion,Price Descending,425300
679,insertion,Price Descending,287625
681,insertion,Price Descending,498560
683,insertion,Price Descending,278125
685,insertion,Price Descending,293820
687,insertion,Price Descending,324960
689,insertion,Price Descending,289225
691,insertion,Price Descending,287100
693,insertion,Price Descending,284900
695,insertion,Price Descending,289080
697,insertion,Price Descending,257075
699,insertion,Price Descending,284900
701,insertion,Price Descending,294980
703,insertion,Price Descending,250375
705,insertion,Price Descending,305925
707,insertion,Price Descending,305525
709,insertion,Price Descending,269950
711,insertion,Price Descending,254025
713,insertion,Price Descending,294550
715,insertion,Price Descending,281380
717,insertion,Price Descending,365580
719,insertion,Price Descending,289400
721,insertion,Price Descending,291720
723,insertion,Price Descending,275550
725,insertion,Price Descending,271975
727,insertion,Price Descending,312400
729,insertion,Price Descending,321520
731,insertion,Price Descending,315600
733,insertion,Price Descending,305220
735,insertion,Price Descending,283740
737,insertion,Price Descending,302125
739,insertion,Price Descending,274475
741,insertion,Price Descending,275425
743,insertion,Price Descending,332660
745,insertion,Price Descending,288150
747,insertion,Price Descending,270225
749,insertion,Price Descending,293620
751,insertion,Price Descending,289940
753,insertion,Price Descending,294200
755,insertion,Price Descending,417400
757,insertion,Price Descending,268600
759,insertion,Price Descending,283333
761,insertion,Price Descending,288260
763,insertion,Price Descending,291000
765,insertion,Price Descending,279400
767,insertion,Price Descending,356650
769,insertion,Price Descending,298280
771,insertion,Price Descending,303580
773,insertion,Price Descending,287525
775,insertion,Price Descending,283000
777,insertion,Price Descending,437860
779,insertion,Price Descending,303340
781,insertion,Price Descending,279350
783,insertion,Price Descending,286780
785,insertion,Price Descending,293733
787,insertion,Price Descending,291375
789,insertion,Price Descending,488340
791,insertion,Price Descending,307920
793,insertion,Price Descending,286125
795,insertion,Price Descending,294100
797,insertion,Price Descending,308440
799,insertion,Price Descending,377550
801,insertion,Price Descending,313680
803,insertion,Price Descending,306650
805,insertion,Price Descending,313060
807,insertion,Price Descending,313275
809,insertion,Price Descending,308680
811,insertion,Price Descending,322225
813,insertion,Price Descending,324240
815,insertion,Price Descending,307240
817,insertion,Price Descending,299500
819,insertion,Price Descending,322725
821,insertion,Price Descending,415240
823,insertion,Price Descending,327125
825,insertion,Price Descending,306360
827,insertion,Price Descending,320050
829,insertion,Price Descending,329725
831,insertion,Price Descending,397440
833,insertion,Price Descending,307840
835,insertion,Price Descending,309400
837,insertion,Price Descending,321233
839,insertion,Price Descending,378220
841,insertion,Price Descending,360820
843,insertion,Price Descending,342900
845,insertion,Price Descending,324320
847,insertion,Price Descending,317240
849,insertion,Price Descending,326133
851,insertion,Price Descending,314880
853,insertion,Price Descending,366375
855,insertion,Price Descending,308133
857,insertion,Price Descending,350580
859,insertion,Price Descending,314625
861,insertion,Price Descending,432040
863,insertion,Price Descending,655133
865,insertion,Price Descending,330125
867,insertion,Price Descending,335380
869,insertion,Price Descending,359950
871,insertion,Price Descending,336700
873,insertion,Price Descending,367825
875,insertion,Price Descending,332100
877,insertion,Price Descending,332025
879,insertion,Price Descending,402100
881,insertion,Price Descending,318375
883,insertion,Price Descending,337940
885,insertion,Price Descending,347400
887,insertion,Price Descending,326400
889,insertion,Price Descending,381580
891,insertion,Price Descending,334333
893,insertion,Price Descending,428520
895,insertion,Price Descending,357540
897,insertion,Price Descending,355800
899,insertion,Price Descending,357520
901,insertion,Price Descending,337660
903,insertion,Price Descending,412740
905,insertion,Price Descending,368960
907,insertion,Price Descending,366340
909,insertion,Price Descending,338680
911,insertion,Price Descending,346475
913,insertion,Price Descending,484640
915,insertion,Price Descending,346000
917,insertion,Price Descending,391600
919,insertion,Price Descending,350420
921,insertion,Price Descending,334225
923,insertion,Price Descending,591340
925,insertion,Price Descending,330875
927,insertion,Price Descending,334050
929,insertion,Price Descending,353975
931,insertion,Price Descending,335400
933,insertion,Price Descending,603040
935,insertion,Price Descending,352260
937,insertion,Price Descending,333825
939,insertion,Price Descending,335320
941,insertion,Price Descending,345350
943,insertion,Price Descending,510600
945,insertion,Price Descending,373425
947,insertion,Price Descending,367500
949,insertion,Price Descending,364740
951,insertion,Price Descending,349125
953,insertion,Price Descending,559633
955,insertion,Price Descending,344800
957,insertion,Price Descending,359700
959,insertion,Price Descending,358240
961,insertion,Price Descending,349520
1,quick,Relevance Ascending,9200
3,quick,Relevance Ascending,19650
5,quick,Relevance Ascending,51725
7,quick,Relevance Ascending,47380
9,quick,Relevance Ascending,37925
11,quick,Relevance Ascending,19150
13,quick,Relevance Ascending,20380
15,quick,Relevance Ascending,20950
17,quick,Relevance Ascending,22200
19,quick,Relevance Ascending,23625
21,quick,Relevance Ascending,31875
23,quick,Relevance Ascending,34175
25,quick,Relevance Ascending,34560
27,quick,Relevance Ascending,35950
29,quick,Relevance Ascending,42120
31,quick,Relevance Ascending,84420
33,quick,Relevance Ascending,56700
35,quick,Relevance Ascending,56320
37,quick,Relevance Ascending,58825
39,quick,Relevance Ascending,63250
41,quick,Relevance Ascending,70066
43,quick,Relevance Ascending,76600
45,quick,Relevance Ascending,78233
47,quick,Relevance Ascending,83950
49,quick,Relevance Ascending,89200
51,quick,Relevance Ascending,97760
53,quick,Relevance Ascending,106550
55,quick,Relevance Ascending,116360
57,quick,Relevance Ascending,117920
59,quick,Relevance Ascending,119820
61,quick,Relevance Ascending,250660
63,quick,Relevance Ascending,272660
65,quick,Relevance Ascending,113660
67,quick,Relevance Ascending,71675
69,quick,Relevance Ascending,73980
71,quick,Relevance Ascending,75560
73,quick,Relevance Ascending,78875
75,quick,Relevance Ascending,87025
77,quick,Relevance Ascending,91980
79,quick,Relevance Ascending,92700
81,quick,Relevance Ascending,89600
83,quick,Relevance Ascending,95680
85,quick,Relevance Ascending,95520
87,quick,Relevance Ascending,104000
89,quick,Relevance Ascending,107420
91,quick,Relevance Ascending,111240
93,quick,Relevance Ascending,109725
95,quick,Relevance Ascending,118200
97,quick,Relevance Ascending,119300
99,quick,Relevance Ascending,122800
101,quick,Relevance Ascending,124140
103,quick,Relevance Ascending,281000
105,quick,Relevance Ascending,142920
107,quick,Relevance Ascending,152200
109,quick,Relevance Ascending,140700
111,quick,Relevance Ascending,145425
113,quick,Relevance Ascending,153033
115,quick,Relevance Ascending,155000
117,quick,Relevance Ascending,169340
119,quick,Relevance Ascending,164950
121,quick,Relevance Ascending,175560
123,quick,Relevance Ascending,184025
125,quick,Relevance Ascending,195120
127,quick,Relevance Ascending,177900
129,quick,Relevance Ascending,204175
131,quick,Relevance Ascending,261980
133,quick,Relevance Ascending,217100
135,quick,Relevance Ascending,226500
137,quick,Relevance Ascending,226020
139,quick,Relevance Ascending,214840
141,quick,Relevance Ascending,214800
143,quick,Relevance Ascending,222540
145,quick,Relevance Ascending,235280
147,quick,Relevance Ascending,247600
149,quick,Relevance Ascending,237475
151,quick,Relevance Ascending,245800
153,quick,Relevance Ascending,260925
155,quick,Relevance Ascending,265975
157,quick,Relevance Ascending,291180
159,quick,Relevance Ascending,268140
161,quick,Relevance Ascending,278320
163,quick,Relevance Ascending,285280
165,quick,Relevance Ascending,283900
167,quick,Relevance Ascending,285550
169,quick,Relevance Ascending,291800
171,quick,Relevance Ascending,502950
173,quick,Relevance Ascending,347225
175,quick,Relevance Ascending,322375
177,quick,Relevance Ascending,319100
179,quick,Relevance Ascending,329225
181,quick,Relevance Ascending,374200
183,quick,Relevance Ascending,338375
185,quick,Relevance Ascending,500500
187,quick,Relevance Ascending,372025
189,quick,Relevance Ascending,356725
191,quick,Relevance Ascending,394266
193,quick,Relevance Ascending,410720
195,quick,Relevance Ascending,395175
197,quick,Relevance Ascending,409600
199,quick,Relevance Ascending,408125
201,quick,Relevance Ascending,414025
203,quick,Relevance Ascending,430866
205,quick,Relevance Ascending,415650
207,quick,Relevance Ascending,428100
209,quick,Relevance Ascending,451975
211,quick,Relevance Ascending,536120
213,quick,Relevance Ascending,441000
215,quick,Relevance Ascending,481075
217,quick,Relevance Ascending,467650
219,quick,Relevance Ascending,469525
221,quick,Relevance Ascending,800400
223,quick,Relevance Ascending,491060
225,quick,Relevance Ascending,590220
227,quick,Relevance Ascending,483975
229,quick,Relevance Ascending,509725
231,quick,Relevance Ascending,992580
233,quick,Relevance Ascending,595840
235,quick,Relevance Ascending,562560
237,quick,Relevance Ascending,549000
239,quick,Relevance Ascending,753840
241,quick,Relevance Ascending,560075
243,quick,Relevance Ascending,559800
245,quick,Relevance Ascending,583750
247,quick,Relevance Ascending,598525
249,quick,Relevance Ascending,617150
251,quick,Relevance Ascending,676660
253,quick,Relevance Ascending,716120
255,quick,Relevance Ascending,671000
257,quick,Relevance Ascending,710960
259,quick,Relevance Ascending,681340
261,quick,Relevance Ascending,633800
263,quick,Relevance Ascending,808580
265,quick,Relevance Ascending,675725
267,quick,Relevance Ascending,683400
269,quick,Relevance Ascending,718460
271,quick,Relevance Ascending,782400
273,quick,Relevance Ascending,691975
275,quick,Relevance Ascending,725450
277,quick,Relevance Ascending,729800
279,quick,Relevance Ascending,983625
281,quick,Relevance Ascending,766520
283,quick,Relevance Ascending,751325
285,quick,Relevance Ascending,789700
287,quick,Relevance Ascending,802840
289,quick,Relevance Ascending,834000
291,quick,Relevance Ascending,825766
293,quick,Relevance Ascending,807875
295,quick,Relevance Ascending,806233
297,quick,Relevance Ascending,816325
299,quick,Relevance Ascending,953980
301,quick,Relevance Ascending,822325
303,quick,Relevance Ascending,846040
305,quick,Relevance Ascending,1081200
307,quick,Relevance Ascending,904880
309,quick,Relevance Ascending,1064020
311,quick,Relevance Ascending,918675
313,quick,Relevance Ascending,921360
315,quick,Relevance Ascending,1023700
317,quick,Relevance Ascending,979560
319,quick,Relevance Ascending,949780
321,quick,Relevance Ascending,1077080
323,quick,Relevance Ascending,966600
325,quick,Relevance Ascending,1017480
327,quick,Relevance Ascending,1209960
329,quick,Relevance Ascending,987420
331,quick,Relevance Ascending,981525
333,quick,Relevance Ascending,1254260
335,quick,Relevance Ascending,1092580
337,quick,Relevance Ascending,1059750
339,quick,Relevance Ascending,1060980
341,quick,Relevance Ascending,1040100
343,quick,Relevance Ascending,1133725
345,quick,Relevance Ascending,1078525
347,quick,Relevance Ascending,1131775
349,quick,Relevance Ascending,1102925
351,quick,Relevance Ascending,1122033
353,quick,Relevance Ascending,1419833
355,quick,Relevance Ascending,1121380
357,quick,Relevance Ascending,1426220
359,quick,Relevance Ascending,1143550
361,quick,Relevance Ascending,1338420
363,quick,Relevance Ascending,1164275
365,quick,Relevance Ascending,1178700
367,quick,Relevance Ascending,1193125
369,quick,Relevance Ascending,1225540
371,quick,Relevance Ascending,1383880
373,quick,Relevance Ascending,1229275
375,quick,Relevance Ascending,1312500
377,quick,Relevance Ascending,1306060
379,quick,Relevance Ascending,1683500
381,quick,Relevance Ascending,1478166
383,quick,Relevance Ascending,1571420
385,quick,Relevance Ascending,1457480
387,quick,Relevance Ascending,1476550
389,quick,Relevance Ascending,1516980
391,quick,Relevance Ascending,1572900
393,quick,Relevance Ascending,1529575
395,quick,Relevance Ascending,1541375
397,quick,Relevance Ascending,1677740
399,quick,Relevance Ascending,1661880
401,quick,Relevance Ascending,1594275
403,quick,Relevance Ascending,1638140
405,quick,Relevance Ascending,1680225
407,quick,Relevance Ascending,1646820
409,quick,Relevance Ascending,1817700
411,quick,Relevance Ascending,1648150
413,quick,Relevance Ascending,1747900
415,quick,Relevance Ascending,1813440
417,quick,Relevance Ascending,1762720
419,quick,Relevance Ascending,2095620
421,quick,Relevance Ascending,1787400
423,quick,Relevance Ascending,1753900
425,quick,Relevance Ascending,1900460
427,quick,Relevance Ascending,1779675
429,quick,Relevance Ascending,1788720
431,quick,Relevance Ascending,2126780
433,quick,Relevance Ascending,1871675
435,quick,Relevance Ascending,1835500
437,quick,Relevance Ascending,2022060
439,quick,Relevance Ascending,1892650
441,quick,Relevance Ascending,1916975
443,quick,Relevance Ascending,1948550
445,quick,Relevance Ascending,2038660
447,quick,Relevance Ascending,1960680
449,quick,Relevance Ascending,1988300
451,quick,Relevance Ascending,2097880
453,quick,Relevance Ascending,2055050
455,quick,Relevance Ascending,2051475
457,quick,Relevance Ascending,2245980
459,quick,Relevance Ascending,2203850
461,quick,Relevance Ascending,2087375
463,quick,Relevance Ascending,2109975
465,quick,Relevance Ascending,2182325
467,quick,Relevance Ascending,2207325
469,quick,Relevance Ascending,2108825
471,quick,Relevance Ascending,2171500
473,quick,Relevance Ascending,2452180
475,quick,Relevance Ascending,2478040
477,quick,Relevance Ascending,2215175
479,quick,Relevance Ascending,2242520
481,quick,Relevance Ascending,2265225
483,quick,Relevance Ascending,2551400
485,quick,Relevance Ascending,2366925
487,quick,Relevance Ascending,2511140
489,quick,Relevance Ascending,2613460
491,quick,Relevance Ascending,2382575
493,quick,Relevance Ascending,2608060
495,quick,Relevance Ascending,2393350
497,quick,Relevance Ascending,2580100
499,quick,Relevance Ascending,2566660
501,quick,Relevance Ascending,2587340
503,quick,Relevance Ascending,2473750
505,quick,Relevance Ascending,2638900
507,quick,Relevance Ascending,2725040
509,quick,Relevance Ascending,2856020
511,quick,Relevance Ascending,2722180
513,quick,Relevance Ascending,2811680
515,quick,Relevance Ascending,2916420
517,quick,Relevance Ascending,2587675
519,quick,Relevance Ascending,2610325
521,quick,Relevance Ascending,2605125
523,quick,Relevance Ascending,2655050
525,quick,Relevance Ascending,2628150
527,quick,Relevance Ascending,2688575
529,quick,Relevance Ascending,2729825
531,quick,Relevance Ascending,2854280
533,quick,Relevance Ascending,2738075
535,quick,Relevance Ascending,2812575
537,quick,Relevance Ascending,2859850
539,quick,Relevance Ascending,2950350
541,quick,Relevance Ascending,2893925
543,quick,Relevance Ascending,2966775
545,quick,Relevance Ascending,3063780
547,quick,Relevance Ascending,3166500
549,quick,Relevance Ascending,2989325
551,quick,Relevance Ascending,3121780
553,quick,Relevance Ascending,2996950
555,quick,Relevance Ascending,3219980
557,quick,Relevance Ascending,3067175
559,quick,Relevance Ascending,3035675
561,quick,Relevance Ascending,3132800
563,quick,Relevance Ascending,3078125
565,quick,Relevance Ascending,3013600
567,quick,Relevance Ascending,3103475
569,quick,Relevance Ascending,3254720
571,quick,Relevance Ascending,3242980
573,quick,Relevance Ascending,3322380
575,quick,Relevance Ascending,3200025
577,quick,Relevance Ascending,3216275
579,quick,Relevance Ascending,3433880
581,quick,Relevance Ascending,3324240
583,quick,Relevance Ascending,3422820
585,quick,Relevance Ascending,3490140
587,quick,Relevance Ascending,3321900
589,quick,Relevance Ascending,3396475
591,quick,Relevance Ascending,3339575
593,quick,Relevance Ascending,3404925
595,quick,Relevance Ascending,3399700
597,quick,Relevance Ascending,3549240
599,quick,Relevance Ascending,3635740
601,quick,Relevance Ascending,3604860
603,quick,Relevance Ascending,3605675
605,quick,Relevance Ascending,3723420
607,quick,Relevance Ascending,3700000
609,quick,Relevance Ascending,3733540
611,quick,Relevance Ascending,3746060
613,quick,Relevance Ascending,3773320
615,quick,Relevance Ascending,3748175
617,quick,Relevance Ascending,3666000
619,quick,Relevance Ascending,3798980
621,quick,Relevance Ascending,3979620
623,quick,Relevance Ascending,3932960
625,quick,Relevance Ascending,3727775
627,quick,Relevance Ascending,4123200
629,quick,Relevance Ascending,3981960
631,quick,Relevance Ascending,3855100
633,quick,Relevance Ascending,3969120
635,quick,Relevance Ascending,4059200
637,quick,Relevance Ascending,3970200
639,quick,Relevance Ascending,4040180
641,quick,Relevance Ascending,4161560
643,quick,Relevance Ascending,4114566
645,quick,Relevance Ascending,4227760
647,quick,Relevance Ascending,4424820
649,quick,Relevance Ascending,4031375
651,quick,Relevance Ascending,4121475
653,quick,Relevance Ascending,4192360
655,quick,Relevance Ascending,4108350
657,quick,Relevance Ascending,4239675
659,quick,Relevance Ascending,4412340
661,quick,Relevance Ascending,4217866
663,quick,Relevance Ascending,4573880
665,quick,Relevance Ascending,4271400
667,quick,Relevance Ascending,4506120
669,quick,Relevance Ascending,4308175
671,quick,Relevance Ascending,5977133
673,quick,Relevance Ascending,4507275
675,quick,Relevance Ascending,4322350
677,quick,Relevance Ascending,4547400
679,quick,Relevance Ascending,4762880
681,quick,Relevance Ascending,4604800
683,quick,Relevance Ascending,4626440
685,quick,Relevance Ascending,4745940
687,quick,Relevance Ascending,4525500
689,quick,Relevance Ascending,4847360
691,quick,Relevance Ascending,4452900
693,quick,Relevance Ascending,4993400
695,quick,Relevance Ascending,4525675
697,quick,Relevance Ascending,4956000
699,quick,Relevance Ascending,5040020
701,quick,Relevance Ascending,5003920
703,quick,Relevance Ascending,4815560
705,quick,Relevance Ascending,4803475
707,quick,Relevance Ascending,5217180
709,quick,Relevance Ascending,5238040
711,quick,Relevance Ascending,5205960
713,quick,Relevance Ascending,5119540
715,quick,Relevance Ascending,4871833
717,quick,Relevance Ascending,5381700
719,quick,Relevance Ascending,5432060
721,quick,Relevance Ascending,5101700
723,quick,Relevance Ascending,5239200
725,quick,Relevance Ascending,5271940
727,quick,Relevance Ascending,5218000
729,quick,Relevance Ascending,5384280
731,quick,Relevance Ascending,5402700
733,quick,Relevance Ascending,5021175
735,quick,Relevance Ascending,5411280
737,quick,Relevance Ascending,5545580
739,quick,Relevance Ascending,5800860
741,quick,Relevance Ascending,5423320
743,quick,Relevance Ascending,5545300
745,quick,Relevance Ascending,5665775
747,quick,Relevance Ascending,5757180
749,quick,Relevance Ascending,5894433
751,quick,Relevance Ascending,5554900
753,quick,Relevance Ascending,5374175
755,quick,Relevance Ascending,5731280
757,quick,Relevance Ascending,5731480
759,quick,Relevance Ascending,5683440
761,quick,Relevance Ascending,5793066
763,quick,Relevance Ascending,5571225
765,quick,Relevance Ascending,5685180
767,quick,Relevance Ascending,5988780
769,quick,Relevance Ascending,5977800
771,quick,Relevance Ascending,5989900
773,quick,Relevance Ascending,5900050
775,quick,Relevance Ascending,5882200
777,quick,Relevance Ascending,6077700
779,quick,Relevance Ascending,6021160
781,quick,Relevance Ascending,5992075
783,quick,Relevance Ascending,5973420
785,quick,Relevance Ascending,6151540
787,quick,Relevance Ascending,5895400
789,quick,Relevance Ascending,5929175
791,quick,Relevance Ascending,6150780
793,quick,Relevance Ascending,6122840
795,quick,Relevance Ascending,6314040
797,quick,Relevance Ascending,6185480
799,quick,Relevance Ascending,6296840
801,quick,Relevance Ascending,6480540
803,quick,Relevance Ascending,6318700
805,quick,Relevance Ascending,6702800
807,quick,Relevance Ascending,6610280
809,quick,Relevance Ascending,6700020
811,quick,Relevance Ascending,6558640
813,quick,Relevance Ascending,6640350
815,quick,Relevance Ascending,6460875
817,quick,Relevance Ascending,6847520
819,quick,Relevance Ascending,6693380
821,quick,Relevance Ascending,6668150
823,quick,Relevance Ascending,6774420
825,quick,Relevance Ascending,6757740
827,quick,Relevance Ascending,6813960
829,quick,Relevance Ascending,6705675
831,quick,Relevance Ascending,6673325
833,quick,Relevance Ascending,6921233
835,quick,Relevance Ascending,7211480
837,quick,Relevance Ascending,6449660
839,quick,Relevance Ascending,6307860
841,quick,Relevance Ascending,6493480
843,quick,Relevance Ascending,6422675
845,quick,Relevance Ascending,7276060
847,quick,Relevance Ascending,8674820
849,quick,Relevance Ascending,6755675
851,quick,Relevance Ascending,6699220
853,quick,Relevance Ascending,6691660
855,quick,Relevance Ascending,6591020
857,quick,Relevance Ascending,6571320
859,quick,Relevance Ascending,7332550
861,quick,Relevance Ascending,8554620
863,quick,Relevance Ascending,7776020
865,quick,Relevance Ascending,6962120
867,quick,Relevance Ascending,7188840
869,quick,Relevance Ascending,6817240
871,quick,Relevance Ascending,6770180
873,quick,Relevance Ascending,7317760
875,quick,Relevance Ascending,6901780
877,quick,Relevance Ascending,6916020
879,quick,Relevance Ascending,6873960
881,quick,Relevance Ascending,7093100
883,quick,Relevance Ascending,7106060
885,quick,Relevance Ascending,7179375
887,quick,Relevance Ascending,7215240
889,quick,Relevance Ascending,7624950
891,quick,Relevance Ascending,7574100
893,quick,Relevance Ascending,7599680
895,quick,Relevance Ascending,7895580
897,quick,Relevance Ascending,7924375
899,quick,Relevance Ascending,7952920
901,quick,Relevance Ascending,7703700
903,quick,Relevance Ascending,7883400
905,quick,Relevance Ascending,8031860
907,quick,Relevance Ascending,8050980
909,quick,Relevance Ascending,7857460
911,quick,Relevance Ascending,8013440
913,quick,Relevance Ascending,8116300
915,quick,Relevance Ascending,8237240
917,quick,Relevance Ascending,8478500
919,quick,Relevance Ascending,8450860
921,quick,Relevance Ascending,8254325
923,quick,Relevance Ascending,8502560
925,quick,Relevance Ascending,8465700
927,quick,Relevance Ascending,8609900
929,quick,Relevance Ascending,8488680
931,quick,Relevance Ascending,8743900
933,quick,Relevance Ascending,8757460
935,quick,Relevance Ascending,8708760
937,quick,Relevance Ascending,8757220
939,quick,Relevance Ascending,8819980
941,quick,Relevance Ascending,8869540
943,quick,Relevance Ascending,9583200
945,quick,Relevance Ascending,8876180
947,quick,Relevance Ascending,8960680
949,quick,Relevance Ascending,8726425
951,quick,Relevance Ascending,9121640
953,quick,Relevance Ascending,9080300
955,quick,Relevance Ascending,9814840
957,quick,Relevance Ascending,8455300
959,quick,Relevance Ascending,8277633
961,quick,Relevance Ascending,8485260
1,insertion,Relevance Ascending,9940
3,insertion,Relevance Ascending,11000
5,insertion,Relevance Ascending,8420
7,insertion,Relevance Ascending,9150
9,insertion,Relevance Ascending,13275
11,insertion,Relevance Ascending,12025
13,insertion,Relevance Ascending,13450
15,insertion,Relevance Ascending,12540
17,insertion,Relevance Ascending,15250
19,insertion,Relevance Ascending,15000
21,insertion,Relevance Ascending,19400
23,insertion,Relevance Ascending,16000
25,insertion,Relevance Ascending,17975
27,insertion,Relevance Ascending,17275
29,insertion,Relevance Ascending,24700
31,insertion,Relevance Ascending,21280
33,insertion,Relevance Ascending,19260
35,insertion,Relevance Ascending,20100
37,insertion,Relevance Ascending,22740
39,insertion,Relevance Ascending,24875
41,insertion,Relevance Ascending,22300
43,insertion,Relevance Ascending,22775
45,insertion,Relevance Ascending,26920
47,insertion,Relevance Ascending,28325
49,insertion,Relevance Ascending,58225
51,insertion,Relevance Ascending,28940
53,insertion,Relevance Ascending,32740
55,insertion,Relevance Ascending,40850
57,insertion,Relevance Ascending,36960
59,insertion,Relevance Ascending,37200
61,insertion,Relevance Ascending,32825
63,insertion,Relevance Ascending,32266
65,insertion,Relevance Ascending,36725
67,insertion,Relevance Ascending,34025
69,insertion,Relevance Ascending,32660
71,insertion,Relevance Ascending,46380
73,insertion,Relevance Ascending,34550
75,insertion,Relevance Ascending,40960
77,insertion,Relevance Ascending,37680
79,insertion,Relevance Ascending,41940
81,insertion,Relevance Ascending,44050
83,insertion,Relevance Ascending,41066
85,insertion,Relevance Ascending,45825
87,insertion,Relevance Ascending,39600
89,insertion,Relevance Ascending,40875
91,insertion,Relevance Ascending,41260
93,insertion,Relevance Ascending,46750
95,insertion,Relevance Ascending,43025
97,insertion,Relevance Ascending,49280
99,insertion,Relevance Ascending,44420
101,insertion,Relevance Ascending,48240
103,insertion,Relevance Ascending,48340
105,insertion,Relevance Ascending,53133
107,insertion,Relevance Ascending,49500
109,insertion,Relevance Ascending,48150
111,insertion,Relevance Ascending,52800
113,insertion,Relevance Ascending,55940
115,insertion,Relevance Ascending,67400
117,insertion,Relevance Ascending,58425
119,insertion,Relevance Ascending,59580
121,insertion,Relevance Ascending,57980
123,insertion,Relevance Ascending,53350
125,insertion,Relevance Ascending,55580
127,insertion,Relevance Ascending,56220
129,insertion,Relevance Ascending,55660
131,insertion,Relevance Ascending,62880
133,insertion,Relevance Ascending,57500
135,insertion,Relevance Ascending,57725
137,insertion,Relevance Ascending,60560
139,insertion,Relevance Ascending,60300
141,insertion,Relevance Ascending,61880
143,insertion,Relevance Ascending,61050
145,insertion,Relevance Ascending,57300
147,insertion,Relevance Ascending,69340
149,insertion,Relevance Ascending,66760
151,insertion,Relevance Ascending,63333
153,insertion,Relevance Ascending,61660
155,insertion,Relevance Ascending,61325
157,insertion,Relevance Ascending,106460
159,insertion,Relevance Ascending,73300
161,insertion,Relevance Ascending,95280
163,insertion,Relevance Ascending,91400
165,insertion,Relevance Ascending,102033
167,insertion,Relevance Ascending,78450
169,insertion,Relevance Ascending,70900
171,insertion,Relevance Ascending,72860
173,insertion,Relevance Ascending,81320
175,insertion,Relevance Ascending,75550
177,insertion,Relevance Ascending,75600
179,insertion,Relevance Ascending,98740
181,insertion,Relevance Ascending,78540
183,insertion,Relevance Ascending,88160
185,insertion,Relevance Ascending,84625
187,insertion,Relevance Ascending,83450
189,insertion,Relevance Ascending,78920
191,insertion,Relevance Ascending,85520
193,insertion,Relevance Ascending,85740
195,insertion,Relevance Ascending,89050
197,insertion,Relevance Ascending,97425
199,insertion,Relevance Ascending,97440
201,insertion,Relevance Ascending,89380
203,insertion,Relevance Ascending,84060
205,insertion,Relevance Ascending,80380
207,insertion,Relevance Ascending,90300
209,insertion,Relevance Ascending,85160
211,insertion,Relevance Ascending,92525
213,insertion,Relevance Ascending,102450
215,insertion,Relevance Ascending,86525
217,insertion,Relevance Ascending,92800
219,insertion,Relevance Ascending,97700
221,insertion,Relevance Ascending,86100
223,insertion,Relevance Ascending,92040
225,insertion,Relevance Ascending,136850
227,insertion,Relevance Ascending,96200
229,insertion,Relevance Ascending,86300
231,insertion,Relevance Ascending,88050
233,insertion,Relevance Ascending,103560
235,insertion,Relevance Ascending,97000
237,insertion,Relevance Ascending,95000
239,insertion,Relevance Ascending,102760
241,insertion,Relevance Ascending,104800
243,insertion,Relevance Ascending,109200
245,insertion,Relevance Ascending,107300
247,insertion,Relevance Ascending,95800
249,insertion,Relevance Ascending,100600
251,insertion,Relevance Ascending,154725
253,insertion,Relevance Ascending,113800
255,insertion,Relevance Ascending,100920
257,insertion,Relevance Ascending,100280
259,insertion,Relevance Ascending,106220
261,insertion,Relevance Ascending,108200
263,insertion,Relevance Ascending,109820
265,insertion,Relevance Ascending,104020
267,insertion,Relevance Ascending,152340
269,insertion,Relevance Ascending,118980
271,insertion,Relevance Ascending,102325
273,insertion,Relevance Ascending,123933
275,insertion,Relevance Ascending,139560
277,insertion,Relevance Ascending,106500
279,insertion,Relevance Ascending,106700
281,insertion,Relevance Ascending,117125
283,insertion,Relevance Ascending,122420
285,insertion,Relevance Ascending,117460
287,insertion,Relevance Ascending,116520
289,insertion,Relevance Ascending,114950
291,insertion,Relevance Ascending,129860
293,insertion,Relevance Ascending,134200
295,insertion,Relevance Ascending,131520
297,insertion,Relevance Ascending,131540
299,insertion,Relevance Ascending,125540
301,insertion,Relevance Ascending,120350
303,insertion,Relevance Ascending,122600
305,insertion,Relevance Ascending,123975
307,insertion,Relevance Ascending,120280
309,insertion,Relevance Ascending,120950
311,insertion,Relevance Ascending,116466
313,insertion,Relevance Ascending,133825
315,insertion,Relevance Ascending,130775
317,insertion,Relevance Ascending,209620
319,insertion,Relevance Ascending,143720
321,insertion,Relevance Ascending,131360
323,insertion,Relevance Ascending,149800
325,insertion,Relevance Ascending,121675
327,insertion,Relevance Ascending,129500
329,insertion,Relevance Ascending,124000
331,insertion,Relevance Ascending,126550
333,insertion,Relevance Ascending,128400
335,insertion,Relevance Ascending,200300
337,insertion,Relevance Ascending,137300
339,insertion,Relevance Ascending,137375
341,insertion,Relevance Ascending,159300
343,insertion,Relevance Ascending,149960
345,insertion,Relevance Ascending,128650
347,insertion,Relevance Ascending,134320
349,insertion,Relevance Ascending,139820
351,insertion,Relevance Ascending,147500
353,insertion,Relevance Ascending,163133
355,insertion,Relevance Ascending,150925
357,insertion,Relevance Ascending,140120
359,insertion,Relevance Ascending,139280
361,insertion,Relevance Ascending,156720
363,insertion,Relevance Ascending,184325
365,insertion,Relevance Ascending,147775
367,insertion,Relevance Ascending,140880
369,insertion,Relevance Ascending,141100
371,insertion,Relevance Ascending,149620
373,insertion,Relevance Ascending,144800
375,insertion,Relevance Ascending,166300
377,insertion,Relevance Ascending,145480
379,insertion,Relevance Ascending,151080
381,insertion,Relevance Ascending,149260
383,insertion,Relevance Ascending,170825
385,insertion,Relevance Ascending,209666
387,insertion,Relevance Ascending,155380
389,insertion,Relevance Ascending,151520
391,insertion,Relevance Ascending,154600
393,insertion,Relevance Ascending,152460
395,insertion,Relevance Ascending,148675
397,insertion,Relevance Ascending,172040
399,insertion,Relevance Ascending,168240
401,insertion,Relevance Ascending,173840
403,insertion,Relevance Ascending,153325
405,insertion,Relevance Ascending,175625
407,insertion,Relevance Ascending,179675
409,insertion,Relevance Ascending,152460
411,insertion,Relevance Ascending,163133
413,insertion,Relevance Ascending,165575
415,insertion,Relevance Ascending,169375
417,insertion,Relevance Ascending,162950
419,insertion,Relevance Ascending,166020
421,insertion,Relevance Ascending,159020
423,insertion,Relevance Ascending,162920
425,insertion,Relevance Ascending,175725
427,insertion,Relevance Ascending,221550
429,insertion,Relevance Ascending,173700
431,insertion,Relevance Ascending,164580
433,insertion,Relevance Ascending,170160
435,insertion,Relevance Ascending,198460
437,insertion,Relevance Ascending,165400
439,insertion,Relevance Ascending,174680
441,insertion,Relevance Ascending,170220
443,insertion,Relevance Ascending,186550
445,insertion,Relevance Ascending,202125
447,insertion,Relevance Ascending,230825
449,insertion,Relevance Ascending,170800
451,insertion,Relevance Ascending,173860
453,insertion,Relevance Ascending,182675
455,insertion,Relevance Ascending,189825
457,insertion,Relevance Ascending,178040
459,insertion,Relevance Ascending,178700
461,insertion,Relevance Ascending,171700
463,insertion,Relevance Ascending,173400
465,insertion,Relevance Ascending,233980
467,insertion,Relevance Ascending,210980
469,insertion,Relevance Ascending,173600
471,insertion,Relevance Ascending,184000
473,insertion,Relevance Ascending,176250
475,insertion,Relevance Ascending,199650
477,insertion,Relevance Ascending,175860
479,insertion,Relevance Ascending,193400
481,insertion,Relevance Ascending,195640
483,insertion,Relevance Ascending,261940
485,insertion,Relevance Ascending,206640
487,insertion,Relevance Ascending,181525
489,insertion,Relevance Ascending,190800
491,insertion,Relevance Ascending,183060
493,insertion,Relevance Ascending,190250
495,insertion,Relevance Ascending,182360
497,insertion,Relevance Ascending,186100
499,insertion,Relevance Ascending,209000
501,insertion,Relevance Ascending,198100
503,insertion,Relevance Ascending,203480
505,insertion,Relevance Ascending,203025
507,insertion,Relevance Ascending,195075
509,insertion,Relevance Ascending,189680
511,insertion,Relevance Ascending,186625
513,insertion,Relevance Ascending,197800
515,insertion,Relevance Ascending,305120
517,insertion,Relevance Ascending,204420
519,insertion,Relevance Ascending,194925
521,insertion,Relevance Ascending,195800
523,insertion,Relevance Ascending,196233
525,insertion,Relevance Ascending,196560
527,insertion,Relevance Ascending,195700
529,insertion,Relevance Ascending,203850
531,insertion,Relevance Ascending,324440
533,insertion,Relevance Ascending,269300
535,insertion,Relevance Ascending,213500
537,insertion,Relevance Ascending,200850
539,insertion,Relevance Ascending,202900
541,insertion,Relevance Ascending,202125
543,insertion,Relevance Ascending,198875
545,insertion,Relevance Ascending,202640
547,insertion,Relevance Ascending,276000
549,insertion,Relevance Ascending,214700
551,insertion,Relevance Ascending,207800
553,insertion,Relevance Ascending,212620
555,insertion,Relevance Ascending,207840
557,insertion,Relevance Ascending,214980
559,insertion,Relevance Ascending,214500
561,insertion,Relevance Ascending,232900
563,insertion,Relevance Ascending,231540
565,insertion,Relevance Ascending,222160
567,insertion,Relevance Ascending,241350
569,insertion,Relevance Ascending,214600
571,insertion,Relevance Ascending,214550
573,insertion,Relevance Ascending,221350
575,insertion,Relevance Ascending,216425
577,insertion,Relevance Ascending,305960
579,insertion,Relevance Ascending,228000
581,insertion,Relevance Ascending,216425
583,insertion,Relevance Ascending,217060
585,insertion,Relevance Ascending,220960
587,insertion,Relevance Ascending,220375
589,insertion,Relevance Ascending,234020
591,insertion,Relevance Ascending,239460
593,insertion,Relevance Ascending,227050
595,insertion,Relevance Ascending,217975
597,insertion,Relevance Ascending,237200
599,insertion,Relevance Ascending,229175
601,insertion,Relevance Ascending,253925
603,insertion,Relevance Ascending,230650
605,insertion,Relevance Ascending,364600
607,insertion,Relevance Ascending,236375
609,insertion,Relevance Ascending,247575
611,insertion,Relevance Ascending,229400
613,insertion,Relevance Ascending,246600
615,insertion,Relevance Ascending,258960
617,insertion,Relevance Ascending,234250
619,insertion,Relevance Ascending,275075
621,insertion,Relevance Ascending,254500
623,insertion,Relevance Ascending,242025
625,insertion,Relevance Ascending,261440
627,insertion,Relevance Ascending,235025
629,insertion,Relevance Ascending,234600
631,insertion,Relevance Ascending,229225
633,insertion,Relevance Ascending,335940
635,insertion,Relevance Ascending,270600
637,insertion,Relevance Ascending,263760
639,insertion,Relevance Ascending,275175
641,insertion,Relevance Ascending,251600
643,insertion,Relevance Ascending,268620
645,insertion,Relevance Ascending,244075
647,insertion,Relevance Ascending,298100
649,insertion,Relevance Ascending,246275
651,insertion,Relevance Ascending,237040
653,insertion,Relevance Ascending,251400
655,insertion,Relevance Ascending,239880
657,insertion,Relevance Ascending,249800
659,insertion,Relevance Ascending,284950
661,insertion,Relevance Ascending,266475
663,insertion,Relevance Ascending,249700
665,insertion,Relevance Ascending,294860
667,insertion,Relevance Ascending,272750
669,insertion,Relevance Ascending,264750
671,insertion,Relevance Ascending,277800
673,insertion,Relevance Ascending,313520
675,insertion,Relevance Ascending,248140
677,insertion,Relevance Ascending,269100
679,insertion,Relevance Ascending,268766
681,insertion,Relevance Ascending,267200
683,insertion,Relevance Ascending,299350
685,insertion,Relevance Ascending,323325
687,insertion,Relevance Ascending,262380
689,insertion,Relevance Ascending,252500
691,insertion,Relevance Ascending,272600
693,insertion,Relevance Ascending,257150
695,insertion,Relevance Ascending,260650
697,insertion,Relevance Ascending,404500
699,insertion,Relevance Ascending,272900
701,insertion,Relevance Ascending,266450
703,insertion,Relevance Ascending,262625
705,insertion,Relevance Ascending,263800
707,insertion,Relevance Ascending,269460
709,insertion,Relevance Ascending,319780
711,insertion,Relevance Ascending,298880
713,insertion,Relevance Ascending,282700
715,insertion,Relevance Ascending,265140
717,insertion,Relevance Ascending,274575
719,insertion,Relevance Ascending,281225
721,insertion,Relevance Ascending,308325
723,insertion,Relevance Ascending,293450
725,insertion,Relevance Ascending,265600
727,insertion,Relevance Ascending,271950
729,insertion,Relevance Ascending,270475
731,insertion,Relevance Ascending,291340
733,insertion,Relevance Ascending,319400
735,insertion,Relevance Ascending,329025
737,insertion,Relevance Ascending,274100
739,insertion,Relevance Ascending,268933
741,insertion,Relevance Ascending,275525
743,insertion,Relevance Ascending,322460
745,insertion,Relevance Ascending,319200
747,insertion,Relevance Ascending,322740
749,insertion,Relevance Ascending,276180
751,insertion,Relevance Ascending,293220
753,insertion,Relevance Ascending,282850
755,insertion,Relevance Ascending,295980
757,insertion,Relevance Ascending,305125
759,insertion,Relevance Ascending,305275
761,insertion,Relevance Ascending,287100
763,insertion,Relevance Ascending,317160
765,insertion,Relevance Ascending,312266
767,insertion,Relevance Ascending,370460
769,insertion,Relevance Ascending,329700
771,insertion,Relevance Ascending,285250
773,insertion,Relevance Ascending,299720
775,insertion,Relevance Ascending,320840
777,insertion,Relevance Ascending,295125
779,insertion,Relevance Ascending,344460
781,insertion,Relevance Ascending,289000
783,insertion,Relevance Ascending,296225
785,insertion,Relevance Ascending,367550
787,insertion,Relevance Ascending,343200
789,insertion,Relevance Ascending,347000
791,insertion,Relevance Ascending,351980
793,insertion,Relevance Ascending,325725
795,insertion,Relevance Ascending,344600
797,insertion,Relevance Ascending,378500
799,insertion,Relevance Ascending,326080
801,insertion,Relevance Ascending,333475
803,insertion,Relevance Ascending,365050
805,insertion,Relevance Ascending,360860
807,insertion,Relevance Ascending,395880
809,insertion,Relevance Ascending,332320
811,insertion,Relevance Ascending,378050
813,insertion,Relevance Ascending,705625
815,insertion,Relevance Ascending,1640740
817,insertion,Relevance Ascending,748525
819,insertion,Relevance Ascending,344350
821,insertion,Relevance Ascending,361700
823,insertion,Relevance Ascending,343250
825,insertion,Relevance Ascending,349766
827,insertion,Relevance Ascending,358425
829,insertion,Relevance Ascending,354920
831,insertion,Relevance Ascending,355420
833,insertion,Relevance Ascending,348020
835,insertion,Relevance Ascending,343220
837,insertion,Relevance Ascending,456420
839,insertion,Relevance Ascending,359800
841,insertion,Relevance Ascending,363520
843,insertion,Relevance Ascending,360133
845,insertion,Relevance Ascending,346350
847,insertion,Relevance Ascending,419160
849,insertion,Relevance Ascending,446760
851,insertion,Relevance Ascending,357250
853,insertion,Relevance Ascending,384950
855,insertion,Relevance Ascending,373680
857,insertion,Relevance Ascending,396400
859,insertion,Relevance Ascending,381100
861,insertion,Relevance Ascending,382400
863,insertion,Relevance Ascending,363066
865,insertion,Relevance Ascending,357150
867,insertion,Relevance Ascending,594400
869,insertion,Relevance Ascending,359075
871,insertion,Relevance Ascending,361050
873,insertion,Relevance Ascending,384440
875,insertion,Relevance Ascending,496500
877,insertion,Relevance Ascending,368775
879,insertion,Relevance Ascending,368060
881,insertion,Relevance Ascending,357825
883,insertion,Relevance Ascending,384920
885,insertion,Relevance Ascending,480050
887,insertion,Relevance Ascending,489800
889,insertion,Relevance Ascending,370720
891,insertion,Relevance Ascending,387925
893,insertion,Relevance Ascending,624150
895,insertion,Relevance Ascending,363300
897,insertion,Relevance Ascending,366380
899,insertion,Relevance Ascending,390760
901,insertion,Relevance Ascending,694200
903,insertion,Relevance Ascending,382250
905,insertion,Relevance Ascending,380580
907,insertion,Relevance Ascending,388600
909,insertion,Relevance Ascending,544100
911,insertion,Relevance Ascending,420100
913,insertion,Relevance Ascending,380875
915,insertion,Relevance Ascending,531720
917,insertion,Relevance Ascending,762660
919,insertion,Relevance Ascending,481625
921,insertion,Relevance Ascending,462475
923,insertion,Relevance Ascending,521400
925,insertion,Relevance Ascending,462700
927,insertion,Relevance Ascending,408233
929,insertion,Relevance Ascending,394550
931,insertion,Relevance Ascending,420825
933,insertion,Relevance Ascending,605650
935,insertion,Relevance Ascending,401060
937,insertion,Relevance Ascending,583740
939,insertion,Relevance Ascending,509300
941,insertion,Relevance Ascending,660475
943,insertion,Relevance Ascending,429175
945,insertion,Relevance Ascending,1179700
947,insertion,Relevance Ascending,423100
949,insertion,Relevance Ascending,406775
951,insertion,Relevance Ascending,417040
953,insertion,Relevance Ascending,474850
955,insertion,Relevance Ascending,426350
957,insertion,Relevance Ascending,630180
959,insertion,Relevance Ascending,469925
961,insertion,Relevance Ascending,545800
1,quick,Rating Ascending,9040
3,quick,Rating Ascending,30720
5,quick,Rating Ascending,12700
7,quick,Rating Ascending,14650
9,quick,Rating Ascending,20975
11,quick,Rating Ascending,18425
13,quick,Rating Ascending,21050
15,quick,Rating Ascending,26400
17,quick,Rating Ascending,32000
19,quick,Rating Ascending,35750
21,quick,Rating Ascending,61820
23,quick,Rating Ascending,47650
25,quick,Rating Ascending,43920
27,quick,Rating Ascending,46700
29,quick,Rating Ascending,53225
31,quick,Rating Ascending,55075
33,quick,Rating Ascending,62175
35,quick,Rating Ascending,90960
37,quick,Rating Ascending,75075
39,quick,Rating Ascending,86140
41,quick,Rating Ascending,78050
43,quick,Rating Ascending,83220
45,quick,Rating Ascending,90600
47,quick,Rating Ascending,96650
49,quick,Rating Ascending,105750
51,quick,Rating Ascending,118820
53,quick,Rating Ascending,257800
55,quick,Rating Ascending,238400
57,quick,Rating Ascending,163025
59,quick,Rating Ascending,149300
61,quick,Rating Ascending,172500
63,quick,Rating Ascending,171750
65,quick,Rating Ascending,170280
67,quick,Rating Ascending,181500
69,quick,Rating Ascending,186700
71,quick,Rating Ascending,219840
73,quick,Rating Ascending,245160
75,quick,Rating Ascending,156700
77,quick,Rating Ascending,166480
79,quick,Rating Ascending,169940
81,quick,Rating Ascending,200775
83,quick,Rating Ascending,276080
85,quick,Rating Ascending,206860
87,quick,Rating Ascending,202100
89,quick,Rating Ascending,210000
91,quick,Rating Ascending,216350
93,quick,Rating Ascending,242175
95,quick,Rating Ascending,237800
97,quick,Rating Ascending,242420
99,quick,Rating Ascending,251880
101,quick,Rating Ascending,262900
103,quick,Rating Ascending,362280
105,quick,Rating Ascending,296450
107,quick,Rating Ascending,346500
109,quick,Rating Ascending,300525
111,quick,Rating Ascending,316066
113,quick,Rating Ascending,317700
115,quick,Rating Ascending,331675
117,quick,Rating Ascending,350850
119,quick,Rating Ascending,408740
121,quick,Rating Ascending,410740
123,quick,Rating Ascending,379975
125,quick,Rating Ascending,396820
127,quick,Rating Ascending,399550
129,quick,Rating Ascending,437840
131,quick,Rating Ascending,442960
133,quick,Rating Ascending,446025
135,quick,Rating Ascending,575800
137,quick,Rating Ascending,460900
139,quick,Rating Ascending,476725
141,quick,Rating Ascending,492000
143,quick,Rating Ascending,526280
145,quick,Rating Ascending,735940
147,quick,Rating Ascending,568325
149,quick,Rating Ascending,954400
151,quick,Rating Ascending,556275
153,quick,Rating Ascending,847060
155,quick,Rating Ascending,576225
157,quick,Rating Ascending,602380
159,quick,Rating Ascending,604300
161,quick,Rating Ascending,645400
163,quick,Rating Ascending,636900
165,quick,Rating Ascending,651620
167,quick,Rating Ascending,668350
169,quick,Rating Ascending,731980
171,quick,Rating Ascending,863140
173,quick,Rating Ascending,715100
175,quick,Rating Ascending,726750
177,quick,Rating Ascending,905240
179,quick,Rating Ascending,771080
181,quick,Rating Ascending,772850
183,quick,Rating Ascending,880900
185,quick,Rating Ascending,1009760
187,quick,Rating Ascending,830400
189,quick,Rating Ascending,919050
191,quick,Rating Ascending,951120
193,quick,Rating Ascending,909200
195,quick,Rating Ascending,906800
197,quick,Rating Ascending,940925
199,quick,Rating Ascending,920850
201,quick,Rating Ascending,946550
203,quick,Rating Ascending,1045600
205,quick,Rating Ascending,982960
207,quick,Rating Ascending,1077940
209,quick,Rating Ascending,1074250
211,quick,Rating Ascending,1069500
213,quick,Rating Ascending,1283060
215,quick,Rating Ascending,1089600
217,quick,Rating Ascending,1121625
219,quick,Rating Ascending,1259900
221,quick,Rating Ascending,1134900
223,quick,Rating Ascending,1237075
225,quick,Rating Ascending,1175566
227,quick,Rating Ascending,1231425
229,quick,Rating Ascending,1233640
231,quick,Rating Ascending,1247050
233,quick,Rating Ascending,1383560
235,quick,Rating Ascending,1273180
237,quick,Rating Ascending,1354425
239,quick,Rating Ascending,1568500
241,quick,Rating Ascending,1622460
243,quick,Rating Ascending,1411066
245,quick,Rating Ascending,1471475
247,quick,Rating Ascending,1419300
249,quick,Rating Ascending,1596560
251,quick,Rating Ascending,1454825
253,quick,Rating Ascending,1470050
255,quick,Rating Ascending,1611225
257,quick,Rating Ascending,1539300
259,quick,Rating Ascending,1724360
261,quick,Rating Ascending,1577940
263,quick,Rating Ascending,1634225
265,quick,Rating Ascending,1595033
267,quick,Rating Ascending,1745500
269,quick,Rating Ascending,1824580
271,quick,Rating Ascending,1709360
273,quick,Rating Ascending,1871820
275,quick,Rating Ascending,1750025
277,quick,Rating Ascending,1757075
279,quick,Rating Ascending,1869833
281,quick,Rating Ascending,1792225
283,quick,Rating Ascending,1933840
285,quick,Rating Ascending,1971780
287,quick,Rating Ascending,1903866
289,quick,Rating Ascending,2028825
291,quick,Rating Ascending,2021260
293,quick,Rating Ascending,2083940
295,quick,Rating Ascending,2072950
297,quick,Rating Ascending,2234420
299,quick,Rating Ascending,2084660
301,quick,Rating Ascending,2231300
303,quick,Rating Ascending,2270500
305,quick,Rating Ascending,2155500
307,quick,Rating Ascending,2134280
309,quick,Rating Ascending,2765700
311,quick,Rating Ascending,2981466
313,quick,Rating Ascending,2834333
315,quick,Rating Ascending,2433440
317,quick,Rating Ascending,2523200
319,quick,Rating Ascending,2433800
321,quick,Rating Ascending,2553220
323,quick,Rating Ascending,2345475
325,quick,Rating Ascending,2630375
327,quick,Rating Ascending,2753660
329,quick,Rating Ascending,2594680
331,quick,Rating Ascending,2547900
333,quick,Rating Ascending,2715040
335,quick,Rating Ascending,2811400
337,quick,Rating Ascending,2683160
339,quick,Rating Ascending,2806300
341,quick,Rating Ascending,2660666
343,quick,Rating Ascending,2679375
345,quick,Rating Ascending,2745450
347,quick,Rating Ascending,3044620
349,quick,Rating Ascending,3006140
351,quick,Rating Ascending,2948400
353,quick,Rating Ascending,2846700
355,quick,Rating Ascending,2993720
357,quick,Rating Ascending,2897100
359,quick,Rating Ascending,2907525
361,quick,Rating Ascending,3210860
363,quick,Rating Ascending,3223600
365,quick,Rating Ascending,4058960
367,quick,Rating Ascending,3942650
369,quick,Rating Ascending,3212280
371,quick,Rating Ascending,3168600
373,quick,Rating Ascending,3264760
375,quick,Rating Ascending,3420360
377,quick,Rating Ascending,3989820
379,quick,Rating Ascending,3508120
381,quick,Rating Ascending,3263800
383,quick,Rating Ascending,3344675
385,quick,Rating Ascending,3420525
387,quick,Rating Ascending,3471000
389,quick,Rating Ascending,3538100
391,quick,Rating Ascending,3518875
393,quick,Rating Ascending,3682040
395,quick,Rating Ascending,3607780
397,quick,Rating Ascending,3714600
399,quick,Rating Ascending,3795060
401,quick,Rating Ascending,3728700
403,quick,Rating Ascending,3916650
405,quick,Rating Ascending,3881260
407,quick,Rating Ascending,3883940
409,quick,Rating Ascending,4125620
411,quick,Rating Ascending,3828275
413,quick,Rating Ascending,4481580
415,quick,Rating Ascending,4189320
417,quick,Rating Ascending,3963275
419,quick,Rating Ascending,4014000
421,quick,Rating Ascending,4262950
423,quick,Rating Ascending,4188266
425,quick,Rating Ascending,4584680
427,quick,Rating Ascending,4441100
429,quick,Rating Ascending,4349540
431,quick,Rating Ascending,4479360
433,quick,Rating Ascending,4309850
435,quick,Rating Ascending,4386225
437,quick,Rating Ascending,4588460
439,quick,Rating Ascending,4362625
441,quick,Rating Ascending,4534100
443,quick,Rating Ascending,4699900
445,quick,Rating Ascending,4580700
447,quick,Rating Ascending,4695940
449,quick,Rating Ascending,4578775
451,quick,Rating Ascending,4771640
453,quick,Rating Ascending,4888675
455,quick,Rating Ascending,5115340
457,quick,Rating Ascending,4677200
459,quick,Rating Ascending,5159180
461,quick,Rating Ascending,4892640
463,quick,Rating Ascending,5590900
465,quick,Rating Ascending,5094450
467,quick,Rating Ascending,5112100
469,quick,Rating Ascending,5297920
471,quick,Rating Ascending,5793400
473,quick,Rating Ascending,5043600
475,quick,Rating Ascending,5071750
477,quick,Rating Ascending,5407440
479,quick,Rating Ascending,5631800
481,quick,Rating Ascending,5320000
483,quick,Rating Ascending,5723300
485,quick,Rating Ascending,5379080
487,quick,Rating Ascending,5592625
489,quick,Rating Ascending,5344225
491,quick,Rating Ascending,5767880
493,quick,Rating Ascending,5739480
495,quick,Rating Ascending,5623575
497,quick,Rating Ascending,6010240
499,quick,Rating Ascending,5527350
501,quick,Rating Ascending,5857080
503,quick,Rating Ascending,6279700
505,quick,Rating Ascending,5877520
507,quick,Rating Ascending,5823725
509,quick,Rating Ascending,6084740
511,quick,Rating Ascending,6241300
513,quick,Rating Ascending,6458120
515,quick,Rating Ascending,6246580
517,quick,Rating Ascending,6323900
519,quick,Rating Ascending,6154100
521,quick,Rating Ascending,6328266
523,quick,Rating Ascending,6176550
525,quick,Rating Ascending,6498225
527,quick,Rating Ascending,6537240
529,quick,Rating Ascending,6553160
531,quick,Rating Ascending,7011700
533,quick,Rating Ascending,6549940
535,quick,Rating Ascending,6719660
537,quick,Rating Ascending,6678340
539,quick,Rating Ascending,7461133
541,quick,Rating Ascending,7020840
543,quick,Rating Ascending,6923560
545,quick,Rating Ascending,6901950
547,quick,Rating Ascending,6840450
549,quick,Rating Ascending,7041640
551,quick,Rating Ascending,7024825
553,quick,Rating Ascending,7133860
555,quick,Rating Ascending,7121280
557,quick,Rating Ascending,7432550
559,quick,Rating Ascending,7534680
561,quick,Rating Ascending,7312520
563,quick,Rating Ascending,7710300
565,quick,Rating Ascending,7417580
567,quick,Rating Ascending,7482975
569,quick,Rating Ascending,7512425
571,quick,Rating Ascending,7587675
573,quick,Rating Ascending,7541175
575,quick,Rating Ascending,7758250
577,quick,Rating Ascending,7668540
579,quick,Rating Ascending,7728960
581,quick,Rating Ascending,7917500
583,quick,Rating Ascending,7886800
585,quick,Rating Ascending,8110380
587,quick,Rating Ascending,10583125
589,quick,Rating Ascending,8344375
591,quick,Rating Ascending,7824050
593,quick,Rating Ascending,8513740
595,quick,Rating Ascending,7926450
597,quick,Rating Ascending,8483775
599,quick,Rating Ascending,9012360
601,quick,Rating Ascending,8574820
603,quick,Rating Ascending,8318850
605,quick,Rating Ascending,8850160
607,quick,Rating Ascending,9426560
609,quick,Rating Ascending,9364750
611,quick,Rating Ascending,9428260
613,quick,Rating Ascending,9522520
615,quick,Rating Ascending,8984400
617,quick,Rating Ascending,9179180
619,quick,Rating Ascending,8523700
621,quick,Rating Ascending,9138425
623,quick,Rating Ascending,9152975
625,quick,Rating Ascending,10003700
627,quick,Rating Ascending,9140120
629,quick,Rating Ascending,9347950
631,quick,Rating Ascending,9448740
633,quick,Rating Ascending,9343180
635,quick,Rating Ascending,9228800
637,quick,Rating Ascending,9591480
639,quick,Rating Ascending,9155775
641,quick,Rating Ascending,9575780
643,quick,Rating Ascending,9280575
645,quick,Rating Ascending,9587560
647,quick,Rating Ascending,9712300
649,quick,Rating Ascending,10030120
651,quick,Rating Ascending,10124960
653,quick,Rating Ascending,10357620
655,quick,Rating Ascending,10413340
657,quick,Rating Ascending,10626580
659,quick,Rating Ascending,11053350
661,quick,Rating Ascending,10589740
663,quick,Rating Ascending,10700620
665,quick,Rating Ascending,11050780
667,quick,Rating Ascending,10537060
669,quick,Rating Ascending,11069020
671,quick,Rating Ascending,9886000
673,quick,Rating Ascending,10095940
675,quick,Rating Ascending,9824040
677,quick,Rating Ascending,9947200
679,quick,Rating Ascending,10248060
681,quick,Rating Ascending,9994300
683,quick,Rating Ascending,10219900
685,quick,Rating Ascending,10053200
687,quick,Rating Ascending,10005120
689,quick,Rating Ascending,10100480
691,quick,Rating Ascending,10412540
693,quick,Rating Ascending,10550900
695,quick,Rating Ascending,10206400
697,quick,Rating Ascending,10429040
699,quick,Rating Ascending,10556640
701,quick,Rating Ascending,10544400
703,quick,Rating Ascending,11044820
705,quick,Rating Ascending,10843760
707,quick,Rating Ascending,12233660
709,quick,Rating Ascending,11174340
711,quick,Rating Ascending,10904180
713,quick,Rating Ascending,11155760
715,quick,Rating Ascending,11720400
717,quick,Rating Ascending,12362700
719,quick,Rating Ascending,12846325
721,quick,Rating Ascending,12893160
723,quick,Rating Ascending,12635660
725,quick,Rating Ascending,13342800
727,quick,Rating Ascending,12245100
729,quick,Rating Ascending,12528760
731,quick,Rating Ascending,12790775
733,quick,Rating Ascending,12557420
735,quick,Rating Ascending,12581900
737,quick,Rating Ascending,12945500
739,quick,Rating Ascending,12486350
741,quick,Rating Ascending,12968240
743,quick,Rating Ascending,13201960
745,quick,Rating Ascending,13107033
747,quick,Rating Ascending,13278700
749,quick,Rating Ascending,13441450
751,quick,Rating Ascending,12906420
753,quick,Rating Ascending,11973250
755,quick,Rating Ascending,12145900
757,quick,Rating Ascending,11880380
759,quick,Rating Ascending,12003550
761,quick,Rating Ascending,12402140
763,quick,Rating Ascending,12839180
765,quick,Rating Ascending,12226000
767,quick,Rating Ascending,12903040
769,quick,Rating Ascending,12334225
771,quick,Rating Ascending,13513460
773,quick,Rating Ascending,13285960
775,quick,Rating Ascending,13495475
777,quick,Rating Ascending,12985675
779,quick,Rating Ascending,13519500
781,quick,Rating Ascending,13695966
783,quick,Rating Ascending,14377333
785,quick,Rating Ascending,14079500
787,quick,Rating Ascending,12969600
789,quick,Rating Ascending,13487333
791,quick,Rating Ascending,13539140
793,quick,Rating Ascending,13864720
795,quick,Rating Ascending,13611040
797,quick,Rating Ascending,13799440
799,quick,Rating Ascending,13821340
801,quick,Rating Ascending,13880300
803,quick,Rating Ascending,13847080
805,quick,Rating Ascending,14089420
807,quick,Rating Ascending,13938333
809,quick,Rating Ascending,14145425
811,quick,Rating Ascending,15435160
813,quick,Rating Ascending,14403600
815,quick,Rating Ascending,14358340
817,quick,Rating Ascending,14230725
819,quick,Rating Ascending,14690550
821,quick,Rating Ascending,14778840
823,quick,Rating Ascending,14517100
825,quick,Rating Ascending,14646960
827,quick,Rating Ascending,15274475
829,quick,Rating Ascending,14988580
831,quick,Rating Ascending,14811860
833,quick,Rating Ascending,15671100
835,quick,Rating Ascending,15451900
837,quick,Rating Ascending,15197140
839,quick,Rating Ascending,15246625
841,quick,Rating Ascending,15077225
843,quick,Rating Ascending,15578780
845,quick,Rating Ascending,15276025
847,quick,Rating Ascending,15550133
849,quick,Rating Ascending,15304000
851,quick,Rating Ascending,15431700
853,quick,Rating Ascending,15806380
855,quick,Rating Ascending,16089400
857,quick,Rating Ascending,15845866
859,quick,Rating Ascending,16000960
861,quick,Rating Ascending,16048300
863,quick,Rating Ascending,16006060
865,quick,Rating Ascending,16459940
867,quick,Rating Ascending,15984875
869,quick,Rating Ascending,15891600
871,quick,Rating Ascending,16912660
873,quick,Rating Ascending,16153200
875,quick,Rating Ascending,16327975
877,quick,Rating Ascending,16307225
879,quick,Rating Ascending,16839133
881,quick,Rating Ascending,16539350
883,quick,Rating Ascending,16899500
885,quick,Rating Ascending,17140400
887,quick,Rating Ascending,17643240
889,quick,Rating Ascending,17967800
891,quick,Rating Ascending,25018660
893,quick,Rating Ascending,17371220
895,quick,Rating Ascending,17711960
897,quick,Rating Ascending,17740620
899,quick,Rating Ascending,17331580
901,quick,Rating Ascending,17663633
903,quick,Rating Ascending,17725520
905,quick,Rating Ascending,17502725
907,quick,Rating Ascending,18707066
909,quick,Rating Ascending,19099000
911,quick,Rating Ascending,17473400
913,quick,Rating Ascending,17948960
915,quick,Rating Ascending,18432925
917,quick,Rating Ascending,18423920
919,quick,Rating Ascending,18063950
921,quick,Rating Ascending,18064400
923,quick,Rating Ascending,18599880
925,quick,Rating Ascending,18789040
927,quick,Rating Ascending,18782240
929,quick,Rating Ascending,18645300
931,quick,Rating Ascending,19210000
933,quick,Rating Ascending,19451775
935,quick,Rating Ascending,18585325
937,quick,Rating Ascending,18739340
939,quick,Rating Ascending,18692580
941,quick,Rating Ascending,19176120
943,quick,Rating Ascending,19062140
945,quick,Rating Ascending,19116300
947,quick,Rating Ascending,19486225
949,quick,Rating Ascending,19720820
951,quick,Rating Ascending,19244740
953,quick,Rating Ascending,20005060
955,quick,Rating Ascending,20057500
957,quick,Rating Ascending,19443175
959,quick,Rating Ascending,19711380
961,quick,Rating Ascending,19580975
1,insertion,Rating Ascending,6950
3,insertion,Rating Ascending,11750
5,insertion,Rating Ascending,10050
7,insertion,Rating Ascending,10475
9,insertion,Rating Ascending,11725
11,insertion,Rating Ascending,11600
13,insertion,Rating Ascending,12775
15,insertion,Rating Ascending,13050
17,insertion,Rating Ascending,14720
19,insertion,Rating Ascending,14720
21,insertion,Rating Ascending,15475
23,insertion,Rating Ascending,18000
25,insertion,Rating Ascending,18100
27,insertion,Rating Ascending,19620
29,insertion,Rating Ascending,18260
31,insertion,Rating Ascending,20133
33,insertion,Rating Ascending,21840
35,insertion,Rating Ascending,22675
37,insertion,Rating Ascending,21500
39,insertion,Rating Ascending,21850
41,insertion,Rating Ascending,23350
43,insertion,Rating Ascending,25460
45,insertion,Rating Ascending,25940
47,insertion,Rating Ascending,26240
49,insertion,Rating Ascending,34400
51,insertion,Rating Ascending,35400
53,insertion,Rating Ascending,31700
55,insertion,Rating Ascending,32840
57,insertion,Rating Ascending,30160
59,insertion,Rating Ascending,33460
61,insertion,Rating Ascending,30700
63,insertion,Rating Ascending,31866
65,insertion,Rating Ascending,32760
67,insertion,Rating Ascending,33633
69,insertion,Rating Ascending,34100
71,insertion,Rating Ascending,35180
73,insertion,Rating Ascending,35700
75,insertion,Rating Ascending,41650
77,insertion,Rating Ascending,40680
79,insertion,Rating Ascending,38400
81,insertion,Rating Ascending,43875
83,insertion,Rating Ascending,43800
85,insertion,Rating Ascending,49925
87,insertion,Rating Ascending,50200
89,insertion,Rating Ascending,47800
91,insertion,Rating Ascending,103150
93,insertion,Rating Ascending,81140
95,insertion,Rating Ascending,50850
97,insertion,Rating Ascending,48625
99,insertion,Rating Ascending,92560
101,insertion,Rating Ascending,51375
103,insertion,Rating Ascending,52650
105,insertion,Rating Ascending,49575
107,insertion,Rating Ascending,49740
109,insertion,Rating Ascending,50560
111,insertion,Rating Ascending,53120
113,insertion,Rating Ascending,52180
115,insertion,Rating Ascending,57533
117,insertion,Rating Ascending,54475
119,insertion,Rating Ascending,58500
121,insertion,Rating Ascending,85660
123,insertion,Rating Ascending,59750
125,insertion,Rating Ascending,61575
127,insertion,Rating Ascending,62250
129,insertion,Rating Ascending,63100
131,insertion,Rating Ascending,63300
133,insertion,Rating Ascending,64840
135,insertion,Rating Ascending,61540
137,insertion,Rating Ascending,67500
139,insertion,Rating Ascending,71480
141,insertion,Rating Ascending,69925
143,insertion,Rating Ascending,65100
145,insertion,Rating Ascending,68440
147,insertion,Rating Ascending,65975
149,insertion,Rating Ascending,120060
151,insertion,Rating Ascending,76940
153,insertion,Rating Ascending,96500
155,insertion,Rating Ascending,139680
157,insertion,Rating Ascending,75566
159,insertion,Rating Ascending,72625
161,insertion,Rating Ascending,77400
163,insertion,Rating Ascending,75340
165,insertion,Rating Ascending,79980
167,insertion,Rating Ascending,77460
169,insertion,Rating Ascending,85780
171,insertion,Rating Ascending,86540
173,insertion,Rating Ascending,80520
175,insertion,Rating Ascending,75200
177,insertion,Rating Ascending,78266
179,insertion,Rating Ascending,78320
181,insertion,Rating Ascending,79640
183,insertion,Rating Ascending,89400
185,insertion,Rating Ascending,89725
187,insertion,Rating Ascending,86000
189,insertion,Rating Ascending,87840
191,insertion,Rating Ascending,131780
193,insertion,Rating Ascending,144220
195,insertion,Rating Ascending,100375
197,insertion,Rating Ascending,93550
199,insertion,Rating Ascending,92700
201,insertion,Rating Ascending,91140
203,insertion,Rating Ascending,94060
205,insertion,Rating Ascending,96100
207,insertion,Rating Ascending,91340
209,insertion,Rating Ascending,141140
211,insertion,Rating Ascending,94520
213,insertion,Rating Ascending,97875
215,insertion,Rating Ascending,97720
217,insertion,Rating Ascending,97960
219,insertion,Rating Ascending,97960
221,insertion,Rating Ascending,103860
223,insertion,Rating Ascending,117300
225,insertion,Rating Ascending,136320
227,insertion,Rating Ascending,114125
229,insertion,Rating Ascending,189740
231,insertion,Rating Ascending,159780
233,insertion,Rating Ascending,113840
235,insertion,Rating Ascending,105460
237,insertion,Rating Ascending,110950
239,insertion,Rating Ascending,111150
241,insertion,Rating Ascending,242575
243,insertion,Rating Ascending,148200
245,insertion,Rating Ascending,108400
247,insertion,Rating Ascending,115580
249,insertion,Rating Ascending,111680
251,insertion,Rating Ascending,110900
253,insertion,Rating Ascending,107800
255,insertion,Rating Ascending,117680
257,insertion,Rating Ascending,134600
259,insertion,Rating Ascending,125750
261,insertion,Rating Ascending,112700
263,insertion,Rating Ascending,113550
265,insertion,Rating Ascending,120125
267,insertion,Rating Ascending,108750
269,insertion,Rating Ascending,108750
271,insertion,Rating Ascending,109820
273,insertion,Rating Ascending,123850
275,insertion,Rating Ascending,117425
277,insertion,Rating Ascending,129533
279,insertion,Rating Ascending,147700
281,insertion,Rating Ascending,116250
283,insertion,Rating Ascending,131625
285,insertion,Rating Ascending,194480
287,insertion,Rating Ascending,133750
289,insertion,Rating Ascending,134860
291,insertion,Rating Ascending,119250
293,insertion,Rating Ascending,118040
295,insertion,Rating Ascending,120975
297,insertion,Rating Ascending,136100
299,insertion,Rating Ascending,120560
301,insertion,Rating Ascending,120560
303,insertion,Rating Ascending,125550
305,insertion,Rating Ascending,139325
307,insertion,Rating Ascending,138525
309,insertion,Rating Ascending,149233
311,insertion,Rating Ascending,202520
313,insertion,Rating Ascending,155400
315,insertion,Rating Ascending,136320
317,insertion,Rating Ascending,126150
319,insertion,Rating Ascending,130760
321,insertion,Rating Ascending,129750
323,insertion,Rating Ascending,134720
325,insertion,Rating Ascending,136200
327,insertion,Rating Ascending,133340
329,insertion,Rating Ascending,148120
331,insertion,Rating Ascending,137620
333,insertion,Rating Ascending,137500
335,insertion,Rating Ascending,227200
337,insertion,Rating Ascending,204260
339,insertion,Rating Ascending,151840
341,insertion,Rating Ascending,145860
343,insertion,Rating Ascending,157933
345,insertion,Rating Ascending,145066
347,insertion,Rating Ascending,139160
349,insertion,Rating Ascending,153325
351,insertion,Rating Ascending,142740
353,insertion,Rating Ascending,159225
355,insertion,Rating Ascending,144640
357,insertion,Rating Ascending,141640
359,insertion,Rating Ascending,164180
361,insertion,Rating Ascending,171325
363,insertion,Rating Ascending,170720
365,insertion,Rating Ascending,145920
367,insertion,Rating Ascending,147140
369,insertion,Rating Ascending,147600
371,insertion,Rating Ascending,146320
373,insertion,Rating Ascending,173825
375,insertion,Rating Ascending,151440
377,insertion,Rating Ascending,154920
379,insertion,Rating Ascending,152725
381,insertion,Rating Ascending,178900
383,insertion,Rating Ascending,174800
385,insertion,Rating Ascending,174000
387,insertion,Rating Ascending,165060
389,insertion,Rating Ascending,156980
391,insertion,Rating Ascending,161500
393,insertion,Rating Ascending,159520
395,insertion,Rating Ascending,169280
397,insertion,Rating Ascending,162620
399,insertion,Rating Ascending,162400
401,insertion,Rating Ascending,160825
403,insertion,Rating Ascending,206820
405,insertion,Rating Ascending,184080
407,insertion,Rating Ascending,189650
409,insertion,Rating Ascending,367875
411,insertion,Rating Ascending,300825
413,insertion,Rating Ascending,199125
415,insertion,Rating Ascending,323400
417,insertion,Rating Ascending,318560
419,insertion,Rating Ascending,321020
421,insertion,Rating Ascending,195125
423,insertion,Rating Ascending,311140
425,insertion,Rating Ascending,486475
427,insertion,Rating Ascending,322200
429,insertion,Rating Ascending,314600
431,insertion,Rating Ascending,196180
433,insertion,Rating Ascending,217525
435,insertion,Rating Ascending,251775
437,insertion,Rating Ascending,338040
439,insertion,Rating Ascending,211450
441,insertion,Rating Ascending,220700
443,insertion,Rating Ascending,207220
445,insertion,Rating Ascending,208225
447,insertion,Rating Ascending,255380
449,insertion,Rating Ascending,262060
451,insertion,Rating Ascending,202420
453,insertion,Rating Ascending,200950
455,insertion,Rating Ascending,191140
457,insertion,Rating Ascending,210120
459,insertion,Rating Ascending,197450
461,insertion,Rating Ascending,201775
463,insertion,Rating Ascending,203275
465,insertion,Rating Ascending,205975
467,insertion,Rating Ascending,232040
469,insertion,Rating Ascending,262000
471,insertion,Rating Ascending,234980
473,insertion,Rating Ascending,224820
475,insertion,Rating Ascending,211920
477,insertion,Rating Ascending,229575
479,insertion,Rating Ascending,215800
481,insertion,Rating Ascending,219625
483,insertion,Rating Ascending,216725
485,insertion,Rating Ascending,223225
487,insertion,Rating Ascending,240575
489,insertion,Rating Ascending,232325
491,insertion,Rating Ascending,222640
493,insertion,Rating Ascending,216240
495,insertion,Rating Ascending,221800
497,insertion,Rating Ascending,206620
499,insertion,Rating Ascending,206340
501,insertion,Rating Ascending,309640
503,insertion,Rating Ascending,229160
505,insertion,Rating Ascending,210140
507,insertion,Rating Ascending,202220
509,insertion,Rating Ascending,215420
511,insertion,Rating Ascending,229550
513,insertion,Rating Ascending,208680
515,insertion,Rating Ascending,210825
517,insertion,Rating Ascending,264640
519,insertion,Rating Ascending,245400
521,insertion,Rating Ascending,225350
523,insertion,Rating Ascending,221075
525,insertion,Rating Ascending,229180
527,insertion,Rating Ascending,212275
529,insertion,Rating Ascending,219280
531,insertion,Rating Ascending,223800
533,insertion,Rating Ascending,249850
535,insertion,Rating Ascending,276760
537,insertion,Rating Ascending,231125
539,insertion,Rating Ascending,235875
541,insertion,Rating Ascending,222480
543,insertion,Rating Ascending,215625
545,insertion,Rating Ascending,247033
547,insertion,Rating Ascending,251820
549,insertion,Rating Ascending,266100
551,insertion,Rating Ascending,252166
553,insertion,Rating Ascending,239050
555,insertion,Rating Ascending,234600
557,insertion,Rating Ascending,232300
559,insertion,Rating Ascending,228925
561,insertion,Rating Ascending,250480
563,insertion,Rating Ascending,228140
565,insertion,Rating Ascending,441160
567,insertion,Rating Ascending,242750
569,insertion,Rating Ascending,247360
571,insertion,Rating Ascending,238550
573,insertion,Rating Ascending,271525
575,insertion,Rating Ascending,254500
577,insertion,Rating Ascending,239125
579,insertion,Rating Ascending,440960
581,insertion,Rating Ascending,242420
583,insertion,Rating Ascending,255233
585,insertion,Rating Ascending,232575
587,insertion,Rating Ascending,237020
589,insertion,Rating Ascending,253400
591,insertion,Rating Ascending,232225
593,insertion,Rating Ascending,271375
595,insertion,Rating Ascending,274800
597,insertion,Rating Ascending,266050
599,insertion,Rating Ascending,235575
601,insertion,Rating Ascending,245225
603,insertion,Rating Ascending,254375
605,insertion,Rating Ascending,243025
607,insertion,Rating Ascending,273025
609,insertion,Rating Ascending,280060
611,insertion,Rating Ascending,257540
613,insertion,Rating Ascending,258866
615,insertion,Rating Ascending,245125
617,insertion,Rating Ascending,272000
619,insertion,Rating Ascending,302340
621,insertion,Rating Ascending,281640
623,insertion,Rating Ascending,288500
625,insertion,Rating Ascending,249980
627,insertion,Rating Ascending,249075
629,insertion,Rating Ascending,271120
631,insertion,Rating Ascending,254450
633,insertion,Rating Ascending,266475
635,insertion,Rating Ascending,257725
637,insertion,Rating Ascending,316160
639,insertion,Rating Ascending,258300
641,insertion,Rating Ascending,267680
643,insertion,Rating Ascending,262250
645,insertion,Rating Ascending,290966
647,insertion,Rating Ascending,284050
649,insertion,Rating Ascending,307920
651,insertion,Rating Ascending,297240
653,insertion,Rating Ascending,291080
655,insertion,Rating Ascending,282450
657,insertion,Rating Ascending,276875
659,insertion,Rating Ascending,269850
661,insertion,Rating Ascending,293480
663,insertion,Rating Ascending,426020
665,insertion,Rating Ascending,283600
667,insertion,Rating Ascending,273475
669,insertion,Rating Ascending,295550
671,insertion,Rating Ascending,294900
673,insertion,Rating Ascending,266000
675,insertion,Rating Ascending,283360
677,insertion,Rating Ascending,303675
679,insertion,Rating Ascending,322960
681,insertion,Rating Ascending,280633
683,insertion,Rating Ascending,307250
685,insertion,Rating Ascending,321766
687,insertion,Rating Ascending,318380
689,insertion,Rating Ascending,368380
691,insertion,Rating Ascending,306275
693,insertion,Rating Ascending,314375
695,insertion,Rating Ascending,326875
697,insertion,Rating Ascending,296925
699,insertion,Rating Ascending,306333
701,insertion,Rating Ascending,385640
703,insertion,Rating Ascending,303320
705,insertion,Rating Ascending,289975
707,insertion,Rating Ascending,339100
709,insertion,Rating Ascending,317180
711,insertion,Rating Ascending,361440
713,insertion,Rating Ascending,323400
715,insertion,Rating Ascending,315340
717,insertion,Rating Ascending,318720
719,insertion,Rating Ascending,318640
721,insertion,Rating Ascending,306750
723,insertion,Rating Ascending,327460
725,insertion,Rating Ascending,317825
727,insertion,Rating Ascending,299575
729,insertion,Rating Ascending,288566
731,insertion,Rating Ascending,309460
733,insertion,Rating Ascending,317980
735,insertion,Rating Ascending,329025
737,insertion,Rating Ascending,293320
739,insertion,Rating Ascending,297275
741,insertion,Rating Ascending,316440
743,insertion,Rating Ascending,315000
745,insertion,Rating Ascending,343140
747,insertion,Rating Ascending,484620
749,insertion,Rating Ascending,324000
751,insertion,Rating Ascending,309600
753,insertion,Rating Ascending,330700
755,insertion,Rating Ascending,305875
757,insertion,Rating Ascending,434800
759,insertion,Rating Ascending,337850
761,insertion,Rating Ascending,330640
763,insertion,Rating Ascending,300450
765,insertion,Rating Ascending,315950
767,insertion,Rating Ascending,317025
769,insertion,Rating Ascending,450575
771,insertion,Rating Ascending,343420
773,insertion,Rating Ascending,323700
775,insertion,Rating Ascending,327840
777,insertion,Rating Ascending,362640
779,insertion,Rating Ascending,322000
781,insertion,Rating Ascending,349850
783,insertion,Rating Ascending,328175
785,insertion,Rating Ascending,311480
787,insertion,Rating Ascending,345720
789,insertion,Rating Ascending,365000
791,insertion,Rating Ascending,364625
793,insertion,Rating Ascending,361960
795,insertion,Rating Ascending,351840
797,insertion,Rating Ascending,337680
799,insertion,Rating Ascending,330900
801,insertion,Rating Ascending,322300
803,insertion,Rating Ascending,351220
805,insertion,Rating Ascending,344525
807,insertion,Rating Ascending,317450
809,insertion,Rating Ascending,356280
811,insertion,Rating Ascending,326800
813,insertion,Rating Ascending,376600
815,insertion,Rating Ascending,325720
817,insertion,Rating Ascending,327033
819,insertion,Rating Ascending,350840
821,insertion,Rating Ascending,350600
823,insertion,Rating Ascending,403460
825,insertion,Rating Ascending,353600
827,insertion,Rating Ascending,334325
829,insertion,Rating Ascending,340120
831,insertion,Rating Ascending,352625
833,insertion,Rating Ascending,356640
835,insertion,Rating Ascending,370420
837,insertion,Rating Ascending,362760
839,insertion,Rating Ascending,333925
841,insertion,Rating Ascending,332040
843,insertion,Rating Ascending,338625
845,insertion,Rating Ascending,510900
847,insertion,Rating Ascending,356300
849,insertion,Rating Ascending,344425
851,insertion,Rating Ascending,336750
853,insertion,Rating Ascending,337350
855,insertion,Rating Ascending,468160
857,insertion,Rating Ascending,373340
859,insertion,Rating Ascending,361850
861,insertion,Rating Ascending,342200
863,insertion,Rating Ascending,344200
865,insertion,Rating Ascending,352400
867,insertion,Rating Ascending,377900
869,insertion,Rating Ascending,398200
871,insertion,Rating Ascending,375480
873,insertion,Rating Ascending,362420
875,insertion,Rating Ascending,359400
877,insertion,Rating Ascending,380040
879,insertion,Rating Ascending,397550
881,insertion,Rating Ascending,369980
883,insertion,Rating Ascending,357420
885,insertion,Rating Ascending,362950
887,insertion,Rating Ascending,398433
889,insertion,Rating Ascending,394160
891,insertion,Rating Ascending,390840
893,insertion,Rating Ascending,355580
895,insertion,Rating Ascending,442460
897,insertion,Rating Ascending,362450
899,insertion,Rating Ascending,359125
901,insertion,Rating Ascending,356880
903,insertion,Rating Ascending,360080
905,insertion,Rating Ascending,382700
907,insertion,Rating Ascending,378700
909,insertion,Rating Ascending,375125
911,insertion,Rating Ascending,384360
913,insertion,Rating Ascending,374875
915,insertion,Rating Ascending,477640
917,insertion,Rating Ascending,407160
919,insertion,Rating Ascending,379260
921,insertion,Rating Ascending,359925
923,insertion,Rating Ascending,376400
925,insertion,Rating Ascending,640720
927,insertion,Rating Ascending,393140
929,insertion,Rating Ascending,372175
931,insertion,Rating Ascending,379850
933,insertion,Rating Ascending,401460
935,insertion,Rating Ascending,405400
937,insertion,Rating Ascending,387400
939,insertion,Rating Ascending,375160
941,insertion,Rating Ascending,375600
943,insertion,Rating Ascending,447650
945,insertion,Rating Ascending,397140
947,insertion,Rating Ascending,396240
949,insertion,Rating Ascending,382275
951,insertion,Rating Ascending,408860
953,insertion,Rating Ascending,440420
955,insertion,Rating Ascending,406020
957,insertion,Rating Ascending,382000
959,insertion,Rating Ascending,397500
961,insertion,Rating Ascending,428066
1,quick,Rating Descending,7600
3,quick,Rating Descending,7625
5,quick,Rating Descending,8620
7,quick,Rating Descending,9800
9,quick,Rating Descending,12025
11,quick,Rating Descending,13125
13,quick,Rating Descending,15325
15,quick,Rating Descending,18050
17,quick,Rating Descending,20275
19,quick,Rating Descending,39575
21,quick,Rating Descending,25950
23,quick,Rating Descending,27775
25,quick,Rating Descending,31025
27,quick,Rating Descending,33625
29,quick,Rating Descending,39120
31,quick,Rating Descending,39725
33,quick,Rating Descending,49050
35,quick,Rating Descending,48180
37,quick,Rating Descending,59375
39,quick,Rating Descending,54850
41,quick,Rating Descending,58780
43,quick,Rating Descending,62700
45,quick,Rating Descending,63860
47,quick,Rating Descending,71840
49,quick,Rating Descending,76750
51,quick,Rating Descending,77633
53,quick,Rating Descending,86280
55,quick,Rating Descending,91060
57,quick,Rating Descending,99933
59,quick,Rating Descending,106025
61,quick,Rating Descending,108725
63,quick,Rating Descending,157900
65,quick,Rating Descending,115800
67,quick,Rating Descending,124420
69,quick,Rating Descending,129020
71,quick,Rating Descending,145500
73,quick,Rating Descending,144000
75,quick,Rating Descending,178975
77,quick,Rating Descending,193680
79,quick,Rating Descending,180520
81,quick,Rating Descending,182975
83,quick,Rating Descending,185920
85,quick,Rating Descending,191700
87,quick,Rating Descending,195680
89,quick,Rating Descending,208900
91,quick,Rating Descending,225400
93,quick,Rating Descending,220625
95,quick,Rating Descending,213900
97,quick,Rating Descending,223625
99,quick,Rating Descending,233175
101,quick,Rating Descending,388266
103,quick,Rating Descending,281775
105,quick,Rating Descending,290375
107,quick,Rating Descending,292375
109,quick,Rating Descending,280575
111,quick,Rating Descending,350300
113,quick,Rating Descending,349940
115,quick,Rating Descending,323420
117,quick,Rating Descending,347480
119,quick,Rating Descending,459000
121,quick,Rating Descending,336125
123,quick,Rating Descending,392520
125,quick,Rating Descending,361800
127,quick,Rating Descending,396440
129,quick,Rating Descending,405300
131,quick,Rating Descending,411240
133,quick,Rating Descending,590925
135,quick,Rating Descending,421850
137,quick,Rating Descending,438450
139,quick,Rating Descending,472180
141,quick,Rating Descending,460180
143,quick,Rating Descending,509575
145,quick,Rating Descending,540875
147,quick,Rating Descending,511775
149,quick,Rating Descending,545320
151,quick,Rating Descending,544720
153,quick,Rating Descending,516025
155,quick,Rating Descending,750180
157,quick,Rating Descending,574280
159,quick,Rating Descending,554550
161,quick,Rating Descending,582900
163,quick,Rating Descending,614880
165,quick,Rating Descending,666050
167,quick,Rating Descending,688340
169,quick,Rating Descending,628575
171,quick,Rating Descending,688660
173,quick,Rating Descending,843240
175,quick,Rating Descending,751420
177,quick,Rating Descending,714900
179,quick,Rating Descending,696750
181,quick,Rating Descending,975440
183,quick,Rating Descending,815380
185,quick,Rating Descending,776580
187,quick,Rating Descending,793700
189,quick,Rating Descending,903940
191,quick,Rating Descending,830400
193,quick,Rating Descending,852020
195,quick,Rating Descending,1123380
197,quick,Rating Descending,895280
199,quick,Rating Descending,852075
201,quick,Rating Descending,1114740
203,quick,Rating Descending,912200
205,quick,Rating Descending,914800
207,quick,Rating Descending,1034150
209,quick,Rating Descending,1013775
211,quick,Rating Descending,985340
213,quick,Rating Descending,1088125
215,quick,Rating Descending,986075
217,quick,Rating Descending,1033800
219,quick,Rating Descending,1058025
221,quick,Rating Descending,1097980
223,quick,Rating Descending,1269640
225,quick,Rating Descending,1081075
227,quick,Rating Descending,1137000
229,quick,Rating Descending,1158425
231,quick,Rating Descending,1162200
233,quick,Rating Descending,1358600
235,quick,Rating Descending,1250400
237,quick,Rating Descending,1249825
239,quick,Rating Descending,1509020
241,quick,Rating Descending,1301840
243,quick,Rating Descending,1397940
245,quick,Rating Descending,1342320
247,quick,Rating Descending,1482940
249,quick,Rating Descending,1429520
251,quick,Rating Descending,1535850
253,quick,Rating Descending,1403825
255,quick,Rating Descending,1437200
257,quick,Rating Descending,1461040
259,quick,Rating Descending,1619420
261,quick,Rating Descending,1521280
263,quick,Rating Descending,1483850
265,quick,Rating Descending,1538640
267,quick,Rating Descending,1705660
269,quick,Rating Descending,1582580
271,quick,Rating Descending,1795780
273,quick,Rating Descending,1575000
275,quick,Rating Descending,1835760
277,quick,Rating Descending,1660000
279,quick,Rating Descending,1746400
281,quick,Rating Descending,1768025
283,quick,Rating Descending,1673540
285,quick,Rating Descending,1816650
287,quick,Rating Descending,1780675
289,quick,Rating Descending,1743600
291,quick,Rating Descending,1834300
293,quick,Rating Descending,1862540
295,quick,Rating Descending,1840425
297,quick,Rating Descending,2081320
299,quick,Rating Descending,1908550
301,quick,Rating Descending,2093080
303,quick,Rating Descending,2070975
305,quick,Rating Descending,2005420
307,quick,Rating Descending,2416860
309,quick,Rating Descending,2244280
311,quick,Rating Descending,2095375
313,quick,Rating Descending,2181320
315,quick,Rating Descending,2128875
317,quick,Rating Descending,2240200
319,quick,Rating Descending,2216440
321,quick,Rating Descending,2229375
323,quick,Rating Descending,2300966
325,quick,Rating Descending,2265400
327,quick,Rating Descending,2359525
329,quick,Rating Descending,2610600
331,quick,Rating Descending,2503180
333,quick,Rating Descending,2581900
335,quick,Rating Descending,2473450
337,quick,Rating Descending,2449100
339,quick,Rating Descending,2461975
341,quick,Rating Descending,2533400
343,quick,Rating Descending,2505075
345,quick,Rating Descending,2561500
347,quick,Rating Descending,2579500
349,quick,Rating Descending,2717000
351,quick,Rating Descending,2641525
353,quick,Rating Descending,2760966
355,quick,Rating Descending,2879240
357,quick,Rating Descending,2726520
359,quick,Rating Descending,2832625
361,quick,Rating Descending,2781320
363,quick,Rating Descending,2929800
365,quick,Rating Descending,2927725
367,quick,Rating Descending,3190500
369,quick,Rating Descending,3048240
371,quick,Rating Descending,3126440
373,quick,Rating Descending,3142060
375,quick,Rating Descending,3087420
377,quick,Rating Descending,3182560
379,quick,Rating Descending,3074900
381,quick,Rating Descending,3376925
383,quick,Rating Descending,3759700
385,quick,Rating Descending,3637540
387,quick,Rating Descending,3491925
389,quick,Rating Descending,3744500
391,quick,Rating Descending,3912260
393,quick,Rating Descending,4064000
395,quick,Rating Descending,3722240
397,quick,Rating Descending,3701440
399,quick,Rating Descending,3583220
401,quick,Rating Descending,3468725
403,quick,Rating Descending,3542550
405,quick,Rating Descending,3558975
407,quick,Rating Descending,3533650
409,quick,Rating Descending,3531250
411,quick,Rating Descending,3892240
413,quick,Rating Descending,4010660
415,quick,Rating Descending,3698750
417,quick,Rating Descending,3930840
419,quick,Rating Descending,3982840
421,quick,Rating Descending,4060040
423,quick,Rating Descending,3761975
425,quick,Rating Descending,4104866
427,quick,Rating Descending,3996420
429,quick,Rating Descending,4304900
431,quick,Rating Descending,3951200
433,quick,Rating Descending,4118500
435,quick,Rating Descending,4291320
437,quick,Rating Descending,4332500
439,quick,Rating Descending,4599400
441,quick,Rating Descending,4215225
443,quick,Rating Descending,4148150
445,quick,Rating Descending,4558440
447,quick,Rating Descending,4337440
449,quick,Rating Descending,4869600
451,quick,Rating Descending,4401940
453,quick,Rating Descending,4560780
455,quick,Rating Descending,4536900
457,quick,Rating Descending,4683960
459,quick,Rating Descending,4895400
461,quick,Rating Descending,4542080
463,quick,Rating Descending,4772300
465,quick,Rating Descending,4708460
467,quick,Rating Descending,5058960
469,quick,Rating Descending,5120200
471,quick,Rating Descending,5116300
473,quick,Rating Descending,4946500
475,quick,Rating Descending,5010480
477,quick,Rating Descending,5005425
479,quick,Rating Descending,4995125
481,quick,Rating Descending,5195700
483,quick,Rating Descending,5233020
485,quick,Rating Descending,4839550
487,quick,Rating Descending,5500960
489,quick,Rating Descending,5314260
491,quick,Rating Descending,5715740
493,quick,Rating Descending,5126100
495,quick,Rating Descending,5516540
497,quick,Rating Descending,5431480
499,quick,Rating Descending,5778900
501,quick,Rating Descending,5641780
503,quick,Rating Descending,5510600
505,quick,Rating Descending,5746040
507,quick,Rating Descending,5722380
509,quick,Rating Descending,5970460
511,quick,Rating Descending,6045580
513,quick,Rating Descending,5851780
515,quick,Rating Descending,5903200
517,quick,Rating Descending,6015900
519,quick,Rating Descending,5916720
521,quick,Rating Descending,5905280
523,quick,Rating Descending,5915050
525,quick,Rating Descending,6379200
527,quick,Rating Descending,6178900
529,quick,Rating Descending,6259325
531,quick,Rating Descending,6395440
533,quick,Rating Descending,6575080
535,quick,Rating Descending,6210940
537,quick,Rating Descending,6366700
539,quick,Rating Descending,6243300
541,quick,Rating Descending,6665000
543,quick,Rating Descending,6600880
545,quick,Rating Descending,6469440
547,quick,Rating Descending,6606800
549,quick,Rating Descending,6869380
551,quick,Rating Descending,6691960
553,quick,Rating Descending,6780100
555,quick,Rating Descending,6782640
557,quick,Rating Descending,6683525
559,quick,Rating Descending,6605525
561,quick,Rating Descending,6794840
563,quick,Rating Descending,6950960
565,quick,Rating Descending,7129000
567,quick,Rating Descending,7009800
569,quick,Rating Descending,6891875
571,quick,Rating Descending,7297020
573,quick,Rating Descending,7180340
575,quick,Rating Descending,7202400
577,quick,Rating Descending,7571020
579,quick,Rating Descending,7720240
581,quick,Rating Descending,7897220
583,quick,Rating Descending,7623800
585,quick,Rating Descending,7242325
587,quick,Rating Descending,7585460
589,quick,Rating Descending,7522880
591,quick,Rating Descending,7658225
593,quick,Rating Descending,7746400
595,quick,Rating Descending,7857050
597,quick,Rating Descending,8035120
599,quick,Rating Descending,7724975
601,quick,Rating Descending,8060440
603,quick,Rating Descending,7934740
605,quick,Rating Descending,8658900
607,quick,Rating Descending,7998580
609,quick,Rating Descending,8193600
611,quick,Rating Descending,8097475
613,quick,Rating Descending,8220700
615,quick,Rating Descending,7979725
617,quick,Rating Descending,8687000
619,quick,Rating Descending,8443800
621,quick,Rating Descending,8425880
623,quick,Rating Descending,8552140
625,quick,Rating Descending,8607520
627,quick,Rating Descending,8362400
629,quick,Rating Descending,8853220
631,quick,Rating Descending,8713880
633,quick,Rating Descending,8720420
635,quick,Rating Descending,8585325
637,quick,Rating Descending,8785060
639,quick,Rating Descending,9099375
641,quick,Rating Descending,8891475
643,quick,Rating Descending,8750033
645,quick,Rating Descending,9425240
647,quick,Rating Descending,8936100
649,quick,Rating Descending,9128140
651,quick,Rating Descending,9412760
653,quick,Rating Descending,9170150
655,quick,Rating Descending,9198560
657,quick,Rating Descending,9780720
659,quick,Rating Descending,9398340
661,quick,Rating Descending,9306980
663,quick,Rating Descending,9710966
665,quick,Rating Descending,9561120
667,quick,Rating Descending,9597350
669,quick,Rating Descending,9681120
671,quick,Rating Descending,9975300
673,quick,Rating Descending,9482425
675,quick,Rating Descending,9551925
677,quick,Rating Descending,10409020
679,quick,Rating Descending,10504600
681,quick,Rating Descending,10889800
683,quick,Rating Descending,11662540
685,quick,Rating Descending,10336260
687,quick,Rating Descending,10244220
689,quick,Rating Descending,10278480
691,quick,Rating Descending,10484980
693,quick,Rating Descending,10178300
695,quick,Rating Descending,10624375
697,quick,Rating Descending,10503700
699,quick,Rating Descending,10784800
701,quick,Rating Descending,10671600
703,quick,Rating Descending,10809300
705,quick,Rating Descending,10599180
707,quick,Rating Descending,10903540
709,quick,Rating Descending,11000960
711,quick,Rating Descending,11239180
713,quick,Rating Descending,10788500
715,quick,Rating Descending,11258580
717,quick,Rating Descending,11051860
719,quick,Rating Descending,11199050
721,quick,Rating Descending,11793466
723,quick,Rating Descending,11286280
725,quick,Rating Descending,11175625
727,quick,Rating Descending,11433040
729,quick,Rating Descending,11661566
731,quick,Rating Descending,11821740
733,quick,Rating Descending,12012340
735,quick,Rating Descending,11427860
737,quick,Rating Descending,11654950
739,quick,Rating Descending,11755620
741,quick,Rating Descending,11986200
743,quick,Rating Descending,11913450
745,quick,Rating Descending,11889620
747,quick,Rating Descending,11852625
749,quick,Rating Descending,13702100
751,quick,Rating Descending,12265000
753,quick,Rating Descending,12713125
755,quick,Rating Descending,12149275
757,quick,Rating Descending,12645960
759,quick,Rating Descending,12794220
761,quick,Rating Descending,12618100
763,quick,Rating Descending,12433433
765,quick,Rating Descending,12726780
767,quick,Rating Descending,12651733
769,quick,Rating Descending,12651780
771,quick,Rating Descending,12862933
773,quick,Rating Descending,12968680
775,quick,Rating Descending,13082620
777,quick,Rating Descending,12721725
779,quick,Rating Descending,13318120
781,quick,Rating Descending,13357075
783,quick,Rating Descending,13251380
785,quick,Rating Descending,13308333
787,quick,Rating Descending,13354560
789,quick,Rating Descending,13544875
791,quick,Rating Descending,13403325
793,quick,Rating Descending,13700033
795,quick,Rating Descending,13820680
797,quick,Rating Descending,13993160
799,quick,Rating Descending,13495360
801,quick,Rating Descending,13838150
803,quick,Rating Descending,13751225
805,quick,Rating Descending,14209840
807,quick,Rating Descending,14006875
809,quick,Rating Descending,14226250
811,quick,Rating Descending,14497760
813,quick,Rating Descending,14251480
815,quick,Rating Descending,14699025
817,quick,Rating Descending,14523500
819,quick,Rating Descending,14991260
821,quick,Rating Descending,14627666
823,quick,Rating Descending,14629500
825,quick,Rating Descending,14954700
827,quick,Rating Descending,14591066
829,quick,Rating Descending,14634675
831,quick,Rating Descending,14892150
833,quick,Rating Descending,14812400
835,quick,Rating Descending,16266750
837,quick,Rating Descending,16746675
839,quick,Rating Descending,15345000
841,quick,Rating Descending,15268133
843,quick,Rating Descending,15214000
845,quick,Rating Descending,15165225
847,quick,Rating Descending,15226075
849,quick,Rating Descending,15275650
851,quick,Rating Descending,15464275
853,quick,Rating Descending,15463860
855,quick,Rating Descending,15759575
857,quick,Rating Descending,16193020
859,quick,Rating Descending,16039175
861,quick,Rating Descending,16223520
863,quick,Rating Descending,15832325
865,quick,Rating Descending,16447633
867,quick,Rating Descending,16721120
869,quick,Rating Descending,16420600
871,quick,Rating Descending,16717700
873,quick,Rating Descending,16783040
875,quick,Rating Descending,16511840
877,quick,Rating Descending,16336575
879,quick,Rating Descending,16776800
881,quick,Rating Descending,16762575
883,quick,Rating Descending,16977400
885,quick,Rating Descending,17305200
887,quick,Rating Descending,16755100
889,quick,Rating Descending,16583250
891,quick,Rating Descending,17568320
893,quick,Rating Descending,17475600
895,quick,Rating Descending,17388580
897,quick,Rating Descending,17503760
899,quick,Rating Descending,17344975
901,quick,Rating Descending,17778700
903,quick,Rating Descending,17907200
905,quick,Rating Descending,17386350
907,quick,Rating Descending,17911600
909,quick,Rating Descending,17574175
911,quick,Rating Descending,17871366
913,quick,Rating Descending,17852420
915,quick,Rating Descending,18348920
917,quick,Rating Descending,17853250
919,quick,Rating Descending,19041520
921,quick,Rating Descending,18714280
923,quick,Rating Descending,18323700
925,quick,Rating Descending,18659120
927,quick,Rating Descending,18953080
929,quick,Rating Descending,18485460
931,quick,Rating Descending,18439200
933,quick,Rating Descending,19133820
935,quick,Rating Descending,18491975
937,quick,Rating Descending,18698600
939,quick,Rating Descending,18932920
941,quick,Rating Descending,19081420
943,quick,Rating Descending,18830600
945,quick,Rating Descending,21147720
947,quick,Rating Descending,23435725
949,quick,Rating Descending,22893840
951,quick,Rating Descending,19851700
953,quick,Rating Descending,19703460
955,quick,Rating Descending,20000660
957,quick,Rating Descending,20618700
959,quick,Rating Descending,19930400
961,quick,Rating Descending,20484066
1,insertion,Rating Descending,7850
3,insertion,Rating Descending,8500
5,insertion,Rating Descending,11100
7,insertion,Rating Descending,9980
9,insertion,Rating Descending,11350
11,insertion,Rating Descending,12600
13,insertion,Rating Descending,13850
15,insertion,Rating Descending,15100
17,insertion,Rating Descending,14200
19,insertion,Rating Descending,14550
21,insertion,Rating Descending,16600
23,insertion,Rating Descending,16940
25,insertion,Rating Descending,18200
27,insertion,Rating Descending,18925
29,insertion,Rating Descending,19420
31,insertion,Rating Descending,20460
33,insertion,Rating Descending,21400
35,insertion,Rating Descending,22075
37,insertion,Rating Descending,22525
39,insertion,Rating Descending,23700
41,insertion,Rating Descending,25080
43,insertion,Rating Descending,25250
45,insertion,Rating Descending,27060
47,insertion,Rating Descending,26850
49,insertion,Rating Descending,34700
51,insertion,Rating Descending,43220
53,insertion,Rating Descending,31440
55,insertion,Rating Descending,37020
57,insertion,Rating Descending,31450
59,insertion,Rating Descending,31980
61,insertion,Rating Descending,32725
63,insertion,Rating Descending,36900
65,insertion,Rating Descending,34950
67,insertion,Rating Descending,37500
69,insertion,Rating Descending,37300
71,insertion,Rating Descending,37100
73,insertion,Rating Descending,38800
75,insertion,Rating Descending,39260
77,insertion,Rating Descending,40125
79,insertion,Rating Descending,61300
81,insertion,Rating Descending,42700
83,insertion,Rating Descending,48450
85,insertion,Rating Descending,69175
87,insertion,Rating Descending,49140
89,insertion,Rating Descending,46050
91,insertion,Rating Descending,47860
93,insertion,Rating Descending,50260
95,insertion,Rating Descending,47700
97,insertion,Rating Descending,48950
99,insertion,Rating Descending,53275
101,insertion,Rating Descending,53560
103,insertion,Rating Descending,53980
105,insertion,Rating Descending,53575
107,insertion,Rating Descending,58120
109,insertion,Rating Descending,80333
111,insertion,Rating Descending,70660
113,insertion,Rating Descending,69660
115,insertion,Rating Descending,59375
117,insertion,Rating Descending,62550
119,insertion,Rating Descending,58925
121,insertion,Rating Descending,59900
123,insertion,Rating Descending,58925
125,insertion,Rating Descending,61860
127,insertion,Rating Descending,60433
129,insertion,Rating Descending,62680
131,insertion,Rating Descending,64300
133,insertion,Rating Descending,76960
135,insertion,Rating Descending,66933
137,insertion,Rating Descending,67025
139,insertion,Rating Descending,93960
141,insertion,Rating Descending,67525
143,insertion,Rating Descending,67825
145,insertion,Rating Descending,65620
147,insertion,Rating Descending,64260
149,insertion,Rating Descending,68140
151,insertion,Rating Descending,68760
153,insertion,Rating Descending,69600
155,insertion,Rating Descending,72880
157,insertion,Rating Descending,83925
159,insertion,Rating Descending,87140
161,insertion,Rating Descending,79550
163,insertion,Rating Descending,81800
165,insertion,Rating Descending,77740
167,insertion,Rating Descending,80800
169,insertion,Rating Descending,90880
171,insertion,Rating Descending,80366
173,insertion,Rating Descending,80675
175,insertion,Rating Descending,78900
177,insertion,Rating Descending,78120
179,insertion,Rating Descending,75280
181,insertion,Rating Descending,87075
183,insertion,Rating Descending,81440
185,insertion,Rating Descending,84280
187,insertion,Rating Descending,92025
189,insertion,Rating Descending,86880
191,insertion,Rating Descending,82400
193,insertion,Rating Descending,84880
195,insertion,Rating Descending,86360
197,insertion,Rating Descending,90300
199,insertion,Rating Descending,94100
201,insertion,Rating Descending,104000
203,insertion,Rating Descending,92120
205,insertion,Rating Descending,115250
207,insertion,Rating Descending,99200
209,insertion,Rating Descending,92266
211,insertion,Rating Descending,96080
213,insertion,Rating Descending,100060
215,insertion,Rating Descending,97980
217,insertion,Rating Descending,92975
219,insertion,Rating Descending,93325
221,insertion,Rating Descending,98760
223,insertion,Rating Descending,95420
225,insertion,Rating Descending,106280
227,insertion,Rating Descending,110600
229,insertion,Rating Descending,103133
231,insertion,Rating Descending,110340
233,insertion,Rating Descending,106560
235,insertion,Rating Descending,95275
237,insertion,Rating Descending,97600
239,insertion,Rating Descending,146980
241,insertion,Rating Descending,132700
243,insertion,Rating Descending,111625
245,insertion,Rating Descending,115625
247,insertion,Rating Descending,112520
249,insertion,Rating Descending,105975
251,insertion,Rating Descending,118460
253,insertion,Rating Descending,115620
255,insertion,Rating Descending,105660
257,insertion,Rating Descending,123360
259,insertion,Rating Descending,115360
261,insertion,Rating Descending,122040
263,insertion,Rating Descending,121080
265,insertion,Rating Descending,117980
267,insertion,Rating Descending,108250
269,insertion,Rating Descending,162180
271,insertion,Rating Descending,186320
273,insertion,Rating Descending,129100
275,insertion,Rating Descending,128200
277,insertion,Rating Descending,120466
279,insertion,Rating Descending,118250
281,insertion,Rating Descending,209180
283,insertion,Rating Descending,129425
285,insertion,Rating Descending,120775
287,insertion,Rating Descending,120750
289,insertion,Rating Descending,118100
291,insertion,Rating Descending,131160
293,insertion,Rating Descending,122750
295,insertion,Rating Descending,122300
297,insertion,Rating Descending,146650
299,insertion,Rating Descending,139700
301,insertion,Rating Descending,201040
303,insertion,Rating Descending,132900
305,insertion,Rating Descending,130980
307,insertion,Rating Descending,124075
309,insertion,Rating Descending,137633
311,insertion,Rating Descending,136625
313,insertion,Rating Descending,133350
315,insertion,Rating Descending,125650
317,insertion,Rating Descending,127860
319,insertion,Rating Descending,138550
321,insertion,Rating Descending,142300
323,insertion,Rating Descending,170900
325,insertion,Rating Descending,225740
327,insertion,Rating Descending,144500
329,insertion,Rating Descending,137225
331,insertion,Rating Descending,141250
333,insertion,Rating Descending,152975
335,insertion,Rating Descending,157960
337,insertion,Rating Descending,153725
339,insertion,Rating Descending,153066
341,insertion,Rating Descending,155600
343,insertion,Rating Descending,153933
345,insertion,Rating Descending,214860
347,insertion,Rating Descending,165420
349,insertion,Rating Descending,161825
351,insertion,Rating Descending,190900
353,insertion,Rating Descending,146650
355,insertion,Rating Descending,146366
357,insertion,Rating Descending,142875
359,insertion,Rating Descending,156000
361,insertion,Rating Descending,161300
363,insertion,Rating Descending,181275
365,insertion,Rating Descending,145650
367,insertion,Rating Descending,163060
369,insertion,Rating Descending,189625
371,insertion,Rating Descending,175625
373,insertion,Rating Descending,157760
375,insertion,Rating Descending,161360
377,insertion,Rating Descending,192260
379,insertion,Rating Descending,170240
381,insertion,Rating Descending,153800
383,insertion,Rating Descending,163133
385,insertion,Rating Descending,164320
387,insertion,Rating Descending,172960
389,insertion,Rating Descending,194840
391,insertion,Rating Descending,186520
393,insertion,Rating Descending,197740
395,insertion,Rating Descending,161775
397,insertion,Rating Descending,162425
399,insertion,Rating Descending,163400
401,insertion,Rating Descending,167425
403,insertion,Rating Descending,187960
405,insertion,Rating Descending,167650
407,insertion,Rating Descending,171766
409,insertion,Rating Descending,200900
411,insertion,Rating Descending,227000
413,insertion,Rating Descending,193033
415,insertion,Rating Descending,170450
417,insertion,Rating Descending,175920
419,insertion,Rating Descending,188700
421,insertion,Rating Descending,175750
423,insertion,Rating Descending,173160
425,insertion,Rating Descending,169900
427,insertion,Rating Descending,195240
429,insertion,Rating Descending,289900
431,insertion,Rating Descending,256975
433,insertion,Rating Descending,247160
435,insertion,Rating Descending,330300
437,insertion,Rating Descending,249300
439,insertion,Rating Descending,206050
441,insertion,Rating Descending,208680
443,insertion,Rating Descending,197040
445,insertion,Rating Descending,192060
447,insertion,Rating Descending,186100
449,insertion,Rating Descending,202780
451,insertion,Rating Descending,202420
453,insertion,Rating Descending,178225
455,insertion,Rating Descending,235920
457,insertion,Rating Descending,214500
459,insertion,Rating Descending,226150
461,insertion,Rating Descending,198460
463,insertion,Rating Descending,187820
465,insertion,Rating Descending,200260
467,insertion,Rating Descending,199500
469,insertion,Rating Descending,200020
471,insertion,Rating Descending,208050
473,insertion,Rating Descending,265320
475,insertion,Rating Descending,229775
477,insertion,Rating Descending,204300
479,insertion,Rating Descending,208875
481,insertion,Rating Descending,215833
483,insertion,Rating Descending,216875
485,insertion,Rating Descending,198700
487,insertion,Rating Descending,199500
489,insertion,Rating Descending,243600
491,insertion,Rating Descending,220600
493,insertion,Rating Descending,217720
495,insertion,Rating Descending,201860
497,insertion,Rating Descending,220475
499,insertion,Rating Descending,212700
501,insertion,Rating Descending,199060
503,insertion,Rating Descending,210300
505,insertion,Rating Descending,222860
507,insertion,Rating Descending,221040
509,insertion,Rating Descending,230080
511,insertion,Rating Descending,234120
513,insertion,Rating Descending,209566
515,insertion,Rating Descending,223120
517,insertion,Rating Descending,236950
519,insertion,Rating Descending,261220
521,insertion,Rating Descending,247700
523,insertion,Rating Descending,218550
525,insertion,Rating Descending,241250
527,insertion,Rating Descending,247575
529,insertion,Rating Descending,220200
531,insertion,Rating Descending,229700
533,insertion,Rating Descending,258200
535,insertion,Rating Descending,236760
537,insertion,Rating Descending,246833
539,insertion,Rating Descending,263050
541,insertion,Rating Descending,308640
543,insertion,Rating Descending,259500
545,insertion,Rating Descending,244940
547,insertion,Rating Descending,274000
549,insertion,Rating Descending,251520
551,insertion,Rating Descending,247500
553,insertion,Rating Descending,223500
555,insertion,Rating Descending,247075
557,insertion,Rating Descending,258850
559,insertion,Rating Descending,250500
561,insertion,Rating Descending,258250
563,insertion,Rating Descending,225425
565,insertion,Rating Descending,245500
567,insertion,Rating Descending,239960
569,insertion,Rating Descending,243700
571,insertion,Rating Descending,287600
573,insertion,Rating Descending,281000
575,insertion,Rating Descending,269425
577,insertion,Rating Descending,259920
579,insertion,Rating Descending,256525
581,insertion,Rating Descending,475440
583,insertion,Rating Descending,442925
585,insertion,Rating Descending,280400
587,insertion,Rating Descending,264875
589,insertion,Rating Descending,245066
591,insertion,Rating Descending,449575
593,insertion,Rating Descending,368460
595,insertion,Rating Descending,277900
597,insertion,Rating Descending,260840
599,insertion,Rating Descending,269750
601,insertion,Rating Descending,309200
603,insertion,Rating Descending,521460
605,insertion,Rating Descending,280760
607,insertion,Rating Descending,337940
609,insertion,Rating Descending,609650
611,insertion,Rating Descending,549120
613,insertion,Rating Descending,288450
615,insertion,Rating Descending,416340
617,insertion,Rating Descending,274980
619,insertion,Rating Descending,274925
621,insertion,Rating Descending,294925
623,insertion,Rating Descending,375420
625,insertion,Rating Descending,615860
627,insertion,Rating Descending,288300
629,insertion,Rating Descending,279640
631,insertion,Rating Descending,280720
633,insertion,Rating Descending,508225
635,insertion,Rating Descending,297133
637,insertion,Rating Descending,296840
639,insertion,Rating Descending,290875
641,insertion,Rating Descending,266775
643,insertion,Rating Descending,273300
645,insertion,Rating Descending,309540
647,insertion,Rating Descending,287475
649,insertion,Rating Descending,268025
651,insertion,Rating Descending,270000
653,insertion,Rating Descending,472560
655,insertion,Rating Descending,290025
657,insertion,Rating Descending,298175
659,insertion,Rating Descending,281350
661,insertion,Rating Descending,265625
663,insertion,Rating Descending,277650
665,insertion,Rating Descending,303775
667,insertion,Rating Descending,278800
669,insertion,Rating Descending,293180
671,insertion,Rating Descending,304925
673,insertion,Rating Descending,285080
675,insertion,Rating Descending,299025
677,insertion,Rating Descending,305725
679,insertion,Rating Descending,295725
681,insertion,Rating Descending,287980
683,insertion,Rating Descending,395875
685,insertion,Rating Descending,311620
687,insertion,Rating Descending,310700
689,insertion,Rating Descending,270950
691,insertion,Rating Descending,315320
693,insertion,Rating Descending,285825
695,insertion,Rating Descending,333500
697,insertion,Rating Descending,314200
699,insertion,Rating Descending,313825
701,insertion,Rating Descending,316600
703,insertion,Rating Descending,287950
705,insertion,Rating Descending,283650
707,insertion,Rating Descending,332740
709,insertion,Rating Descending,310375
711,insertion,Rating Descending,303860
713,insertion,Rating Descending,297950
715,insertion,Rating Descending,332040
717,insertion,Rating Descending,331460
719,insertion,Rating Descending,343700
721,insertion,Rating Descending,324060
723,insertion,Rating Descending,381500
725,insertion,Rating Descending,317140
727,insertion,Rating Descending,294760
729,insertion,Rating Descending,313160
731,insertion,Rating Descending,347800
733,insertion,Rating Descending,417140
735,insertion,Rating Descending,320020
737,insertion,Rating Descending,293250
739,insertion,Rating Descending,300350
741,insertion,Rating Descending,306033
743,insertion,Rating Descending,390720
745,insertion,Rating Descending,353060
747,insertion,Rating Descending,305200
749,insertion,Rating Descending,332920
751,insertion,Rating Descending,325375
753,insertion,Rating Descending,313000
755,insertion,Rating Descending,344040
757,insertion,Rating Descending,347320
759,insertion,Rating Descending,312140
761,insertion,Rating Descending,331675
763,insertion,Rating Descending,305025
765,insertion,Rating Descending,329800
767,insertion,Rating Descending,337050
769,insertion,Rating Descending,401480
771,insertion,Rating Descending,338360
773,insertion,Rating Descending,324540
775,insertion,Rating Descending,317040
777,insertion,Rating Descending,346200
779,insertion,Rating Descending,420040
781,insertion,Rating Descending,329825
783,insertion,Rating Descending,333866
785,insertion,Rating Descending,331260
787,insertion,Rating Descending,354566
789,insertion,Rating Descending,457480
791,insertion,Rating Descending,329375
793,insertion,Rating Descending,336520
795,insertion,Rating Descending,360720
797,insertion,Rating Descending,412800
799,insertion,Rating Descending,407980
801,insertion,Rating Descending,351100
803,insertion,Rating Descending,322200
805,insertion,Rating Descending,385240
807,insertion,Rating Descending,358100
809,insertion,Rating Descending,367840
811,insertion,Rating Descending,373150
813,insertion,Rating Descending,330825
815,insertion,Rating Descending,357620
817,insertion,Rating Descending,447020
819,insertion,Rating Descending,327325
821,insertion,Rating Descending,425120
823,insertion,Rating Descending,351100
825,insertion,Rating Descending,327300
827,insertion,Rating Descending,420320
829,insertion,Rating Descending,331500
831,insertion,Rating Descending,463500
833,insertion,Rating Descending,352975
835,insertion,Rating Descending,330125
837,insertion,Rating Descending,421260
839,insertion,Rating Descending,333975
841,insertion,Rating Descending,387180
843,insertion,Rating Descending,383725
845,insertion,Rating Descending,346060
847,insertion,Rating Descending,362650
849,insertion,Rating Descending,345275
851,insertion,Rating Descending,347575
853,insertion,Rating Descending,379475
855,insertion,Rating Descending,349350
857,insertion,Rating Descending,338400
859,insertion,Rating Descending,367820
861,insertion,Rating Descending,346500
863,insertion,Rating Descending,397250
865,insertion,Rating Descending,345000
867,insertion,Rating Descending,343350
869,insertion,Rating Descending,348700
871,insertion,Rating Descending,367650
873,insertion,Rating Descending,402400
875,insertion,Rating Descending,362125
877,insertion,Rating Descending,399250
879,insertion,Rating Descending,381620
881,insertion,Rating Descending,384820
883,insertion,Rating Descending,407460
885,insertion,Rating Descending,371920
887,insertion,Rating Descending,415860
889,insertion,Rating Descending,365675
891,insertion,Rating Descending,353460
893,insertion,Rating Descending,388200
895,insertion,Rating Descending,381740
897,insertion,Rating Descending,358660
899,insertion,Rating Descending,384960
901,insertion,Rating Descending,358225
903,insertion,Rating Descending,374725
905,insertion,Rating Descending,395920
907,insertion,Rating Descending,362240
909,insertion,Rating Descending,375175
911,insertion,Rating Descending,365450
913,insertion,Rating Descending,420640
915,insertion,Rating Descending,506760
917,insertion,Rating Descending,361075
919,insertion,Rating Descending,377175
921,insertion,Rating Descending,379000
923,insertion,Rating Descending,423440
925,insertion,Rating Descending,537500
927,insertion,Rating Descending,364275
929,insertion,Rating Descending,395666
931,insertion,Rating Descending,386080
933,insertion,Rating Descending,396325
935,insertion,Rating Descending,441325
937,insertion,Rating Descending,397900
939,insertion,Rating Descending,373875
941,insertion,Rating Descending,372000
943,insertion,Rating Descending,429550
945,insertion,Rating Descending,387240
947,insertion,Rating Descending,399360
949,insertion,Rating Descending,375575
951,insertion,Rating Descending,386500
953,insertion,Rating Descending,577700
955,insertion,Rating Descending,380280
957,insertion,Rating Descending,387500
959,insertion,Rating Descending,404320
961,insertion,Rating Descending,467040
