Table Size,Algorithm,Comparator,Average Time (ns)
1,quick,Price Ascending,100
4,quick,Price Ascending,4350
7,quick,Price Ascending,21880
10,quick,Price Ascending,47640
13,quick,Price Ascending,14375
16,quick,Price Ascending,19975
19,quick,Price Ascending,15675
22,quick,Price Ascending,23820
25,quick,Price Ascending,43520
28,quick,Price Ascending,20050
31,quick,Price Ascending,40466
34,quick,Price Ascending,60000
37,quick,Price Ascending,59166
40,quick,Price Ascending,36975
43,quick,Price Ascending,62750
46,quick,Price Ascending,72733
49,quick,Price Ascending,80366
52,quick,Price Ascending,49900
55,quick,Price Ascending,56233
58,quick,Price Ascending,71766
61,quick,Price Ascending,132150
64,quick,Price Ascending,82450
67,quick,Price Ascending,86500
70,quick,Price Ascending,144800
73,quick,Price Ascending,117640
76,quick,Price Ascending,66675
79,quick,Price Ascending,68400
82,quick,Price Ascending,65966
85,quick,Price Ascending,73800
88,quick,Price Ascending,76033
91,quick,Price Ascending,133000
94,quick,Price Ascending,149400
97,quick,Price Ascending,94100
100,quick,Price Ascending,103875
103,quick,Price Ascending,178366
106,quick,Price Ascending,187550
109,quick,Price Ascending,141633
112,quick,Price Ascending,217400
115,quick,Price Ascending,228766
118,quick,Price Ascending,259200
121,quick,Price Ascending,276833
124,quick,Price Ascending,181725
127,quick,Price Ascending,172650
130,quick,Price Ascending,382400
133,quick,Price Ascending,467325
136,quick,Price Ascending,197033
139,quick,Price Ascending,211100
142,quick,Price Ascending,224033
145,quick,Price Ascending,235033
148,quick,Price Ascending,250450
151,quick,Price Ascending,244600
154,quick,Price Ascending,272100
157,quick,Price Ascending,304700
160,quick,Price Ascending,280500
163,quick,Price Ascending,298166
166,quick,Price Ascending,302200
169,quick,Price Ascending,352900
172,quick,Price Ascending,369666
175,quick,Price Ascending,385533
178,quick,Price Ascending,442400
181,quick,Price Ascending,383033
184,quick,Price Ascending,488500
187,quick,Price Ascending,446866
190,quick,Price Ascending,421200
193,quick,Price Ascending,432300
196,quick,Price Ascending,444633
199,quick,Price Ascending,486850
202,quick,Price Ascending,501700
205,quick,Price Ascending,489275
208,quick,Price Ascending,535033
211,quick,Price Ascending,669525
214,quick,Price Ascending,535300
217,quick,Price Ascending,558975
220,quick,Price Ascending,699100
223,quick,Price Ascending,633100
226,quick,Price Ascending,683975
229,quick,Price Ascending,631433
232,quick,Price Ascending,849550
235,quick,Price Ascending,666166
238,quick,Price Ascending,779925
241,quick,Price Ascending,933325
244,quick,Price Ascending,777000
247,quick,Price Ascending,939580
250,quick,Price Ascending,819733
253,quick,Price Ascending,755850
256,quick,Price Ascending,868775
259,quick,Price Ascending,831066
262,quick,Price Ascending,1204800
265,quick,Price Ascending,904475
268,quick,Price Ascending,844325
271,quick,Price Ascending,946033
274,quick,Price Ascending,951733
277,quick,Price Ascending,914700
280,quick,Price Ascending,1510550
283,quick,Price Ascending,946875
286,quick,Price Ascending,1100900
289,quick,Price Ascending,1021066
292,quick,Price Ascending,1117500
295,quick,Price Ascending,1046775
298,quick,Price Ascending,1454750
301,quick,Price Ascending,1200900
304,quick,Price Ascending,1526750
307,quick,Price Ascending,1165333
310,quick,Price Ascending,1339800
313,quick,Price Ascending,1202150
316,quick,Price Ascending,1382933
319,quick,Price Ascending,1385400
322,quick,Price Ascending,1233750
325,quick,Price Ascending,2188133
328,quick,Price Ascending,1381133
331,quick,Price Ascending,1664300
334,quick,Price Ascending,1518900
337,quick,Price Ascending,1469100
340,quick,Price Ascending,1551066
343,quick,Price Ascending,1600066
346,quick,Price Ascending,1900700
349,quick,Price Ascending,1584850
352,quick,Price Ascending,1553700
355,quick,Price Ascending,1752000
358,quick,Price Ascending,1789200
361,quick,Price Ascending,2690840
364,quick,Price Ascending,2143825
367,quick,Price Ascending,1838450
370,quick,Price Ascending,1859033
373,quick,Price Ascending,1893966
376,quick,Price Ascending,2080033
379,quick,Price Ascending,2017400
382,quick,Price Ascending,1779000
385,quick,Price Ascending,1840166
388,quick,Price Ascending,2261600
391,quick,Price Ascending,1863833
394,quick,Price Ascending,2083500
397,quick,Price Ascending,2074200
400,quick,Price Ascending,1961933
403,quick,Price Ascending,1975900
406,quick,Price Ascending,2316125
409,quick,Price Ascending,2152300
412,quick,Price Ascending,2243900
415,quick,Price Ascending,2441100
418,quick,Price Ascending,2399266
421,quick,Price Ascending,2481200
424,quick,Price Ascending,2706850
427,quick,Price Ascending,2335366
430,quick,Price Ascending,2293400
433,quick,Price Ascending,2805725
436,quick,Price Ascending,3152833
439,quick,Price Ascending,2866225
442,quick,Price Ascending,2806533
445,quick,Price Ascending,2574733
448,quick,Price Ascending,3097575
451,quick,Price Ascending,3084766
454,quick,Price Ascending,3450800
457,quick,Price Ascending,2851833
460,quick,Price Ascending,3318300
463,quick,Price Ascending,3580366
466,quick,Price Ascending,2974933
469,quick,Price Ascending,3121225
472,quick,Price Ascending,3125925
475,quick,Price Ascending,2925925
478,quick,Price Ascending,3171500
481,quick,Price Ascending,3326950
484,quick,Price Ascending,3029200
487,quick,Price Ascending,3228600
490,quick,Price Ascending,3071025
493,quick,Price Ascending,3388733
496,quick,Price Ascending,3210025
499,quick,Price Ascending,3411633
502,quick,Price Ascending,3298433
505,quick,Price Ascending,3450300
508,quick,Price Ascending,3644675
511,quick,Price Ascending,3832500
514,quick,Price Ascending,3577325
517,quick,Price Ascending,3884050
520,quick,Price Ascending,3623900
523,quick,Price Ascending,3921875
526,quick,Price Ascending,3986000
529,quick,Price Ascending,5438775
532,quick,Price Ascending,6417900
535,quick,Price Ascending,5064000
538,quick,Price Ascending,4885966
541,quick,Price Ascending,4597466
544,quick,Price Ascending,5676875
547,quick,Price Ascending,4359266
550,quick,Price Ascending,4413900
553,quick,Price Ascending,4441266
556,quick,Price Ascending,4826075
559,quick,Price Ascending,4724475
562,quick,Price Ascending,4789675
565,quick,Price Ascending,4729800
568,quick,Price Ascending,4821050
571,quick,Price Ascending,4786300
574,quick,Price Ascending,4587700
577,quick,Price Ascending,5018050
580,quick,Price Ascending,5490200
583,quick,Price Ascending,4860025
586,quick,Price Ascending,5266775
589,quick,Price Ascending,5037150
592,quick,Price Ascending,5196200
595,quick,Price Ascending,5675433
598,quick,Price Ascending,6833275
601,quick,Price Ascending,6176033
604,quick,Price Ascending,6079333
607,quick,Price Ascending,6304000
610,quick,Price Ascending,7278975
613,quick,Price Ascending,5868833
616,quick,Price Ascending,6129040
619,quick,Price Ascending,5916400
622,quick,Price Ascending,5742875
625,quick,Price Ascending,6052733
628,quick,Price Ascending,5933300
631,quick,Price Ascending,6005233
634,quick,Price Ascending,6186475
637,quick,Price Ascending,6033975
640,quick,Price Ascending,6103975
643,quick,Price Ascending,6435425
646,quick,Price Ascending,6348825
649,quick,Price Ascending,6475100
652,quick,Price Ascending,6562050
655,quick,Price Ascending,6370866
658,quick,Price Ascending,6556725
661,quick,Price Ascending,7365850
664,quick,Price Ascending,6609875
667,quick,Price Ascending,6498633
670,quick,Price Ascending,6930400
673,quick,Price Ascending,6854275
676,quick,Price Ascending,6986225
679,quick,Price Ascending,7128625
682,quick,Price Ascending,7090025
685,quick,Price Ascending,7365375
688,quick,Price Ascending,7595100
691,quick,Price Ascending,7453850
694,quick,Price Ascending,7650725
697,quick,Price Ascending,7741700
700,quick,Price Ascending,7603575
703,quick,Price Ascending,8197633
706,quick,Price Ascending,7933033
709,quick,Price Ascending,7931000
712,quick,Price Ascending,8275100
715,quick,Price Ascending,8697666
718,quick,Price Ascending,8602025
721,quick,Price Ascending,7753533
724,quick,Price Ascending,9584800
727,quick,Price Ascending,8017966
730,quick,Price Ascending,8773150
733,quick,Price Ascending,8373050
736,quick,Price Ascending,8987350
739,quick,Price Ascending,8945866
742,quick,Price Ascending,8534933
745,quick,Price Ascending,10754550
748,quick,Price Ascending,9196066
751,quick,Price Ascending,9494250
754,quick,Price Ascending,8844250
757,quick,Price Ascending,9724525
760,quick,Price Ascending,9181900
763,quick,Price Ascending,8953225
766,quick,Price Ascending,9111466
769,quick,Price Ascending,10374525
772,quick,Price Ascending,10818475
775,quick,Price Ascending,9642866
778,quick,Price Ascending,11235466
781,quick,Price Ascending,9928350
784,quick,Price Ascending,9454633
787,quick,Price Ascending,10282600
790,quick,Price Ascending,9717825
793,quick,Price Ascending,9569150
796,quick,Price Ascending,9594366
799,quick,Price Ascending,10324325
802,quick,Price Ascending,10407975
805,quick,Price Ascending,9860975
808,quick,Price Ascending,10532600
811,quick,Price Ascending,10996266
814,quick,Price Ascending,11142800
817,quick,Price Ascending,11156066
820,quick,Price Ascending,10888633
823,quick,Price Ascending,10955000
826,quick,Price Ascending,10920600
829,quick,Price Ascending,10949633
832,quick,Price Ascending,11143500
835,quick,Price Ascending,11170725
838,quick,Price Ascending,11279575
841,quick,Price Ascending,12206033
844,quick,Price Ascending,11673375
847,quick,Price Ascending,11779666
850,quick,Price Ascending,12238450
853,quick,Price Ascending,11408666
856,quick,Price Ascending,11965150
859,quick,Price Ascending,11981933
862,quick,Price Ascending,12238375
865,quick,Price Ascending,10804400
868,quick,Price Ascending,11229375
871,quick,Price Ascending,11067533
874,quick,Price Ascending,11233900
877,quick,Price Ascending,12665150
880,quick,Price Ascending,11966325
883,quick,Price Ascending,11618925
886,quick,Price Ascending,11681433
889,quick,Price Ascending,11791025
892,quick,Price Ascending,11708275
895,quick,Price Ascending,12568750
898,quick,Price Ascending,12025900
901,quick,Price Ascending,12087266
904,quick,Price Ascending,12199225
907,quick,Price Ascending,12702300
910,quick,Price Ascending,12646100
913,quick,Price Ascending,14215666
916,quick,Price Ascending,14391766
919,quick,Price Ascending,15264475
922,quick,Price Ascending,15296833
925,quick,Price Ascending,14942533
928,quick,Price Ascending,16067625
931,quick,Price Ascending,15466375
934,quick,Price Ascending,15750725
937,quick,Price Ascending,15714850
940,quick,Price Ascending,15054950
943,quick,Price Ascending,15184133
946,quick,Price Ascending,15745425
949,quick,Price Ascending,15262400
952,quick,Price Ascending,15853800
955,quick,Price Ascending,15538566
958,quick,Price Ascending,16118200
961,quick,Price Ascending,16599033
1,insertion,Price Ascending,125
4,insertion,Price Ascending,300
7,insertion,Price Ascending,475
10,insertion,Price Ascending,600
13,insertion,Price Ascending,750
16,insertion,Price Ascending,850
19,insertion,Price Ascending,1000
22,insertion,Price Ascending,1175
25,insertion,Price Ascending,1300
28,insertion,Price Ascending,1650
31,insertion,Price Ascending,1675
34,insertion,Price Ascending,1800
37,insertion,Price Ascending,1975
40,insertion,Price Ascending,2075
43,insertion,Price Ascending,2325
46,insertion,Price Ascending,2400
49,insertion,Price Ascending,2675
52,insertion,Price Ascending,2700
55,insertion,Price Ascending,2875
58,insertion,Price Ascending,3050
61,insertion,Price Ascending,4450
64,insertion,Price Ascending,1700
67,insertion,Price Ascending,1725
70,insertion,Price Ascending,1800
73,insertion,Price Ascending,1925
76,insertion,Price Ascending,2500
79,insertion,Price Ascending,2125
82,insertion,Price Ascending,2125
85,insertion,Price Ascending,2300
88,insertion,Price Ascending,2625
91,insertion,Price Ascending,3050
94,insertion,Price Ascending,2550
97,insertion,Price Ascending,3525
100,insertion,Price Ascending,2650
103,insertion,Price Ascending,3425
106,insertion,Price Ascending,2950
109,insertion,Price Ascending,3150
112,insertion,Price Ascending,8100
115,insertion,Price Ascending,3150
118,insertion,Price Ascending,3925
121,insertion,Price Ascending,3400
124,insertion,Price Ascending,8225
127,insertion,Price Ascending,3650
130,insertion,Price Ascending,3625
133,insertion,Price Ascending,4075
136,insertion,Price Ascending,3750
139,insertion,Price Ascending,4000
142,insertion,Price Ascending,4400
145,insertion,Price Ascending,4200
148,insertion,Price Ascending,4450
151,insertion,Price Ascending,74750
154,insertion,Price Ascending,5300
157,insertion,Price Ascending,3600
160,insertion,Price Ascending,4025
163,insertion,Price Ascending,3600
166,insertion,Price Ascending,3775
169,insertion,Price Ascending,5025
172,insertion,Price Ascending,3900
175,insertion,Price Ascending,3850
178,insertion,Price Ascending,3900
181,insertion,Price Ascending,4025
184,insertion,Price Ascending,4100
187,insertion,Price Ascending,4300
190,insertion,Price Ascending,4950
193,insertion,Price Ascending,4675
196,insertion,Price Ascending,5275
199,insertion,Price Ascending,6800
202,insertion,Price Ascending,7575
205,insertion,Price Ascending,5400
208,insertion,Price Ascending,4800
211,insertion,Price Ascending,5025
214,insertion,Price Ascending,5650
217,insertion,Price Ascending,5000
220,insertion,Price Ascending,7650
223,insertion,Price Ascending,5450
226,insertion,Price Ascending,6425
229,insertion,Price Ascending,8000
232,insertion,Price Ascending,16225
235,insertion,Price Ascending,5950
238,insertion,Price Ascending,9100
241,insertion,Price Ascending,5600
244,insertion,Price Ascending,5675
247,insertion,Price Ascending,5925
250,insertion,Price Ascending,6675
253,insertion,Price Ascending,5750
256,insertion,Price Ascending,6725
259,insertion,Price Ascending,6825
262,insertion,Price Ascending,6425
265,insertion,Price Ascending,6500
268,insertion,Price Ascending,8075
271,insertion,Price Ascending,6200
274,insertion,Price Ascending,6625
277,insertion,Price Ascending,6600
280,insertion,Price Ascending,6425
283,insertion,Price Ascending,7000
286,insertion,Price Ascending,21000
289,insertion,Price Ascending,112375
292,insertion,Price Ascending,6825
295,insertion,Price Ascending,7375
298,insertion,Price Ascending,6725
301,insertion,Price Ascending,7775
304,insertion,Price Ascending,11625
307,insertion,Price Ascending,8533
310,insertion,Price Ascending,18925
313,insertion,Price Ascending,7675
316,insertion,Price Ascending,7750
319,insertion,Price Ascending,7550
322,insertion,Price Ascending,8450
325,insertion,Price Ascending,7500
328,insertion,Price Ascending,7925
331,insertion,Price Ascending,9425
334,insertion,Price Ascending,17375
337,insertion,Price Ascending,8275
340,insertion,Price Ascending,8400
343,insertion,Price Ascending,12825
346,insertion,Price Ascending,8200
349,insertion,Price Ascending,15400
352,insertion,Price Ascending,9150
355,insertion,Price Ascending,8575
358,insertion,Price Ascending,8725
361,insertion,Price Ascending,15050
364,insertion,Price Ascending,10366
367,insertion,Price Ascending,9400
370,insertion,Price Ascending,19750
373,insertion,Price Ascending,8875
376,insertion,Price Ascending,9675
379,insertion,Price Ascending,34525
382,insertion,Price Ascending,10150
385,insertion,Price Ascending,10150
388,insertion,Price Ascending,10275
391,insertion,Price Ascending,10100
394,insertion,Price Ascending,10550
397,insertion,Price Ascending,10725
400,insertion,Price Ascending,12100
403,insertion,Price Ascending,17925
406,insertion,Price Ascending,18600
409,insertion,Price Ascending,10525
412,insertion,Price Ascending,15425
415,insertion,Price Ascending,10475
418,insertion,Price Ascending,10800
421,insertion,Price Ascending,43400
424,insertion,Price Ascending,30400
427,insertion,Price Ascending,11900
430,insertion,Price Ascending,11325
433,insertion,Price Ascending,12800
436,insertion,Price Ascending,11225
439,insertion,Price Ascending,13025
442,insertion,Price Ascending,12100
445,insertion,Price Ascending,20625
448,insertion,Price Ascending,12875
451,insertion,Price Ascending,15850
454,insertion,Price Ascending,29775
457,insertion,Price Ascending,12425
460,insertion,Price Ascending,79925
463,insertion,Price Ascending,14400
466,insertion,Price Ascending,13175
469,insertion,Price Ascending,12750
472,insertion,Price Ascending,16500
475,insertion,Price Ascending,33675
478,insertion,Price Ascending,12925
481,insertion,Price Ascending,13825
484,insertion,Price Ascending,13675
487,insertion,Price Ascending,12750
490,insertion,Price Ascending,13925
493,insertion,Price Ascending,13250
496,insertion,Price Ascending,14575
499,insertion,Price Ascending,15300
502,insertion,Price Ascending,13700
505,insertion,Price Ascending,13575
508,insertion,Price Ascending,14200
511,insertion,Price Ascending,31375
514,insertion,Price Ascending,14450
517,insertion,Price Ascending,14550
520,insertion,Price Ascending,14475
523,insertion,Price Ascending,20750
526,insertion,Price Ascending,16225
529,insertion,Price Ascending,15000
532,insertion,Price Ascending,16250
535,insertion,Price Ascending,15675
538,insertion,Price Ascending,15300
541,insertion,Price Ascending,44950
544,insertion,Price Ascending,16725
547,insertion,Price Ascending,15825
550,insertion,Price Ascending,31450
553,insertion,Price Ascending,17850
556,insertion,Price Ascending,17000
559,insertion,Price Ascending,15525
562,insertion,Price Ascending,16350
565,insertion,Price Ascending,16200
568,insertion,Price Ascending,16200
571,insertion,Price Ascending,16400
574,insertion,Price Ascending,17375
577,insertion,Price Ascending,16200
580,insertion,Price Ascending,16150
583,insertion,Price Ascending,17025
586,insertion,Price Ascending,17625
589,insertion,Price Ascending,17950
592,insertion,Price Ascending,17450
595,insertion,Price Ascending,17575
598,insertion,Price Ascending,18533
601,insertion,Price Ascending,18100
604,insertion,Price Ascending,17000
607,insertion,Price Ascending,19850
610,insertion,Price Ascending,17825
613,insertion,Price Ascending,17066
616,insertion,Price Ascending,20075
619,insertion,Price Ascending,18000
622,insertion,Price Ascending,18150
625,insertion,Price Ascending,17825
628,insertion,Price Ascending,18333
631,insertion,Price Ascending,18900
634,insertion,Price Ascending,18525
637,insertion,Price Ascending,19250
640,insertion,Price Ascending,19300
643,insertion,Price Ascending,18500
646,insertion,Price Ascending,19650
649,insertion,Price Ascending,18150
652,insertion,Price Ascending,18600
655,insertion,Price Ascending,19500
658,insertion,Price Ascending,20000
661,insertion,Price Ascending,19650
664,insertion,Price Ascending,19125
667,insertion,Price Ascending,19325
670,insertion,Price Ascending,26725
673,insertion,Price Ascending,21050
676,insertion,Price Ascending,20266
679,insertion,Price Ascending,19325
682,insertion,Price Ascending,21100
685,insertion,Price Ascending,44075
688,insertion,Price Ascending,21150
691,insertion,Price Ascending,26150
694,insertion,Price Ascending,20375
697,insertion,Price Ascending,30725
700,insertion,Price Ascending,22250
703,insertion,Price Ascending,28550
706,insertion,Price Ascending,21000
709,insertion,Price Ascending,21275
712,insertion,Price Ascending,23100
715,insertion,Price Ascending,21125
718,insertion,Price Ascending,20800
721,insertion,Price Ascending,23725
724,insertion,Price Ascending,22775
727,insertion,Price Ascending,22675
730,insertion,Price Ascending,22275
733,insertion,Price Ascending,25225
736,insertion,Price Ascending,24275
739,insertion,Price Ascending,24325
742,insertion,Price Ascending,23800
745,insertion,Price Ascending,23075
748,insertion,Price Ascending,25375
751,insertion,Price Ascending,97875
754,insertion,Price Ascending,89525
757,insertion,Price Ascending,23775
760,insertion,Price Ascending,25875
763,insertion,Price Ascending,23433
766,insertion,Price Ascending,28525
769,insertion,Price Ascending,24500
772,insertion,Price Ascending,25550
775,insertion,Price Ascending,93875
778,insertion,Price Ascending,24000
781,insertion,Price Ascending,24950
784,insertion,Price Ascending,23600
787,insertion,Price Ascending,24575
790,insertion,Price Ascending,26200
793,insertion,Price Ascending,24800
796,insertion,Price Ascending,30650
799,insertion,Price Ascending,24150
802,insertion,Price Ascending,25475
805,insertion,Price Ascending,24950
808,insertion,Price Ascending,26150
811,insertion,Price Ascending,26725
814,insertion,Price Ascending,25875
817,insertion,Price Ascending,27275
820,insertion,Price Ascending,25700
823,insertion,Price Ascending,25125
826,insertion,Price Ascending,24600
829,insertion,Price Ascending,25500
832,insertion,Price Ascending,33033
835,insertion,Price Ascending,32875
838,insertion,Price Ascending,25100
841,insertion,Price Ascending,30525
844,insertion,Price Ascending,25366
847,insertion,Price Ascending,26300
850,insertion,Price Ascending,26425
853,insertion,Price Ascending,25850
856,insertion,Price Ascending,25700
859,insertion,Price Ascending,26650
862,insertion,Price Ascending,26900
865,insertion,Price Ascending,26400
868,insertion,Price Ascending,26900
871,insertion,Price Ascending,58125
874,insertion,Price Ascending,26150
877,insertion,Price Ascending,31125
880,insertion,Price Ascending,26725
883,insertion,Price Ascending,25400
886,insertion,Price Ascending,56050
889,insertion,Price Ascending,33325
892,insertion,Price Ascending,26650
895,insertion,Price Ascending,27350
898,insertion,Price Ascending,29000
901,insertion,Price Ascending,27100
904,insertion,Price Ascending,26675
907,insertion,Price Ascending,27925
910,insertion,Price Ascending,28475
913,insertion,Price Ascending,30500
916,insertion,Price Ascending,30775
919,insertion,Price Ascending,28700
922,insertion,Price Ascending,30725
925,insertion,Price Ascending,29200
928,insertion,Price Ascending,35625
931,insertion,Price Ascending,28700
934,insertion,Price Ascending,28766
937,insertion,Price Ascending,30350
940,insertion,Price Ascending,34250
943,insertion,Price Ascending,30950
946,insertion,Price Ascending,27700
949,insertion,Price Ascending,29325
952,insertion,Price Ascending,29366
955,insertion,Price Ascending,28500
958,insertion,Price Ascending,30666
961,insertion,Price Ascending,39000
1,mixed,Price Ascending,0
4,mixed,Price Ascending,175
7,mixed,Price Ascending,200
10,mixed,Price Ascending,325
13,mixed,Price Ascending,300
16,mixed,Price Ascending,400
19,mixed,Price Ascending,475
22,mixed,Price Ascending,550
25,mixed,Price Ascending,675
28,mixed,Price Ascending,13975
31,mixed,Price Ascending,9225
34,mixed,Price Ascending,12566
37,mixed,Price Ascending,15333
40,mixed,Price Ascending,16366
43,mixed,Price Ascending,18250
46,mixed,Price Ascending,21333
49,mixed,Price Ascending,24766
52,mixed,Price Ascending,41250
55,mixed,Price Ascending,31633
58,mixed,Price Ascending,35875
61,mixed,Price Ascending,48380
64,mixed,Price Ascending,43700
67,mixed,Price Ascending,42966
70,mixed,Price Ascending,50433
73,mixed,Price Ascending,52066
76,mixed,Price Ascending,63000
79,mixed,Price Ascending,60600
82,mixed,Price Ascending,68700
85,mixed,Price Ascending,73533
88,mixed,Price Ascending,79425
91,mixed,Price Ascending,84875
94,mixed,Price Ascending,84766
97,mixed,Price Ascending,102300
100,mixed,Price Ascending,103350
103,mixed,Price Ascending,150700
106,mixed,Price Ascending,133400
109,mixed,Price Ascending,131400
112,mixed,Price Ascending,129633
115,mixed,Price Ascending,134825
118,mixed,Price Ascending,154000
121,mixed,Price Ascending,156500
124,mixed,Price Ascending,163075
127,mixed,Price Ascending,166366
130,mixed,Price Ascending,179475
133,mixed,Price Ascending,207325
136,mixed,Price Ascending,232020
139,mixed,Price Ascending,223650
142,mixed,Price Ascending,305880
145,mixed,Price Ascending,253400
148,mixed,Price Ascending,247575
151,mixed,Price Ascending,249725
154,mixed,Price Ascending,290100
157,mixed,Price Ascending,270150
160,mixed,Price Ascending,332320
163,mixed,Price Ascending,315850
166,mixed,Price Ascending,342725
169,mixed,Price Ascending,827700
172,mixed,Price Ascending,870000
175,mixed,Price Ascending,338800
178,mixed,Price Ascending,374833
181,mixed,Price Ascending,376550
184,mixed,Price Ascending,404066
187,mixed,Price Ascending,390466
190,mixed,Price Ascending,534475
193,mixed,Price Ascending,437100
196,mixed,Price Ascending,489825
199,mixed,Price Ascending,488725
202,mixed,Price Ascending,483466
205,mixed,Price Ascending,558525
208,mixed,Price Ascending,512666
211,mixed,Price Ascending,555950
214,mixed,Price Ascending,560275
217,mixed,Price Ascending,572966
220,mixed,Price Ascending,703225
223,mixed,Price Ascending,703075
226,mixed,Price Ascending,590500
229,mixed,Price Ascending,650700
232,mixed,Price Ascending,876150
235,mixed,Price Ascending,2947780
238,mixed,Price Ascending,767550
241,mixed,Price Ascending,1209380
244,mixed,Price Ascending,724175
247,mixed,Price Ascending,860875
250,mixed,Price Ascending,825800
253,mixed,Price Ascending,781850
256,mixed,Price Ascending,807100
259,mixed,Price Ascending,898225
262,mixed,Price Ascending,888450
265,mixed,Price Ascending,915450
268,mixed,Price Ascending,952566
271,mixed,Price Ascending,893275
274,mixed,Price Ascending,981775
277,mixed,Price Ascending,947533
280,mixed,Price Ascending,926575
283,mixed,Price Ascending,1092325
286,mixed,Price Ascending,971000
289,mixed,Price Ascending,1089700
292,mixed,Price Ascending,1007233
295,mixed,Price Ascending,1161233
298,mixed,Price Ascending,1060725
301,mixed,Price Ascending,1221933
304,mixed,Price Ascending,1177900
307,mixed,Price Ascending,1265400
310,mixed,Price Ascending,1203333
313,mixed,Price Ascending,1212350
316,mixed,Price Ascending,1347025
319,mixed,Price Ascending,1201775
322,mixed,Price Ascending,1364400
325,mixed,Price Ascending,1279450
328,mixed,Price Ascending,1343366
331,mixed,Price Ascending,1531466
334,mixed,Price Ascending,1405125
337,mixed,Price Ascending,1576275
340,mixed,Price Ascending,1568625
343,mixed,Price Ascending,1469433
346,mixed,Price Ascending,1453000
349,mixed,Price Ascending,1651233
352,mixed,Price Ascending,1761833
355,mixed,Price Ascending,1603433
358,mixed,Price Ascending,1689475
361,mixed,Price Ascending,1650650
364,mixed,Price Ascending,2107475
367,mixed,Price Ascending,1795950
370,mixed,Price Ascending,1843033
373,mixed,Price Ascending,1965050
376,mixed,Price Ascending,1894750
379,mixed,Price Ascending,2573175
382,mixed,Price Ascending,2375333
385,mixed,Price Ascending,1976966
388,mixed,Price Ascending,1969700
391,mixed,Price Ascending,2251025
394,mixed,Price Ascending,2057966
397,mixed,Price Ascending,2086866
400,mixed,Price Ascending,2376025
403,mixed,Price Ascending,2153000
406,mixed,Price Ascending,2115675
409,mixed,Price Ascending,2133233
412,mixed,Price Ascending,2125133
415,mixed,Price Ascending,2142900
418,mixed,Price Ascending,2158800
421,mixed,Price Ascending,2613733
424,mixed,Price Ascending,2408033
427,mixed,Price Ascending,2527775
430,mixed,Price Ascending,2595266
433,mixed,Price Ascending,2654433
436,mixed,Price Ascending,2360000
439,mixed,Price Ascending,2490733
442,mixed,Price Ascending,2698000
445,mixed,Price Ascending,3041500
448,mixed,Price Ascending,2580800
451,mixed,Price Ascending,2730400
454,mixed,Price Ascending,2994433
457,mixed,Price Ascending,3356300
460,mixed,Price Ascending,2922200
463,mixed,Price Ascending,3249175
466,mixed,Price Ascending,3137425
469,mixed,Price Ascending,2839466
472,mixed,Price Ascending,3149600
475,mixed,Price Ascending,3398100
478,mixed,Price Ascending,3059150
481,mixed,Price Ascending,3394375
484,mixed,Price Ascending,3259466
487,mixed,Price Ascending,3149666
490,mixed,Price Ascending,3250233
493,mixed,Price Ascending,3374350
496,mixed,Price Ascending,3516300
499,mixed,Price Ascending,3222766
502,mixed,Price Ascending,3577466
505,mixed,Price Ascending,3998525
508,mixed,Price Ascending,3650166
511,mixed,Price Ascending,3575050
514,mixed,Price Ascending,3902550
517,mixed,Price Ascending,3419600
520,mixed,Price Ascending,4068250
523,mixed,Price Ascending,4149925
526,mixed,Price Ascending,3895925
529,mixed,Price Ascending,4391375
532,mixed,Price Ascending,3865933
535,mixed,Price Ascending,4320475
538,mixed,Price Ascending,4117225
541,mixed,Price Ascending,4273533
544,mixed,Price Ascending,4051766
547,mixed,Price Ascending,4245700
550,mixed,Price Ascending,4412200
553,mixed,Price Ascending,4783200
556,mixed,Price Ascending,4469966
559,mixed,Price Ascending,4581675
562,mixed,Price Ascending,4390700
565,mixed,Price Ascending,4721825
568,mixed,Price Ascending,4710833
571,mixed,Price Ascending,5027333
574,mixed,Price Ascending,4941025
577,mixed,Price Ascending,4767225
580,mixed,Price Ascending,4978225
583,mixed,Price Ascending,4882666
586,mixed,Price Ascending,5483200
589,mixed,Price Ascending,5015300
592,mixed,Price Ascending,5141100
595,mixed,Price Ascending,5469050
598,mixed,Price Ascending,5192700
601,mixed,Price Ascending,5513875
604,mixed,Price Ascending,5687525
607,mixed,Price Ascending,5512975
610,mixed,Price Ascending,5393566
613,mixed,Price Ascending,5702925
616,mixed,Price Ascending,5484233
619,mixed,Price Ascending,6004275
622,mixed,Price Ascending,6336375
625,mixed,Price Ascending,5790100
628,mixed,Price Ascending,6286525
631,mixed,Price Ascending,6148700
634,mixed,Price Ascending,6224200
637,mixed,Price Ascending,7634775
640,mixed,Price Ascending,6522766
643,mixed,Price Ascending,6621633
646,mixed,Price Ascending,6062166
649,mixed,Price Ascending,5861433
652,mixed,Price Ascending,6726675
655,mixed,Price Ascending,6872800
658,mixed,Price Ascending,6884550
661,mixed,Price Ascending,7035100
664,mixed,Price Ascending,7009225
667,mixed,Price Ascending,6997700
670,mixed,Price Ascending,7108775
673,mixed,Price Ascending,7353250
676,mixed,Price Ascending,7571175
679,mixed,Price Ascending,7663500
682,mixed,Price Ascending,7958225
685,mixed,Price Ascending,7775050
688,mixed,Price Ascending,7606750
691,mixed,Price Ascending,7628900
694,mixed,Price Ascending,7844675
697,mixed,Price Ascending,7824675
700,mixed,Price Ascending,7910100
703,mixed,Price Ascending,7664800
706,mixed,Price Ascending,9058600
709,mixed,Price Ascending,8053300
712,mixed,Price Ascending,8096750
715,mixed,Price Ascending,8749650
718,mixed,Price Ascending,8245366
721,mixed,Price Ascending,10563450
724,mixed,Price Ascending,8655075
727,mixed,Price Ascending,8164266
730,mixed,Price Ascending,8730825
733,mixed,Price Ascending,8951050
736,mixed,Price Ascending,8766366
739,mixed,Price Ascending,8860966
742,mixed,Price Ascending,8962150
745,mixed,Price Ascending,8931275
748,mixed,Price Ascending,9431725
751,mixed,Price Ascending,9243850
754,mixed,Price Ascending,9353700
757,mixed,Price Ascending,9509950
760,mixed,Price Ascending,9830425
763,mixed,Price Ascending,9498125
766,mixed,Price Ascending,11572850
769,mixed,Price Ascending,9478133
772,mixed,Price Ascending,11170125
775,mixed,Price Ascending,10220625
778,mixed,Price Ascending,9914775
781,mixed,Price Ascending,10195425
784,mixed,Price Ascending,10468033
787,mixed,Price Ascending,12436325
790,mixed,Price Ascending,10836150
793,mixed,Price Ascending,10179325
796,mixed,Price Ascending,10334425
799,mixed,Price Ascending,10710733
802,mixed,Price Ascending,11001800
805,mixed,Price Ascending,10635033
808,mixed,Price Ascending,11148075
811,mixed,Price Ascending,10746675
814,mixed,Price Ascending,10870525
817,mixed,Price Ascending,10955050
820,mixed,Price Ascending,11675150
823,mixed,Price Ascending,11213450
826,mixed,Price Ascending,11376250
829,mixed,Price Ascending,11699150
832,mixed,Price Ascending,11809000
835,mixed,Price Ascending,12868075
838,mixed,Price Ascending,12277000
841,mixed,Price Ascending,12577166
844,mixed,Price Ascending,12416566
847,mixed,Price Ascending,12917400
850,mixed,Price Ascending,12033833
853,mixed,Price Ascending,13369725
856,mixed,Price Ascending,12410933
859,mixed,Price Ascending,12307633
862,mixed,Price Ascending,12847350
865,mixed,Price Ascending,12816675
868,mixed,Price Ascending,13359125
871,mixed,Price Ascending,12605100
874,mixed,Price Ascending,12604633
877,mixed,Price Ascending,13181350
880,mixed,Price Ascending,12842975
883,mixed,Price Ascending,13506833
886,mixed,Price Ascending,13984425
889,mixed,Price Ascending,13491200
892,mixed,Price Ascending,13384025
895,mixed,Price Ascending,13977866
898,mixed,Price Ascending,13839050
901,mixed,Price Ascending,13749400
904,mixed,Price Ascending,14313975
907,mixed,Price Ascending,14015633
910,mixed,Price Ascending,14721300
913,mixed,Price Ascending,14144400
916,mixed,Price Ascending,14396650
919,mixed,Price Ascending,14330150
922,mixed,Price Ascending,14448400
925,mixed,Price Ascending,14420075
928,mixed,Price Ascending,14546050
931,mixed,Price Ascending,14949975
934,mixed,Price Ascending,15252566
937,mixed,Price Ascending,15165875
940,mixed,Price Ascending,14931633
943,mixed,Price Ascending,15436900
946,mixed,Price Ascending,15256275
949,mixed,Price Ascending,15749466
952,mixed,Price Ascending,16463266
955,mixed,Price Ascending,15414325
958,mixed,Price Ascending,16481200
961,mixed,Price Ascending,15310850
1,quick,Price Descending,25
4,quick,Price Descending,775
7,quick,Price Descending,2950
10,quick,Price Descending,4700
13,quick,Price Descending,7800
16,quick,Price Descending,10433
19,quick,Price Descending,15300
22,quick,Price Descending,18633
25,quick,Price Descending,10375
28,quick,Price Descending,12800
31,quick,Price Descending,15866
34,quick,Price Descending,18950
37,quick,Price Descending,26025
40,quick,Price Descending,25833
43,quick,Price Descending,29366
46,quick,Price Descending,33333
49,quick,Price Descending,43900
52,quick,Price Descending,45725
55,quick,Price Descending,27900
58,quick,Price Descending,32825
61,quick,Price Descending,33533
64,quick,Price Descending,36800
67,quick,Price Descending,43620
70,quick,Price Descending,44750
73,quick,Price Descending,47566
76,quick,Price Descending,57200
79,quick,Price Descending,55500
82,quick,Price Descending,60425
85,quick,Price Descending,64500
88,quick,Price Descending,68975
91,quick,Price Descending,73833
94,quick,Price Descending,83733
97,quick,Price Descending,84700
100,quick,Price Descending,93875
103,quick,Price Descending,95966
106,quick,Price Descending,102700
109,quick,Price Descending,108666
112,quick,Price Descending,153680
115,quick,Price Descending,124800
118,quick,Price Descending,152475
121,quick,Price Descending,148050
124,quick,Price Descending,147075
127,quick,Price Descending,156866
130,quick,Price Descending,159200
133,quick,Price Descending,173500
136,quick,Price Descending,177100
139,quick,Price Descending,186825
142,quick,Price Descending,199800
145,quick,Price Descending,232100
148,quick,Price Descending,252325
151,quick,Price Descending,242375
154,quick,Price Descending,244500
157,quick,Price Descending,269550
160,quick,Price Descending,260725
163,quick,Price Descending,268566
166,quick,Price Descending,283600
169,quick,Price Descending,306333
172,quick,Price Descending,341800
175,quick,Price Descending,354125
178,quick,Price Descending,323933
181,quick,Price Descending,333166
184,quick,Price Descending,355300
187,quick,Price Descending,369733
190,quick,Price Descending,367400
193,quick,Price Descending,392425
196,quick,Price Descending,473800
199,quick,Price Descending,416666
202,quick,Price Descending,432150
205,quick,Price Descending,441525
208,quick,Price Descending,459233
211,quick,Price Descending,622425
214,quick,Price Descending,493200
217,quick,Price Descending,518166
220,quick,Price Descending,523625
223,quick,Price Descending,558233
226,quick,Price Descending,694266
229,quick,Price Descending,612433
232,quick,Price Descending,663025
235,quick,Price Descending,614033
238,quick,Price Descending,591625
241,quick,Price Descending,668875
244,quick,Price Descending,647400
247,quick,Price Descending,731425
250,quick,Price Descending,830975
253,quick,Price Descending,688550
256,quick,Price Descending,722333
259,quick,Price Descending,948100
262,quick,Price Descending,765533
265,quick,Price Descending,803966
268,quick,Price Descending,823733
271,quick,Price Descending,813500
274,quick,Price Descending,942150
277,quick,Price Descending,833033
280,quick,Price Descending,1069475
283,quick,Price Descending,917700
286,quick,Price Descending,883875
289,quick,Price Descending,984033
292,quick,Price Descending,924400
295,quick,Price Descending,1060033
298,quick,Price Descending,991300
301,quick,Price Descending,1088325
304,quick,Price Descending,1111300
307,quick,Price Descending,1103433
310,quick,Price Descending,1120000
313,quick,Price Descending,1223275
316,quick,Price Descending,1209475
319,quick,Price Descending,1262950
322,quick,Price Descending,1318800
325,quick,Price Descending,1252475
328,quick,Price Descending,1216333
331,quick,Price Descending,1399425
334,quick,Price Descending,1323366
337,quick,Price Descending,1240166
340,quick,Price Descending,1429200
343,quick,Price Descending,1472900
346,quick,Price Descending,1327666
349,quick,Price Descending,1554050
352,quick,Price Descending,1709550
355,quick,Price Descending,1570450
358,quick,Price Descending,1430066
361,quick,Price Descending,1674125
364,quick,Price Descending,1793000
367,quick,Price Descending,1707900
370,quick,Price Descending,1896925
373,quick,Price Descending,1586600
376,quick,Price Descending,1743675
379,quick,Price Descending,1631100
382,quick,Price Descending,1825766
385,quick,Price Descending,2022075
388,quick,Price Descending,1870800
391,quick,Price Descending,1949466
394,quick,Price Descending,1961866
397,quick,Price Descending,1931666
400,quick,Price Descending,2335433
403,quick,Price Descending,5102375
406,quick,Price Descending,2161933
409,quick,Price Descending,2149966
412,quick,Price Descending,2020233
415,quick,Price Descending,2039733
418,quick,Price Descending,2392000
421,quick,Price Descending,2212900
424,quick,Price Descending,2332225
427,quick,Price Descending,2419625
430,quick,Price Descending,2361625
433,quick,Price Descending,2449625
436,quick,Price Descending,2202200
439,quick,Price Descending,2367100
442,quick,Price Descending,2452633
445,quick,Price Descending,2873225
448,quick,Price Descending,2749350
451,quick,Price Descending,2718850
454,quick,Price Descending,2701900
457,quick,Price Descending,2639400
460,quick,Price Descending,2466533
463,quick,Price Descending,2650233
466,quick,Price Descending,2762500
469,quick,Price Descending,2596775
472,quick,Price Descending,2853300
475,quick,Price Descending,3104125
478,quick,Price Descending,3006575
481,quick,Price Descending,3223750
484,quick,Price Descending,2911800
487,quick,Price Descending,3117800
490,quick,Price Descending,3125800
493,quick,Price Descending,3349950
496,quick,Price Descending,3221966
499,quick,Price Descending,3282225
502,quick,Price Descending,3405966
505,quick,Price Descending,3064633
508,quick,Price Descending,3353600
511,quick,Price Descending,3294866
514,quick,Price Descending,3608200
517,quick,Price Descending,3230533
520,quick,Price Descending,3452066
523,quick,Price Descending,4203900
526,quick,Price Descending,3513233
529,quick,Price Descending,3843133
532,quick,Price Descending,3634450
535,quick,Price Descending,3743666
538,quick,Price Descending,3963025
541,quick,Price Descending,3850225
544,quick,Price Descending,3981600
547,quick,Price Descending,4523350
550,quick,Price Descending,4000125
553,quick,Price Descending,3938966
556,quick,Price Descending,4038633
559,quick,Price Descending,4002333
562,quick,Price Descending,3997200
565,quick,Price Descending,4203166
568,quick,Price Descending,4233233
571,quick,Price Descending,4339866
574,quick,Price Descending,4673875
577,quick,Price Descending,4368800
580,quick,Price Descending,4496500
583,quick,Price Descending,4473066
586,quick,Price Descending,4681066
589,quick,Price Descending,4729200
592,quick,Price Descending,4768233
595,quick,Price Descending,4989925
598,quick,Price Descending,4973225
601,quick,Price Descending,5114250
604,quick,Price Descending,4783666
607,quick,Price Descending,5112750
610,quick,Price Descending,4917000
613,quick,Price Descending,4986000
616,quick,Price Descending,5282875
619,quick,Price Descending,5281375
622,quick,Price Descending,5496225
625,quick,Price Descending,5155300
628,quick,Price Descending,5378600
631,quick,Price Descending,6052375
634,quick,Price Descending,5655850
637,quick,Price Descending,7715000
640,quick,Price Descending,6046650
643,quick,Price Descending,5949925
646,quick,Price Descending,6154733
649,quick,Price Descending,7069875
652,quick,Price Descending,6097925
655,quick,Price Descending,6316900
658,quick,Price Descending,6578700
661,quick,Price Descending,6122175
664,quick,Price Descending,6535750
667,quick,Price Descending,5930100
670,quick,Price Descending,6831775
673,quick,Price Descending,7683600
676,quick,Price Descending,7177425
679,quick,Price Descending,6763033
682,quick,Price Descending,6879575
685,quick,Price Descending,6812025
688,quick,Price Descending,7540900
691,quick,Price Descending,7024900
694,quick,Price Descending,7014125
697,quick,Price Descending,6888600
700,quick,Price Descending,7322350
703,quick,Price Descending,7343575
706,quick,Price Descending,7325150
709,quick,Price Descending,6996575
712,quick,Price Descending,7163525
715,quick,Price Descending,7181700
718,quick,Price Descending,7301575
721,quick,Price Descending,7001233
724,quick,Price Descending,7165533
727,quick,Price Descending,7860075
730,quick,Price Descending,7678950
733,quick,Price Descending,7803925
736,quick,Price Descending,7732400
739,quick,Price Descending,8032000
742,quick,Price Descending,8518075
745,quick,Price Descending,8501650
748,quick,Price Descending,8047575
751,quick,Price Descending,8366175
754,quick,Price Descending,8312733
757,quick,Price Descending,8319475
760,quick,Price Descending,8350875
763,quick,Price Descending,8649700
766,quick,Price Descending,8713525
769,quick,Price Descending,8909200
772,quick,Price Descending,8771466
775,quick,Price Descending,8618400
778,quick,Price Descending,8865000
781,quick,Price Descending,8886875
784,quick,Price Descending,9149475
787,quick,Price Descending,9119125
790,quick,Price Descending,9088475
793,quick,Price Descending,9125800
796,quick,Price Descending,9138450
799,quick,Price Descending,9387875
802,quick,Price Descending,9478475
805,quick,Price Descending,9108433
808,quick,Price Descending,9433833
811,quick,Price Descending,9592225
814,quick,Price Descending,10145225
817,quick,Price Descending,9558850
820,quick,Price Descending,9836175
823,quick,Price Descending,10540250
826,quick,Price Descending,10574125
829,quick,Price Descending,9786125
832,quick,Price Descending,10350575
835,quick,Price Descending,10661150
838,quick,Price Descending,9960100
841,quick,Price Descending,10161850
844,quick,Price Descending,10378375
847,quick,Price Descending,10769350
850,quick,Price Descending,10637275
853,quick,Price Descending,12504250
856,quick,Price Descending,11607375
859,quick,Price Descending,13481175
862,quick,Price Descending,10305466
865,quick,Price Descending,10969675
868,quick,Price Descending,11297450
871,quick,Price Descending,11518100
874,quick,Price Descending,10929750
877,quick,Price Descending,11303675
880,quick,Price Descending,11424966
883,quick,Price Descending,11200175
886,quick,Price Descending,11636466
889,quick,Price Descending,11954975
892,quick,Price Descending,11775725
895,quick,Price Descending,12281800
898,quick,Price Descending,12535575
901,quick,Price Descending,12120333
904,quick,Price Descending,12462250
907,quick,Price Descending,12230400
910,quick,Price Descending,12246066
913,quick,Price Descending,12618850
916,quick,Price Descending,12907950
919,quick,Price Descending,12951975
922,quick,Price Descending,13167200
925,quick,Price Descending,12686975
928,quick,Price Descending,12863925
931,quick,Price Descending,12412466
934,quick,Price Descending,12836233
937,quick,Price Descending,13192375
940,quick,Price Descending,13179325
943,quick,Price Descending,13436525
946,quick,Price Descending,13225000
949,quick,Price Descending,14389266
952,quick,Price Descending,14158675
955,quick,Price Descending,13535300
958,quick,Price Descending,13737966
961,quick,Price Descending,14068175
1,insertion,Price Descending,0
4,insertion,Price Descending,125
7,insertion,Price Descending,200
10,insertion,Price Descending,250
13,insertion,Price Descending,300
16,insertion,Price Descending,400
19,insertion,Price Descending,425
22,insertion,Price Descending,525
25,insertion,Price Descending,500
28,insertion,Price Descending,600
31,insertion,Price Descending,600
34,insertion,Price Descending,800
37,insertion,Price Descending,725
40,insertion,Price Descending,750
43,insertion,Price Descending,825
46,insertion,Price Descending,900
49,insertion,Price Descending,950
52,insertion,Price Descending,1000
55,insertion,Price Descending,1250
58,insertion,Price Descending,1150
61,insertion,Price Descending,1200
64,insertion,Price Descending,1225
67,insertion,Price Descending,1475
70,insertion,Price Descending,1400
73,insertion,Price Descending,1425
76,insertion,Price Descending,1550
79,insertion,Price Descending,1600
82,insertion,Price Descending,1625
85,insertion,Price Descending,1725
88,insertion,Price Descending,1800
91,insertion,Price Descending,2100
94,insertion,Price Descending,2000
97,insertion,Price Descending,2000
100,insertion,Price Descending,2100
103,insertion,Price Descending,2300
106,insertion,Price Descending,2400
109,insertion,Price Descending,2400
112,insertion,Price Descending,2450
115,insertion,Price Descending,2500
118,insertion,Price Descending,2900
121,insertion,Price Descending,2700
124,insertion,Price Descending,2800
127,insertion,Price Descending,2850
130,insertion,Price Descending,2900
133,insertion,Price Descending,2966
136,insertion,Price Descending,51980
139,insertion,Price Descending,3600
142,insertion,Price Descending,3300
145,insertion,Price Descending,3600
148,insertion,Price Descending,3400
151,insertion,Price Descending,3500
154,insertion,Price Descending,3625
157,insertion,Price Descending,3925
160,insertion,Price Descending,3800
163,insertion,Price Descending,3800
166,insertion,Price Descending,3900
169,insertion,Price Descending,4000
172,insertion,Price Descending,4400
175,insertion,Price Descending,4125
178,insertion,Price Descending,4125
181,insertion,Price Descending,4200
184,insertion,Price Descending,4725
187,insertion,Price Descending,4500
190,insertion,Price Descending,4925
193,insertion,Price Descending,4500
196,insertion,Price Descending,6400
199,insertion,Price Descending,4650
202,insertion,Price Descending,4750
205,insertion,Price Descending,4800
208,insertion,Price Descending,4900
211,insertion,Price Descending,4950
214,insertion,Price Descending,5100
217,insertion,Price Descending,5200
220,insertion,Price Descending,5750
223,insertion,Price Descending,5200
226,insertion,Price Descending,5900
229,insertion,Price Descending,5800
232,insertion,Price Descending,5825
235,insertion,Price Descending,5600
238,insertion,Price Descending,5650
241,insertion,Price Descending,5800
244,insertion,Price Descending,5925
247,insertion,Price Descending,6400
250,insertion,Price Descending,6050
253,insertion,Price Descending,6100
256,insertion,Price Descending,6275
259,insertion,Price Descending,6500
262,insertion,Price Descending,6275
265,insertion,Price Descending,6500
268,insertion,Price Descending,6525
271,insertion,Price Descending,6400
274,insertion,Price Descending,7000
277,insertion,Price Descending,6500
280,insertion,Price Descending,7175
283,insertion,Price Descending,7100
286,insertion,Price Descending,6866
289,insertion,Price Descending,7100
292,insertion,Price Descending,6975
295,insertion,Price Descending,7500
298,insertion,Price Descending,6933
301,insertion,Price Descending,9775
304,insertion,Price Descending,9425
307,insertion,Price Descending,8450
310,insertion,Price Descending,8750
313,insertion,Price Descending,7633
316,insertion,Price Descending,8200
319,insertion,Price Descending,7575
322,insertion,Price Descending,8200
325,insertion,Price Descending,8350
328,insertion,Price Descending,7825
331,insertion,Price Descending,9350
334,insertion,Price Descending,8575
337,insertion,Price Descending,8125
340,insertion,Price Descending,8775
343,insertion,Price Descending,9075
346,insertion,Price Descending,15125
349,insertion,Price Descending,8625
352,insertion,Price Descending,9575
355,insertion,Price Descending,9300
358,insertion,Price Descending,9000
361,insertion,Price Descending,9500
364,insertion,Price Descending,9900
367,insertion,Price Descending,10450
370,insertion,Price Descending,9975
373,insertion,Price Descending,9200
376,insertion,Price Descending,9425
379,insertion,Price Descending,9400
382,insertion,Price Descending,9625
385,insertion,Price Descending,10275
388,insertion,Price Descending,10133
391,insertion,Price Descending,10150
394,insertion,Price Descending,12425
397,insertion,Price Descending,11250
400,insertion,Price Descending,10625
403,insertion,Price Descending,10700
406,insertion,Price Descending,12325
409,insertion,Price Descending,18225
412,insertion,Price Descending,10366
415,insertion,Price Descending,11300
418,insertion,Price Descending,11200
421,insertion,Price Descending,11000
424,insertion,Price Descending,11850
427,insertion,Price Descending,50200
430,insertion,Price Descending,12875
433,insertion,Price Descending,11350
436,insertion,Price Descending,10900
439,insertion,Price Descending,12100
442,insertion,Price Descending,12450
445,insertion,Price Descending,11900
448,insertion,Price Descending,11525
451,insertion,Price Descending,12400
454,insertion,Price Descending,12750
457,insertion,Price Descending,12500
460,insertion,Price Descending,11900
463,insertion,Price Descending,12825
466,insertion,Price Descending,15200
469,insertion,Price Descending,12475
472,insertion,Price Descending,13425
475,insertion,Price Descending,13425
478,insertion,Price Descending,13050
481,insertion,Price Descending,16450
484,insertion,Price Descending,12975
487,insertion,Price Descending,13200
490,insertion,Price Descending,13950
493,insertion,Price Descending,15425
496,insertion,Price Descending,13825
499,insertion,Price Descending,13625
502,insertion,Price Descending,16125
505,insertion,Price Descending,14000
508,insertion,Price Descending,14500
511,insertion,Price Descending,13825
514,insertion,Price Descending,16475
517,insertion,Price Descending,22225
520,insertion,Price Descending,14825
523,insertion,Price Descending,14700
526,insertion,Price Descending,16500
529,insertion,Price Descending,15533
532,insertion,Price Descending,14925
535,insertion,Price Descending,15433
538,insertion,Price Descending,15675
541,insertion,Price Descending,20375
544,insertion,Price Descending,15700
547,insertion,Price Descending,17975
550,insertion,Price Descending,15075
553,insertion,Price Descending,15975
556,insertion,Price Descending,16225
559,insertion,Price Descending,15933
562,insertion,Price Descending,15666
565,insertion,Price Descending,16175
568,insertion,Price Descending,17300
571,insertion,Price Descending,16425
574,insertion,Price Descending,19700
577,insertion,Price Descending,16766
580,insertion,Price Descending,16800
583,insertion,Price Descending,16950
586,insertion,Price Descending,17400
589,insertion,Price Descending,17525
592,insertion,Price Descending,18000
595,insertion,Price Descending,17425
598,insertion,Price Descending,17425
601,insertion,Price Descending,17325
604,insertion,Price Descending,17400
607,insertion,Price Descending,17466
610,insertion,Price Descending,17675
613,insertion,Price Descending,18100
616,insertion,Price Descending,18000
619,insertion,Price Descending,18166
622,insertion,Price Descending,19075
625,insertion,Price Descending,18600
628,insertion,Price Descending,18975
631,insertion,Price Descending,18850
634,insertion,Price Descending,18625
637,insertion,Price Descending,18975
640,insertion,Price Descending,19600
643,insertion,Price Descending,19450
646,insertion,Price Descending,18725
649,insertion,Price Descending,19300
652,insertion,Price Descending,19625
655,insertion,Price Descending,19533
658,insertion,Price Descending,78825
661,insertion,Price Descending,19533
664,insertion,Price Descending,19600
667,insertion,Price Descending,22750
670,insertion,Price Descending,20325
673,insertion,Price Descending,27425
676,insertion,Price Descending,21150
679,insertion,Price Descending,20566
682,insertion,Price Descending,21100
685,insertion,Price Descending,20366
688,insertion,Price Descending,20500
691,insertion,Price Descending,21825
694,insertion,Price Descending,22750
697,insertion,Price Descending,21400
700,insertion,Price Descending,21125
703,insertion,Price Descending,21475
706,insertion,Price Descending,21133
709,insertion,Price Descending,22750
712,insertion,Price Descending,21950
715,insertion,Price Descending,22150
718,insertion,Price Descending,22166
721,insertion,Price Descending,21225
724,insertion,Price Descending,22075
727,insertion,Price Descending,22200
730,insertion,Price Descending,22300
733,insertion,Price Descending,22350
736,insertion,Price Descending,22366
739,insertion,Price Descending,26400
742,insertion,Price Descending,22300
745,insertion,Price Descending,24850
748,insertion,Price Descending,23500
751,insertion,Price Descending,22833
754,insertion,Price Descending,23300
757,insertion,Price Descending,23250
760,insertion,Price Descending,24500
763,insertion,Price Descending,23225
766,insertion,Price Descending,24975
769,insertion,Price Descending,23425
772,insertion,Price Descending,23500
775,insertion,Price Descending,23575
778,insertion,Price Descending,41800
781,insertion,Price Descending,24650
784,insertion,Price Descending,24875
787,insertion,Price Descending,24850
790,insertion,Price Descending,26825
793,insertion,Price Descending,27075
796,insertion,Price Descending,40275
799,insertion,Price Descending,25800
802,insertion,Price Descending,25033
805,insertion,Price Descending,44900
808,insertion,Price Descending,24925
811,insertion,Price Descending,24700
814,insertion,Price Descending,25300
817,insertion,Price Descending,25950
820,insertion,Price Descending,25200
823,insertion,Price Descending,29675
826,insertion,Price Descending,25950
829,insertion,Price Descending,35925
832,insertion,Price Descending,25000
835,insertion,Price Descending,27150
838,insertion,Price Descending,26525
841,insertion,Price Descending,45775
844,insertion,Price Descending,26625
847,insertion,Price Descending,27700
850,insertion,Price Descending,25500
853,insertion,Price Descending,48000
856,insertion,Price Descending,26025
859,insertion,Price Descending,29050
862,insertion,Price Descending,29325
865,insertion,Price Descending,27175
868,insertion,Price Descending,26533
871,insertion,Price Descending,27450
874,insertion,Price Descending,25350
877,insertion,Price Descending,27000
880,insertion,Price Descending,27875
883,insertion,Price Descending,27600
886,insertion,Price Descending,33425
889,insertion,Price Descending,27500
892,insertion,Price Descending,27825
895,insertion,Price Descending,34500
898,insertion,Price Descending,28325
901,insertion,Price Descending,27466
904,insertion,Price Descending,28100
907,insertion,Price Descending,27700
910,insertion,Price Descending,28725
913,insertion,Price Descending,56500
916,insertion,Price Descending,28475
919,insertion,Price Descending,28825
922,insertion,Price Descending,28175
925,insertion,Price Descending,30125
928,insertion,Price Descending,34350
931,insertion,Price Descending,28550
934,insertion,Price Descending,28600
937,insertion,Price Descending,29150
940,insertion,Price Descending,29725
943,insertion,Price Descending,31800
946,insertion,Price Descending,29625
949,insertion,Price Descending,30350
952,insertion,Price Descending,31475
955,insertion,Price Descending,28733
958,insertion,Price Descending,30050
961,insertion,Price Descending,32400
1,mixed,Price Descending,0
4,mixed,Price Descending,1100
7,mixed,Price Descending,300
10,mixed,Price Descending,325
13,mixed,Price Descending,400
16,mixed,Price Descending,400
19,mixed,Price Descending,400
22,mixed,Price Descending,525
25,mixed,Price Descending,525
28,mixed,Price Descending,11600
31,mixed,Price Descending,10200
34,mixed,Price Descending,11050
37,mixed,Price Descending,14633
40,mixed,Price Descending,16200
43,mixed,Price Descending,17200
46,mixed,Price Descending,18933
49,mixed,Price Descending,21675
52,mixed,Price Descending,24775
55,mixed,Price Descending,27300
58,mixed,Price Descending,32600
61,mixed,Price Descending,33750
64,mixed,Price Descending,36800
67,mixed,Price Descending,49300
70,mixed,Price Descending,43700
73,mixed,Price Descending,54933
76,mixed,Price Descending,51800
79,mixed,Price Descending,55900
82,mixed,Price Descending,60133
85,mixed,Price Descending,64366
88,mixed,Price Descending,73500
91,mixed,Price Descending,74533
94,mixed,Price Descending,82500
97,mixed,Price Descending,87175
100,mixed,Price Descending,91300
103,mixed,Price Descending,96400
106,mixed,Price Descending,103633
109,mixed,Price Descending,124740
112,mixed,Price Descending,118266
115,mixed,Price Descending,125300
118,mixed,Price Descending,147300
121,mixed,Price Descending,136466
124,mixed,Price Descending,152350
127,mixed,Price Descending,156700
130,mixed,Price Descending,159675
133,mixed,Price Descending,171300
136,mixed,Price Descending,181333
139,mixed,Price Descending,186000
142,mixed,Price Descending,235850
145,mixed,Price Descending,235066
148,mixed,Price Descending,218866
151,mixed,Price Descending,224633
154,mixed,Price Descending,239150
157,mixed,Price Descending,278933
160,mixed,Price Descending,259600
163,mixed,Price Descending,270766
166,mixed,Price Descending,275766
169,mixed,Price Descending,289966
172,mixed,Price Descending,355425
175,mixed,Price Descending,337633
178,mixed,Price Descending,330600
181,mixed,Price Descending,357775
184,mixed,Price Descending,358800
187,mixed,Price Descending,371950
190,mixed,Price Descending,378533
193,mixed,Price Descending,372666
196,mixed,Price Descending,397300
199,mixed,Price Descending,413875
202,mixed,Price Descending,430075
205,mixed,Price Descending,439466
208,mixed,Price Descending,451000
211,mixed,Price Descending,467633
214,mixed,Price Descending,485350
217,mixed,Price Descending,503875
220,mixed,Price Descending,537133
223,mixed,Price Descending,540700
226,mixed,Price Descending,594000
229,mixed,Price Descending,617600
232,mixed,Price Descending,615400
235,mixed,Price Descending,617933
238,mixed,Price Descending,604600
241,mixed,Price Descending,627033
244,mixed,Price Descending,681166
247,mixed,Price Descending,729600
250,mixed,Price Descending,685333
253,mixed,Price Descending,696166
256,mixed,Price Descending,2280320
259,mixed,Price Descending,795300
262,mixed,Price Descending,972020
265,mixed,Price Descending,804166
268,mixed,Price Descending,791966
271,mixed,Price Descending,798433
274,mixed,Price Descending,946250
277,mixed,Price Descending,843900
280,mixed,Price Descending,931525
283,mixed,Price Descending,954475
286,mixed,Price Descending,903125
289,mixed,Price Descending,1022900
292,mixed,Price Descending,938500
295,mixed,Price Descending,1039500
298,mixed,Price Descending,1014766
301,mixed,Price Descending,1069066
304,mixed,Price Descending,1029833
307,mixed,Price Descending,1057400
310,mixed,Price Descending,1141166
313,mixed,Price Descending,1118350
316,mixed,Price Descending,1306100
319,mixed,Price Descending,1119233
322,mixed,Price Descending,1217933
325,mixed,Price Descending,1250300
328,mixed,Price Descending,1183433
331,mixed,Price Descending,1350366
334,mixed,Price Descending,1292800
337,mixed,Price Descending,1324666
340,mixed,Price Descending,1404250
343,mixed,Price Descending,1467100
346,mixed,Price Descending,1387250
349,mixed,Price Descending,1412650
352,mixed,Price Descending,1567233
355,mixed,Price Descending,1536366
358,mixed,Price Descending,1661650
361,mixed,Price Descending,1688050
364,mixed,Price Descending,1605633
367,mixed,Price Descending,1849725
370,mixed,Price Descending,1648033
373,mixed,Price Descending,1757250
376,mixed,Price Descending,1582933
379,mixed,Price Descending,1786300
382,mixed,Price Descending,1692100
385,mixed,Price Descending,1756975
388,mixed,Price Descending,1836600
391,mixed,Price Descending,1927225
394,mixed,Price Descending,1979933
397,mixed,Price Descending,2346175
400,mixed,Price Descending,1980766
403,mixed,Price Descending,2153600
406,mixed,Price Descending,1999325
409,mixed,Price Descending,1889833
412,mixed,Price Descending,2048225
415,mixed,Price Descending,1963433
418,mixed,Price Descending,2124675
421,mixed,Price Descending,2184066
424,mixed,Price Descending,2244033
427,mixed,Price Descending,2299675
430,mixed,Price Descending,2375100
433,mixed,Price Descending,2347100
436,mixed,Price Descending,2201566
439,mixed,Price Descending,2527075
442,mixed,Price Descending,2672125
445,mixed,Price Descending,2516000
448,mixed,Price Descending,2300550
451,mixed,Price Descending,2541250
454,mixed,Price Descending,2619066
457,mixed,Price Descending,2580633
460,mixed,Price Descending,2706650
463,mixed,Price Descending,2953200
466,mixed,Price Descending,2705733
469,mixed,Price Descending,2595500
472,mixed,Price Descending,2982450
475,mixed,Price Descending,2782133
478,mixed,Price Descending,2761400
481,mixed,Price Descending,3192600
484,mixed,Price Descending,2892466
487,mixed,Price Descending,3050975
490,mixed,Price Descending,3435775
493,mixed,Price Descending,3000100
496,mixed,Price Descending,3333525
499,mixed,Price Descending,3022700
502,mixed,Price Descending,3249666
505,mixed,Price Descending,3091300
508,mixed,Price Descending,3344533
511,mixed,Price Descending,3249750
514,mixed,Price Descending,3463875
517,mixed,Price Descending,3393425
520,mixed,Price Descending,3405666
523,mixed,Price Descending,3694550
526,mixed,Price Descending,3688350
529,mixed,Price Descending,3933875
532,mixed,Price Descending,3568300
535,mixed,Price Descending,3728866
538,mixed,Price Descending,3784250
541,mixed,Price Descending,3746850
544,mixed,Price Descending,4012575
547,mixed,Price Descending,3901700
550,mixed,Price Descending,4125550
553,mixed,Price Descending,3972233
556,mixed,Price Descending,4222300
559,mixed,Price Descending,4313725
562,mixed,Price Descending,4080350
565,mixed,Price Descending,4393275
568,mixed,Price Descending,4488250
571,mixed,Price Descending,4406100
574,mixed,Price Descending,4680475
577,mixed,Price Descending,4282233
580,mixed,Price Descending,4568825
583,mixed,Price Descending,4460200
586,mixed,Price Descending,4850250
589,mixed,Price Descending,4830275
592,mixed,Price Descending,4658500
595,mixed,Price Descending,4708533
598,mixed,Price Descending,5443225
601,mixed,Price Descending,5067133
604,mixed,Price Descending,5592725
607,mixed,Price Descending,4977600
610,mixed,Price Descending,5429566
613,mixed,Price Descending,5160375
616,mixed,Price Descending,5177025
619,mixed,Price Descending,5092033
622,mixed,Price Descending,5132550
625,mixed,Price Descending,5075733
628,mixed,Price Descending,5349375
631,mixed,Price Descending,5246966
634,mixed,Price Descending,5700850
637,mixed,Price Descending,5628225
640,mixed,Price Descending,5937500
643,mixed,Price Descending,5779275
646,mixed,Price Descending,6014950
649,mixed,Price Descending,5763333
652,mixed,Price Descending,5849525
655,mixed,Price Descending,6118500
658,mixed,Price Descending,6005766
661,mixed,Price Descending,5851466
664,mixed,Price Descending,5922066
667,mixed,Price Descending,6488225
670,mixed,Price Descending,6458550
673,mixed,Price Descending,6372675
676,mixed,Price Descending,6428775
679,mixed,Price Descending,6790400
682,mixed,Price Descending,6789925
685,mixed,Price Descending,6389366
688,mixed,Price Descending,6558100
691,mixed,Price Descending,7117875
694,mixed,Price Descending,6575066
697,mixed,Price Descending,6737800
700,mixed,Price Descending,7049075
703,mixed,Price Descending,7003800
706,mixed,Price Descending,7311250
709,mixed,Price Descending,7210975
712,mixed,Price Descending,8028350
715,mixed,Price Descending,7574975
718,mixed,Price Descending,7948225
721,mixed,Price Descending,7415075
724,mixed,Price Descending,7546725
727,mixed,Price Descending,7474850
730,mixed,Price Descending,7852325
733,mixed,Price Descending,7878000
736,mixed,Price Descending,7581100
739,mixed,Price Descending,7535450
742,mixed,Price Descending,8083900
745,mixed,Price Descending,8295900
748,mixed,Price Descending,8217675
751,mixed,Price Descending,7933133
754,mixed,Price Descending,8158525
757,mixed,Price Descending,8569950
760,mixed,Price Descending,8116766
763,mixed,Price Descending,8619450
766,mixed,Price Descending,8523475
769,mixed,Price Descending,8652925
772,mixed,Price Descending,8744850
775,mixed,Price Descending,8465266
778,mixed,Price Descending,8771900
781,mixed,Price Descending,8715466
784,mixed,Price Descending,8796525
787,mixed,Price Descending,9089225
790,mixed,Price Descending,9187325
793,mixed,Price Descending,9191650
796,mixed,Price Descending,9266575
799,mixed,Price Descending,9524600
802,mixed,Price Descending,9628925
805,mixed,Price Descending,9605775
808,mixed,Price Descending,9668700
811,mixed,Price Descending,9770475
814,mixed,Price Descending,9877500
817,mixed,Price Descending,9714766
820,mixed,Price Descending,10175275
823,mixed,Price Descending,10302075
826,mixed,Price Descending,10013700
829,mixed,Price Descending,10284275
832,mixed,Price Descending,9863900
835,mixed,Price Descending,10461450
838,mixed,Price Descending,10179166
841,mixed,Price Descending,10623975
844,mixed,Price Descending,10332025
847,mixed,Price Descending,10596550
850,mixed,Price Descending,10978625
853,mixed,Price Descending,10687633
856,mixed,Price Descending,10956633
859,mixed,Price Descending,11393425
862,mixed,Price Descending,11117850
865,mixed,Price Descending,10998700
868,mixed,Price Descending,11878400
871,mixed,Price Descending,11584766
874,mixed,Price Descending,11381775
877,mixed,Price Descending,11610500
880,mixed,Price Descending,11144850
883,mixed,Price Descending,11448100
886,mixed,Price Descending,11462475
889,mixed,Price Descending,11612500
892,mixed,Price Descending,12031700
895,mixed,Price Descending,12134200
898,mixed,Price Descending,12258150
901,mixed,Price Descending,17085000
904,mixed,Price Descending,12008000
907,mixed,Price Descending,12242425
910,mixed,Price Descending,12348566
913,mixed,Price Descending,12353025
916,mixed,Price Descending,12726000
919,mixed,Price Descending,12509650
922,mixed,Price Descending,12921875
925,mixed,Price Descending,13094050
928,mixed,Price Descending,13159300
931,mixed,Price Descending,13369825
934,mixed,Price Descending,13552825
937,mixed,Price Descending,13212750
940,mixed,Price Descending,13518275
943,mixed,Price Descending,13599775
946,mixed,Price Descending,13344850
949,mixed,Price Descending,13999325
952,mixed,Price Descending,13730000
955,mixed,Price Descending,13873075
958,mixed,Price Descending,13754766
961,mixed,Price Descending,14363675
1,quick,Relevance Ascending,0
4,quick,Relevance Ascending,200
7,quick,Relevance Ascending,660
10,quick,Relevance Ascending,980
13,quick,Relevance Ascending,1660
16,quick,Relevance Ascending,2775
19,quick,Relevance Ascending,3675
22,quick,Relevance Ascending,4500
25,quick,Relevance Ascending,6000
28,quick,Relevance Ascending,7525
31,quick,Relevance Ascending,9375
34,quick,Relevance Ascending,11566
37,quick,Relevance Ascending,13000
40,quick,Relevance Ascending,17566
43,quick,Relevance Ascending,17575
46,quick,Relevance Ascending,20250
49,quick,Relevance Ascending,22966
52,quick,Relevance Ascending,25675
55,quick,Relevance Ascending,28466
58,quick,Relevance Ascending,33725
61,quick,Relevance Ascending,37575
64,quick,Relevance Ascending,42700
67,quick,Relevance Ascending,50066
70,quick,Relevance Ascending,46233
73,quick,Relevance Ascending,55825
76,quick,Relevance Ascending,63750
79,quick,Relevance Ascending,59475
82,quick,Relevance Ascending,68400
85,quick,Relevance Ascending,77100
88,quick,Relevance Ascending,75200
91,quick,Relevance Ascending,79700
94,quick,Relevance Ascending,100466
97,quick,Relevance Ascending,105500
100,quick,Relevance Ascending,98933
103,quick,Relevance Ascending,102066
106,quick,Relevance Ascending,114450
109,quick,Relevance Ascending,118800
112,quick,Relevance Ascending,129725
115,quick,Relevance Ascending,146425
118,quick,Relevance Ascending,147575
121,quick,Relevance Ascending,148433
124,quick,Relevance Ascending,154475
127,quick,Relevance Ascending,172925
130,quick,Relevance Ascending,189066
133,quick,Relevance Ascending,178566
136,quick,Relevance Ascending,197333
139,quick,Relevance Ascending,200566
142,quick,Relevance Ascending,208925
145,quick,Relevance Ascending,229400
148,quick,Relevance Ascending,246650
151,quick,Relevance Ascending,241133
154,quick,Relevance Ascending,264250
157,quick,Relevance Ascending,451900
160,quick,Relevance Ascending,296050
163,quick,Relevance Ascending,281150
166,quick,Relevance Ascending,287666
169,quick,Relevance Ascending,316066
172,quick,Relevance Ascending,344375
175,quick,Relevance Ascending,457933
178,quick,Relevance Ascending,336766
181,quick,Relevance Ascending,475175
184,quick,Relevance Ascending,360733
187,quick,Relevance Ascending,370366
190,quick,Relevance Ascending,389633
193,quick,Relevance Ascending,604100
196,quick,Relevance Ascending,446100
199,quick,Relevance Ascending,436800
202,quick,Relevance Ascending,448150
205,quick,Relevance Ascending,451533
208,quick,Relevance Ascending,501800
211,quick,Relevance Ascending,515066
214,quick,Relevance Ascending,505833
217,quick,Relevance Ascending,523633
220,quick,Relevance Ascending,847750
223,quick,Relevance Ascending,723150
226,quick,Relevance Ascending,610566
229,quick,Relevance Ascending,625066
232,quick,Relevance Ascending,786300
235,quick,Relevance Ascending,602333
238,quick,Relevance Ascending,614900
241,quick,Relevance Ascending,631333
244,quick,Relevance Ascending,692866
247,quick,Relevance Ascending,835675
250,quick,Relevance Ascending,695266
253,quick,Relevance Ascending,710300
256,quick,Relevance Ascending,880050
259,quick,Relevance Ascending,782650
262,quick,Relevance Ascending,763775
265,quick,Relevance Ascending,993500
268,quick,Relevance Ascending,818800
271,quick,Relevance Ascending,813800
274,quick,Relevance Ascending,921275
277,quick,Relevance Ascending,843166
280,quick,Relevance Ascending,922133
283,quick,Relevance Ascending,884733
286,quick,Relevance Ascending,925333
289,quick,Relevance Ascending,959466
292,quick,Relevance Ascending,1097450
295,quick,Relevance Ascending,1017500
298,quick,Relevance Ascending,987366
301,quick,Relevance Ascending,1128766
304,quick,Relevance Ascending,1050466
307,quick,Relevance Ascending,1061266
310,quick,Relevance Ascending,1245066
313,quick,Relevance Ascending,1089700
316,quick,Relevance Ascending,1243733
319,quick,Relevance Ascending,1167266
322,quick,Relevance Ascending,1207633
325,quick,Relevance Ascending,1358125
328,quick,Relevance Ascending,1206966
331,quick,Relevance Ascending,1339233
334,quick,Relevance Ascending,1339750
337,quick,Relevance Ascending,1267066
340,quick,Relevance Ascending,1381566
343,quick,Relevance Ascending,1419900
346,quick,Relevance Ascending,1349866
349,quick,Relevance Ascending,1391050
352,quick,Relevance Ascending,1535000
355,quick,Relevance Ascending,1515200
358,quick,Relevance Ascending,1627450
361,quick,Relevance Ascending,1561800
364,quick,Relevance Ascending,1862475
367,quick,Relevance Ascending,1757866
370,quick,Relevance Ascending,1773675
373,quick,Relevance Ascending,1916575
376,quick,Relevance Ascending,1618275
379,quick,Relevance Ascending,1743266
382,quick,Relevance Ascending,1701050
385,quick,Relevance Ascending,1772066
388,quick,Relevance Ascending,1800000
391,quick,Relevance Ascending,1852575
394,quick,Relevance Ascending,2081600
397,quick,Relevance Ascending,1932600
400,quick,Relevance Ascending,1918233
403,quick,Relevance Ascending,2019566
406,quick,Relevance Ascending,2051650
409,quick,Relevance Ascending,1929933
412,quick,Relevance Ascending,2162075
415,quick,Relevance Ascending,2069575
418,quick,Relevance Ascending,2145333
421,quick,Relevance Ascending,2362625
424,quick,Relevance Ascending,2264333
427,quick,Relevance Ascending,2435750
430,quick,Relevance Ascending,2243933
433,quick,Relevance Ascending,2384900
436,quick,Relevance Ascending,2275725
439,quick,Relevance Ascending,2449466
442,quick,Relevance Ascending,2468366
445,quick,Relevance Ascending,2453125
448,quick,Relevance Ascending,2368850
451,quick,Relevance Ascending,2783350
454,quick,Relevance Ascending,2651333
457,quick,Relevance Ascending,2618566
460,quick,Relevance Ascending,2569150
463,quick,Relevance Ascending,2696433
466,quick,Relevance Ascending,2714566
469,quick,Relevance Ascending,2856675
472,quick,Relevance Ascending,3022050
475,quick,Relevance Ascending,2832866
478,quick,Relevance Ascending,3017150
481,quick,Relevance Ascending,3163033
484,quick,Relevance Ascending,3054575
487,quick,Relevance Ascending,3120075
490,quick,Relevance Ascending,3066500
493,quick,Relevance Ascending,3062925
496,quick,Relevance Ascending,3222875
499,quick,Relevance Ascending,3274775
502,quick,Relevance Ascending,3249866
505,quick,Relevance Ascending,3259125
508,quick,Relevance Ascending,3668250
511,quick,Relevance Ascending,3380175
514,quick,Relevance Ascending,3390666
517,quick,Relevance Ascending,3400500
520,quick,Relevance Ascending,3435633
523,quick,Relevance Ascending,3731650
526,quick,Relevance Ascending,3632775
529,quick,Relevance Ascending,3792566
532,quick,Relevance Ascending,3753400
535,quick,Relevance Ascending,3950850
538,quick,Relevance Ascending,3857700
541,quick,Relevance Ascending,3964325
544,quick,Relevance Ascending,3957800
547,quick,Relevance Ascending,3990033
550,quick,Relevance Ascending,4101400
553,quick,Relevance Ascending,4053300
556,quick,Relevance Ascending,4107500
559,quick,Relevance Ascending,4085333
562,quick,Relevance Ascending,4011733
565,quick,Relevance Ascending,4144833
568,quick,Relevance Ascending,4259566
571,quick,Relevance Ascending,4514550
574,quick,Relevance Ascending,4496575
577,quick,Relevance Ascending,4595450
580,quick,Relevance Ascending,4666050
583,quick,Relevance Ascending,4607175
586,quick,Relevance Ascending,4603300
589,quick,Relevance Ascending,4610933
592,quick,Relevance Ascending,4916600
595,quick,Relevance Ascending,4800266
598,quick,Relevance Ascending,5367775
601,quick,Relevance Ascending,4866900
604,quick,Relevance Ascending,5091575
607,quick,Relevance Ascending,4880800
610,quick,Relevance Ascending,5103225
613,quick,Relevance Ascending,5442950
616,quick,Relevance Ascending,5133733
619,quick,Relevance Ascending,5504025
622,quick,Relevance Ascending,5268500
625,quick,Relevance Ascending,5409666
628,quick,Relevance Ascending,5474866
631,quick,Relevance Ascending,5539400
634,quick,Relevance Ascending,6010425
637,quick,Relevance Ascending,5526800
640,quick,Relevance Ascending,5576033
643,quick,Relevance Ascending,5895800
646,quick,Relevance Ascending,5761350
649,quick,Relevance Ascending,5980875
652,quick,Relevance Ascending,5867900
655,quick,Relevance Ascending,6413475
658,quick,Relevance Ascending,6306775
661,quick,Relevance Ascending,6246233
664,quick,Relevance Ascending,5459500
667,quick,Relevance Ascending,6729175
670,quick,Relevance Ascending,6524866
673,quick,Relevance Ascending,6616025
676,quick,Relevance Ascending,6588575
679,quick,Relevance Ascending,6559250
682,quick,Relevance Ascending,6530000
685,quick,Relevance Ascending,6768175
688,quick,Relevance Ascending,6846900
691,quick,Relevance Ascending,7177500
694,quick,Relevance Ascending,7026375
697,quick,Relevance Ascending,6930050
700,quick,Relevance Ascending,7343100
703,quick,Relevance Ascending,7690350
706,quick,Relevance Ascending,7184150
709,quick,Relevance Ascending,7348950
712,quick,Relevance Ascending,7150466
715,quick,Relevance Ascending,7248166
718,quick,Relevance Ascending,7578500
721,quick,Relevance Ascending,7633100
724,quick,Relevance Ascending,7567425
727,quick,Relevance Ascending,7990375
730,quick,Relevance Ascending,8235750
733,quick,Relevance Ascending,7863400
736,quick,Relevance Ascending,7842966
739,quick,Relevance Ascending,7895466
742,quick,Relevance Ascending,8092250
745,quick,Relevance Ascending,8045025
748,quick,Relevance Ascending,8311675
751,quick,Relevance Ascending,8383400
754,quick,Relevance Ascending,8517775
757,quick,Relevance Ascending,8722225
760,quick,Relevance Ascending,9015300
763,quick,Relevance Ascending,9967233
766,quick,Relevance Ascending,8603850
769,quick,Relevance Ascending,8892350
772,quick,Relevance Ascending,8840925
775,quick,Relevance Ascending,8972025
778,quick,Relevance Ascending,9015125
781,quick,Relevance Ascending,9108150
784,quick,Relevance Ascending,9242275
787,quick,Relevance Ascending,9225125
790,quick,Relevance Ascending,9264450
793,quick,Relevance Ascending,9171300
796,quick,Relevance Ascending,9490600
799,quick,Relevance Ascending,9516475
802,quick,Relevance Ascending,9725600
805,quick,Relevance Ascending,9751700
808,quick,Relevance Ascending,9527500
811,quick,Relevance Ascending,9686300
814,quick,Relevance Ascending,9123833
817,quick,Relevance Ascending,10043300
820,quick,Relevance Ascending,10069666
823,quick,Relevance Ascending,10162675
826,quick,Relevance Ascending,10134300
829,quick,Relevance Ascending,10526750
832,quick,Relevance Ascending,10044950
835,quick,Relevance Ascending,10423150
838,quick,Relevance Ascending,11040250
841,quick,Relevance Ascending,10555050
844,quick,Relevance Ascending,10973875
847,quick,Relevance Ascending,10630125
850,quick,Relevance Ascending,10763000
853,quick,Relevance Ascending,10862100
856,quick,Relevance Ascending,10873100
859,quick,Relevance Ascending,11330300
862,quick,Relevance Ascending,10925650
865,quick,Relevance Ascending,11096950
868,quick,Relevance Ascending,11628550
871,quick,Relevance Ascending,11423950
874,quick,Relevance Ascending,12011650
877,quick,Relevance Ascending,12623525
880,quick,Relevance Ascending,14110075
883,quick,Relevance Ascending,11701850
886,quick,Relevance Ascending,11955350
889,quick,Relevance Ascending,12509450
892,quick,Relevance Ascending,11834450
895,quick,Relevance Ascending,12061766
898,quick,Relevance Ascending,12604525
901,quick,Relevance Ascending,12404325
904,quick,Relevance Ascending,12556700
907,quick,Relevance Ascending,12336000
910,quick,Relevance Ascending,12735475
913,quick,Relevance Ascending,12681566
916,quick,Relevance Ascending,13227250
919,quick,Relevance Ascending,12497375
922,quick,Relevance Ascending,12909150
925,quick,Relevance Ascending,12703966
928,quick,Relevance Ascending,12749866
931,quick,Relevance Ascending,12816366
934,quick,Relevance Ascending,13768175
937,quick,Relevance Ascending,12293433
940,quick,Relevance Ascending,11997366
943,quick,Relevance Ascending,12552250
946,quick,Relevance Ascending,12991875
949,quick,Relevance Ascending,12466900
952,quick,Relevance Ascending,12538575
955,quick,Relevance Ascending,12619525
958,quick,Relevance Ascending,12708933
961,quick,Relevance Ascending,12908750
1,insertion,Relevance Ascending,0
4,insertion,Relevance Ascending,100
7,insertion,Relevance Ascending,125
10,insertion,Relevance Ascending,200
13,insertion,Relevance Ascending,300
16,insertion,Relevance Ascending,325
19,insertion,Relevance Ascending,300
22,insertion,Relevance Ascending,475
25,insertion,Relevance Ascending,500
28,insertion,Relevance Ascending,600
31,insertion,Relevance Ascending,525
34,insertion,Relevance Ascending,700
37,insertion,Relevance Ascending,700
40,insertion,Relevance Ascending,725
43,insertion,Relevance Ascending,750
46,insertion,Relevance Ascending,800
49,insertion,Relevance Ascending,925
52,insertion,Relevance Ascending,900
55,insertion,Relevance Ascending,925
58,insertion,Relevance Ascending,1175
61,insertion,Relevance Ascending,1200
64,insertion,Relevance Ascending,1250
67,insertion,Relevance Ascending,1325
70,insertion,Relevance Ascending,1325
73,insertion,Relevance Ascending,1350
76,insertion,Relevance Ascending,1600
79,insertion,Relevance Ascending,1500
82,insertion,Relevance Ascending,1725
85,insertion,Relevance Ascending,1725
88,insertion,Relevance Ascending,1800
91,insertion,Relevance Ascending,1800
94,insertion,Relevance Ascending,1925
97,insertion,Relevance Ascending,1900
100,insertion,Relevance Ascending,2300
103,insertion,Relevance Ascending,2350
106,insertion,Relevance Ascending,6650
109,insertion,Relevance Ascending,2300
112,insertion,Relevance Ascending,2550
115,insertion,Relevance Ascending,2400
118,insertion,Relevance Ascending,2650
121,insertion,Relevance Ascending,2733
124,insertion,Relevance Ascending,2600
127,insertion,Relevance Ascending,3075
130,insertion,Relevance Ascending,2925
133,insertion,Relevance Ascending,3200
136,insertion,Relevance Ascending,3000
139,insertion,Relevance Ascending,3000
142,insertion,Relevance Ascending,3250
145,insertion,Relevance Ascending,3300
148,insertion,Relevance Ascending,3150
151,insertion,Relevance Ascending,3300
154,insertion,Relevance Ascending,3366
157,insertion,Relevance Ascending,3525
160,insertion,Relevance Ascending,3500
163,insertion,Relevance Ascending,3600
166,insertion,Relevance Ascending,3600
169,insertion,Relevance Ascending,3800
172,insertion,Relevance Ascending,4200
175,insertion,Relevance Ascending,4200
178,insertion,Relevance Ascending,3925
181,insertion,Relevance Ascending,3900
184,insertion,Relevance Ascending,4125
187,insertion,Relevance Ascending,4100
190,insertion,Relevance Ascending,4100
193,insertion,Relevance Ascending,4500
196,insertion,Relevance Ascending,4250
199,insertion,Relevance Ascending,4600
202,insertion,Relevance Ascending,4500
205,insertion,Relevance Ascending,4533
208,insertion,Relevance Ascending,4550
211,insertion,Relevance Ascending,4700
214,insertion,Relevance Ascending,4725
217,insertion,Relevance Ascending,4833
220,insertion,Relevance Ascending,5725
223,insertion,Relevance Ascending,4866
226,insertion,Relevance Ascending,5050
229,insertion,Relevance Ascending,5225
232,insertion,Relevance Ascending,5250
235,insertion,Relevance Ascending,5200
238,insertion,Relevance Ascending,6125
241,insertion,Relevance Ascending,5350
244,insertion,Relevance Ascending,5500
247,insertion,Relevance Ascending,6033
250,insertion,Relevance Ascending,5700
253,insertion,Relevance Ascending,6500
256,insertion,Relevance Ascending,6333
259,insertion,Relevance Ascending,5900
262,insertion,Relevance Ascending,5850
265,insertion,Relevance Ascending,6366
268,insertion,Relevance Ascending,6200
271,insertion,Relevance Ascending,6100
274,insertion,Relevance Ascending,6450
277,insertion,Relevance Ascending,6325
280,insertion,Relevance Ascending,7525
283,insertion,Relevance Ascending,7025
286,insertion,Relevance Ascending,6950
289,insertion,Relevance Ascending,6600
292,insertion,Relevance Ascending,6800
295,insertion,Relevance Ascending,7275
298,insertion,Relevance Ascending,6800
301,insertion,Relevance Ascending,7100
304,insertion,Relevance Ascending,19225
307,insertion,Relevance Ascending,21125
310,insertion,Relevance Ascending,7150
313,insertion,Relevance Ascending,7100
316,insertion,Relevance Ascending,8800
319,insertion,Relevance Ascending,7300
322,insertion,Relevance Ascending,7950
325,insertion,Relevance Ascending,7700
328,insertion,Relevance Ascending,8375
331,insertion,Relevance Ascending,8600
334,insertion,Relevance Ascending,7700
337,insertion,Relevance Ascending,7750
340,insertion,Relevance Ascending,8950
343,insertion,Relevance Ascending,8050
346,insertion,Relevance Ascending,8066
349,insertion,Relevance Ascending,50575
352,insertion,Relevance Ascending,8600
355,insertion,Relevance Ascending,10733
358,insertion,Relevance Ascending,8425
361,insertion,Relevance Ascending,8325
364,insertion,Relevance Ascending,8500
367,insertion,Relevance Ascending,8575
370,insertion,Relevance Ascending,9400
373,insertion,Relevance Ascending,8875
376,insertion,Relevance Ascending,8900
379,insertion,Relevance Ascending,9000
382,insertion,Relevance Ascending,9125
385,insertion,Relevance Ascending,9200
388,insertion,Relevance Ascending,9200
391,insertion,Relevance Ascending,10000
394,insertion,Relevance Ascending,10125
397,insertion,Relevance Ascending,9925
400,insertion,Relevance Ascending,9625
403,insertion,Relevance Ascending,10925
406,insertion,Relevance Ascending,9775
409,insertion,Relevance Ascending,11700
412,insertion,Relevance Ascending,9825
415,insertion,Relevance Ascending,10000
418,insertion,Relevance Ascending,10025
421,insertion,Relevance Ascending,10125
424,insertion,Relevance Ascending,29050
427,insertion,Relevance Ascending,10250
430,insertion,Relevance Ascending,10675
433,insertion,Relevance Ascending,10600
436,insertion,Relevance Ascending,10600
439,insertion,Relevance Ascending,10900
442,insertion,Relevance Ascending,11025
445,insertion,Relevance Ascending,10900
448,insertion,Relevance Ascending,11000
451,insertion,Relevance Ascending,11425
454,insertion,Relevance Ascending,11333
457,insertion,Relevance Ascending,28975
460,insertion,Relevance Ascending,11600
463,insertion,Relevance Ascending,39475
466,insertion,Relevance Ascending,11625
469,insertion,Relevance Ascending,11625
472,insertion,Relevance Ascending,12033
475,insertion,Relevance Ascending,12700
478,insertion,Relevance Ascending,30333
481,insertion,Relevance Ascending,25825
484,insertion,Relevance Ascending,25425
487,insertion,Relevance Ascending,19350
490,insertion,Relevance Ascending,14550
493,insertion,Relevance Ascending,14725
496,insertion,Relevance Ascending,12725
499,insertion,Relevance Ascending,16000
502,insertion,Relevance Ascending,16275
505,insertion,Relevance Ascending,14733
508,insertion,Relevance Ascending,14350
511,insertion,Relevance Ascending,13066
514,insertion,Relevance Ascending,15533
517,insertion,Relevance Ascending,13250
520,insertion,Relevance Ascending,13500
523,insertion,Relevance Ascending,15400
526,insertion,Relevance Ascending,13450
529,insertion,Relevance Ascending,15000
532,insertion,Relevance Ascending,13725
535,insertion,Relevance Ascending,16575
538,insertion,Relevance Ascending,15200
541,insertion,Relevance Ascending,16600
544,insertion,Relevance Ascending,18025
547,insertion,Relevance Ascending,21275
550,insertion,Relevance Ascending,14550
553,insertion,Relevance Ascending,14450
556,insertion,Relevance Ascending,15625
559,insertion,Relevance Ascending,15133
562,insertion,Relevance Ascending,15875
565,insertion,Relevance Ascending,14866
568,insertion,Relevance Ascending,17166
571,insertion,Relevance Ascending,17175
574,insertion,Relevance Ascending,15300
577,insertion,Relevance Ascending,16466
580,insertion,Relevance Ascending,17375
583,insertion,Relevance Ascending,17675
586,insertion,Relevance Ascending,18575
589,insertion,Relevance Ascending,15975
592,insertion,Relevance Ascending,23775
595,insertion,Relevance Ascending,15825
598,insertion,Relevance Ascending,15950
601,insertion,Relevance Ascending,16000
604,insertion,Relevance Ascending,16575
607,insertion,Relevance Ascending,16325
610,insertion,Relevance Ascending,16600
613,insertion,Relevance Ascending,16566
616,insertion,Relevance Ascending,16550
619,insertion,Relevance Ascending,17100
622,insertion,Relevance Ascending,17125
625,insertion,Relevance Ascending,16800
628,insertion,Relevance Ascending,16925
631,insertion,Relevance Ascending,17100
634,insertion,Relevance Ascending,17650
637,insertion,Relevance Ascending,17475
640,insertion,Relevance Ascending,17400
643,insertion,Relevance Ascending,19625
646,insertion,Relevance Ascending,17366
649,insertion,Relevance Ascending,20950
652,insertion,Relevance Ascending,19875
655,insertion,Relevance Ascending,19975
658,insertion,Relevance Ascending,20900
661,insertion,Relevance Ascending,21575
664,insertion,Relevance Ascending,20150
667,insertion,Relevance Ascending,20550
670,insertion,Relevance Ascending,20375
673,insertion,Relevance Ascending,20425
676,insertion,Relevance Ascending,20366
679,insertion,Relevance Ascending,20700
682,insertion,Relevance Ascending,20800
685,insertion,Relevance Ascending,21500
688,insertion,Relevance Ascending,20833
691,insertion,Relevance Ascending,21033
694,insertion,Relevance Ascending,21133
697,insertion,Relevance Ascending,21300
700,insertion,Relevance Ascending,21525
703,insertion,Relevance Ascending,21550
706,insertion,Relevance Ascending,22100
709,insertion,Relevance Ascending,21533
712,insertion,Relevance Ascending,22850
715,insertion,Relevance Ascending,22175
718,insertion,Relevance Ascending,23650
721,insertion,Relevance Ascending,22225
724,insertion,Relevance Ascending,22425
727,insertion,Relevance Ascending,22250
730,insertion,Relevance Ascending,22525
733,insertion,Relevance Ascending,23000
736,insertion,Relevance Ascending,22433
739,insertion,Relevance Ascending,23125
742,insertion,Relevance Ascending,22700
745,insertion,Relevance Ascending,24425
748,insertion,Relevance Ascending,22833
751,insertion,Relevance Ascending,31075
754,insertion,Relevance Ascending,24450
757,insertion,Relevance Ascending,23333
760,insertion,Relevance Ascending,23433
763,insertion,Relevance Ascending,23166
766,insertion,Relevance Ascending,25550
769,insertion,Relevance Ascending,23700
772,insertion,Relevance Ascending,24100
775,insertion,Relevance Ascending,24325
778,insertion,Relevance Ascending,24333
781,insertion,Relevance Ascending,24400
784,insertion,Relevance Ascending,24033
787,insertion,Relevance Ascending,24050
790,insertion,Relevance Ascending,24125
793,insertion,Relevance Ascending,24600
796,insertion,Relevance Ascending,24475
799,insertion,Relevance Ascending,40350
802,insertion,Relevance Ascending,24200
805,insertion,Relevance Ascending,25050
808,insertion,Relevance Ascending,24733
811,insertion,Relevance Ascending,25500
814,insertion,Relevance Ascending,26275
817,insertion,Relevance Ascending,25625
820,insertion,Relevance Ascending,25100
823,insertion,Relevance Ascending,25233
826,insertion,Relevance Ascending,25300
829,insertion,Relevance Ascending,25600
832,insertion,Relevance Ascending,42525
835,insertion,Relevance Ascending,25850
838,insertion,Relevance Ascending,26325
841,insertion,Relevance Ascending,26100
844,insertion,Relevance Ascending,26450
847,insertion,Relevance Ascending,26175
850,insertion,Relevance Ascending,27000
853,insertion,Relevance Ascending,26825
856,insertion,Relevance Ascending,27950
859,insertion,Relevance Ascending,26750
862,insertion,Relevance Ascending,26333
865,insertion,Relevance Ascending,26625
868,insertion,Relevance Ascending,38600
871,insertion,Relevance Ascending,26700
874,insertion,Relevance Ascending,27150
877,insertion,Relevance Ascending,26933
880,insertion,Relevance Ascending,27225
883,insertion,Relevance Ascending,43950
886,insertion,Relevance Ascending,27200
889,insertion,Relevance Ascending,27950
892,insertion,Relevance Ascending,27200
895,insertion,Relevance Ascending,27633
898,insertion,Relevance Ascending,27700
901,insertion,Relevance Ascending,30325
904,insertion,Relevance Ascending,50000
907,insertion,Relevance Ascending,28400
910,insertion,Relevance Ascending,29300
913,insertion,Relevance Ascending,28125
916,insertion,Relevance Ascending,28175
919,insertion,Relevance Ascending,29025
922,insertion,Relevance Ascending,28275
925,insertion,Relevance Ascending,31050
928,insertion,Relevance Ascending,30750
931,insertion,Relevance Ascending,28700
934,insertion,Relevance Ascending,29225
937,insertion,Relevance Ascending,29600
940,insertion,Relevance Ascending,31225
943,insertion,Relevance Ascending,29425
946,insertion,Relevance Ascending,29825
949,insertion,Relevance Ascending,29950
952,insertion,Relevance Ascending,29600
955,insertion,Relevance Ascending,31675
958,insertion,Relevance Ascending,29750
961,insertion,Relevance Ascending,30575
1,mixed,Relevance Ascending,0
4,mixed,Relevance Ascending,125
7,mixed,Relevance Ascending,150
10,mixed,Relevance Ascending,225
13,mixed,Relevance Ascending,325
16,mixed,Relevance Ascending,400
19,mixed,Relevance Ascending,350
22,mixed,Relevance Ascending,400
25,mixed,Relevance Ascending,500
28,mixed,Relevance Ascending,7550
31,mixed,Relevance Ascending,10075
34,mixed,Relevance Ascending,12075
37,mixed,Relevance Ascending,13133
40,mixed,Relevance Ascending,15100
43,mixed,Relevance Ascending,17133
46,mixed,Relevance Ascending,21400
49,mixed,Relevance Ascending,22666
52,mixed,Relevance Ascending,25075
55,mixed,Relevance Ascending,28375
58,mixed,Relevance Ascending,34700
61,mixed,Relevance Ascending,35566
64,mixed,Relevance Ascending,39775
67,mixed,Relevance Ascending,44533
70,mixed,Relevance Ascending,45533
73,mixed,Relevance Ascending,50066
76,mixed,Relevance Ascending,53366
79,mixed,Relevance Ascending,59600
82,mixed,Relevance Ascending,67466
85,mixed,Relevance Ascending,67300
88,mixed,Relevance Ascending,74525
91,mixed,Relevance Ascending,106500
94,mixed,Relevance Ascending,83333
97,mixed,Relevance Ascending,90025
100,mixed,Relevance Ascending,96100
103,mixed,Relevance Ascending,103600
106,mixed,Relevance Ascending,108575
109,mixed,Relevance Ascending,122575
112,mixed,Relevance Ascending,131866
115,mixed,Relevance Ascending,128900
118,mixed,Relevance Ascending,142800
121,mixed,Relevance Ascending,146650
124,mixed,Relevance Ascending,154125
127,mixed,Relevance Ascending,171900
130,mixed,Relevance Ascending,170250
133,mixed,Relevance Ascending,182033
136,mixed,Relevance Ascending,193725
139,mixed,Relevance Ascending,197933
142,mixed,Relevance Ascending,204325
145,mixed,Relevance Ascending,226100
148,mixed,Relevance Ascending,223966
151,mixed,Relevance Ascending,235200
154,mixed,Relevance Ascending,245350
157,mixed,Relevance Ascending,276433
160,mixed,Relevance Ascending,264175
163,mixed,Relevance Ascending,276900
166,mixed,Relevance Ascending,288000
169,mixed,Relevance Ascending,468375
172,mixed,Relevance Ascending,344950
175,mixed,Relevance Ascending,374650
178,mixed,Relevance Ascending,341266
181,mixed,Relevance Ascending,370750
184,mixed,Relevance Ascending,451700
187,mixed,Relevance Ascending,372233
190,mixed,Relevance Ascending,406100
193,mixed,Relevance Ascending,398133
196,mixed,Relevance Ascending,409125
199,mixed,Relevance Ascending,566450
202,mixed,Relevance Ascending,437250
205,mixed,Relevance Ascending,458066
208,mixed,Relevance Ascending,466966
211,mixed,Relevance Ascending,498250
214,mixed,Relevance Ascending,509766
217,mixed,Relevance Ascending,563800
220,mixed,Relevance Ascending,524933
223,mixed,Relevance Ascending,541466
226,mixed,Relevance Ascending,586566
229,mixed,Relevance Ascending,638400
232,mixed,Relevance Ascending,614633
235,mixed,Relevance Ascending,604666
238,mixed,Relevance Ascending,616300
241,mixed,Relevance Ascending,644600
244,mixed,Relevance Ascending,674700
247,mixed,Relevance Ascending,713366
250,mixed,Relevance Ascending,687225
253,mixed,Relevance Ascending,693200
256,mixed,Relevance Ascending,773075
259,mixed,Relevance Ascending,776350
262,mixed,Relevance Ascending,760466
265,mixed,Relevance Ascending,911150
268,mixed,Relevance Ascending,803000
271,mixed,Relevance Ascending,844975
274,mixed,Relevance Ascending,890300
277,mixed,Relevance Ascending,853833
280,mixed,Relevance Ascending,957100
283,mixed,Relevance Ascending,898233
286,mixed,Relevance Ascending,941525
289,mixed,Relevance Ascending,952000
292,mixed,Relevance Ascending,953900
295,mixed,Relevance Ascending,1119350
298,mixed,Relevance Ascending,1066166
301,mixed,Relevance Ascending,1258975
304,mixed,Relevance Ascending,1131725
307,mixed,Relevance Ascending,1063100
310,mixed,Relevance Ascending,1301375
313,mixed,Relevance Ascending,1091033
316,mixed,Relevance Ascending,1219900
319,mixed,Relevance Ascending,1151600
322,mixed,Relevance Ascending,1199375
325,mixed,Relevance Ascending,1323933
328,mixed,Relevance Ascending,1201900
331,mixed,Relevance Ascending,1426750
334,mixed,Relevance Ascending,1321150
337,mixed,Relevance Ascending,1371633
340,mixed,Relevance Ascending,1432950
343,mixed,Relevance Ascending,1490600
346,mixed,Relevance Ascending,1358925
349,mixed,Relevance Ascending,1576925
352,mixed,Relevance Ascending,1495575
355,mixed,Relevance Ascending,1629900
358,mixed,Relevance Ascending,1454675
361,mixed,Relevance Ascending,1549433
364,mixed,Relevance Ascending,1618275
367,mixed,Relevance Ascending,1670666
370,mixed,Relevance Ascending,1654666
373,mixed,Relevance Ascending,1784550
376,mixed,Relevance Ascending,1610633
379,mixed,Relevance Ascending,1753375
382,mixed,Relevance Ascending,1745400
385,mixed,Relevance Ascending,1826733
388,mixed,Relevance Ascending,1847866
391,mixed,Relevance Ascending,1921100
394,mixed,Relevance Ascending,1874300
397,mixed,Relevance Ascending,2120850
400,mixed,Relevance Ascending,2051700
403,mixed,Relevance Ascending,1932066
406,mixed,Relevance Ascending,1991850
409,mixed,Relevance Ascending,2024033
412,mixed,Relevance Ascending,1960800
415,mixed,Relevance Ascending,2037500
418,mixed,Relevance Ascending,2385775
421,mixed,Relevance Ascending,2184733
424,mixed,Relevance Ascending,2218925
427,mixed,Relevance Ascending,2282633
430,mixed,Relevance Ascending,2489900
433,mixed,Relevance Ascending,2185266
436,mixed,Relevance Ascending,2277966
439,mixed,Relevance Ascending,2549200
442,mixed,Relevance Ascending,2644925
445,mixed,Relevance Ascending,2431600
448,mixed,Relevance Ascending,2344550
451,mixed,Relevance Ascending,2551433
454,mixed,Relevance Ascending,2648700
457,mixed,Relevance Ascending,2638000
460,mixed,Relevance Ascending,2618350
463,mixed,Relevance Ascending,2913975
466,mixed,Relevance Ascending,2812533
469,mixed,Relevance Ascending,2664566
472,mixed,Relevance Ascending,2829300
475,mixed,Relevance Ascending,2814200
478,mixed,Relevance Ascending,2671725
481,mixed,Relevance Ascending,2997900
484,mixed,Relevance Ascending,2840133
487,mixed,Relevance Ascending,3023633
490,mixed,Relevance Ascending,3462900
493,mixed,Relevance Ascending,3053666
496,mixed,Relevance Ascending,3136966
499,mixed,Relevance Ascending,3105233
502,mixed,Relevance Ascending,3336575
505,mixed,Relevance Ascending,3160566
508,mixed,Relevance Ascending,3493400
511,mixed,Relevance Ascending,3371366
514,mixed,Relevance Ascending,3672933
517,mixed,Relevance Ascending,3671700
520,mixed,Relevance Ascending,3618300
523,mixed,Relevance Ascending,3687650
526,mixed,Relevance Ascending,3643750
529,mixed,Relevance Ascending,3942550
532,mixed,Relevance Ascending,3890125
535,mixed,Relevance Ascending,3718633
538,mixed,Relevance Ascending,3813933
541,mixed,Relevance Ascending,3646033
544,mixed,Relevance Ascending,4047175
547,mixed,Relevance Ascending,4042166
550,mixed,Relevance Ascending,4289900
553,mixed,Relevance Ascending,4207475
556,mixed,Relevance Ascending,4267575
559,mixed,Relevance Ascending,4235000
562,mixed,Relevance Ascending,4142833
565,mixed,Relevance Ascending,4207966
568,mixed,Relevance Ascending,4554300
571,mixed,Relevance Ascending,4870866
574,mixed,Relevance Ascending,4370033
577,mixed,Relevance Ascending,4293666
580,mixed,Relevance Ascending,4447933
583,mixed,Relevance Ascending,4398233
586,mixed,Relevance Ascending,4476533
589,mixed,Relevance Ascending,4745766
592,mixed,Relevance Ascending,4880375
595,mixed,Relevance Ascending,5178600
598,mixed,Relevance Ascending,4900733
601,mixed,Relevance Ascending,5165500
604,mixed,Relevance Ascending,5129775
607,mixed,Relevance Ascending,5107150
610,mixed,Relevance Ascending,5317450
613,mixed,Relevance Ascending,5095700
616,mixed,Relevance Ascending,5105066
619,mixed,Relevance Ascending,5301375
622,mixed,Relevance Ascending,5305033
625,mixed,Relevance Ascending,5255833
628,mixed,Relevance Ascending,5718900
631,mixed,Relevance Ascending,5621125
634,mixed,Relevance Ascending,5857875
637,mixed,Relevance Ascending,5678766
640,mixed,Relevance Ascending,5817700
643,mixed,Relevance Ascending,5862566
646,mixed,Relevance Ascending,6325650
649,mixed,Relevance Ascending,7534500
652,mixed,Relevance Ascending,6957225
655,mixed,Relevance Ascending,6579066
658,mixed,Relevance Ascending,6136725
661,mixed,Relevance Ascending,6236050
664,mixed,Relevance Ascending,6194350
667,mixed,Relevance Ascending,6198966
670,mixed,Relevance Ascending,6187825
673,mixed,Relevance Ascending,6509600
676,mixed,Relevance Ascending,6199866
679,mixed,Relevance Ascending,6413500
682,mixed,Relevance Ascending,6839925
685,mixed,Relevance Ascending,6806550
688,mixed,Relevance Ascending,7020925
691,mixed,Relevance Ascending,6973400
694,mixed,Relevance Ascending,6979925
697,mixed,Relevance Ascending,7390700
700,mixed,Relevance Ascending,7149600
703,mixed,Relevance Ascending,6870766
706,mixed,Relevance Ascending,7178300
709,mixed,Relevance Ascending,7168225
712,mixed,Relevance Ascending,7298325
715,mixed,Relevance Ascending,7111033
718,mixed,Relevance Ascending,7504600
721,mixed,Relevance Ascending,7540375
724,mixed,Relevance Ascending,7803025
727,mixed,Relevance Ascending,7832625
730,mixed,Relevance Ascending,7974200
733,mixed,Relevance Ascending,7614966
736,mixed,Relevance Ascending,7824200
739,mixed,Relevance Ascending,8053175
742,mixed,Relevance Ascending,8281300
745,mixed,Relevance Ascending,8180250
748,mixed,Relevance Ascending,8304900
751,mixed,Relevance Ascending,8558775
754,mixed,Relevance Ascending,8627066
757,mixed,Relevance Ascending,8724725
760,mixed,Relevance Ascending,8539025
763,mixed,Relevance Ascending,8758625
766,mixed,Relevance Ascending,8842625
769,mixed,Relevance Ascending,9089425
772,mixed,Relevance Ascending,8958300
775,mixed,Relevance Ascending,9079075
778,mixed,Relevance Ascending,9200550
781,mixed,Relevance Ascending,9221500
784,mixed,Relevance Ascending,9239550
787,mixed,Relevance Ascending,9192275
790,mixed,Relevance Ascending,9224350
793,mixed,Relevance Ascending,9196600
796,mixed,Relevance Ascending,9237433
799,mixed,Relevance Ascending,9801000
802,mixed,Relevance Ascending,9816450
805,mixed,Relevance Ascending,9590675
808,mixed,Relevance Ascending,10056675
811,mixed,Relevance Ascending,10184300
814,mixed,Relevance Ascending,10074650
817,mixed,Relevance Ascending,10154925
820,mixed,Relevance Ascending,10239950
823,mixed,Relevance Ascending,11474400
826,mixed,Relevance Ascending,9182825
829,mixed,Relevance Ascending,10058833
832,mixed,Relevance Ascending,9800150
835,mixed,Relevance Ascending,10709900
838,mixed,Relevance Ascending,10548900
841,mixed,Relevance Ascending,10576375
844,mixed,Relevance Ascending,10558925
847,mixed,Relevance Ascending,10993850
850,mixed,Relevance Ascending,10533966
853,mixed,Relevance Ascending,11097725
856,mixed,Relevance Ascending,11209025
859,mixed,Relevance Ascending,11183575
862,mixed,Relevance Ascending,11226900
865,mixed,Relevance Ascending,11086233
868,mixed,Relevance Ascending,11253350
871,mixed,Relevance Ascending,11589650
874,mixed,Relevance Ascending,11111900
877,mixed,Relevance Ascending,11600275
880,mixed,Relevance Ascending,11820750
883,mixed,Relevance Ascending,11270125
886,mixed,Relevance Ascending,11956775
889,mixed,Relevance Ascending,12238575
892,mixed,Relevance Ascending,11678433
895,mixed,Relevance Ascending,13002550
898,mixed,Relevance Ascending,11852233
901,mixed,Relevance Ascending,11923900
904,mixed,Relevance Ascending,12287366
907,mixed,Relevance Ascending,12380875
910,mixed,Relevance Ascending,12919775
913,mixed,Relevance Ascending,12407200
916,mixed,Relevance Ascending,13040525
919,mixed,Relevance Ascending,12840600
922,mixed,Relevance Ascending,13047375
925,mixed,Relevance Ascending,13027600
928,mixed,Relevance Ascending,13392250
931,mixed,Relevance Ascending,13338350
934,mixed,Relevance Ascending,13562100
937,mixed,Relevance Ascending,13523600
940,mixed,Relevance Ascending,13381600
943,mixed,Relevance Ascending,12840300
946,mixed,Relevance Ascending,13345066
949,mixed,Relevance Ascending,13643300
952,mixed,Relevance Ascending,13570066
955,mixed,Relevance Ascending,13877000
958,mixed,Relevance Ascending,14154875
961,mixed,Relevance Ascending,14147875
1,quick,Relevance Descending,0
4,quick,Relevance Descending,200
7,quick,Relevance Descending,500
10,quick,Relevance Descending,1000
13,quick,Relevance Descending,1580
16,quick,Relevance Descending,2650
19,quick,Relevance Descending,3625
22,quick,Relevance Descending,4600
25,quick,Relevance Descending,5800
28,quick,Relevance Descending,8250
31,quick,Relevance Descending,9000
34,quick,Relevance Descending,11100
37,quick,Relevance Descending,13075
40,quick,Relevance Descending,14900
43,quick,Relevance Descending,17333
46,quick,Relevance Descending,19950
49,quick,Relevance Descending,22300
52,quick,Relevance Descending,25066
55,quick,Relevance Descending,28133
58,quick,Relevance Descending,32900
61,quick,Relevance Descending,34300
64,quick,Relevance Descending,38100
67,quick,Relevance Descending,44766
70,quick,Relevance Descending,46050
73,quick,Relevance Descending,50075
76,quick,Relevance Descending,58666
79,quick,Relevance Descending,59133
82,quick,Relevance Descending,69033
85,quick,Relevance Descending,69975
88,quick,Relevance Descending,73825
91,quick,Relevance Descending,79466
94,quick,Relevance Descending,87275
97,quick,Relevance Descending,91066
100,quick,Relevance Descending,125575
103,quick,Relevance Descending,105166
106,quick,Relevance Descending,117375
109,quick,Relevance Descending,119733
112,quick,Relevance Descending,143425
115,quick,Relevance Descending,135575
118,quick,Relevance Descending,168225
121,quick,Relevance Descending,153066
124,quick,Relevance Descending,160550
127,quick,Relevance Descending,181675
130,quick,Relevance Descending,179066
133,quick,Relevance Descending,188400
136,quick,Relevance Descending,241700
139,quick,Relevance Descending,204866
142,quick,Relevance Descending,217850
145,quick,Relevance Descending,244466
148,quick,Relevance Descending,236300
151,quick,Relevance Descending,250075
154,quick,Relevance Descending,259733
157,quick,Relevance Descending,285900
160,quick,Relevance Descending,282233
163,quick,Relevance Descending,357650
166,quick,Relevance Descending,332950
169,quick,Relevance Descending,328625
172,quick,Relevance Descending,349166
175,quick,Relevance Descending,359633
178,quick,Relevance Descending,382750
181,quick,Relevance Descending,385500
184,quick,Relevance Descending,385933
187,quick,Relevance Descending,411200
190,quick,Relevance Descending,411733
193,quick,Relevance Descending,431500
196,quick,Relevance Descending,439775
199,quick,Relevance Descending,506725
202,quick,Relevance Descending,474533
205,quick,Relevance Descending,490700
208,quick,Relevance Descending,502733
211,quick,Relevance Descending,523166
214,quick,Relevance Descending,555400
217,quick,Relevance Descending,567300
220,quick,Relevance Descending,558333
223,quick,Relevance Descending,585966
226,quick,Relevance Descending,621500
229,quick,Relevance Descending,726633
232,quick,Relevance Descending,651900
235,quick,Relevance Descending,656300
238,quick,Relevance Descending,660766
241,quick,Relevance Descending,789975
244,quick,Relevance Descending,726666
247,quick,Relevance Descending,750133
250,quick,Relevance Descending,744933
253,quick,Relevance Descending,762325
256,quick,Relevance Descending,807925
259,quick,Relevance Descending,815866
262,quick,Relevance Descending,1021100
265,quick,Relevance Descending,899325
268,quick,Relevance Descending,857833
271,quick,Relevance Descending,970225
274,quick,Relevance Descending,931725
277,quick,Relevance Descending,918200
280,quick,Relevance Descending,1028700
283,quick,Relevance Descending,954675
286,quick,Relevance Descending,1000066
289,quick,Relevance Descending,1024300
292,quick,Relevance Descending,1026233
295,quick,Relevance Descending,1229100
298,quick,Relevance Descending,1081333
301,quick,Relevance Descending,1152150
304,quick,Relevance Descending,1245275
307,quick,Relevance Descending,1146275
310,quick,Relevance Descending,1305025
313,quick,Relevance Descending,1185333
316,quick,Relevance Descending,1268966
319,quick,Relevance Descending,1335350
322,quick,Relevance Descending,1324300
325,quick,Relevance Descending,1370266
328,quick,Relevance Descending,1330766
331,quick,Relevance Descending,1391975
334,quick,Relevance Descending,1417733
337,quick,Relevance Descending,1426666
340,quick,Relevance Descending,1578575
343,quick,Relevance Descending,1668566
346,quick,Relevance Descending,1597825
349,quick,Relevance Descending,1616266
352,quick,Relevance Descending,1576333
355,quick,Relevance Descending,1953425
358,quick,Relevance Descending,1930775
361,quick,Relevance Descending,1716175
364,quick,Relevance Descending,1880433
367,quick,Relevance Descending,1738500
370,quick,Relevance Descending,2090566
373,quick,Relevance Descending,1819725
376,quick,Relevance Descending,2137750
379,quick,Relevance Descending,1774466
382,quick,Relevance Descending,1878800
385,quick,Relevance Descending,1961100
388,quick,Relevance Descending,1896700
391,quick,Relevance Descending,1992900
394,quick,Relevance Descending,1991500
397,quick,Relevance Descending,2221925
400,quick,Relevance Descending,2077150
403,quick,Relevance Descending,2082550
406,quick,Relevance Descending,2057733
409,quick,Relevance Descending,2128450
412,quick,Relevance Descending,2157233
415,quick,Relevance Descending,2349050
418,quick,Relevance Descending,2256066
421,quick,Relevance Descending,2286800
424,quick,Relevance Descending,2345400
427,quick,Relevance Descending,2604450
430,quick,Relevance Descending,2453933
433,quick,Relevance Descending,2324900
436,quick,Relevance Descending,2428200
439,quick,Relevance Descending,2573100
442,quick,Relevance Descending,2613766
445,quick,Relevance Descending,2606666
448,quick,Relevance Descending,2589300
451,quick,Relevance Descending,2670966
454,quick,Relevance Descending,2787725
457,quick,Relevance Descending,2756166
460,quick,Relevance Descending,2832833
463,quick,Relevance Descending,2892400
466,quick,Relevance Descending,2893766
469,quick,Relevance Descending,2938525
472,quick,Relevance Descending,3124700
475,quick,Relevance Descending,3258400
478,quick,Relevance Descending,3279900
481,quick,Relevance Descending,3246675
484,quick,Relevance Descending,3049933
487,quick,Relevance Descending,3130733
490,quick,Relevance Descending,3225266
493,quick,Relevance Descending,3182200
496,quick,Relevance Descending,3789225
499,quick,Relevance Descending,3243533
502,quick,Relevance Descending,3391033
505,quick,Relevance Descending,3519575
508,quick,Relevance Descending,3606275
511,quick,Relevance Descending,3615000
514,quick,Relevance Descending,3547066
517,quick,Relevance Descending,3692975
520,quick,Relevance Descending,3642533
523,quick,Relevance Descending,3749100
526,quick,Relevance Descending,3787400
529,quick,Relevance Descending,3887850
532,quick,Relevance Descending,3957850
535,quick,Relevance Descending,3979625
538,quick,Relevance Descending,3963733
541,quick,Relevance Descending,4130775
544,quick,Relevance Descending,4158875
547,quick,Relevance Descending,4068666
550,quick,Relevance Descending,4123566
553,quick,Relevance Descending,4203866
556,quick,Relevance Descending,4292800
559,quick,Relevance Descending,4253633
562,quick,Relevance Descending,4379100
565,quick,Relevance Descending,4515600
568,quick,Relevance Descending,4555900
571,quick,Relevance Descending,4684175
574,quick,Relevance Descending,4612766
577,quick,Relevance Descending,4672675
580,quick,Relevance Descending,4622000
583,quick,Relevance Descending,5110225
586,quick,Relevance Descending,5077550
589,quick,Relevance Descending,5219225
592,quick,Relevance Descending,5002333
595,quick,Relevance Descending,5464875
598,quick,Relevance Descending,4966266
601,quick,Relevance Descending,5289525
604,quick,Relevance Descending,5082500
607,quick,Relevance Descending,5877950
610,quick,Relevance Descending,5527250
613,quick,Relevance Descending,5837925
616,quick,Relevance Descending,5481333
619,quick,Relevance Descending,5724575
622,quick,Relevance Descending,5503166
625,quick,Relevance Descending,5482133
628,quick,Relevance Descending,6396850
631,quick,Relevance Descending,5759450
634,quick,Relevance Descending,5806800
637,quick,Relevance Descending,6116500
640,quick,Relevance Descending,5866733
643,quick,Relevance Descending,6177900
646,quick,Relevance Descending,6270333
649,quick,Relevance Descending,6159950
652,quick,Relevance Descending,5982766
655,quick,Relevance Descending,6449125
658,quick,Relevance Descending,6608600
661,quick,Relevance Descending,6366300
664,quick,Relevance Descending,6429500
667,quick,Relevance Descending,6690325
670,quick,Relevance Descending,6860950
673,quick,Relevance Descending,6502333
676,quick,Relevance Descending,6795700
679,quick,Relevance Descending,6664366
682,quick,Relevance Descending,8353125
685,quick,Relevance Descending,7243850
688,quick,Relevance Descending,7111875
691,quick,Relevance Descending,6957850
694,quick,Relevance Descending,7052366
697,quick,Relevance Descending,7281425
700,quick,Relevance Descending,7324900
703,quick,Relevance Descending,7383000
706,quick,Relevance Descending,7301425
709,quick,Relevance Descending,7529550
712,quick,Relevance Descending,7275775
715,quick,Relevance Descending,7750550
718,quick,Relevance Descending,7938525
721,quick,Relevance Descending,8122750
724,quick,Relevance Descending,8122775
727,quick,Relevance Descending,8084200
730,quick,Relevance Descending,8825900
733,quick,Relevance Descending,8190750
736,quick,Relevance Descending,8371100
739,quick,Relevance Descending,8165766
742,quick,Relevance Descending,8229600
745,quick,Relevance Descending,8210633
748,quick,Relevance Descending,8683275
751,quick,Relevance Descending,8838775
754,quick,Relevance Descending,9036875
757,quick,Relevance Descending,8881625
760,quick,Relevance Descending,8859525
763,quick,Relevance Descending,9134600
766,quick,Relevance Descending,9126200
769,quick,Relevance Descending,9514250
772,quick,Relevance Descending,8917800
775,quick,Relevance Descending,9034933
778,quick,Relevance Descending,9691875
781,quick,Relevance Descending,9417550
784,quick,Relevance Descending,9622925
787,quick,Relevance Descending,9749525
790,quick,Relevance Descending,9407100
793,quick,Relevance Descending,9510300
796,quick,Relevance Descending,10041250
799,quick,Relevance Descending,9832675
802,quick,Relevance Descending,10062725
805,quick,Relevance Descending,9631366
808,quick,Relevance Descending,10186725
811,quick,Relevance Descending,10267725
814,quick,Relevance Descending,10383275
817,quick,Relevance Descending,11569900
820,quick,Relevance Descending,10316933
823,quick,Relevance Descending,10717725
826,quick,Relevance Descending,10442275
829,quick,Relevance Descending,10516100
832,quick,Relevance Descending,10655200
835,quick,Relevance Descending,11357225
838,quick,Relevance Descending,11117125
841,quick,Relevance Descending,11092000
844,quick,Relevance Descending,11340075
847,quick,Relevance Descending,11228966
850,quick,Relevance Descending,11464475
853,quick,Relevance Descending,10214275
856,quick,Relevance Descending,11679900
859,quick,Relevance Descending,11485600
862,quick,Relevance Descending,11860900
865,quick,Relevance Descending,11761150
868,quick,Relevance Descending,12062450
871,quick,Relevance Descending,12384450
874,quick,Relevance Descending,13180125
877,quick,Relevance Descending,12020633
880,quick,Relevance Descending,12323950
883,quick,Relevance Descending,13452575
886,quick,Relevance Descending,15536175
889,quick,Relevance Descending,13513750
892,quick,Relevance Descending,12655575
895,quick,Relevance Descending,13079450
898,quick,Relevance Descending,13144100
901,quick,Relevance Descending,13403925
904,quick,Relevance Descending,14057850
907,quick,Relevance Descending,13395533
910,quick,Relevance Descending,13902225
913,quick,Relevance Descending,14495800
916,quick,Relevance Descending,14236575
919,quick,Relevance Descending,13702225
922,quick,Relevance Descending,14040866
925,quick,Relevance Descending,14136033
928,quick,Relevance Descending,14784975
931,quick,Relevance Descending,14302000
934,quick,Relevance Descending,14715475
937,quick,Relevance Descending,14661266
940,quick,Relevance Descending,15210833
943,quick,Relevance Descending,15721275
946,quick,Relevance Descending,15306200
949,quick,Relevance Descending,15633025
952,quick,Relevance Descending,15486933
955,quick,Relevance Descending,16484433
958,quick,Relevance Descending,15153600
961,quick,Relevance Descending,15463975
1,insertion,Relevance Descending,0
4,insertion,Relevance Descending,125
7,insertion,Relevance Descending,200
10,insertion,Relevance Descending,225
13,insertion,Relevance Descending,300
16,insertion,Relevance Descending,400
19,insertion,Relevance Descending,400
22,insertion,Relevance Descending,425
25,insertion,Relevance Descending,500
28,insertion,Relevance Descending,525
31,insertion,Relevance Descending,625
34,insertion,Relevance Descending,725
37,insertion,Relevance Descending,700
40,insertion,Relevance Descending,800
43,insertion,Relevance Descending,825
46,insertion,Relevance Descending,900
49,insertion,Relevance Descending,925
52,insertion,Relevance Descending,1000
55,insertion,Relevance Descending,1050
58,insertion,Relevance Descending,1400
61,insertion,Relevance Descending,1400
64,insertion,Relevance Descending,1325
67,insertion,Relevance Descending,1450
70,insertion,Relevance Descending,1400
73,insertion,Relevance Descending,1425
76,insertion,Relevance Descending,1500
79,insertion,Relevance Descending,1625
82,insertion,Relevance Descending,1700
85,insertion,Relevance Descending,1700
88,insertion,Relevance Descending,1800
91,insertion,Relevance Descending,1850
94,insertion,Relevance Descending,1925
97,insertion,Relevance Descending,2025
100,insertion,Relevance Descending,2350
103,insertion,Relevance Descending,2200
106,insertion,Relevance Descending,2200
109,insertion,Relevance Descending,2300
112,insertion,Relevance Descending,2525
115,insertion,Relevance Descending,2500
118,insertion,Relevance Descending,2775
121,insertion,Relevance Descending,2625
124,insertion,Relevance Descending,2650
127,insertion,Relevance Descending,3025
130,insertion,Relevance Descending,2925
133,insertion,Relevance Descending,3000
136,insertion,Relevance Descending,3200
139,insertion,Relevance Descending,3100
142,insertion,Relevance Descending,3225
145,insertion,Relevance Descending,3450
148,insertion,Relevance Descending,3300
151,insertion,Relevance Descending,3400
154,insertion,Relevance Descending,3500
157,insertion,Relevance Descending,3825
160,insertion,Relevance Descending,3600
163,insertion,Relevance Descending,3675
166,insertion,Relevance Descending,4100
169,insertion,Relevance Descending,3800
172,insertion,Relevance Descending,4150
175,insertion,Relevance Descending,4200
178,insertion,Relevance Descending,4000
181,insertion,Relevance Descending,4050
184,insertion,Relevance Descending,4150
187,insertion,Relevance Descending,4200
190,insertion,Relevance Descending,4400
193,insertion,Relevance Descending,4500
196,insertion,Relevance Descending,4400
199,insertion,Relevance Descending,4500
202,insertion,Relevance Descending,4600
205,insertion,Relevance Descending,4750
208,insertion,Relevance Descending,4625
211,insertion,Relevance Descending,4800
214,insertion,Relevance Descending,4900
217,insertion,Relevance Descending,4850
220,insertion,Relevance Descending,5125
223,insertion,Relevance Descending,5100
226,insertion,Relevance Descending,5375
229,insertion,Relevance Descending,5975
232,insertion,Relevance Descending,5525
235,insertion,Relevance Descending,5300
238,insertion,Relevance Descending,5600
241,insertion,Relevance Descending,5450
244,insertion,Relevance Descending,5800
247,insertion,Relevance Descending,6050
250,insertion,Relevance Descending,5800
253,insertion,Relevance Descending,5800
256,insertion,Relevance Descending,6500
259,insertion,Relevance Descending,12675
262,insertion,Relevance Descending,6100
265,insertion,Relevance Descending,6350
268,insertion,Relevance Descending,6275
271,insertion,Relevance Descending,6225
274,insertion,Relevance Descending,6725
277,insertion,Relevance Descending,6300
280,insertion,Relevance Descending,6825
283,insertion,Relevance Descending,6625
286,insertion,Relevance Descending,6800
289,insertion,Relevance Descending,6825
292,insertion,Relevance Descending,7625
295,insertion,Relevance Descending,7450
298,insertion,Relevance Descending,7750
301,insertion,Relevance Descending,7200
304,insertion,Relevance Descending,7333
307,insertion,Relevance Descending,7150
310,insertion,Relevance Descending,7675
313,insertion,Relevance Descending,7450
316,insertion,Relevance Descending,8025
319,insertion,Relevance Descending,7775
322,insertion,Relevance Descending,7900
325,insertion,Relevance Descending,36050
328,insertion,Relevance Descending,9000
331,insertion,Relevance Descending,8200
334,insertion,Relevance Descending,8300
337,insertion,Relevance Descending,17825
340,insertion,Relevance Descending,8275
343,insertion,Relevance Descending,12150
346,insertion,Relevance Descending,8950
349,insertion,Relevance Descending,9575
352,insertion,Relevance Descending,8675
355,insertion,Relevance Descending,8825
358,insertion,Relevance Descending,8425
361,insertion,Relevance Descending,8400
364,insertion,Relevance Descending,8850
367,insertion,Relevance Descending,9175
370,insertion,Relevance Descending,9550
373,insertion,Relevance Descending,9125
376,insertion,Relevance Descending,8850
379,insertion,Relevance Descending,8966
382,insertion,Relevance Descending,9500
385,insertion,Relevance Descending,9275
388,insertion,Relevance Descending,9650
391,insertion,Relevance Descending,9975
394,insertion,Relevance Descending,9966
397,insertion,Relevance Descending,9775
400,insertion,Relevance Descending,9925
403,insertion,Relevance Descending,9966
406,insertion,Relevance Descending,9825
409,insertion,Relevance Descending,10000
412,insertion,Relevance Descending,10100
415,insertion,Relevance Descending,10250
418,insertion,Relevance Descending,18950
421,insertion,Relevance Descending,10850
424,insertion,Relevance Descending,10925
427,insertion,Relevance Descending,11100
430,insertion,Relevance Descending,12850
433,insertion,Relevance Descending,10975
436,insertion,Relevance Descending,11025
439,insertion,Relevance Descending,11650
442,insertion,Relevance Descending,11675
445,insertion,Relevance Descending,11625
448,insertion,Relevance Descending,11066
451,insertion,Relevance Descending,12150
454,insertion,Relevance Descending,12125
457,insertion,Relevance Descending,11875
460,insertion,Relevance Descending,12225
463,insertion,Relevance Descending,12500
466,insertion,Relevance Descending,12225
469,insertion,Relevance Descending,12100
472,insertion,Relevance Descending,13200
475,insertion,Relevance Descending,12450
478,insertion,Relevance Descending,12700
481,insertion,Relevance Descending,15675
484,insertion,Relevance Descending,14300
487,insertion,Relevance Descending,14050
490,insertion,Relevance Descending,13375
493,insertion,Relevance Descending,13800
496,insertion,Relevance Descending,13950
499,insertion,Relevance Descending,32100
502,insertion,Relevance Descending,14400
505,insertion,Relevance Descending,15700
508,insertion,Relevance Descending,14225
511,insertion,Relevance Descending,15833
514,insertion,Relevance Descending,14066
517,insertion,Relevance Descending,14050
520,insertion,Relevance Descending,56275
523,insertion,Relevance Descending,14300
526,insertion,Relevance Descending,14100
529,insertion,Relevance Descending,15175
532,insertion,Relevance Descending,14350
535,insertion,Relevance Descending,14500
538,insertion,Relevance Descending,15025
541,insertion,Relevance Descending,14500
544,insertion,Relevance Descending,49925
547,insertion,Relevance Descending,15333
550,insertion,Relevance Descending,15100
553,insertion,Relevance Descending,27375
556,insertion,Relevance Descending,15400
559,insertion,Relevance Descending,15575
562,insertion,Relevance Descending,17625
565,insertion,Relevance Descending,15675
568,insertion,Relevance Descending,15775
571,insertion,Relevance Descending,16400
574,insertion,Relevance Descending,16100
577,insertion,Relevance Descending,16150
580,insertion,Relevance Descending,18633
583,insertion,Relevance Descending,16225
586,insertion,Relevance Descending,17425
589,insertion,Relevance Descending,22450
592,insertion,Relevance Descending,44000
595,insertion,Relevance Descending,17266
598,insertion,Relevance Descending,17250
601,insertion,Relevance Descending,17000
604,insertion,Relevance Descending,18475
607,insertion,Relevance Descending,17375
610,insertion,Relevance Descending,17475
613,insertion,Relevance Descending,17625
616,insertion,Relevance Descending,36400
619,insertion,Relevance Descending,17900
622,insertion,Relevance Descending,17850
625,insertion,Relevance Descending,19050
628,insertion,Relevance Descending,18675
631,insertion,Relevance Descending,18025
634,insertion,Relevance Descending,18150
637,insertion,Relevance Descending,18025
640,insertion,Relevance Descending,21025
643,insertion,Relevance Descending,100475
646,insertion,Relevance Descending,18600
649,insertion,Relevance Descending,18650
652,insertion,Relevance Descending,18800
655,insertion,Relevance Descending,19550
658,insertion,Relevance Descending,20025
661,insertion,Relevance Descending,20000
664,insertion,Relevance Descending,19425
667,insertion,Relevance Descending,20575
670,insertion,Relevance Descending,22375
673,insertion,Relevance Descending,20275
676,insertion,Relevance Descending,19650
679,insertion,Relevance Descending,19975
682,insertion,Relevance Descending,19800
685,insertion,Relevance Descending,19400
688,insertion,Relevance Descending,20150
691,insertion,Relevance Descending,19850
694,insertion,Relevance Descending,20025
697,insertion,Relevance Descending,19850
700,insertion,Relevance Descending,19875
703,insertion,Relevance Descending,20225
706,insertion,Relevance Descending,20625
709,insertion,Relevance Descending,20233
712,insertion,Relevance Descending,26025
715,insertion,Relevance Descending,20500
718,insertion,Relevance Descending,22200
721,insertion,Relevance Descending,23100
724,insertion,Relevance Descending,36500
727,insertion,Relevance Descending,21325
730,insertion,Relevance Descending,21000
733,insertion,Relevance Descending,24150
736,insertion,Relevance Descending,21525
739,insertion,Relevance Descending,21050
742,insertion,Relevance Descending,21800
745,insertion,Relevance Descending,21500
748,insertion,Relevance Descending,22275
751,insertion,Relevance Descending,21925
754,insertion,Relevance Descending,33325
757,insertion,Relevance Descending,22850
760,insertion,Relevance Descending,22050
763,insertion,Relevance Descending,22700
766,insertion,Relevance Descending,22300
769,insertion,Relevance Descending,22475
772,insertion,Relevance Descending,22100
775,insertion,Relevance Descending,22825
778,insertion,Relevance Descending,22450
781,insertion,Relevance Descending,27075
784,insertion,Relevance Descending,22650
787,insertion,Relevance Descending,23550
790,insertion,Relevance Descending,24025
793,insertion,Relevance Descending,25525
796,insertion,Relevance Descending,23300
799,insertion,Relevance Descending,23700
802,insertion,Relevance Descending,23125
805,insertion,Relevance Descending,23650
808,insertion,Relevance Descending,23700
811,insertion,Relevance Descending,23975
814,insertion,Relevance Descending,23950
817,insertion,Relevance Descending,24275
820,insertion,Relevance Descending,23650
823,insertion,Relevance Descending,24250
826,insertion,Relevance Descending,26166
829,insertion,Relevance Descending,24025
832,insertion,Relevance Descending,23775
835,insertion,Relevance Descending,24450
838,insertion,Relevance Descending,25025
841,insertion,Relevance Descending,24350
844,insertion,Relevance Descending,24575
847,insertion,Relevance Descending,24075
850,insertion,Relevance Descending,24550
853,insertion,Relevance Descending,25100
856,insertion,Relevance Descending,35850
859,insertion,Relevance Descending,25475
862,insertion,Relevance Descending,29950
865,insertion,Relevance Descending,24875
868,insertion,Relevance Descending,25975
871,insertion,Relevance Descending,25100
874,insertion,Relevance Descending,26175
877,insertion,Relevance Descending,27925
880,insertion,Relevance Descending,25550
883,insertion,Relevance Descending,35775
886,insertion,Relevance Descending,25550
889,insertion,Relevance Descending,26325
892,insertion,Relevance Descending,26400
895,insertion,Relevance Descending,26000
898,insertion,Relevance Descending,70075
901,insertion,Relevance Descending,25900
904,insertion,Relevance Descending,33075
907,insertion,Relevance Descending,30225
910,insertion,Relevance Descending,27475
913,insertion,Relevance Descending,27750
916,insertion,Relevance Descending,27325
919,insertion,Relevance Descending,31100
922,insertion,Relevance Descending,26550
925,insertion,Relevance Descending,26825
928,insertion,Relevance Descending,71225
931,insertion,Relevance Descending,27225
934,insertion,Relevance Descending,28075
937,insertion,Relevance Descending,28175
940,insertion,Relevance Descending,27100
943,insertion,Relevance Descending,27750
946,insertion,Relevance Descending,69875
949,insertion,Relevance Descending,29200
952,insertion,Relevance Descending,28075
955,insertion,Relevance Descending,29175
958,insertion,Relevance Descending,28000
961,insertion,Relevance Descending,28350
1,mixed,Relevance Descending,0
4,mixed,Relevance Descending,100
7,mixed,Relevance Descending,150
10,mixed,Relevance Descending,200
13,mixed,Relevance Descending,250
16,mixed,Relevance Descending,300
19,mixed,Relevance Descending,350
22,mixed,Relevance Descending,425
25,mixed,Relevance Descending,500
28,mixed,Relevance Descending,7325
31,mixed,Relevance Descending,8933
34,mixed,Relevance Descending,11700
37,mixed,Relevance Descending,13250
40,mixed,Relevance Descending,15133
43,mixed,Relevance Descending,20050
46,mixed,Relevance Descending,19875
49,mixed,Relevance Descending,23200
52,mixed,Relevance Descending,25600
55,mixed,Relevance Descending,28200
58,mixed,Relevance Descending,34933
61,mixed,Relevance Descending,35300
64,mixed,Relevance Descending,38900
67,mixed,Relevance Descending,45200
70,mixed,Relevance Descending,51025
73,mixed,Relevance Descending,59300
76,mixed,Relevance Descending,54733
79,mixed,Relevance Descending,58200
82,mixed,Relevance Descending,76900
85,mixed,Relevance Descending,68500
88,mixed,Relevance Descending,76233
91,mixed,Relevance Descending,109175
94,mixed,Relevance Descending,100433
97,mixed,Relevance Descending,92675
100,mixed,Relevance Descending,112025
103,mixed,Relevance Descending,105400
106,mixed,Relevance Descending,111966
109,mixed,Relevance Descending,121225
112,mixed,Relevance Descending,132900
115,mixed,Relevance Descending,146950
118,mixed,Relevance Descending,152533
121,mixed,Relevance Descending,150800
124,mixed,Relevance Descending,163325
127,mixed,Relevance Descending,181266
130,mixed,Relevance Descending,180266
133,mixed,Relevance Descending,204250
136,mixed,Relevance Descending,232150
139,mixed,Relevance Descending,206300
142,mixed,Relevance Descending,218825
145,mixed,Relevance Descending,242200
148,mixed,Relevance Descending,238100
151,mixed,Relevance Descending,247925
154,mixed,Relevance Descending,273833
157,mixed,Relevance Descending,343875
160,mixed,Relevance Descending,352400
163,mixed,Relevance Descending,293900
166,mixed,Relevance Descending,304166
169,mixed,Relevance Descending,333225
172,mixed,Relevance Descending,352066
175,mixed,Relevance Descending,371300
178,mixed,Relevance Descending,356000
181,mixed,Relevance Descending,483250
184,mixed,Relevance Descending,389050
187,mixed,Relevance Descending,399466
190,mixed,Relevance Descending,436000
193,mixed,Relevance Descending,434966
196,mixed,Relevance Descending,438700
199,mixed,Relevance Descending,530000
202,mixed,Relevance Descending,465933
205,mixed,Relevance Descending,534233
208,mixed,Relevance Descending,517400
211,mixed,Relevance Descending,519133
214,mixed,Relevance Descending,660475
217,mixed,Relevance Descending,550300
220,mixed,Relevance Descending,578700
223,mixed,Relevance Descending,599066
226,mixed,Relevance Descending,621166
229,mixed,Relevance Descending,732400
232,mixed,Relevance Descending,676950
235,mixed,Relevance Descending,645766
238,mixed,Relevance Descending,677333
241,mixed,Relevance Descending,785275
244,mixed,Relevance Descending,751666
247,mixed,Relevance Descending,756225
250,mixed,Relevance Descending,736166
253,mixed,Relevance Descending,815450
256,mixed,Relevance Descending,810200
259,mixed,Relevance Descending,833125
262,mixed,Relevance Descending,927750
265,mixed,Relevance Descending,867933
268,mixed,Relevance Descending,865025
271,mixed,Relevance Descending,1048300
274,mixed,Relevance Descending,937966
277,mixed,Relevance Descending,906133
280,mixed,Relevance Descending,1173125
283,mixed,Relevance Descending,1008975
286,mixed,Relevance Descending,998633
289,mixed,Relevance Descending,1220100
292,mixed,Relevance Descending,1080300
295,mixed,Relevance Descending,1082733
298,mixed,Relevance Descending,1129000
301,mixed,Relevance Descending,1114733
304,mixed,Relevance Descending,1377700
307,mixed,Relevance Descending,1184075
310,mixed,Relevance Descending,1470975
313,mixed,Relevance Descending,1222500
316,mixed,Relevance Descending,1266700
319,mixed,Relevance Descending,1247450
322,mixed,Relevance Descending,1306166
325,mixed,Relevance Descending,1373266
328,mixed,Relevance Descending,1422500
331,mixed,Relevance Descending,1955975
334,mixed,Relevance Descending,1651375
337,mixed,Relevance Descending,1488100
340,mixed,Relevance Descending,1639875
343,mixed,Relevance Descending,1554233
346,mixed,Relevance Descending,1506100
349,mixed,Relevance Descending,1592900
352,mixed,Relevance Descending,1583133
355,mixed,Relevance Descending,1636700
358,mixed,Relevance Descending,1685275
361,mixed,Relevance Descending,1592333
364,mixed,Relevance Descending,2028800
367,mixed,Relevance Descending,1725450
370,mixed,Relevance Descending,1823933
373,mixed,Relevance Descending,1818666
376,mixed,Relevance Descending,1738500
379,mixed,Relevance Descending,1905066
382,mixed,Relevance Descending,1817866
385,mixed,Relevance Descending,1904700
388,mixed,Relevance Descending,1907500
391,mixed,Relevance Descending,1977600
394,mixed,Relevance Descending,2157166
397,mixed,Relevance Descending,2299125
400,mixed,Relevance Descending,2046500
403,mixed,Relevance Descending,2054333
406,mixed,Relevance Descending,2444150
409,mixed,Relevance Descending,2118766
412,mixed,Relevance Descending,2122666
415,mixed,Relevance Descending,2308400
418,mixed,Relevance Descending,2519750
421,mixed,Relevance Descending,2325533
424,mixed,Relevance Descending,2553700
427,mixed,Relevance Descending,2563950
430,mixed,Relevance Descending,2336166
433,mixed,Relevance Descending,2538100
436,mixed,Relevance Descending,2453000
439,mixed,Relevance Descending,2565533
442,mixed,Relevance Descending,2708433
445,mixed,Relevance Descending,2621733
448,mixed,Relevance Descending,2606666
451,mixed,Relevance Descending,2925050
454,mixed,Relevance Descending,2978933
457,mixed,Relevance Descending,2786300
460,mixed,Relevance Descending,2814325
463,mixed,Relevance Descending,2889100
466,mixed,Relevance Descending,2967933
469,mixed,Relevance Descending,2978233
472,mixed,Relevance Descending,3322425
475,mixed,Relevance Descending,3082933
478,mixed,Relevance Descending,3034766
481,mixed,Relevance Descending,3373300
484,mixed,Relevance Descending,3415425
487,mixed,Relevance Descending,3592825
490,mixed,Relevance Descending,3500700
493,mixed,Relevance Descending,3687150
496,mixed,Relevance Descending,4111950
499,mixed,Relevance Descending,4040375
502,mixed,Relevance Descending,3607366
505,mixed,Relevance Descending,3485033
508,mixed,Relevance Descending,3643100
511,mixed,Relevance Descending,3626100
514,mixed,Relevance Descending,3625833
517,mixed,Relevance Descending,3663266
520,mixed,Relevance Descending,4048375
523,mixed,Relevance Descending,3868600
526,mixed,Relevance Descending,4445225
529,mixed,Relevance Descending,4066350
532,mixed,Relevance Descending,4053766
535,mixed,Relevance Descending,4315550
538,mixed,Relevance Descending,4150700
541,mixed,Relevance Descending,3660533
544,mixed,Relevance Descending,4811375
547,mixed,Relevance Descending,4747525
550,mixed,Relevance Descending,4608975
553,mixed,Relevance Descending,4709325
556,mixed,Relevance Descending,4549100
559,mixed,Relevance Descending,4788325
562,mixed,Relevance Descending,4562466
565,mixed,Relevance Descending,4894100
568,mixed,Relevance Descending,4656100
571,mixed,Relevance Descending,4952950
574,mixed,Relevance Descending,4902200
577,mixed,Relevance Descending,4750966
580,mixed,Relevance Descending,5020675
583,mixed,Relevance Descending,4889500
586,mixed,Relevance Descending,5442125
589,mixed,Relevance Descending,4922833
592,mixed,Relevance Descending,5272933
595,mixed,Relevance Descending,5930350
598,mixed,Relevance Descending,5520450
601,mixed,Relevance Descending,5345566
604,mixed,Relevance Descending,5809125
607,mixed,Relevance Descending,5385933
610,mixed,Relevance Descending,5541066
613,mixed,Relevance Descending,6382466
616,mixed,Relevance Descending,7891775
619,mixed,Relevance Descending,7224175
622,mixed,Relevance Descending,7612600
625,mixed,Relevance Descending,6122975
628,mixed,Relevance Descending,5870650
631,mixed,Relevance Descending,6035750
634,mixed,Relevance Descending,5530350
637,mixed,Relevance Descending,6005825
640,mixed,Relevance Descending,6199975
643,mixed,Relevance Descending,6379825
646,mixed,Relevance Descending,5813866
649,mixed,Relevance Descending,6334550
652,mixed,Relevance Descending,7326575
655,mixed,Relevance Descending,6607225
658,mixed,Relevance Descending,6563625
661,mixed,Relevance Descending,6453825
664,mixed,Relevance Descending,6428966
667,mixed,Relevance Descending,6952725
670,mixed,Relevance Descending,7145325
673,mixed,Relevance Descending,7252033
676,mixed,Relevance Descending,7130333
679,mixed,Relevance Descending,7132450
682,mixed,Relevance Descending,7337575
685,mixed,Relevance Descending,7235950
688,mixed,Relevance Descending,7486050
691,mixed,Relevance Descending,7821500
694,mixed,Relevance Descending,7567166
697,mixed,Relevance Descending,8047375
700,mixed,Relevance Descending,8413850
703,mixed,Relevance Descending,7802450
706,mixed,Relevance Descending,7712866
709,mixed,Relevance Descending,7862175
712,mixed,Relevance Descending,8512025
715,mixed,Relevance Descending,8654100
718,mixed,Relevance Descending,7963500
721,mixed,Relevance Descending,7843800
724,mixed,Relevance Descending,8429300
727,mixed,Relevance Descending,8300766
730,mixed,Relevance Descending,8707125
733,mixed,Relevance Descending,9419375
736,mixed,Relevance Descending,9076900
739,mixed,Relevance Descending,8894925
742,mixed,Relevance Descending,8501633
745,mixed,Relevance Descending,8677466
748,mixed,Relevance Descending,9138550
751,mixed,Relevance Descending,8584266
754,mixed,Relevance Descending,9484100
757,mixed,Relevance Descending,9024125
760,mixed,Relevance Descending,8807266
763,mixed,Relevance Descending,8690166
766,mixed,Relevance Descending,9266100
769,mixed,Relevance Descending,9588825
772,mixed,Relevance Descending,9798900
775,mixed,Relevance Descending,10465850
778,mixed,Relevance Descending,10324150
781,mixed,Relevance Descending,10305600
784,mixed,Relevance Descending,10061650
787,mixed,Relevance Descending,10044466
790,mixed,Relevance Descending,9215000
793,mixed,Relevance Descending,9801233
796,mixed,Relevance Descending,10227125
799,mixed,Relevance Descending,10453775
802,mixed,Relevance Descending,9936150
805,mixed,Relevance Descending,10183333
808,mixed,Relevance Descending,10528500
811,mixed,Relevance Descending,10832100
814,mixed,Relevance Descending,10778025
817,mixed,Relevance Descending,10698225
820,mixed,Relevance Descending,11352425
823,mixed,Relevance Descending,11019075
826,mixed,Relevance Descending,11229325
829,mixed,Relevance Descending,10829775
832,mixed,Relevance Descending,11529175
835,mixed,Relevance Descending,11280450
838,mixed,Relevance Descending,11441000
841,mixed,Relevance Descending,11128300
844,mixed,Relevance Descending,11570950
847,mixed,Relevance Descending,12565800
850,mixed,Relevance Descending,11531400
853,mixed,Relevance Descending,11652175
856,mixed,Relevance Descending,10902425
859,mixed,Relevance Descending,12703725
862,mixed,Relevance Descending,12442075
865,mixed,Relevance Descending,12180900
868,mixed,Relevance Descending,12120600
871,mixed,Relevance Descending,11988300
874,mixed,Relevance Descending,13399750
877,mixed,Relevance Descending,12385925
880,mixed,Relevance Descending,12514000
883,mixed,Relevance Descending,14060625
886,mixed,Relevance Descending,12098400
889,mixed,Relevance Descending,12657766
892,mixed,Relevance Descending,12669300
895,mixed,Relevance Descending,13036175
898,mixed,Relevance Descending,18289350
901,mixed,Relevance Descending,17552375
904,mixed,Relevance Descending,14889175
907,mixed,Relevance Descending,13689950
910,mixed,Relevance Descending,13741950
913,mixed,Relevance Descending,14702475
916,mixed,Relevance Descending,13795350
919,mixed,Relevance Descending,14027375
922,mixed,Relevance Descending,14108700
925,mixed,Relevance Descending,13657725
928,mixed,Relevance Descending,14368450
931,mixed,Relevance Descending,14297475
934,mixed,Relevance Descending,14074225
937,mixed,Relevance Descending,14042400
940,mixed,Relevance Descending,13707000
943,mixed,Relevance Descending,14735250
946,mixed,Relevance Descending,14923033
949,mixed,Relevance Descending,18458275
952,mixed,Relevance Descending,17300925
955,mixed,Relevance Descending,15040900
958,mixed,Relevance Descending,14840375
961,mixed,Relevance Descending,15432450
1,quick,Rating Ascending,60
4,quick,Rating Ascending,425
7,quick,Rating Ascending,1175
10,quick,Rating Ascending,2000
13,quick,Rating Ascending,3433
16,quick,Rating Ascending,11075
19,quick,Rating Ascending,11066
22,quick,Rating Ascending,13960
25,quick,Rating Ascending,13800
28,quick,Rating Ascending,17550
31,quick,Rating Ascending,21366
34,quick,Rating Ascending,26733
37,quick,Rating Ascending,28900
40,quick,Rating Ascending,34166
43,quick,Rating Ascending,38733
46,quick,Rating Ascending,45600
49,quick,Rating Ascending,51260
52,quick,Rating Ascending,72080
55,quick,Rating Ascending,64025
58,quick,Rating Ascending,72500
61,quick,Rating Ascending,79566
64,quick,Rating Ascending,87766
67,quick,Rating Ascending,97100
70,quick,Rating Ascending,116225
73,quick,Rating Ascending,118233
76,quick,Rating Ascending,127000
79,quick,Rating Ascending,133966
82,quick,Rating Ascending,161533
85,quick,Rating Ascending,172700
88,quick,Rating Ascending,170700
91,quick,Rating Ascending,188525
94,quick,Rating Ascending,196200
97,quick,Rating Ascending,206575
100,quick,Rating Ascending,216925
103,quick,Rating Ascending,247966
106,quick,Rating Ascending,277050
109,quick,Rating Ascending,320675
112,quick,Rating Ascending,383840
115,quick,Rating Ascending,293200
118,quick,Rating Ascending,303966
121,quick,Rating Ascending,321725
124,quick,Rating Ascending,340200
127,quick,Rating Ascending,378425
130,quick,Rating Ascending,370966
133,quick,Rating Ascending,676080
136,quick,Rating Ascending,413900
139,quick,Rating Ascending,437266
142,quick,Rating Ascending,458225
145,quick,Rating Ascending,498125
148,quick,Rating Ascending,556166
151,quick,Rating Ascending,515700
154,quick,Rating Ascending,536000
157,quick,Rating Ascending,551033
160,quick,Rating Ascending,577300
163,quick,Rating Ascending,756566
166,quick,Rating Ascending,654300
169,quick,Rating Ascending,648225
172,quick,Rating Ascending,665400
175,quick,Rating Ascending,732400
178,quick,Rating Ascending,815925
181,quick,Rating Ascending,813466
184,quick,Rating Ascending,785500
187,quick,Rating Ascending,1224275
190,quick,Rating Ascending,861500
193,quick,Rating Ascending,880900
196,quick,Rating Ascending,923666
199,quick,Rating Ascending,962266
202,quick,Rating Ascending,925966
205,quick,Rating Ascending,1130775
208,quick,Rating Ascending,974133
211,quick,Rating Ascending,1064766
214,quick,Rating Ascending,1169000
217,quick,Rating Ascending,1106000
220,quick,Rating Ascending,1137800
223,quick,Rating Ascending,1229100
226,quick,Rating Ascending,1182133
229,quick,Rating Ascending,1409450
232,quick,Rating Ascending,1226466
235,quick,Rating Ascending,1289233
238,quick,Rating Ascending,1605625
241,quick,Rating Ascending,1329000
244,quick,Rating Ascending,1633675
247,quick,Rating Ascending,1414333
250,quick,Rating Ascending,1514000
253,quick,Rating Ascending,1532875
256,quick,Rating Ascending,1603866
259,quick,Rating Ascending,1570733
262,quick,Rating Ascending,1905650
265,quick,Rating Ascending,1722633
268,quick,Rating Ascending,1814400
271,quick,Rating Ascending,1887700
274,quick,Rating Ascending,1814766
277,quick,Rating Ascending,2090000
280,quick,Rating Ascending,2082350
283,quick,Rating Ascending,1830000
286,quick,Rating Ascending,2072866
289,quick,Rating Ascending,2154100
292,quick,Rating Ascending,2074550
295,quick,Rating Ascending,2211966
298,quick,Rating Ascending,2124933
301,quick,Rating Ascending,2309800
304,quick,Rating Ascending,2397333
307,quick,Rating Ascending,3012625
310,quick,Rating Ascending,2633325
313,quick,Rating Ascending,4211825
316,quick,Rating Ascending,2724175
319,quick,Rating Ascending,3281033
322,quick,Rating Ascending,3358425
325,quick,Rating Ascending,3039250
328,quick,Rating Ascending,5344133
331,quick,Rating Ascending,3566460
334,quick,Rating Ascending,3094733
337,quick,Rating Ascending,2734333
340,quick,Rating Ascending,2888125
343,quick,Rating Ascending,2851766
346,quick,Rating Ascending,3937525
349,quick,Rating Ascending,3416200
352,quick,Rating Ascending,3106066
355,quick,Rating Ascending,4121675
358,quick,Rating Ascending,3104000
361,quick,Rating Ascending,3653400
364,quick,Rating Ascending,3390533
367,quick,Rating Ascending,3567425
370,quick,Rating Ascending,3310500
373,quick,Rating Ascending,4323700
376,quick,Rating Ascending,4461800
379,quick,Rating Ascending,4265125
382,quick,Rating Ascending,3804900
385,quick,Rating Ascending,3818866
388,quick,Rating Ascending,4066166
391,quick,Rating Ascending,3855066
394,quick,Rating Ascending,4163333
397,quick,Rating Ascending,3918266
400,quick,Rating Ascending,4175600
403,quick,Rating Ascending,4298833
406,quick,Rating Ascending,4428800
409,quick,Rating Ascending,4071400
412,quick,Rating Ascending,4556733
415,quick,Rating Ascending,4422600
418,quick,Rating Ascending,4397800
421,quick,Rating Ascending,4810725
424,quick,Rating Ascending,5432875
427,quick,Rating Ascending,4714250
430,quick,Rating Ascending,4849075
433,quick,Rating Ascending,4822500
436,quick,Rating Ascending,5435275
439,quick,Rating Ascending,5513600
442,quick,Rating Ascending,5680125
445,quick,Rating Ascending,5379800
448,quick,Rating Ascending,6049750
451,quick,Rating Ascending,6072275
454,quick,Rating Ascending,5937300
457,quick,Rating Ascending,5623900
460,quick,Rating Ascending,6125100
463,quick,Rating Ascending,6284950
466,quick,Rating Ascending,7632675
469,quick,Rating Ascending,6730725
472,quick,Rating Ascending,6725400
475,quick,Rating Ascending,6127200
478,quick,Rating Ascending,6774550
481,quick,Rating Ascending,6971800
484,quick,Rating Ascending,7297900
487,quick,Rating Ascending,7791333
490,quick,Rating Ascending,7944100
493,quick,Rating Ascending,7489775
496,quick,Rating Ascending,6855050
499,quick,Rating Ascending,7017250
502,quick,Rating Ascending,6835975
505,quick,Rating Ascending,6821275
508,quick,Rating Ascending,6629600
511,quick,Rating Ascending,7471950
514,quick,Rating Ascending,8090275
517,quick,Rating Ascending,7680200
520,quick,Rating Ascending,7595150
523,quick,Rating Ascending,7323625
526,quick,Rating Ascending,7550550
529,quick,Rating Ascending,7605066
532,quick,Rating Ascending,8162100
535,quick,Rating Ascending,7812525
538,quick,Rating Ascending,8781425
541,quick,Rating Ascending,8755625
544,quick,Rating Ascending,9176775
547,quick,Rating Ascending,8818825
550,quick,Rating Ascending,8635333
553,quick,Rating Ascending,9685025
556,quick,Rating Ascending,8571933
559,quick,Rating Ascending,9246100
562,quick,Rating Ascending,9053450
565,quick,Rating Ascending,9100900
568,quick,Rating Ascending,9461350
571,quick,Rating Ascending,9468033
574,quick,Rating Ascending,9402100
577,quick,Rating Ascending,9185550
580,quick,Rating Ascending,9177800
583,quick,Rating Ascending,9855550
586,quick,Rating Ascending,9958400
589,quick,Rating Ascending,9497033
592,quick,Rating Ascending,10253625
595,quick,Rating Ascending,9772700
598,quick,Rating Ascending,9953800
601,quick,Rating Ascending,10055875
604,quick,Rating Ascending,9548966
607,quick,Rating Ascending,11066950
610,quick,Rating Ascending,11046350
613,quick,Rating Ascending,11328600
616,quick,Rating Ascending,12140466
619,quick,Rating Ascending,11116866
622,quick,Rating Ascending,11006600
625,quick,Rating Ascending,11302875
628,quick,Rating Ascending,11522125
631,quick,Rating Ascending,10693233
634,quick,Rating Ascending,11514600
637,quick,Rating Ascending,11500166
640,quick,Rating Ascending,11827325
643,quick,Rating Ascending,12743625
646,quick,Rating Ascending,13017700
649,quick,Rating Ascending,11770433
652,quick,Rating Ascending,11715525
655,quick,Rating Ascending,11567566
658,quick,Rating Ascending,12104800
661,quick,Rating Ascending,12475275
664,quick,Rating Ascending,12697450
667,quick,Rating Ascending,13220900
670,quick,Rating Ascending,13155500
673,quick,Rating Ascending,13204800
676,quick,Rating Ascending,13476366
679,quick,Rating Ascending,13311766
682,quick,Rating Ascending,27107080
685,quick,Rating Ascending,15958200
688,quick,Rating Ascending,14991300
691,quick,Rating Ascending,17717525
694,quick,Rating Ascending,14001050
697,quick,Rating Ascending,15338450
700,quick,Rating Ascending,13332466
703,quick,Rating Ascending,14491025
706,quick,Rating Ascending,14772025
709,quick,Rating Ascending,15494075
712,quick,Rating Ascending,14593833
715,quick,Rating Ascending,15033900
718,quick,Rating Ascending,15683266
721,quick,Rating Ascending,16613300
724,quick,Rating Ascending,20975980
727,quick,Rating Ascending,14188566
730,quick,Rating Ascending,15549225
733,quick,Rating Ascending,16998900
736,quick,Rating Ascending,16402525
739,quick,Rating Ascending,16029975
742,quick,Rating Ascending,17040100
745,quick,Rating Ascending,15795475
748,quick,Rating Ascending,16805300
751,quick,Rating Ascending,17863725
754,quick,Rating Ascending,17704450
757,quick,Rating Ascending,22110675
760,quick,Rating Ascending,19908200
763,quick,Rating Ascending,17772875
766,quick,Rating Ascending,18646525
769,quick,Rating Ascending,17740325
772,quick,Rating Ascending,19105125
775,quick,Rating Ascending,17390925
778,quick,Rating Ascending,19258800
781,quick,Rating Ascending,17263533
784,quick,Rating Ascending,18020333
787,quick,Rating Ascending,18232450
790,quick,Rating Ascending,18691133
793,quick,Rating Ascending,19873666
796,quick,Rating Ascending,20764850
799,quick,Rating Ascending,19093533
802,quick,Rating Ascending,18560850
805,quick,Rating Ascending,18992525
808,quick,Rating Ascending,17839850
811,quick,Rating Ascending,20075000
814,quick,Rating Ascending,19728966
817,quick,Rating Ascending,19818200
820,quick,Rating Ascending,20292700
823,quick,Rating Ascending,20294850
826,quick,Rating Ascending,24992633
829,quick,Rating Ascending,21975000
832,quick,Rating Ascending,35007260
835,quick,Rating Ascending,23490500
838,quick,Rating Ascending,22070975
841,quick,Rating Ascending,22576575
844,quick,Rating Ascending,20837633
847,quick,Rating Ascending,21225600
850,quick,Rating Ascending,20972766
853,quick,Rating Ascending,23258200
856,quick,Rating Ascending,23544150
859,quick,Rating Ascending,23987975
862,quick,Rating Ascending,24277375
865,quick,Rating Ascending,20783333
868,quick,Rating Ascending,24046550
871,quick,Rating Ascending,23356233
874,quick,Rating Ascending,23320950
877,quick,Rating Ascending,21057766
880,quick,Rating Ascending,21120600
883,quick,Rating Ascending,25360475
886,quick,Rating Ascending,23171566
889,quick,Rating Ascending,21641300
892,quick,Rating Ascending,23140700
895,quick,Rating Ascending,24736150
898,quick,Rating Ascending,23257625
901,quick,Rating Ascending,22378075
904,quick,Rating Ascending,23891400
907,quick,Rating Ascending,26019925
910,quick,Rating Ascending,25399850
913,quick,Rating Ascending,25267200
916,quick,Rating Ascending,26237725
919,quick,Rating Ascending,24943700
922,quick,Rating Ascending,28150025
925,quick,Rating Ascending,27956066
928,quick,Rating Ascending,26950125
931,quick,Rating Ascending,26445675
934,quick,Rating Ascending,28079150
937,quick,Rating Ascending,25994525
940,quick,Rating Ascending,26800550
943,quick,Rating Ascending,26196133
946,quick,Rating Ascending,25707800
949,quick,Rating Ascending,26347125
952,quick,Rating Ascending,26974825
955,quick,Rating Ascending,27570333
958,quick,Rating Ascending,39233960
961,quick,Rating Ascending,29278675
1,insertion,Rating Ascending,60
4,insertion,Rating Ascending,200
7,insertion,Rating Ascending,325
10,insertion,Rating Ascending,450
13,insertion,Rating Ascending,500
16,insertion,Rating Ascending,750
19,insertion,Rating Ascending,825
22,insertion,Rating Ascending,1000
25,insertion,Rating Ascending,1100
28,insertion,Rating Ascending,1250
31,insertion,Rating Ascending,1400
34,insertion,Rating Ascending,1600
37,insertion,Rating Ascending,1700
40,insertion,Rating Ascending,1900
43,insertion,Rating Ascending,2000
46,insertion,Rating Ascending,2150
49,insertion,Rating Ascending,2525
52,insertion,Rating Ascending,2500
55,insertion,Rating Ascending,2725
58,insertion,Rating Ascending,2875
61,insertion,Rating Ascending,3300
64,insertion,Rating Ascending,3100
67,insertion,Rating Ascending,5025
70,insertion,Rating Ascending,3450
73,insertion,Rating Ascending,3550
76,insertion,Rating Ascending,3700
79,insertion,Rating Ascending,4050
82,insertion,Rating Ascending,4125
85,insertion,Rating Ascending,4500
88,insertion,Rating Ascending,4250
91,insertion,Rating Ascending,4500
94,insertion,Rating Ascending,4600
97,insertion,Rating Ascending,5550
100,insertion,Rating Ascending,5250
103,insertion,Rating Ascending,5175
106,insertion,Rating Ascending,5350
109,insertion,Rating Ascending,5425
112,insertion,Rating Ascending,5425
115,insertion,Rating Ascending,5850
118,insertion,Rating Ascending,6300
121,insertion,Rating Ascending,6725
124,insertion,Rating Ascending,6150
127,insertion,Rating Ascending,6400
130,insertion,Rating Ascending,6275
133,insertion,Rating Ascending,6725
136,insertion,Rating Ascending,7525
139,insertion,Rating Ascending,7725
142,insertion,Rating Ascending,8125
145,insertion,Rating Ascending,28900
148,insertion,Rating Ascending,7100
151,insertion,Rating Ascending,7400
154,insertion,Rating Ascending,7650
157,insertion,Rating Ascending,7700
160,insertion,Rating Ascending,8100
163,insertion,Rating Ascending,8125
166,insertion,Rating Ascending,7850
169,insertion,Rating Ascending,8125
172,insertion,Rating Ascending,8175
175,insertion,Rating Ascending,8800
178,insertion,Rating Ascending,8425
181,insertion,Rating Ascending,9050
184,insertion,Rating Ascending,9000
187,insertion,Rating Ascending,9300
190,insertion,Rating Ascending,9750
193,insertion,Rating Ascending,10725
196,insertion,Rating Ascending,9725
199,insertion,Rating Ascending,9550
202,insertion,Rating Ascending,9625
205,insertion,Rating Ascending,9825
208,insertion,Rating Ascending,10175
211,insertion,Rating Ascending,9875
214,insertion,Rating Ascending,10225
217,insertion,Rating Ascending,12750
220,insertion,Rating Ascending,10600
223,insertion,Rating Ascending,10450
226,insertion,Rating Ascending,10625
229,insertion,Rating Ascending,11425
232,insertion,Rating Ascending,11000
235,insertion,Rating Ascending,11275
238,insertion,Rating Ascending,11500
241,insertion,Rating Ascending,11950
244,insertion,Rating Ascending,12200
247,insertion,Rating Ascending,12150
250,insertion,Rating Ascending,12175
253,insertion,Rating Ascending,11975
256,insertion,Rating Ascending,13850
259,insertion,Rating Ascending,12500
262,insertion,Rating Ascending,13125
265,insertion,Rating Ascending,17075
268,insertion,Rating Ascending,14575
271,insertion,Rating Ascending,13875
274,insertion,Rating Ascending,13600
277,insertion,Rating Ascending,14725
280,insertion,Rating Ascending,13375
283,insertion,Rating Ascending,14125
286,insertion,Rating Ascending,14875
289,insertion,Rating Ascending,14075
292,insertion,Rating Ascending,15400
295,insertion,Rating Ascending,14750
298,insertion,Rating Ascending,34275
301,insertion,Rating Ascending,28025
304,insertion,Rating Ascending,54225
307,insertion,Rating Ascending,14975
310,insertion,Rating Ascending,15400
313,insertion,Rating Ascending,15550
316,insertion,Rating Ascending,15600
319,insertion,Rating Ascending,15925
322,insertion,Rating Ascending,15675
325,insertion,Rating Ascending,16175
328,insertion,Rating Ascending,16525
331,insertion,Rating Ascending,17000
334,insertion,Rating Ascending,17200
337,insertion,Rating Ascending,16775
340,insertion,Rating Ascending,17450
343,insertion,Rating Ascending,17675
346,insertion,Rating Ascending,17675
349,insertion,Rating Ascending,82125
352,insertion,Rating Ascending,18025
355,insertion,Rating Ascending,18425
358,insertion,Rating Ascending,17950
361,insertion,Rating Ascending,18700
364,insertion,Rating Ascending,19550
367,insertion,Rating Ascending,18925
370,insertion,Rating Ascending,18850
373,insertion,Rating Ascending,18850
376,insertion,Rating Ascending,20900
379,insertion,Rating Ascending,18475
382,insertion,Rating Ascending,19275
385,insertion,Rating Ascending,19275
388,insertion,Rating Ascending,18950
391,insertion,Rating Ascending,19625
394,insertion,Rating Ascending,19533
397,insertion,Rating Ascending,22550
400,insertion,Rating Ascending,20575
403,insertion,Rating Ascending,25925
406,insertion,Rating Ascending,20225
409,insertion,Rating Ascending,20125
412,insertion,Rating Ascending,21025
415,insertion,Rating Ascending,24966
418,insertion,Rating Ascending,21275
421,insertion,Rating Ascending,52300
424,insertion,Rating Ascending,21325
427,insertion,Rating Ascending,21125
430,insertion,Rating Ascending,21325
433,insertion,Rating Ascending,21925
436,insertion,Rating Ascending,25325
439,insertion,Rating Ascending,21850
442,insertion,Rating Ascending,22225
445,insertion,Rating Ascending,21700
448,insertion,Rating Ascending,23000
451,insertion,Rating Ascending,22750
454,insertion,Rating Ascending,24000
457,insertion,Rating Ascending,24100
460,insertion,Rating Ascending,23325
463,insertion,Rating Ascending,23525
466,insertion,Rating Ascending,23300
469,insertion,Rating Ascending,23875
472,insertion,Rating Ascending,23466
475,insertion,Rating Ascending,23950
478,insertion,Rating Ascending,24000
481,insertion,Rating Ascending,24100
484,insertion,Rating Ascending,25550
487,insertion,Rating Ascending,25625
490,insertion,Rating Ascending,25125
493,insertion,Rating Ascending,24525
496,insertion,Rating Ascending,27550
499,insertion,Rating Ascending,25025
502,insertion,Rating Ascending,25725
505,insertion,Rating Ascending,26575
508,insertion,Rating Ascending,25550
511,insertion,Rating Ascending,30500
514,insertion,Rating Ascending,27275
517,insertion,Rating Ascending,25825
520,insertion,Rating Ascending,32000
523,insertion,Rating Ascending,26366
526,insertion,Rating Ascending,27225
529,insertion,Rating Ascending,27000
532,insertion,Rating Ascending,27575
535,insertion,Rating Ascending,28050
538,insertion,Rating Ascending,27175
541,insertion,Rating Ascending,26975
544,insertion,Rating Ascending,28200
547,insertion,Rating Ascending,27250
550,insertion,Rating Ascending,59775
553,insertion,Rating Ascending,28250
556,insertion,Rating Ascending,28050
559,insertion,Rating Ascending,31566
562,insertion,Rating Ascending,27900
565,insertion,Rating Ascending,50025
568,insertion,Rating Ascending,28775
571,insertion,Rating Ascending,29000
574,insertion,Rating Ascending,33250
577,insertion,Rating Ascending,27600
580,insertion,Rating Ascending,33925
583,insertion,Rating Ascending,29125
586,insertion,Rating Ascending,32675
589,insertion,Rating Ascending,29225
592,insertion,Rating Ascending,31825
595,insertion,Rating Ascending,30775
598,insertion,Rating Ascending,29625
601,insertion,Rating Ascending,33700
604,insertion,Rating Ascending,30200
607,insertion,Rating Ascending,41775
610,insertion,Rating Ascending,30250
613,insertion,Rating Ascending,34025
616,insertion,Rating Ascending,30475
619,insertion,Rating Ascending,33500
622,insertion,Rating Ascending,31175
625,insertion,Rating Ascending,88550
628,insertion,Rating Ascending,34175
631,insertion,Rating Ascending,33150
634,insertion,Rating Ascending,32800
637,insertion,Rating Ascending,33950
640,insertion,Rating Ascending,67650
643,insertion,Rating Ascending,33000
646,insertion,Rating Ascending,32625
649,insertion,Rating Ascending,31900
652,insertion,Rating Ascending,35850
655,insertion,Rating Ascending,32175
658,insertion,Rating Ascending,33425
661,insertion,Rating Ascending,33075
664,insertion,Rating Ascending,44250
667,insertion,Rating Ascending,36325
670,insertion,Rating Ascending,35950
673,insertion,Rating Ascending,34625
676,insertion,Rating Ascending,34275
679,insertion,Rating Ascending,38875
682,insertion,Rating Ascending,35000
685,insertion,Rating Ascending,35050
688,insertion,Rating Ascending,36425
691,insertion,Rating Ascending,35500
694,insertion,Rating Ascending,34700
697,insertion,Rating Ascending,35800
700,insertion,Rating Ascending,35900
703,insertion,Rating Ascending,36500
706,insertion,Rating Ascending,36775
709,insertion,Rating Ascending,35875
712,insertion,Rating Ascending,33625
715,insertion,Rating Ascending,36900
718,insertion,Rating Ascending,37625
721,insertion,Rating Ascending,36750
724,insertion,Rating Ascending,36525
727,insertion,Rating Ascending,35800
730,insertion,Rating Ascending,51725
733,insertion,Rating Ascending,36925
736,insertion,Rating Ascending,37100
739,insertion,Rating Ascending,46600
742,insertion,Rating Ascending,38925
745,insertion,Rating Ascending,38100
748,insertion,Rating Ascending,38075
751,insertion,Rating Ascending,37800
754,insertion,Rating Ascending,39825
757,insertion,Rating Ascending,52750
760,insertion,Rating Ascending,41400
763,insertion,Rating Ascending,38350
766,insertion,Rating Ascending,38975
769,insertion,Rating Ascending,47700
772,insertion,Rating Ascending,39500
775,insertion,Rating Ascending,39525
778,insertion,Rating Ascending,41750
781,insertion,Rating Ascending,48500
784,insertion,Rating Ascending,39050
787,insertion,Rating Ascending,41225
790,insertion,Rating Ascending,46125
793,insertion,Rating Ascending,47925
796,insertion,Rating Ascending,40300
799,insertion,Rating Ascending,43575
802,insertion,Rating Ascending,43925
805,insertion,Rating Ascending,53600
808,insertion,Rating Ascending,43150
811,insertion,Rating Ascending,42600
814,insertion,Rating Ascending,41100
817,insertion,Rating Ascending,42275
820,insertion,Rating Ascending,44950
823,insertion,Rating Ascending,43200
826,insertion,Rating Ascending,42200
829,insertion,Rating Ascending,40925
832,insertion,Rating Ascending,56800
835,insertion,Rating Ascending,60925
838,insertion,Rating Ascending,43200
841,insertion,Rating Ascending,45775
844,insertion,Rating Ascending,43350
847,insertion,Rating Ascending,42050
850,insertion,Rating Ascending,42550
853,insertion,Rating Ascending,46875
856,insertion,Rating Ascending,46425
859,insertion,Rating Ascending,50100
862,insertion,Rating Ascending,48000
865,insertion,Rating Ascending,44900
868,insertion,Rating Ascending,45725
871,insertion,Rating Ascending,57975
874,insertion,Rating Ascending,65600
877,insertion,Rating Ascending,44100
880,insertion,Rating Ascending,61975
883,insertion,Rating Ascending,51875
886,insertion,Rating Ascending,45400
889,insertion,Rating Ascending,75375
892,insertion,Rating Ascending,47750
895,insertion,Rating Ascending,49525
898,insertion,Rating Ascending,47225
901,insertion,Rating Ascending,62075
904,insertion,Rating Ascending,816375
907,insertion,Rating Ascending,46150
910,insertion,Rating Ascending,47125
913,insertion,Rating Ascending,45900
916,insertion,Rating Ascending,49625
919,insertion,Rating Ascending,50175
922,insertion,Rating Ascending,49150
925,insertion,Rating Ascending,43600
928,insertion,Rating Ascending,46925
931,insertion,Rating Ascending,52850
934,insertion,Rating Ascending,48800
937,insertion,Rating Ascending,48725
940,insertion,Rating Ascending,52175
943,insertion,Rating Ascending,49200
946,insertion,Rating Ascending,49100
949,insertion,Rating Ascending,46900
952,insertion,Rating Ascending,51325
955,insertion,Rating Ascending,58000
958,insertion,Rating Ascending,67275
961,insertion,Rating Ascending,52150
1,mixed,Rating Ascending,0
4,mixed,Rating Ascending,150
7,mixed,Rating Ascending,300
10,mixed,Rating Ascending,450
13,mixed,Rating Ascending,700
16,mixed,Rating Ascending,1625
19,mixed,Rating Ascending,1025
22,mixed,Rating Ascending,1000
25,mixed,Rating Ascending,1200
28,mixed,Rating Ascending,16700
31,mixed,Rating Ascending,20350
34,mixed,Rating Ascending,24466
37,mixed,Rating Ascending,29125
40,mixed,Rating Ascending,34275
43,mixed,Rating Ascending,39600
46,mixed,Rating Ascending,45500
49,mixed,Rating Ascending,51233
52,mixed,Rating Ascending,61675
55,mixed,Rating Ascending,65300
58,mixed,Rating Ascending,74833
61,mixed,Rating Ascending,79766
64,mixed,Rating Ascending,89075
67,mixed,Rating Ascending,140750
70,mixed,Rating Ascending,106900
73,mixed,Rating Ascending,116450
76,mixed,Rating Ascending,139700
79,mixed,Rating Ascending,137066
82,mixed,Rating Ascending,147166
85,mixed,Rating Ascending,171233
88,mixed,Rating Ascending,173050
91,mixed,Rating Ascending,193725
94,mixed,Rating Ascending,193633
97,mixed,Rating Ascending,206425
100,mixed,Rating Ascending,230550
103,mixed,Rating Ascending,255200
106,mixed,Rating Ascending,337150
109,mixed,Rating Ascending,262833
112,mixed,Rating Ascending,276266
115,mixed,Rating Ascending,377840
118,mixed,Rating Ascending,331375
121,mixed,Rating Ascending,337925
124,mixed,Rating Ascending,345475
127,mixed,Rating Ascending,374050
130,mixed,Rating Ascending,399575
133,mixed,Rating Ascending,440666
136,mixed,Rating Ascending,410166
139,mixed,Rating Ascending,426433
142,mixed,Rating Ascending,461900
145,mixed,Rating Ascending,574133
148,mixed,Rating Ascending,517633
151,mixed,Rating Ascending,560033
154,mixed,Rating Ascending,588060
157,mixed,Rating Ascending,547766
160,mixed,Rating Ascending,573575
163,mixed,Rating Ascending,658225
166,mixed,Rating Ascending,666633
169,mixed,Rating Ascending,638000
172,mixed,Rating Ascending,667275
175,mixed,Rating Ascending,799866
178,mixed,Rating Ascending,863600
181,mixed,Rating Ascending,793525
184,mixed,Rating Ascending,815100
187,mixed,Rating Ascending,1129875
190,mixed,Rating Ascending,855733
193,mixed,Rating Ascending,832875
196,mixed,Rating Ascending,1036800
199,mixed,Rating Ascending,992300
202,mixed,Rating Ascending,924350
205,mixed,Rating Ascending,980466
208,mixed,Rating Ascending,990650
211,mixed,Rating Ascending,1085725
214,mixed,Rating Ascending,1432700
217,mixed,Rating Ascending,1124300
220,mixed,Rating Ascending,1103475
223,mixed,Rating Ascending,1142033
226,mixed,Rating Ascending,1164266
229,mixed,Rating Ascending,1263266
232,mixed,Rating Ascending,1350675
235,mixed,Rating Ascending,1377350
238,mixed,Rating Ascending,1435925
241,mixed,Rating Ascending,1305350
244,mixed,Rating Ascending,1382850
247,mixed,Rating Ascending,1406000
250,mixed,Rating Ascending,1461475
253,mixed,Rating Ascending,1520300
256,mixed,Rating Ascending,1656200
259,mixed,Rating Ascending,1601400
262,mixed,Rating Ascending,1648566
265,mixed,Rating Ascending,1603125
268,mixed,Rating Ascending,1632233
271,mixed,Rating Ascending,1677800
274,mixed,Rating Ascending,1853200
277,mixed,Rating Ascending,1768500
280,mixed,Rating Ascending,1989500
283,mixed,Rating Ascending,1963825
286,mixed,Rating Ascending,1875133
289,mixed,Rating Ascending,2068433
292,mixed,Rating Ascending,2105600
295,mixed,Rating Ascending,2156266
298,mixed,Rating Ascending,2135966
301,mixed,Rating Ascending,2284925
304,mixed,Rating Ascending,2329266
307,mixed,Rating Ascending,2291000
310,mixed,Rating Ascending,2343325
313,mixed,Rating Ascending,2435500
316,mixed,Rating Ascending,2541525
319,mixed,Rating Ascending,2720566
322,mixed,Rating Ascending,2442800
325,mixed,Rating Ascending,2500333
328,mixed,Rating Ascending,2497075
331,mixed,Rating Ascending,2973825
334,mixed,Rating Ascending,2657466
337,mixed,Rating Ascending,2857100
340,mixed,Rating Ascending,2944366
343,mixed,Rating Ascending,3270000
346,mixed,Rating Ascending,3340125
349,mixed,Rating Ascending,3636300
352,mixed,Rating Ascending,2965900
355,mixed,Rating Ascending,3852100
358,mixed,Rating Ascending,3891700
361,mixed,Rating Ascending,5762320
364,mixed,Rating Ascending,4298366
367,mixed,Rating Ascending,4298000
370,mixed,Rating Ascending,3757333
373,mixed,Rating Ascending,3979966
376,mixed,Rating Ascending,3662033
379,mixed,Rating Ascending,3586133
382,mixed,Rating Ascending,3942125
385,mixed,Rating Ascending,4103266
388,mixed,Rating Ascending,4713400
391,mixed,Rating Ascending,4628233
394,mixed,Rating Ascending,4146033
397,mixed,Rating Ascending,4752566
400,mixed,Rating Ascending,4110600
403,mixed,Rating Ascending,13017940
406,mixed,Rating Ascending,4485500
409,mixed,Rating Ascending,4640875
412,mixed,Rating Ascending,4615925
415,mixed,Rating Ascending,4495100
418,mixed,Rating Ascending,4561300
421,mixed,Rating Ascending,4799500
424,mixed,Rating Ascending,4440100
427,mixed,Rating Ascending,5022250
430,mixed,Rating Ascending,4782500
433,mixed,Rating Ascending,4909366
436,mixed,Rating Ascending,5462600
439,mixed,Rating Ascending,5235966
442,mixed,Rating Ascending,5423833
445,mixed,Rating Ascending,5479000
448,mixed,Rating Ascending,5994900
451,mixed,Rating Ascending,5971550
454,mixed,Rating Ascending,5590966
457,mixed,Rating Ascending,7224725
460,mixed,Rating Ascending,8238300
463,mixed,Rating Ascending,7071075
466,mixed,Rating Ascending,5544300
469,mixed,Rating Ascending,5785933
472,mixed,Rating Ascending,7613225
475,mixed,Rating Ascending,6152125
478,mixed,Rating Ascending,6533000
481,mixed,Rating Ascending,9017650
484,mixed,Rating Ascending,6756075
487,mixed,Rating Ascending,6770125
490,mixed,Rating Ascending,7080950
493,mixed,Rating Ascending,7040025
496,mixed,Rating Ascending,6871875
499,mixed,Rating Ascending,7676750
502,mixed,Rating Ascending,6656175
505,mixed,Rating Ascending,6923800
508,mixed,Rating Ascending,7342633
511,mixed,Rating Ascending,8693500
514,mixed,Rating Ascending,11305775
517,mixed,Rating Ascending,11497550
520,mixed,Rating Ascending,10319925
523,mixed,Rating Ascending,9426450
526,mixed,Rating Ascending,9227500
529,mixed,Rating Ascending,9396200
532,mixed,Rating Ascending,9524525
535,mixed,Rating Ascending,9408125
538,mixed,Rating Ascending,9579850
541,mixed,Rating Ascending,9032466
544,mixed,Rating Ascending,10015800
547,mixed,Rating Ascending,9088325
550,mixed,Rating Ascending,8509325
553,mixed,Rating Ascending,9162625
556,mixed,Rating Ascending,9681233
559,mixed,Rating Ascending,13175800
562,mixed,Rating Ascending,10768375
565,mixed,Rating Ascending,9270233
568,mixed,Rating Ascending,10835750
571,mixed,Rating Ascending,10424025
574,mixed,Rating Ascending,10129200
577,mixed,Rating Ascending,9235200
580,mixed,Rating Ascending,11285460
583,mixed,Rating Ascending,11629250
586,mixed,Rating Ascending,12683450
589,mixed,Rating Ascending,14082675
592,mixed,Rating Ascending,15728950
595,mixed,Rating Ascending,12048125
598,mixed,Rating Ascending,11500700
601,mixed,Rating Ascending,12848720
604,mixed,Rating Ascending,12471700
607,mixed,Rating Ascending,10841600
610,mixed,Rating Ascending,11419250
613,mixed,Rating Ascending,11160050
616,mixed,Rating Ascending,14652575
619,mixed,Rating Ascending,12146400
622,mixed,Rating Ascending,12859725
625,mixed,Rating Ascending,11464200
628,mixed,Rating Ascending,12703750
631,mixed,Rating Ascending,11592125
634,mixed,Rating Ascending,15466450
637,mixed,Rating Ascending,13752666
640,mixed,Rating Ascending,15261825
643,mixed,Rating Ascending,17111150
646,mixed,Rating Ascending,14282925
649,mixed,Rating Ascending,13366425
652,mixed,Rating Ascending,14427275
655,mixed,Rating Ascending,13753225
658,mixed,Rating Ascending,16102466
661,mixed,Rating Ascending,16720450
664,mixed,Rating Ascending,12764066
667,mixed,Rating Ascending,14151475
670,mixed,Rating Ascending,14018000
673,mixed,Rating Ascending,13950433
676,mixed,Rating Ascending,14283275
679,mixed,Rating Ascending,13587225
682,mixed,Rating Ascending,14218433
685,mixed,Rating Ascending,14242275
688,mixed,Rating Ascending,15428775
691,mixed,Rating Ascending,14830325
694,mixed,Rating Ascending,14662250
697,mixed,Rating Ascending,14375600
700,mixed,Rating Ascending,14809975
703,mixed,Rating Ascending,15533233
706,mixed,Rating Ascending,15908475
709,mixed,Rating Ascending,17009833
712,mixed,Rating Ascending,15594525
715,mixed,Rating Ascending,15109675
718,mixed,Rating Ascending,16414125
721,mixed,Rating Ascending,16621450
724,mixed,Rating Ascending,15872900
727,mixed,Rating Ascending,17453100
730,mixed,Rating Ascending,17229900
733,mixed,Rating Ascending,16330850
736,mixed,Rating Ascending,15857733
739,mixed,Rating Ascending,15534575
742,mixed,Rating Ascending,18912600
745,mixed,Rating Ascending,16847700
748,mixed,Rating Ascending,17483366
751,mixed,Rating Ascending,17624900
754,mixed,Rating Ascending,18390550
757,mixed,Rating Ascending,16935100
760,mixed,Rating Ascending,17118625
763,mixed,Rating Ascending,17470175
766,mixed,Rating Ascending,18548675
769,mixed,Rating Ascending,17855475
772,mixed,Rating Ascending,17856975
775,mixed,Rating Ascending,17151333
778,mixed,Rating Ascending,17954475
781,mixed,Rating Ascending,17847250
784,mixed,Rating Ascending,18162800
787,mixed,Rating Ascending,18488366
790,mixed,Rating Ascending,18267825
793,mixed,Rating Ascending,18299475
796,mixed,Rating Ascending,16648733
799,mixed,Rating Ascending,17935066
802,mixed,Rating Ascending,19106675
805,mixed,Rating Ascending,19400075
808,mixed,Rating Ascending,19881633
811,mixed,Rating Ascending,18717175
814,mixed,Rating Ascending,22676575
817,mixed,Rating Ascending,22876675
820,mixed,Rating Ascending,20727100
823,mixed,Rating Ascending,22390250
826,mixed,Rating Ascending,21841675
829,mixed,Rating Ascending,24590350
832,mixed,Rating Ascending,24389250
835,mixed,Rating Ascending,26654266
838,mixed,Rating Ascending,20596275
841,mixed,Rating Ascending,20474575
844,mixed,Rating Ascending,21168333
847,mixed,Rating Ascending,19725025
850,mixed,Rating Ascending,23504500
853,mixed,Rating Ascending,21385350
856,mixed,Rating Ascending,19464733
859,mixed,Rating Ascending,23160175
862,mixed,Rating Ascending,21925400
865,mixed,Rating Ascending,21479750
868,mixed,Rating Ascending,21909233
871,mixed,Rating Ascending,22084000
874,mixed,Rating Ascending,21801325
877,mixed,Rating Ascending,22680766
880,mixed,Rating Ascending,23967400
883,mixed,Rating Ascending,22641533
886,mixed,Rating Ascending,23740475
889,mixed,Rating Ascending,24610833
892,mixed,Rating Ascending,23956750
895,mixed,Rating Ascending,23515325
898,mixed,Rating Ascending,23136700
901,mixed,Rating Ascending,22158725
904,mixed,Rating Ascending,25678350
907,mixed,Rating Ascending,37234875
910,mixed,Rating Ascending,29599475
913,mixed,Rating Ascending,24840425
916,mixed,Rating Ascending,37277800
919,mixed,Rating Ascending,25154250
922,mixed,Rating Ascending,25230975
925,mixed,Rating Ascending,24499000
928,mixed,Rating Ascending,26450950
931,mixed,Rating Ascending,26661850
934,mixed,Rating Ascending,25547166
937,mixed,Rating Ascending,28877900
940,mixed,Rating Ascending,30424475
943,mixed,Rating Ascending,31073100
946,mixed,Rating Ascending,34306175
949,mixed,Rating Ascending,24324600
952,mixed,Rating Ascending,30179400
955,mixed,Rating Ascending,31709925
958,mixed,Rating Ascending,34828366
961,mixed,Rating Ascending,28193375
1,quick,Rating Descending,0
4,quick,Rating Descending,375
7,quick,Rating Descending,1050
10,quick,Rating Descending,2000
13,quick,Rating Descending,4166
16,quick,Rating Descending,5425
19,quick,Rating Descending,10600
22,quick,Rating Descending,10475
25,quick,Rating Descending,13400
28,quick,Rating Descending,16900
31,quick,Rating Descending,20450
34,quick,Rating Descending,25200
37,quick,Rating Descending,29950
40,quick,Rating Descending,34550
43,quick,Rating Descending,38600
46,quick,Rating Descending,46500
49,quick,Rating Descending,51133
52,quick,Rating Descending,66960
55,quick,Rating Descending,65675
58,quick,Rating Descending,79475
61,quick,Rating Descending,82300
64,quick,Rating Descending,88825
67,quick,Rating Descending,97725
70,quick,Rating Descending,106800
73,quick,Rating Descending,135200
76,quick,Rating Descending,123466
79,quick,Rating Descending,136125
82,quick,Rating Descending,147425
85,quick,Rating Descending,158400
88,quick,Rating Descending,206875
91,quick,Rating Descending,235733
94,quick,Rating Descending,226520
97,quick,Rating Descending,210200
100,quick,Rating Descending,220450
103,quick,Rating Descending,243050
106,quick,Rating Descending,249675
109,quick,Rating Descending,260533
112,quick,Rating Descending,349050
115,quick,Rating Descending,292866
118,quick,Rating Descending,326833
121,quick,Rating Descending,359475
124,quick,Rating Descending,345925
127,quick,Rating Descending,386350
130,quick,Rating Descending,381400
133,quick,Rating Descending,396666
136,quick,Rating Descending,413966
139,quick,Rating Descending,436266
142,quick,Rating Descending,604675
145,quick,Rating Descending,474900
148,quick,Rating Descending,508766
151,quick,Rating Descending,519525
154,quick,Rating Descending,545066
157,quick,Rating Descending,575800
160,quick,Rating Descending,672275
163,quick,Rating Descending,610200
166,quick,Rating Descending,626275
169,quick,Rating Descending,848350
172,quick,Rating Descending,700925
175,quick,Rating Descending,850600
178,quick,Rating Descending,730300
181,quick,Rating Descending,968050
184,quick,Rating Descending,815233
187,quick,Rating Descending,876833
190,quick,Rating Descending,1077100
193,quick,Rating Descending,902725
196,quick,Rating Descending,870350
199,quick,Rating Descending,966400
202,quick,Rating Descending,1063175
205,quick,Rating Descending,944900
208,quick,Rating Descending,1114100
211,quick,Rating Descending,1097175
214,quick,Rating Descending,1051225
217,quick,Rating Descending,1202850
220,quick,Rating Descending,1108175
223,quick,Rating Descending,1149550
226,quick,Rating Descending,1443450
229,quick,Rating Descending,1171400
232,quick,Rating Descending,1445150
235,quick,Rating Descending,2168200
238,quick,Rating Descending,1644566
241,quick,Rating Descending,1985100
244,quick,Rating Descending,1608325
247,quick,Rating Descending,1478933
250,quick,Rating Descending,1765250
253,quick,Rating Descending,1512000
256,quick,Rating Descending,1542466
259,quick,Rating Descending,2097275
262,quick,Rating Descending,1609166
265,quick,Rating Descending,1689933
268,quick,Rating Descending,1813866
271,quick,Rating Descending,2094325
274,quick,Rating Descending,2422433
277,quick,Rating Descending,2242150
280,quick,Rating Descending,2143075
283,quick,Rating Descending,2107166
286,quick,Rating Descending,2061225
289,quick,Rating Descending,1972000
292,quick,Rating Descending,2273875
295,quick,Rating Descending,2183766
298,quick,Rating Descending,2191766
301,quick,Rating Descending,2483900
304,quick,Rating Descending,2344375
307,quick,Rating Descending,2264450
310,quick,Rating Descending,2320166
313,quick,Rating Descending,2553250
316,quick,Rating Descending,2455800
319,quick,Rating Descending,2549166
322,quick,Rating Descending,2770900
325,quick,Rating Descending,2640966
328,quick,Rating Descending,2683625
331,quick,Rating Descending,2717500
334,quick,Rating Descending,3293125
337,quick,Rating Descending,2937400
340,quick,Rating Descending,3350566
343,quick,Rating Descending,3119666
346,quick,Rating Descending,3016675
349,quick,Rating Descending,3464175
352,quick,Rating Descending,3352450
355,quick,Rating Descending,3160975
358,quick,Rating Descending,3072425
361,quick,Rating Descending,3867425
364,quick,Rating Descending,3888700
367,quick,Rating Descending,3241200
370,quick,Rating Descending,3926275
373,quick,Rating Descending,3893825
376,quick,Rating Descending,3341466
379,quick,Rating Descending,3419400
382,quick,Rating Descending,3976966
385,quick,Rating Descending,4071875
388,quick,Rating Descending,4101133
391,quick,Rating Descending,4308650
394,quick,Rating Descending,4114100
397,quick,Rating Descending,3963350
400,quick,Rating Descending,3971500
403,quick,Rating Descending,4235000
406,quick,Rating Descending,4449525
409,quick,Rating Descending,4485733
412,quick,Rating Descending,4421100
415,quick,Rating Descending,4262000
418,quick,Rating Descending,5024100
421,quick,Rating Descending,4688600
424,quick,Rating Descending,4484033
427,quick,Rating Descending,4754575
430,quick,Rating Descending,4840675
433,quick,Rating Descending,4700266
436,quick,Rating Descending,5028766
439,quick,Rating Descending,5563780
442,quick,Rating Descending,5546950
445,quick,Rating Descending,5227825
448,quick,Rating Descending,5226666
451,quick,Rating Descending,5748925
454,quick,Rating Descending,5267700
457,quick,Rating Descending,6510275
460,quick,Rating Descending,5535466
463,quick,Rating Descending,5398666
466,quick,Rating Descending,5366425
469,quick,Rating Descending,5638450
472,quick,Rating Descending,6570700
475,quick,Rating Descending,5500166
478,quick,Rating Descending,5800325
481,quick,Rating Descending,6195000
484,quick,Rating Descending,5732466
487,quick,Rating Descending,6175733
490,quick,Rating Descending,6217066
493,quick,Rating Descending,6210400
496,quick,Rating Descending,6486700
499,quick,Rating Descending,7294525
502,quick,Rating Descending,6922700
505,quick,Rating Descending,6846050
508,quick,Rating Descending,6391433
511,quick,Rating Descending,6587800
514,quick,Rating Descending,6975233
517,quick,Rating Descending,6995475
520,quick,Rating Descending,7030966
523,quick,Rating Descending,7340125
526,quick,Rating Descending,6914833
529,quick,Rating Descending,7399425
532,quick,Rating Descending,8770025
535,quick,Rating Descending,7253866
538,quick,Rating Descending,7371033
541,quick,Rating Descending,7726575
544,quick,Rating Descending,8043575
547,quick,Rating Descending,11335120
550,quick,Rating Descending,8547000
553,quick,Rating Descending,7983500
556,quick,Rating Descending,8612975
559,quick,Rating Descending,8708725
562,quick,Rating Descending,8148600
565,quick,Rating Descending,9558375
568,quick,Rating Descending,8454500
571,quick,Rating Descending,8483350
574,quick,Rating Descending,9898600
577,quick,Rating Descending,10178500
580,quick,Rating Descending,9865900
583,quick,Rating Descending,8968633
586,quick,Rating Descending,8795950
589,quick,Rating Descending,9554633
592,quick,Rating Descending,9505375
595,quick,Rating Descending,10115400
598,quick,Rating Descending,11702900
601,quick,Rating Descending,12398275
604,quick,Rating Descending,14905466
607,quick,Rating Descending,11803100
610,quick,Rating Descending,11458275
613,quick,Rating Descending,9745333
616,quick,Rating Descending,10931525
619,quick,Rating Descending,11568525
622,quick,Rating Descending,11538975
625,quick,Rating Descending,10264133
628,quick,Rating Descending,12030475
631,quick,Rating Descending,10684400
634,quick,Rating Descending,10692233
637,quick,Rating Descending,10636875
640,quick,Rating Descending,10840800
643,quick,Rating Descending,12496900
646,quick,Rating Descending,11329333
649,quick,Rating Descending,12668325
652,quick,Rating Descending,11285175
655,quick,Rating Descending,11376850
658,quick,Rating Descending,12961600
661,quick,Rating Descending,11967075
664,quick,Rating Descending,11670375
667,quick,Rating Descending,12255175
670,quick,Rating Descending,12900075
673,quick,Rating Descending,11966200
676,quick,Rating Descending,14218333
679,quick,Rating Descending,13756700
682,quick,Rating Descending,14260850
685,quick,Rating Descending,17035875
688,quick,Rating Descending,13572725
691,quick,Rating Descending,12670200
694,quick,Rating Descending,14165600
697,quick,Rating Descending,12530066
700,quick,Rating Descending,13479233
703,quick,Rating Descending,12736600
706,quick,Rating Descending,12892433
709,quick,Rating Descending,14530825
712,quick,Rating Descending,13681666
715,quick,Rating Descending,15273900
718,quick,Rating Descending,17593375
721,quick,Rating Descending,14037550
724,quick,Rating Descending,14001400
727,quick,Rating Descending,18977033
730,quick,Rating Descending,14457033
733,quick,Rating Descending,14659566
736,quick,Rating Descending,16496650
739,quick,Rating Descending,15627525
742,quick,Rating Descending,16410425
745,quick,Rating Descending,15247100
748,quick,Rating Descending,19180775
751,quick,Rating Descending,18749500
754,quick,Rating Descending,17270525
757,quick,Rating Descending,18795425
760,quick,Rating Descending,18231433
763,quick,Rating Descending,21970550
766,quick,Rating Descending,16605133
769,quick,Rating Descending,16845833
772,quick,Rating Descending,19618600
775,quick,Rating Descending,16129900
778,quick,Rating Descending,16701650
781,quick,Rating Descending,16174825
784,quick,Rating Descending,18437475
787,quick,Rating Descending,18370833
790,quick,Rating Descending,22133150
793,quick,Rating Descending,18719633
796,quick,Rating Descending,21697000
799,quick,Rating Descending,22372400
802,quick,Rating Descending,17547600
805,quick,Rating Descending,22030800
808,quick,Rating Descending,19170333
811,quick,Rating Descending,19104150
814,quick,Rating Descending,21126175
817,quick,Rating Descending,21624666
820,quick,Rating Descending,19494333
823,quick,Rating Descending,20696033
826,quick,Rating Descending,33165250
829,quick,Rating Descending,20726533
832,quick,Rating Descending,19783000
835,quick,Rating Descending,18832450
838,quick,Rating Descending,18171466
841,quick,Rating Descending,19952933
844,quick,Rating Descending,23365750
847,quick,Rating Descending,23972266
850,quick,Rating Descending,24013000
853,quick,Rating Descending,22764525
856,quick,Rating Descending,24035125
859,quick,Rating Descending,28834675
862,quick,Rating Descending,22807950
865,quick,Rating Descending,23692025
868,quick,Rating Descending,22021200
871,quick,Rating Descending,20787025
874,quick,Rating Descending,21820675
877,quick,Rating Descending,21268725
880,quick,Rating Descending,22579550
883,quick,Rating Descending,25220200
886,quick,Rating Descending,43451225
889,quick,Rating Descending,32503566
892,quick,Rating Descending,25095733
895,quick,Rating Descending,20781475
898,quick,Rating Descending,21599500
901,quick,Rating Descending,21158266
904,quick,Rating Descending,22457750
907,quick,Rating Descending,34147580
910,quick,Rating Descending,23780025
913,quick,Rating Descending,23758875
916,quick,Rating Descending,25417250
919,quick,Rating Descending,26683933
922,quick,Rating Descending,25944650
925,quick,Rating Descending,21878966
928,quick,Rating Descending,21875366
931,quick,Rating Descending,23941700
934,quick,Rating Descending,29097725
937,quick,Rating Descending,31115050
940,quick,Rating Descending,28125675
943,quick,Rating Descending,26632400
946,quick,Rating Descending,24084875
949,quick,Rating Descending,22412250
952,quick,Rating Descending,31190966
955,quick,Rating Descending,25757266
958,quick,Rating Descending,28663900
961,quick,Rating Descending,29341725
1,insertion,Rating Descending,0
4,insertion,Rating Descending,200
7,insertion,Rating Descending,300
10,insertion,Rating Descending,525
13,insertion,Rating Descending,550
16,insertion,Rating Descending,750
19,insertion,Rating Descending,900
22,insertion,Rating Descending,1000
25,insertion,Rating Descending,1200
28,insertion,Rating Descending,1400
31,insertion,Rating Descending,1500
34,insertion,Rating Descending,1675
37,insertion,Rating Descending,1825
40,insertion,Rating Descending,2675
43,insertion,Rating Descending,2050
46,insertion,Rating Descending,2500
49,insertion,Rating Descending,3500
52,insertion,Rating Descending,3700
55,insertion,Rating Descending,2875
58,insertion,Rating Descending,3050
61,insertion,Rating Descending,3100
64,insertion,Rating Descending,4525
67,insertion,Rating Descending,4725
70,insertion,Rating Descending,3600
73,insertion,Rating Descending,5150
76,insertion,Rating Descending,4075
79,insertion,Rating Descending,4100
82,insertion,Rating Descending,4400
85,insertion,Rating Descending,4425
88,insertion,Rating Descending,4650
91,insertion,Rating Descending,4800
94,insertion,Rating Descending,5200
97,insertion,Rating Descending,5075
100,insertion,Rating Descending,5225
103,insertion,Rating Descending,7350
106,insertion,Rating Descending,7950
109,insertion,Rating Descending,8700
112,insertion,Rating Descending,8475
115,insertion,Rating Descending,6325
118,insertion,Rating Descending,6175
121,insertion,Rating Descending,6400
124,insertion,Rating Descending,6775
127,insertion,Rating Descending,6450
130,insertion,Rating Descending,6975
133,insertion,Rating Descending,7125
136,insertion,Rating Descending,7350
139,insertion,Rating Descending,7525
142,insertion,Rating Descending,7575
145,insertion,Rating Descending,7500
148,insertion,Rating Descending,11600
151,insertion,Rating Descending,7750
154,insertion,Rating Descending,7975
157,insertion,Rating Descending,8200
160,insertion,Rating Descending,20675
163,insertion,Rating Descending,8425
166,insertion,Rating Descending,8625
169,insertion,Rating Descending,9125
172,insertion,Rating Descending,9250
175,insertion,Rating Descending,11775
178,insertion,Rating Descending,9250
181,insertion,Rating Descending,9525
184,insertion,Rating Descending,9925
187,insertion,Rating Descending,9900
190,insertion,Rating Descending,24450
193,insertion,Rating Descending,10150
196,insertion,Rating Descending,12100
199,insertion,Rating Descending,10500
202,insertion,Rating Descending,10500
205,insertion,Rating Descending,11425
208,insertion,Rating Descending,10925
211,insertion,Rating Descending,10500
214,insertion,Rating Descending,11375
217,insertion,Rating Descending,12150
220,insertion,Rating Descending,11700
223,insertion,Rating Descending,11450
226,insertion,Rating Descending,12475
229,insertion,Rating Descending,11875
232,insertion,Rating Descending,12500
235,insertion,Rating Descending,12125
238,insertion,Rating Descending,12225
241,insertion,Rating Descending,24025
244,insertion,Rating Descending,13000
247,insertion,Rating Descending,13875
250,insertion,Rating Descending,13225
253,insertion,Rating Descending,14175
256,insertion,Rating Descending,15300
259,insertion,Rating Descending,16625
262,insertion,Rating Descending,17175
265,insertion,Rating Descending,16050
268,insertion,Rating Descending,13950
271,insertion,Rating Descending,14525
274,insertion,Rating Descending,36500
277,insertion,Rating Descending,15100
280,insertion,Rating Descending,15050
283,insertion,Rating Descending,29250
286,insertion,Rating Descending,17300
289,insertion,Rating Descending,21275
292,insertion,Rating Descending,16550
295,insertion,Rating Descending,15950
298,insertion,Rating Descending,17000
301,insertion,Rating Descending,15750
304,insertion,Rating Descending,16725
307,insertion,Rating Descending,17800
310,insertion,Rating Descending,16625
313,insertion,Rating Descending,17000
316,insertion,Rating Descending,16850
319,insertion,Rating Descending,17000
322,insertion,Rating Descending,69700
325,insertion,Rating Descending,17075
328,insertion,Rating Descending,18850
331,insertion,Rating Descending,75550
334,insertion,Rating Descending,18950
337,insertion,Rating Descending,19175
340,insertion,Rating Descending,18100
343,insertion,Rating Descending,22375
346,insertion,Rating Descending,19725
349,insertion,Rating Descending,19150
352,insertion,Rating Descending,20125
355,insertion,Rating Descending,45600
358,insertion,Rating Descending,23875
361,insertion,Rating Descending,40375
364,insertion,Rating Descending,24175
367,insertion,Rating Descending,20100
370,insertion,Rating Descending,36700
373,insertion,Rating Descending,21050
376,insertion,Rating Descending,54200
379,insertion,Rating Descending,24975
382,insertion,Rating Descending,54325
385,insertion,Rating Descending,27325
388,insertion,Rating Descending,24450
391,insertion,Rating Descending,21925
394,insertion,Rating Descending,25050
397,insertion,Rating Descending,45400
400,insertion,Rating Descending,22425
403,insertion,Rating Descending,27950
406,insertion,Rating Descending,26000
409,insertion,Rating Descending,26850
412,insertion,Rating Descending,23950
415,insertion,Rating Descending,28600
418,insertion,Rating Descending,24175
421,insertion,Rating Descending,23625
424,insertion,Rating Descending,30250
427,insertion,Rating Descending,36850
430,insertion,Rating Descending,24375
433,insertion,Rating Descending,23975
436,insertion,Rating Descending,25325
439,insertion,Rating Descending,356825
442,insertion,Rating Descending,28100
445,insertion,Rating Descending,25700
448,insertion,Rating Descending,30775
451,insertion,Rating Descending,73700
454,insertion,Rating Descending,26950
457,insertion,Rating Descending,33850
460,insertion,Rating Descending,41650
463,insertion,Rating Descending,26225
466,insertion,Rating Descending,26750
469,insertion,Rating Descending,27550
472,insertion,Rating Descending,31575
475,insertion,Rating Descending,72175
478,insertion,Rating Descending,32450
481,insertion,Rating Descending,27300
484,insertion,Rating Descending,31850
487,insertion,Rating Descending,61200
490,insertion,Rating Descending,29450
493,insertion,Rating Descending,28200
496,insertion,Rating Descending,175375
499,insertion,Rating Descending,30450
502,insertion,Rating Descending,35375
505,insertion,Rating Descending,37125
508,insertion,Rating Descending,36875
511,insertion,Rating Descending,31250
514,insertion,Rating Descending,32825
517,insertion,Rating Descending,30400
520,insertion,Rating Descending,29675
523,insertion,Rating Descending,32000
526,insertion,Rating Descending,37350
529,insertion,Rating Descending,40675
532,insertion,Rating Descending,76950
535,insertion,Rating Descending,58075
538,insertion,Rating Descending,37950
541,insertion,Rating Descending,35275
544,insertion,Rating Descending,51000
547,insertion,Rating Descending,31975
550,insertion,Rating Descending,36175
553,insertion,Rating Descending,32050
556,insertion,Rating Descending,32600
559,insertion,Rating Descending,38925
562,insertion,Rating Descending,31750
565,insertion,Rating Descending,34750
568,insertion,Rating Descending,31600
571,insertion,Rating Descending,38625
574,insertion,Rating Descending,41350
577,insertion,Rating Descending,38700
580,insertion,Rating Descending,59200
583,insertion,Rating Descending,40800
586,insertion,Rating Descending,38950
589,insertion,Rating Descending,36650
592,insertion,Rating Descending,34450
595,insertion,Rating Descending,36550
598,insertion,Rating Descending,167300
601,insertion,Rating Descending,36650
604,insertion,Rating Descending,39025
607,insertion,Rating Descending,39400
610,insertion,Rating Descending,38200
613,insertion,Rating Descending,39325
616,insertion,Rating Descending,35425
619,insertion,Rating Descending,36475
622,insertion,Rating Descending,35650
625,insertion,Rating Descending,35400
628,insertion,Rating Descending,35575
631,insertion,Rating Descending,35575
634,insertion,Rating Descending,39725
637,insertion,Rating Descending,39700
640,insertion,Rating Descending,38375
643,insertion,Rating Descending,37125
646,insertion,Rating Descending,43250
649,insertion,Rating Descending,56300
652,insertion,Rating Descending,43850
655,insertion,Rating Descending,39100
658,insertion,Rating Descending,45375
661,insertion,Rating Descending,49650
664,insertion,Rating Descending,41850
667,insertion,Rating Descending,43900
670,insertion,Rating Descending,38525
673,insertion,Rating Descending,43675
676,insertion,Rating Descending,47900
679,insertion,Rating Descending,46825
682,insertion,Rating Descending,48550
685,insertion,Rating Descending,39225
688,insertion,Rating Descending,47625
691,insertion,Rating Descending,104700
694,insertion,Rating Descending,41200
697,insertion,Rating Descending,45950
700,insertion,Rating Descending,40050
703,insertion,Rating Descending,47775
706,insertion,Rating Descending,43800
709,insertion,Rating Descending,43150
712,insertion,Rating Descending,55475
715,insertion,Rating Descending,47625
718,insertion,Rating Descending,47775
721,insertion,Rating Descending,97725
724,insertion,Rating Descending,54650
727,insertion,Rating Descending,56000
730,insertion,Rating Descending,51200
733,insertion,Rating Descending,56750
736,insertion,Rating Descending,48725
739,insertion,Rating Descending,51075
742,insertion,Rating Descending,87725
745,insertion,Rating Descending,45275
748,insertion,Rating Descending,48125
751,insertion,Rating Descending,60925
754,insertion,Rating Descending,195975
757,insertion,Rating Descending,101275
760,insertion,Rating Descending,67350
763,insertion,Rating Descending,165475
766,insertion,Rating Descending,60375
769,insertion,Rating Descending,56500
772,insertion,Rating Descending,52675
775,insertion,Rating Descending,50050
778,insertion,Rating Descending,52725
781,insertion,Rating Descending,59250
784,insertion,Rating Descending,50250
787,insertion,Rating Descending,53975
790,insertion,Rating Descending,53100
793,insertion,Rating Descending,55275
796,insertion,Rating Descending,99100
799,insertion,Rating Descending,49375
802,insertion,Rating Descending,71950
805,insertion,Rating Descending,54875
808,insertion,Rating Descending,56050
811,insertion,Rating Descending,57050
814,insertion,Rating Descending,57550
817,insertion,Rating Descending,49450
820,insertion,Rating Descending,53100
823,insertion,Rating Descending,54200
826,insertion,Rating Descending,55275
829,insertion,Rating Descending,53625
832,insertion,Rating Descending,49875
835,insertion,Rating Descending,50150
838,insertion,Rating Descending,49275
841,insertion,Rating Descending,68275
844,insertion,Rating Descending,80925
847,insertion,Rating Descending,69200
850,insertion,Rating Descending,76200
853,insertion,Rating Descending,68525
856,insertion,Rating Descending,64000
859,insertion,Rating Descending,60725
862,insertion,Rating Descending,60950
865,insertion,Rating Descending,274125
868,insertion,Rating Descending,289325
871,insertion,Rating Descending,201625
874,insertion,Rating Descending,70175
877,insertion,Rating Descending,73425
880,insertion,Rating Descending,114850
883,insertion,Rating Descending,70900
886,insertion,Rating Descending,93325
889,insertion,Rating Descending,73425
892,insertion,Rating Descending,235525
895,insertion,Rating Descending,85475
898,insertion,Rating Descending,77825
901,insertion,Rating Descending,73000
904,insertion,Rating Descending,66075
907,insertion,Rating Descending,74525
910,insertion,Rating Descending,65500
913,insertion,Rating Descending,63925
916,insertion,Rating Descending,66275
919,insertion,Rating Descending,105550
922,insertion,Rating Descending,61175
925,insertion,Rating Descending,71300
928,insertion,Rating Descending,98325
931,insertion,Rating Descending,90250
934,insertion,Rating Descending,71925
937,insertion,Rating Descending,62375
940,insertion,Rating Descending,80525
943,insertion,Rating Descending,96675
946,insertion,Rating Descending,66625
949,insertion,Rating Descending,231975
952,insertion,Rating Descending,72125
955,insertion,Rating Descending,75425
958,insertion,Rating Descending,72075
961,insertion,Rating Descending,67050
1,mixed,Rating Descending,0
4,mixed,Rating Descending,250
7,mixed,Rating Descending,400
10,mixed,Rating Descending,550
13,mixed,Rating Descending,700
16,mixed,Rating Descending,925
19,mixed,Rating Descending,1025
22,mixed,Rating Descending,1175
25,mixed,Rating Descending,1525
28,mixed,Rating Descending,19466
31,mixed,Rating Descending,24333
34,mixed,Rating Descending,29150
37,mixed,Rating Descending,34166
40,mixed,Rating Descending,39833
43,mixed,Rating Descending,51066
46,mixed,Rating Descending,61600
49,mixed,Rating Descending,72850
52,mixed,Rating Descending,66966
55,mixed,Rating Descending,75666
58,mixed,Rating Descending,90700
61,mixed,Rating Descending,94666
64,mixed,Rating Descending,105475
67,mixed,Rating Descending,117050
70,mixed,Rating Descending,126200
73,mixed,Rating Descending,146025
76,mixed,Rating Descending,178650
79,mixed,Rating Descending,167400
82,mixed,Rating Descending,167250
85,mixed,Rating Descending,185125
88,mixed,Rating Descending,198666
91,mixed,Rating Descending,274350
94,mixed,Rating Descending,237466
97,mixed,Rating Descending,242800
100,mixed,Rating Descending,254300
103,mixed,Rating Descending,277100
106,mixed,Rating Descending,290533
109,mixed,Rating Descending,302200
112,mixed,Rating Descending,320666
115,mixed,Rating Descending,459125
118,mixed,Rating Descending,357425
121,mixed,Rating Descending,382000
124,mixed,Rating Descending,419675
127,mixed,Rating Descending,476725
130,mixed,Rating Descending,445166
133,mixed,Rating Descending,471466
136,mixed,Rating Descending,506100
139,mixed,Rating Descending,529133
142,mixed,Rating Descending,539233
145,mixed,Rating Descending,572066
148,mixed,Rating Descending,604925
151,mixed,Rating Descending,742925
154,mixed,Rating Descending,658975
157,mixed,Rating Descending,649800
160,mixed,Rating Descending,775933
163,mixed,Rating Descending,779450
166,mixed,Rating Descending,719866
169,mixed,Rating Descending,796100
172,mixed,Rating Descending,783100
175,mixed,Rating Descending,965350
178,mixed,Rating Descending,886550
181,mixed,Rating Descending,900550
184,mixed,Rating Descending,1045350
187,mixed,Rating Descending,953466
190,mixed,Rating Descending,1454475
193,mixed,Rating Descending,1556540
196,mixed,Rating Descending,1560680
199,mixed,Rating Descending,1075066
202,mixed,Rating Descending,1582033
205,mixed,Rating Descending,1367950
208,mixed,Rating Descending,1287700
211,mixed,Rating Descending,1394050
214,mixed,Rating Descending,1247000
217,mixed,Rating Descending,1633975
220,mixed,Rating Descending,1540625
223,mixed,Rating Descending,1364133
226,mixed,Rating Descending,1395966
229,mixed,Rating Descending,1521375
232,mixed,Rating Descending,1743850
235,mixed,Rating Descending,1779625
238,mixed,Rating Descending,1526266
241,mixed,Rating Descending,1660225
244,mixed,Rating Descending,1622266
247,mixed,Rating Descending,1832666
250,mixed,Rating Descending,1856000
253,mixed,Rating Descending,2255400
256,mixed,Rating Descending,1791200
259,mixed,Rating Descending,1817375
262,mixed,Rating Descending,1967750
265,mixed,Rating Descending,2040425
268,mixed,Rating Descending,2052700
271,mixed,Rating Descending,1969366
274,mixed,Rating Descending,2057133
277,mixed,Rating Descending,3315200
280,mixed,Rating Descending,2415000
283,mixed,Rating Descending,2617800
286,mixed,Rating Descending,2243466
289,mixed,Rating Descending,2272700
292,mixed,Rating Descending,2789066
295,mixed,Rating Descending,3142125
298,mixed,Rating Descending,2618400
301,mixed,Rating Descending,2862266
304,mixed,Rating Descending,4098350
307,mixed,Rating Descending,4337075
310,mixed,Rating Descending,3367975
313,mixed,Rating Descending,3430550
316,mixed,Rating Descending,2994600
319,mixed,Rating Descending,3086800
322,mixed,Rating Descending,3921825
325,mixed,Rating Descending,2924100
328,mixed,Rating Descending,3292666
331,mixed,Rating Descending,3553150
334,mixed,Rating Descending,3453775
337,mixed,Rating Descending,3562800
340,mixed,Rating Descending,4102700
343,mixed,Rating Descending,3641375
346,mixed,Rating Descending,3745650
349,mixed,Rating Descending,4257225
352,mixed,Rating Descending,3961966
355,mixed,Rating Descending,5066375
358,mixed,Rating Descending,4394666
361,mixed,Rating Descending,5185633
364,mixed,Rating Descending,7083866
367,mixed,Rating Descending,7511533
370,mixed,Rating Descending,9937775
373,mixed,Rating Descending,7763550
376,mixed,Rating Descending,6938875
379,mixed,Rating Descending,6316300
382,mixed,Rating Descending,5617850
385,mixed,Rating Descending,5367675
388,mixed,Rating Descending,5065466
391,mixed,Rating Descending,6650525
394,mixed,Rating Descending,6555850
397,mixed,Rating Descending,5657933
400,mixed,Rating Descending,6284125
403,mixed,Rating Descending,6380600
406,mixed,Rating Descending,6995425
409,mixed,Rating Descending,7159733
412,mixed,Rating Descending,6041500
415,mixed,Rating Descending,5398300
418,mixed,Rating Descending,6582175
421,mixed,Rating Descending,6445650
424,mixed,Rating Descending,6795300
427,mixed,Rating Descending,6063200
430,mixed,Rating Descending,5923825
433,mixed,Rating Descending,6427925
436,mixed,Rating Descending,6288500
439,mixed,Rating Descending,6405575
442,mixed,Rating Descending,7563300
445,mixed,Rating Descending,6879433
448,mixed,Rating Descending,9689880
451,mixed,Rating Descending,8398933
454,mixed,Rating Descending,7782633
457,mixed,Rating Descending,6878433
460,mixed,Rating Descending,8772950
463,mixed,Rating Descending,8005733
466,mixed,Rating Descending,7895266
469,mixed,Rating Descending,8292775
472,mixed,Rating Descending,8995533
475,mixed,Rating Descending,7951300
478,mixed,Rating Descending,8491233
481,mixed,Rating Descending,7588533
484,mixed,Rating Descending,8314300
487,mixed,Rating Descending,8116900
490,mixed,Rating Descending,8034650
493,mixed,Rating Descending,8205050
496,mixed,Rating Descending,8275700
499,mixed,Rating Descending,8701750
502,mixed,Rating Descending,8527100
505,mixed,Rating Descending,8416700
508,mixed,Rating Descending,9137966
511,mixed,Rating Descending,8193466
514,mixed,Rating Descending,8761325
517,mixed,Rating Descending,8736666
520,mixed,Rating Descending,8649333
523,mixed,Rating Descending,9788675
526,mixed,Rating Descending,9919933
529,mixed,Rating Descending,9470533
532,mixed,Rating Descending,8818725
535,mixed,Rating Descending,10736275
538,mixed,Rating Descending,9498800
541,mixed,Rating Descending,10479925
544,mixed,Rating Descending,10843733
547,mixed,Rating Descending,11550433
550,mixed,Rating Descending,13852775
553,mixed,Rating Descending,11417200
556,mixed,Rating Descending,13212075
559,mixed,Rating Descending,12389900
562,mixed,Rating Descending,10794325
565,mixed,Rating Descending,10873250
568,mixed,Rating Descending,12510225
571,mixed,Rating Descending,13034000
574,mixed,Rating Descending,12821700
577,mixed,Rating Descending,12366625
580,mixed,Rating Descending,12867925
583,mixed,Rating Descending,11926600
586,mixed,Rating Descending,26994975
589,mixed,Rating Descending,18746100
592,mixed,Rating Descending,15984675
595,mixed,Rating Descending,13051866
598,mixed,Rating Descending,12511400
601,mixed,Rating Descending,13315075
604,mixed,Rating Descending,13673900
607,mixed,Rating Descending,15463333
610,mixed,Rating Descending,15068960
613,mixed,Rating Descending,12885800
616,mixed,Rating Descending,15438525
619,mixed,Rating Descending,18058200
622,mixed,Rating Descending,15322450
625,mixed,Rating Descending,13682233
628,mixed,Rating Descending,14193550
631,mixed,Rating Descending,13824433
634,mixed,Rating Descending,13243366
637,mixed,Rating Descending,14131666
640,mixed,Rating Descending,15894625
643,mixed,Rating Descending,14042775
646,mixed,Rating Descending,16354475
649,mixed,Rating Descending,18298100
652,mixed,Rating Descending,16959625
655,mixed,Rating Descending,17548375
658,mixed,Rating Descending,17994800
661,mixed,Rating Descending,19537400
664,mixed,Rating Descending,16778025
667,mixed,Rating Descending,15747325
670,mixed,Rating Descending,15412300
673,mixed,Rating Descending,14674100
676,mixed,Rating Descending,19259950
679,mixed,Rating Descending,20142250
682,mixed,Rating Descending,17973233
685,mixed,Rating Descending,15671166
688,mixed,Rating Descending,16998275
691,mixed,Rating Descending,16660500
694,mixed,Rating Descending,19146475
697,mixed,Rating Descending,19024225
700,mixed,Rating Descending,22013400
703,mixed,Rating Descending,22254600
706,mixed,Rating Descending,18087700
709,mixed,Rating Descending,25829800
712,mixed,Rating Descending,30783166
715,mixed,Rating Descending,18904266
718,mixed,Rating Descending,20395650
721,mixed,Rating Descending,20352375
724,mixed,Rating Descending,21558825
727,mixed,Rating Descending,17151666
730,mixed,Rating Descending,17630125
733,mixed,Rating Descending,21786375
736,mixed,Rating Descending,23493300
739,mixed,Rating Descending,22546400
742,mixed,Rating Descending,22991775
745,mixed,Rating Descending,18954866
748,mixed,Rating Descending,19011750
751,mixed,Rating Descending,20388750
754,mixed,Rating Descending,19138825
757,mixed,Rating Descending,17855666
760,mixed,Rating Descending,29118500
763,mixed,Rating Descending,28071625
766,mixed,Rating Descending,24063575
769,mixed,Rating Descending,24677425
772,mixed,Rating Descending,22042475
775,mixed,Rating Descending,25802825
778,mixed,Rating Descending,21589575
781,mixed,Rating Descending,21903100
784,mixed,Rating Descending,26957975
787,mixed,Rating Descending,26918525
790,mixed,Rating Descending,24970375
793,mixed,Rating Descending,23031375
796,mixed,Rating Descending,31211525
799,mixed,Rating Descending,24145400
802,mixed,Rating Descending,25185000
805,mixed,Rating Descending,24387000
808,mixed,Rating Descending,26516925
811,mixed,Rating Descending,25352466
814,mixed,Rating Descending,22894450
817,mixed,Rating Descending,22750433
820,mixed,Rating Descending,21466175
823,mixed,Rating Descending,22549350
826,mixed,Rating Descending,20988966
829,mixed,Rating Descending,26627075
832,mixed,Rating Descending,26346500
835,mixed,Rating Descending,34335666
838,mixed,Rating Descending,27215825
841,mixed,Rating Descending,25799300
844,mixed,Rating Descending,22718733
847,mixed,Rating Descending,23557625
850,mixed,Rating Descending,30929500
853,mixed,Rating Descending,47122950
856,mixed,Rating Descending,31196066
859,mixed,Rating Descending,29706625
862,mixed,Rating Descending,25304433
865,mixed,Rating Descending,25427500
868,mixed,Rating Descending,24314366
871,mixed,Rating Descending,24628100
874,mixed,Rating Descending,29885050
877,mixed,Rating Descending,26501075
880,mixed,Rating Descending,28181375
883,mixed,Rating Descending,33541825
886,mixed,Rating Descending,28033525
889,mixed,Rating Descending,24750800
892,mixed,Rating Descending,26833100
895,mixed,Rating Descending,27225300
898,mixed,Rating Descending,33722925
901,mixed,Rating Descending,29118200
904,mixed,Rating Descending,39061020
907,mixed,Rating Descending,30445900
910,mixed,Rating Descending,29746766
913,mixed,Rating Descending,29763450
916,mixed,Rating Descending,29025533
919,mixed,Rating Descending,30981233
922,mixed,Rating Descending,30597550
925,mixed,Rating Descending,46523875
928,mixed,Rating Descending,42130425
931,mixed,Rating Descending,38503775
934,mixed,Rating Descending,33965825
937,mixed,Rating Descending,31925333
940,mixed,Rating Descending,39242225
943,mixed,Rating Descending,47525825
946,mixed,Rating Descending,31211933
949,mixed,Rating Descending,36589600
952,mixed,Rating Descending,39259900
955,mixed,Rating Descending,39949725
958,mixed,Rating Descending,40277800
961,mixed,Rating Descending,47286625
