imageUrl,name,publisher,description,category,tags,price,reviewScore,reviewCount,stockQuantity,dateAdded,id,photoAuthor,photoAuthorUrl
https://images.unsplash.com/photo-1686386271712-183bcc0e256f?crop=entropy&cs=tinysrgb&fit=max&fm=jpg&ixid=M3w4NzQxNTN8MHwxfHNlYXJjaHwxfHxVbHRyYSUyMFlvZ2ElMjBNYXR8ZW58MHx8fHwxNzcyMjI1ODI0fDA&ixlib=rb-4.1.0&q=80&w=1080?utm_source=sse554_capstone&utm_medium=referral,Ultra Yoga Mat,BrightLeaf Publishing,"The Ultra Yoga Mat 430 by BrightLeaf Publishing delivers dependable performance with quality materials and thoughtful design. It is well suited for everyday use in the home & kitchen category, offering a strong balance of value and functionality.",Home & Kitchen,"Rechargeable, Lightweight, Compact, New Arrival, Bestseller",758.15,4.2,9359,1043,2021-06-03,Slg{=KK6NHd9,Gurpreet Singh,https://unsplash.com/@ajay_gill8054?utm_source=sse554_capstone&utm_medium=referral
https://images.unsplash.com/photo-1754479125079-b5b48318547e?crop=entropy&cs=tinysrgb&fit=max&fm=jpg&ixid=M3w4NzQxNTN8MHwxfHNlYXJjaHwxfHxDbGFzc2ljJTIwQmFja3BhY2t8ZW58MHx8fHwxNzcyMjI1ODI0fDA&ixlib=rb-4.1.0&q=80&w=1080?utm_source=sse554_capstone&utm_medium=referral,Classic Backpack,BrightLeaf Publishing,"The Classic Backpack 167 by BrightLeaf Publishing delivers dependable performance with quality materials and thoughtful design. It is well suited for everyday use in the clothing category, offering a strong balance of value and functionality.",Clothing,"Premium, Durable, Modern, Versatile, New Arrival",15.08,2.2,20,1123,2020-08-15,AJhS;aZjjxxz,Johan Mouchet,https://unsplash.com/@johanmouchet?utm_source=sse554_capstone&utm_medium=referral
https://images.unsplash.com/photo-1589256469067-ea99122bbdc4?crop=entropy&cs=tinysrgb&fit=max&fm=jpg&ixid=M3w4NzQxNTN8MHwxfHNlYXJjaHwxfHxQb3J0YWJsZSUyMEJsdWV0b290aCUyMFNwZWFrZXJ8ZW58MHx8fHwxNzcyMjI1ODI1fDA&ixlib=rb-4.1.0&q=80&w=1080?utm_source=sse554_capstone&utm_medium=referral,Portable Bluetooth Speaker,UrbanNest,"The Portable Bluetooth Speaker 488 by UrbanNest delivers dependable performance with quality materials and thoughtful design. It is well suited for everyday use in the books category, offering a strong balance of value and functionality.",Books,"Durable, Wireless, Bestseller, New Arrival, Lightweight",256.36,2.8,5144,1406,2018-05-12,qt{;]XOT9+ff,Habib Dadkhah,https://unsplash.com/@habibdadkhah?utm_source=sse554_capstone&utm_medium=referral
https://images.unsplash.com/photo-1651599732956-88af9a1f2810?crop=entropy&cs=tinysrgb&fit=max&fm=jpg&ixid=M3w4NzQxNTN8MHwxfHNlYXJjaHwxfHxBZHZhbmNlZCUyMEdhbWluZyUyME1vdXNlfGVufDB8fHx8MTc3MjIyNTgyNXww&ixlib=rb-4.1.0&q=80&w=1080?utm_source=sse554_capstone&utm_medium=referral,Advanced Gaming Mouse,UrbanNest,"The Advanced Gaming Mouse 316 by UrbanNest delivers dependable performance with quality materials and thoughtful design. It is well suited for everyday use in the books category, offering a strong balance of value and functionality.",Books,"New Arrival, Giftable, Wireless, Bestseller, Essential",76.85,4.6,3235,1420,2016-08-21,F^;kuiNL53.e,Fitnish Media,https://unsplash.com/@fitnish?utm_source=sse554_capstone&utm_medium=referral
https://images.unsplash.com/photo-1766713993296-4b7ce61e9ace?crop=entropy&cs=tinysrgb&fit=max&fm=jpg&ixid=M3w4NzQxNTN8MHwxfHNlYXJjaHwxfHxQb3J0YWJsZSUyMEdhbWluZyUyME1vdXNlfGVufDB8fHx8MTc3MjIyNTgyNXww&ixlib=rb-4.1.0&q=80&w=1080?utm_source=sse554_capstone&utm_medium=referral,Portable Gaming Mouse,BlueRiver Outfitters,"The Portable Gaming Mouse 352 by BlueRiver Outfitters delivers dependable performance with quality materials and thoughtful design. It is well suited for everyday use in the clothing category, offering a strong balance of value and functionality.",Clothing,"New Arrival, Durable, Lightweight, Essential, Wireless",235.86,4.2,5747,906,2018-12-03,ETv??Sp[:TsL,Dou Buhiu,https://unsplash.com/@doubuhi?utm_source=sse554_capstone&utm_medium=referral
https://images.unsplash.com/photo-1758599879792-d6d5d4e3289c?crop=entropy&cs=tinysrgb&fit=max&fm=jpg&ixid=M3w4NzQxNTN8MHwxfHNlYXJjaHwxfHxTbWFydCUyMFlvZ2ElMjBNYXR8ZW58MHx8fHwxNzcyMjI1ODI2fDA&ixlib=rb-4.1.0&q=80&w=1080?utm_source=sse554_capstone&utm_medium=referral,Smart Yoga Mat,Summit Gear Co.,"The Smart Yoga Mat 320 by Summit Gear Co. delivers dependable performance with quality materials and thoughtful design. It is well suited for everyday use in the home & kitchen category, offering a strong balance of value and functionality.",Home & Kitchen,"Versatile, Compact, Modern, Waterproof, Lightweight",635.04,1.9,8267,729,2023-05-26,jX#Viz\kJ\$^,Vitaly Gariev,https://unsplash.com/@silverkblack?utm_source=sse554_capstone&utm_medium=referral
https://images.unsplash.com/photo-1651599732956-88af9a1f2810?crop=entropy&cs=tinysrgb&fit=max&fm=jpg&ixid=M3w4NzQxNTN8MHwxfHNlYXJjaHwxfHxBZHZhbmNlZCUyMEdhbWluZyUyME1vdXNlfGVufDB8fHx8MTc3MjIyNTgyNXww&ixlib=rb-4.1.0&q=80&w=1080?utm_source=sse554_capstone&utm_medium=referral,Advanced Gaming Mouse,UrbanNest,"The Advanced Gaming Mouse 342 by UrbanNest delivers dependable performance with quality materials and thoughtful design. It is well suited for everyday use in the clothing category, offering a strong balance of value and functionality.",Clothing,"Durable, Wireless, Waterproof, Compact, Giftable",311.24,4.3,592,1020,2020-09-30,3u<'.DQWkYf(,Fitnish Media,https://unsplash.com/@fitnish?utm_source=sse554_capstone&utm_medium=referral
https://images.unsplash.com/photo-1603376575925-467d14313a60?crop=entropy&cs=tinysrgb&fit=max&fm=jpg&ixid=M3w4NzQxNTN8MHwxfHNlYXJjaHwxfHxQb3J0YWJsZSUyME9mZmljZSUyMENoYWlyfGVufDB8fHx8MTc3MjIyNTgyNnww&ixlib=rb-4.1.0&q=80&w=1080?utm_source=sse554_capstone&utm_medium=referral,Portable Office Chair,SilverLine Electronics,"The Portable Office Chair 492 by SilverLine Electronics delivers dependable performance with quality materials and thoughtful design. It is well suited for everyday use in the home & kitchen category, offering a strong balance of value and functionality.",Home & Kitchen,"Versatile, Wireless, Rechargeable, Bestseller, Ergonomic",467.06,3.5,2428,1331,2019-11-24,rBVyEa9;X!"+,Hanliang,https://unsplash.com/@hanliang?utm_source=sse554_capstone&utm_medium=referral
https://images.unsplash.com/photo-1760278041943-8b2ccec1e9e2?crop=entropy&cs=tinysrgb&fit=max&fm=jpg&ixid=M3w4NzQxNTN8MHwxfHNlYXJjaHwxfHxTbWFydCUyMEdhbWluZyUyME1vdXNlfGVufDB8fHx8MTc3MjIyNTgyNnww&ixlib=rb-4.1.0&q=80&w=1080?utm_source=sse554_capstone&utm_medium=referral,Smart Gaming Mouse,BrightLeaf Publishing,"The Smart Gaming Mouse 601 by BrightLeaf Publishing delivers dependable performance with quality materials and thoughtful design. It is well suited for everyday use in the home & kitchen category, offering a strong balance of value and functionality.",Home & Kitchen,"Versatile, Essential, Waterproof, Ergonomic, Wireless",316.6,2.1,4105,1520,2018-12-13,tVbHX-pV(b_2,Matúš Gocman,https://unsplash.com/@matgocman?utm_source=sse554_capstone&utm_medium=referral
https://images.unsplash.com/photo-1763369521070-11b994aa6d7e?crop=entropy&cs=tinysrgb&fit=max&fm=jpg&ixid=M3w4NzQxNTN8MHwxfHNlYXJjaHwxfHxQcm9mZXNzaW9uYWwlMjBHcmFwaGljJTIwVC1TaGlydHxlbnwwfHx8fDE3NzIyMjU4Mjd8MA&ixlib=rb-4.1.0&q=80&w=1080?utm_source=sse554_capstone&utm_medium=referral,Professional Graphic T-Shirt,Maple Street Press,"The Professional Graphic T-Shirt 152 by Maple Street Press delivers dependable performance with quality materials and thoughtful design. It is well suited for everyday use in the clothing category, offering a strong balance of value and functionality.",Clothing,"Durable, Wireless, Waterproof, Lightweight, Limited Edition",392.18,1.2,8660,1926,2025-03-15,9Sb+H6Xk`Kl^,Igor Shalyminov,https://unsplash.com/@ishalyminov?utm_source=sse554_capstone&utm_medium=referral
https://images.unsplash.com/photo-1708513427809-728a7913fc9f?crop=entropy&cs=tinysrgb&fit=max&fm=jpg&ixid=M3w4NzQxNTN8MHwxfHNlYXJjaHwxfHxQcm9mZXNzaW9uYWwlMjBMRUQlMjBEZXNrJTIwTGFtcHxlbnwwfHx8fDE3NzIyMjU4Mjd8MA&ixlib=rb-4.1.0&q=80&w=1080?utm_source=sse554_capstone&utm_medium=referral,Professional LED Desk Lamp,Horizon Tech,"The Professional LED Desk Lamp 491 by Horizon Tech delivers dependable performance with quality materials and thoughtful design. It is well suited for everyday use in the office supplies category, offering a strong balance of value and functionality.",Office Supplies,"Bestseller, Waterproof, Versatile, Lightweight, Rechargeable",177.73,3.3,21,404,2025-03-20,l2(o/Z5@-(B*,Uwukuri Emery,https://unsplash.com/@uwukuriemery?utm_source=sse554_capstone&utm_medium=referral
https://images.unsplash.com/photo-1708513427809-728a7913fc9f?crop=entropy&cs=tinysrgb&fit=max&fm=jpg&ixid=M3w4NzQxNTN8MHwxfHNlYXJjaHwxfHxQcm9mZXNzaW9uYWwlMjBMRUQlMjBEZXNrJTIwTGFtcHxlbnwwfHx8fDE3NzIyMjU4Mjd8MA&ixlib=rb-4.1.0&q=80&w=1080?utm_source=sse554_capstone&utm_medium=referral,Professional LED Desk Lamp,SilverLine Electronics,"The Professional LED Desk Lamp 363 by SilverLine Electronics delivers dependable performance with quality materials and thoughtful design. It is well suited for everyday use in the electronics category, offering a strong balance of value and functionality.",Electronics,"Rechargeable, Lightweight, Essential, Giftable, Durable",181.82,3.9,7031,1585,2019-04-30,wWnF4p>^)h*[,Uwukuri Emery,https://unsplash.com/@uwukuriemery?utm_source=sse554_capstone&utm_medium=referral
https://images.unsplash.com/photo-1756576170753-6b2b631e1c78?crop=entropy&cs=tinysrgb&fit=max&fm=jpg&ixid=M3w4NzQxNTN8MHwxfHNlYXJjaHwxfHxQcm9mZXNzaW9uYWwlMjBHYW1pbmclMjBNb3VzZXxlbnwwfHx8fDE3NzIyMjU4Mjh8MA&ixlib=rb-4.1.0&q=80&w=1080?utm_source=sse554_capstone&utm_medium=referral,Professional Gaming Mouse,Maple Street Press,"The Professional Gaming Mouse 219 by Maple Street Press delivers dependable performance with quality materials and thoughtful design. It is well suited for everyday use in the books category, offering a strong balance of value and functionality.",Books,"Portable, Ergonomic, Versatile, Limited Edition, Premium",226.9,2.0,3321,16,2018-08-23,SaR~A'qMP1to,Andrey Matveev,https://unsplash.com/@zelebb?utm_source=sse554_capstone&utm_medium=referral
https://images.unsplash.com/photo-1586187543706-b43086b30978?crop=entropy&cs=tinysrgb&fit=max&fm=jpg&ixid=M3w4NzQxNTN8MHwxfHNlYXJjaHwxfHxDb21wYWN0JTIwRXh0ZXJuYWwlMjBIYXJkJTIwRHJpdmV8ZW58MHx8fHwxNzcyMjI1ODI4fDA&ixlib=rb-4.1.0&q=80&w=1080?utm_source=sse554_capstone&utm_medium=referral,Compact External Hard Drive,BlueRiver Outfitters,"The Compact External Hard Drive 394 by BlueRiver Outfitters delivers dependable performance with quality materials and thoughtful design. It is well suited for everyday use in the books category, offering a strong balance of value and functionality.",Books,"Giftable, Durable, Bestseller, Essential, Waterproof",189.89,5.0,1715,1911,2025-12-25,"""!BGSd""/Vn""j",Everyday Basics,https://unsplash.com/@zanardi?utm_source=sse554_capstone&utm_medium=referral
https://images.unsplash.com/photo-1759395162739-84190996783c?crop=entropy&cs=tinysrgb&fit=max&fm=jpg&ixid=M3w4NzQxNTN8MHwxfHNlYXJjaHwxfHxTbWFydCUyMFNjaWVuY2UlMjBGaWN0aW9uJTIwTm92ZWx8ZW58MHx8fHwxNzcyMjI1ODI4fDA&ixlib=rb-4.1.0&q=80&w=1080?utm_source=sse554_capstone&utm_medium=referral,Smart Science Fiction Novel,Summit Gear Co.,"The Smart Science Fiction Novel 619 by Summit Gear Co. delivers dependable performance with quality materials and thoughtful design. It is well suited for everyday use in the books category, offering a strong balance of value and functionality.",Books,"Portable, Wireless, Lightweight, Giftable, Limited Edition",777.92,1.2,4852,735,2021-01-24,ET5z@aL(ZRLH,Declan Sun,https://unsplash.com/@declansun?utm_source=sse554_capstone&utm_medium=referral
https://images.unsplash.com/photo-1592999641298-434e28c11d14?crop=entropy&cs=tinysrgb&fit=max&fm=jpg&ixid=M3w4NzQxNTN8MHwxfHNlYXJjaHwxfHxQb3J0YWJsZSUyMFN0YWlubGVzcyUyMFN0ZWVsJTIwV2F0ZXIlMjBCb3R0bGV8ZW58MHx8fHwxNzcyMjI1ODI5fDA&ixlib=rb-4.1.0&q=80&w=1080?utm_source=sse554_capstone&utm_medium=referral,Portable Stainless Steel Water Bottle,Horizon Tech,"The Portable Stainless Steel Water Bottle 841 by Horizon Tech delivers dependable performance with quality materials and thoughtful design. It is well suited for everyday use in the electronics category, offering a strong balance of value and functionality.",Electronics,"Modern, Durable, Giftable, Portable, Compact",175.88,1.9,5118,913,2017-01-25,8Bw>#<Ugoe8q,Filip Baotić,https://unsplash.com/@filipbaotic?utm_source=sse554_capstone&utm_medium=referral
https://images.unsplash.com/photo-1718210719917-c6e1cd5be085?crop=entropy&cs=tinysrgb&fit=max&fm=jpg&ixid=M3w4NzQxNTN8MHwxfHNlYXJjaHwxfHxQcm9mZXNzaW9uYWwlMjBTdGFpbmxlc3MlMjBTdGVlbCUyMFdhdGVyJTIwQm90dGxlfGVufDB8fHx8MTc3MjIyNTgyOXww&ixlib=rb-4.1.0&q=80&w=1080?utm_source=sse554_capstone&utm_medium=referral,Professional Stainless Steel Water Bottle,BlueRiver Outfitters,"The Professional Stainless Steel Water Bottle 830 by BlueRiver Outfitters delivers dependable performance with quality materials and thoughtful design. It is well suited for everyday use in the sports & outdoors category, offering a strong balance of value and functionality.",Sports & Outdoors,"Ergonomic, Modern, Waterproof, Essential, Giftable",221.44,1.6,5402,1504,2025-12-28,u:t=kUY\i;(7,Kedibone Isaac Makhumisane,https://unsplash.com/@isaax_the_artist?utm_source=sse554_capstone&utm_medium=referral
https://images.unsplash.com/photo-1592289924034-c423dd2f1c5d?crop=entropy&cs=tinysrgb&fit=max&fm=jpg&ixid=M3w4NzQxNTN8MHwxfHNlYXJjaHwxfHxVbHRyYSUyMEJhY2twYWNrfGVufDB8fHx8MTc3MjIyNTgyOXww&ixlib=rb-4.1.0&q=80&w=1080?utm_source=sse554_capstone&utm_medium=referral,Ultra Backpack,SilverLine Electronics,"The Ultra Backpack 708 by SilverLine Electronics delivers dependable performance with quality materials and thoughtful design. It is well suited for everyday use in the clothing category, offering a strong balance of value and functionality.",Clothing,"Limited Edition, Lightweight, Durable, Compact, Bestseller",421.96,1.3,4520,743,2016-01-20,"J8PN,D_R8-ua",Hitoshi Namura,https://unsplash.com/@namu_photograph?utm_source=sse554_capstone&utm_medium=referral
https://images.unsplash.com/photo-1637437411826-bab0dc76a310?crop=entropy&cs=tinysrgb&fit=max&fm=jpg&ixid=M3w4NzQxNTN8MHwxfHNlYXJjaHwxfHxQcmVtaXVtJTIwUnVubmluZyUyMFNob2VzfGVufDB8fHx8MTc3MjIyNTgzMHww&ixlib=rb-4.1.0&q=80&w=1080?utm_source=sse554_capstone&utm_medium=referral,Premium Running Shoes,BlueRiver Outfitters,"The Premium Running Shoes 678 by BlueRiver Outfitters delivers dependable performance with quality materials and thoughtful design. It is well suited for everyday use in the clothing category, offering a strong balance of value and functionality.",Clothing,"Premium, Limited Edition, Versatile, Essential, Wireless",324.1,3.9,2703,1115,2019-11-05,hcvq)VCke6/z,Mostafa Mahmoudi,https://unsplash.com/@mostafa_mahmoudi24?utm_source=sse554_capstone&utm_medium=referral
https://images.unsplash.com/photo-1655976796910-b239b1a1a41c?crop=entropy&cs=tinysrgb&fit=max&fm=jpg&ixid=M3w4NzQxNTN8MHwxfHNlYXJjaHwxfHxTbWFydCUyMEJsdWV0b290aCUyMFNwZWFrZXJ8ZW58MHx8fHwxNzcyMjI1ODMwfDA&ixlib=rb-4.1.0&q=80&w=1080?utm_source=sse554_capstone&utm_medium=referral,Smart Bluetooth Speaker,UrbanNest,"The Smart Bluetooth Speaker 211 by UrbanNest delivers dependable performance with quality materials and thoughtful design. It is well suited for everyday use in the home & kitchen category, offering a strong balance of value and functionality.",Home & Kitchen,"New Arrival, Portable, Wireless, Waterproof, Rechargeable",312.23,3.1,6799,1150,2018-05-13,^Tk\\Xe]MmMt,Ajeet Panesar,https://unsplash.com/@ajeetpanesarphotography?utm_source=sse554_capstone&utm_medium=referral
https://images.unsplash.com/photo-1752367428176-2b0cd6cc11b4?crop=entropy&cs=tinysrgb&fit=max&fm=jpg&ixid=M3w4NzQxNTN8MHwxfHNlYXJjaHwxfHxXaXJlbGVzcyUyMEVsZWN0cmljJTIwS2V0dGxlfGVufDB8fHx8MTc3MjIyNTgzMHww&ixlib=rb-4.1.0&q=80&w=1080?utm_source=sse554_capstone&utm_medium=referral,Wireless Electric Kettle,BlueRiver Outfitters,"The Wireless Electric Kettle 248 by BlueRiver Outfitters delivers dependable performance with quality materials and thoughtful design. It is well suited for everyday use in the sports & outdoors category, offering a strong balance of value and functionality.",Sports & Outdoors,"New Arrival, Wireless, Giftable, Essential, Premium",158.17,3.8,2812,1936,2025-05-15,D!F|'ugOCn35,Rodrigo Araya,https://unsplash.com/@rodrigotypo?utm_source=sse554_capstone&utm_medium=referral
https://images.unsplash.com/photo-1586187543706-b43086b30978?crop=entropy&cs=tinysrgb&fit=max&fm=jpg&ixid=M3w4NzQxNTN8MHwxfHNlYXJjaHwxfHxTbWFydCUyMEV4dGVybmFsJTIwSGFyZCUyMERyaXZlfGVufDB8fHx8MTc3MjIyNTgzMHww&ixlib=rb-4.1.0&q=80&w=1080?utm_source=sse554_capstone&utm_medium=referral,Smart External Hard Drive,SilverLine Electronics,"The Smart External Hard Drive 445 by SilverLine Electronics delivers dependable performance with quality materials and thoughtful design. It is well suited for everyday use in the office supplies category, offering a strong balance of value and functionality.",Office Supplies,"Lightweight, Rechargeable, Essential, Durable, Giftable",318.56,1.5,7168,1118,2024-05-13,HR*6dO'k)v-S,Everyday Basics,https://unsplash.com/@zanardi?utm_source=sse554_capstone&utm_medium=referral
https://images.unsplash.com/photo-1701318134643-89f62a0d78f9?crop=entropy&cs=tinysrgb&fit=max&fm=jpg&ixid=M3w4NzQxNTN8MHwxfHNlYXJjaHwxfHxFY28lMjA0SyUyME1vbml0b3J8ZW58MHx8fHwxNzcyMjI1ODMxfDA&ixlib=rb-4.1.0&q=80&w=1080?utm_source=sse554_capstone&utm_medium=referral,Eco 4K Monitor,BlueRiver Outfitters,"The Eco 4K Monitor 887 by BlueRiver Outfitters delivers dependable performance with quality materials and thoughtful design. It is well suited for everyday use in the electronics category, offering a strong balance of value and functionality.",Electronics,"Wireless, Waterproof, Ergonomic, Versatile, Giftable",129.36,2.2,4925,1443,2019-05-05,tbxV}c968%5f,Trần Quang Phú,https://unsplash.com/@tranquangphu?utm_source=sse554_capstone&utm_medium=referral
https://images.unsplash.com/photo-1509098681029-b45e9c845022?crop=entropy&cs=tinysrgb&fit=max&fm=jpg&ixid=M3w4NzQxNTN8MHwxfHNlYXJjaHwxfHxTbWFydCUyME5vaXNlJTIwQ2FuY2VsbGluZyUyMEhlYWRwaG9uZXN8ZW58MHx8fHwxNzcyMjI1ODMxfDA&ixlib=rb-4.1.0&q=80&w=1080?utm_source=sse554_capstone&utm_medium=referral,Smart Noise Cancelling Headphones,Maple Street Press,"The Smart Noise Cancelling Headphones 288 by Maple Street Press delivers dependable performance with quality materials and thoughtful design. It is well suited for everyday use in the clothing category, offering a strong balance of value and functionality.",Clothing,"Lightweight, Bestseller, Versatile, Limited Edition, Modern",61.11,4.4,5025,1705,2025-12-25,B]?z(yw0IaNB,Mubariz Mehdizadeh,https://unsplash.com/@mehdizadeh?utm_source=sse554_capstone&utm_medium=referral
https://images.unsplash.com/photo-1716623816154-82045bc02706?crop=entropy&cs=tinysrgb&fit=max&fm=jpg&ixid=M3w4NzQxNTN8MHwxfHNlYXJjaHwxfHxQcm9mZXNzaW9uYWwlMjBDb29rd2FyZSUyMFNldHxlbnwwfHx8fDE3NzIyMjU4MzF8MA&ixlib=rb-4.1.0&q=80&w=1080?utm_source=sse554_capstone&utm_medium=referral,Professional Cookware Set,BrightLeaf Publishing,"The Professional Cookware Set 151 by BrightLeaf Publishing delivers dependable performance with quality materials and thoughtful design. It is well suited for everyday use in the office supplies category, offering a strong balance of value and functionality.",Office Supplies,"Compact, New Arrival, Modern, Rechargeable, Ergonomic",107.1,4.8,8720,969,2021-04-28,"KU,YQQnV*ZRh",Vlad Kutepov,https://unsplash.com/@kvtepov?utm_source=sse554_capstone&utm_medium=referral
https://images.unsplash.com/photo-1605880319307-757c2d258a3f?crop=entropy&cs=tinysrgb&fit=max&fm=jpg&ixid=M3w4NzQxNTN8MHwxfHNlYXJjaHwxfHxQcmVtaXVtJTIwQ29va3dhcmUlMjBTZXR8ZW58MHx8fHwxNzcyMjI1ODMyfDA&ixlib=rb-4.1.0&q=80&w=1080?utm_source=sse554_capstone&utm_medium=referral,Premium Cookware Set,BlueRiver Outfitters,"The Premium Cookware Set 197 by BlueRiver Outfitters delivers dependable performance with quality materials and thoughtful design. It is well suited for everyday use in the electronics category, offering a strong balance of value and functionality.",Electronics,"Modern, Compact, Bestseller, Lightweight, Limited Edition",313.15,3.9,5248,1272,2017-11-30,",dtK;&-mwA|E",Fanny Prevost,https://unsplash.com/@itsfannyprevost?utm_source=sse554_capstone&utm_medium=referral
https://images.unsplash.com/photo-1579528542333-4148f1769c35?crop=entropy&cs=tinysrgb&fit=max&fm=jpg&ixid=M3w4NzQxNTN8MHwxfHNlYXJjaHwxfHxQcm9mZXNzaW9uYWwlMjBSdW5uaW5nJTIwU2hvZXN8ZW58MHx8fHwxNzcyMjI1ODMyfDA&ixlib=rb-4.1.0&q=80&w=1080?utm_source=sse554_capstone&utm_medium=referral,Professional Running Shoes,NorthPeak,"The Professional Running Shoes 324 by NorthPeak delivers dependable performance with quality materials and thoughtful design. It is well suited for everyday use in the home & kitchen category, offering a strong balance of value and functionality.",Home & Kitchen,"Essential, Portable, Waterproof, Premium, Lightweight",131.02,1.9,4862,1091,2018-11-05,dVBc(wr\X/b=,Carl Barcelo,https://unsplash.com/@barcelocarl?utm_source=sse554_capstone&utm_medium=referral
https://images.unsplash.com/photo-1748017185912-c2a467989758?crop=entropy&cs=tinysrgb&fit=max&fm=jpg&ixid=M3w4NzQxNTN8MHwxfHNlYXJjaHwxfHxDb21wYWN0JTIwQ29va2Jvb2t8ZW58MHx8fHwxNzcyMjI1ODMyfDA&ixlib=rb-4.1.0&q=80&w=1080?utm_source=sse554_capstone&utm_medium=referral,Compact Cookbook,Summit Gear Co.,"The Compact Cookbook 349 by Summit Gear Co. delivers dependable performance with quality materials and thoughtful design. It is well suited for everyday use in the clothing category, offering a strong balance of value and functionality.",Clothing,"Compact, Rechargeable, Ergonomic, Durable, Premium",478.64,1.4,4381,1002,2023-11-16,qJFfAiG|g*k:,Harrison Chang,https://unsplash.com/@harrisonchang?utm_source=sse554_capstone&utm_medium=referral
https://images.unsplash.com/photo-1643385958950-8f0b8852171a?crop=entropy&cs=tinysrgb&fit=max&fm=jpg&ixid=M3w4NzQxNTN8MHwxfHNlYXJjaHwxfHxVbHRyYSUyMEJsdWV0b290aCUyMFNwZWFrZXJ8ZW58MHx8fHwxNzcyMjI1ODMzfDA&ixlib=rb-4.1.0&q=80&w=1080?utm_source=sse554_capstone&utm_medium=referral,Ultra Bluetooth Speaker,Horizon Tech,"The Ultra Bluetooth Speaker 495 by Horizon Tech delivers dependable performance with quality materials and thoughtful design. It is well suited for everyday use in the office supplies category, offering a strong balance of value and functionality.",Office Supplies,"Durable, Giftable, Essential, Compact, Modern",791.96,3.6,5849,582,2020-02-14,FIKY0iUhS|8S,Suraj Kumar,https://unsplash.com/@surajjnv?utm_source=sse554_capstone&utm_medium=referral
https://images.unsplash.com/photo-1637714409323-d5e6e9731252?crop=entropy&cs=tinysrgb&fit=max&fm=jpg&ixid=M3w4NzQxNTN8MHwxfHNlYXJjaHwxfHxFY28lMjBGaXRuZXNzJTIwVHJhY2tlcnxlbnwwfHx8fDE3NzIyMjU4MzN8MA&ixlib=rb-4.1.0&q=80&w=1080?utm_source=sse554_capstone&utm_medium=referral,Eco Fitness Tracker,Maple Street Press,"The Eco Fitness Tracker 968 by Maple Street Press delivers dependable performance with quality materials and thoughtful design. It is well suited for everyday use in the sports & outdoors category, offering a strong balance of value and functionality.",Sports & Outdoors,"Wireless, Giftable, Ergonomic, Bestseller, Premium",580.21,3.8,2309,1020,2017-09-12,*t5"Hfo\{Mo=,Intenza Fitness,https://unsplash.com/@intenzafitness?utm_source=sse554_capstone&utm_medium=referral
https://images.unsplash.com/photo-1572341396754-c8b300b56292?crop=entropy&cs=tinysrgb&fit=max&fm=jpg&ixid=M3w4NzQxNTN8MHwxfHNlYXJjaHwxfHxDb21wYWN0JTIwWW9nYSUyME1hdHxlbnwwfHx8fDE3NzIyMjU4MzN8MA&ixlib=rb-4.1.0&q=80&w=1080?utm_source=sse554_capstone&utm_medium=referral,Compact Yoga Mat,Summit Gear Co.,"The Compact Yoga Mat 777 by Summit Gear Co. delivers dependable performance with quality materials and thoughtful design. It is well suited for everyday use in the books category, offering a strong balance of value and functionality.",Books,"New Arrival, Compact, Lightweight, Premium, Versatile",238.4,2.0,1843,734,2016-10-09,SWr-T3bgb<81,Klara Kulikova,https://unsplash.com/@kkalerry?utm_source=sse554_capstone&utm_medium=referral
https://images.unsplash.com/photo-1716623816154-82045bc02706?crop=entropy&cs=tinysrgb&fit=max&fm=jpg&ixid=M3w4NzQxNTN8MHwxfHNlYXJjaHwxfHxQcm9mZXNzaW9uYWwlMjBDb29rd2FyZSUyMFNldHxlbnwwfHx8fDE3NzIyMjU4MzF8MA&ixlib=rb-4.1.0&q=80&w=1080?utm_source=sse554_capstone&utm_medium=referral,Professional Cookware Set,NorthPeak,"The Professional Cookware Set 103 by NorthPeak delivers dependable performance with quality materials and thoughtful design. It is well suited for everyday use in the books category, offering a strong balance of value and functionality.",Books,"Premium, New Arrival, Rechargeable, Waterproof, Essential",35.19,4.2,4280,88,2021-12-20,}ex-_Gc|xV3_,Vlad Kutepov,https://unsplash.com/@kvtepov?utm_source=sse554_capstone&utm_medium=referral
https://images.unsplash.com/photo-1759395162739-84190996783c?crop=entropy&cs=tinysrgb&fit=max&fm=jpg&ixid=M3w4NzQxNTN8MHwxfHNlYXJjaHwxfHxTbWFydCUyMFNjaWVuY2UlMjBGaWN0aW9uJTIwTm92ZWx8ZW58MHx8fHwxNzcyMjI1ODI4fDA&ixlib=rb-4.1.0&q=80&w=1080?utm_source=sse554_capstone&utm_medium=referral,Smart Science Fiction Novel,Horizon Tech,"The Smart Science Fiction Novel 980 by Horizon Tech delivers dependable performance with quality materials and thoughtful design. It is well suited for everyday use in the home & kitchen category, offering a strong balance of value and functionality.",Home & Kitchen,"Wireless, Modern, Bestseller, Lightweight, Essential",351.38,4.9,3358,792,2023-09-04,QoT?JgD)dE?M,Declan Sun,https://unsplash.com/@declansun?utm_source=sse554_capstone&utm_medium=referral
https://images.unsplash.com/photo-1693596936248-8fab255a3de1?crop=entropy&cs=tinysrgb&fit=max&fm=jpg&ixid=M3w4NzQxNTN8MHwxfHNlYXJjaHwxfHxXaXJlbGVzcyUyMExFRCUyMERlc2slMjBMYW1wfGVufDB8fHx8MTc3MjIyNTgzNHww&ixlib=rb-4.1.0&q=80&w=1080?utm_source=sse554_capstone&utm_medium=referral,Wireless LED Desk Lamp,BrightLeaf Publishing,"The Wireless LED Desk Lamp 550 by BrightLeaf Publishing delivers dependable performance with quality materials and thoughtful design. It is well suited for everyday use in the home & kitchen category, offering a strong balance of value and functionality.",Home & Kitchen,"Modern, Versatile, New Arrival, Ergonomic, Durable",432.49,1.5,3095,1864,2016-01-17,7-R0PovJA[v\,Darius Cotoi,https://unsplash.com/@dariuscotoi?utm_source=sse554_capstone&utm_medium=referral
https://images.unsplash.com/photo-1660084161327-84cb724beae5?crop=entropy&cs=tinysrgb&fit=max&fm=jpg&ixid=M3w4NzQxNTN8MHwxfHNlYXJjaHwxfHxDbGFzc2ljJTIwQmx1ZXRvb3RoJTIwU3BlYWtlcnxlbnwwfHx8fDE3NzIyMjU4MzR8MA&ixlib=rb-4.1.0&q=80&w=1080?utm_source=sse554_capstone&utm_medium=referral,Classic Bluetooth Speaker,UrbanNest,"The Classic Bluetooth Speaker 122 by UrbanNest delivers dependable performance with quality materials and thoughtful design. It is well suited for everyday use in the books category, offering a strong balance of value and functionality.",Books,"Limited Edition, Durable, Premium, Versatile, Ergonomic",285.79,2.9,5460,1913,2017-03-01,wlTe@bp4@Rk},Bridecka Hughes,https://unsplash.com/@brideckahughes?utm_source=sse554_capstone&utm_medium=referral
https://images.unsplash.com/photo-1681418659069-eef28d44aeab?crop=entropy&cs=tinysrgb&fit=max&fm=jpg&ixid=M3w4NzQxNTN8MHwxfHNlYXJjaHwxfHxFY28lMjBPZmZpY2UlMjBDaGFpcnxlbnwwfHx8fDE3NzIyMjU4MzV8MA&ixlib=rb-4.1.0&q=80&w=1080?utm_source=sse554_capstone&utm_medium=referral,Eco Office Chair,Maple Street Press,"The Eco Office Chair 257 by Maple Street Press delivers dependable performance with quality materials and thoughtful design. It is well suited for everyday use in the electronics category, offering a strong balance of value and functionality.",Electronics,"Essential, Giftable, Portable, Compact, Modern",659.17,3.7,9259,131,2017-03-08,(#OHENfM-T2.,Effydesk,https://unsplash.com/@effydesk?utm_source=sse554_capstone&utm_medium=referral
https://images.unsplash.com/photo-1760278041943-8b2ccec1e9e2?crop=entropy&cs=tinysrgb&fit=max&fm=jpg&ixid=M3w4NzQxNTN8MHwxfHNlYXJjaHwxfHxTbWFydCUyMEdhbWluZyUyME1vdXNlfGVufDB8fHx8MTc3MjIyNTgyNnww&ixlib=rb-4.1.0&q=80&w=1080?utm_source=sse554_capstone&utm_medium=referral,Smart Gaming Mouse,SilverLine Electronics,"The Smart Gaming Mouse 280 by SilverLine Electronics delivers dependable performance with quality materials and thoughtful design. It is well suited for everyday use in the home & kitchen category, offering a strong balance of value and functionality.",Home & Kitchen,"Portable, Limited Edition, Versatile, Waterproof, Modern",45.58,4.7,3740,533,2021-02-17,/%@J8X#Twx|Q,Matúš Gocman,https://unsplash.com/@matgocman?utm_source=sse554_capstone&utm_medium=referral
https://images.unsplash.com/photo-1764557159396-419b85356035?crop=entropy&cs=tinysrgb&fit=max&fm=jpg&ixid=M3w4NzQxNTN8MHwxfHNlYXJjaHwxfHxQcmVtaXVtJTIwTm9pc2UlMjBDYW5jZWxsaW5nJTIwSGVhZHBob25lc3xlbnwwfHx8fDE3NzIyMjU4MzV8MA&ixlib=rb-4.1.0&q=80&w=1080?utm_source=sse554_capstone&utm_medium=referral,Premium Noise Cancelling Headphones,Summit Gear Co.,"The Premium Noise Cancelling Headphones 294 by Summit Gear Co. delivers dependable performance with quality materials and thoughtful design. It is well suited for everyday use in the office supplies category, offering a strong balance of value and functionality.",Office Supplies,"Essential, Bestseller, Wireless, Premium, Giftable",550.04,3.2,8121,1547,2023-08-30,V}.6SaVFRX)n,Jj Rocha,https://unsplash.com/@that_person?utm_source=sse554_capstone&utm_medium=referral
https://images.unsplash.com/photo-1695712551608-b118cc5a39e4?crop=entropy&cs=tinysrgb&fit=max&fm=jpg&ixid=M3w4NzQxNTN8MHwxfHNlYXJjaHwxfHxFY28lMjBCbHVldG9vdGglMjBTcGVha2VyfGVufDB8fHx8MTc3MjIyNTgzNXww&ixlib=rb-4.1.0&q=80&w=1080?utm_source=sse554_capstone&utm_medium=referral,Eco Bluetooth Speaker,Summit Gear Co.,"The Eco Bluetooth Speaker 829 by Summit Gear Co. delivers dependable performance with quality materials and thoughtful design. It is well suited for everyday use in the home & kitchen category, offering a strong balance of value and functionality.",Home & Kitchen,"Limited Edition, Wireless, Durable, New Arrival, Compact",400.87,3.4,6566,106,2020-09-18,8?!4""Ar%Y3v,Gomi,https://unsplash.com/@gomi_design?utm_source=sse554_capstone&utm_medium=referral
https://images.unsplash.com/photo-1754821305530-8e3c7b8deda2?crop=entropy&cs=tinysrgb&fit=max&fm=jpg&ixid=M3w4NzQxNTN8MHwxfHNlYXJjaHwxfHxQb3J0YWJsZSUyMEZpdG5lc3MlMjBUcmFja2VyfGVufDB8fHx8MTc3MjIyNTgzNnww&ixlib=rb-4.1.0&q=80&w=1080?utm_source=sse554_capstone&utm_medium=referral,Portable Fitness Tracker,Horizon Tech,"The Portable Fitness Tracker 156 by Horizon Tech delivers dependable performance with quality materials and thoughtful design. It is well suited for everyday use in the electronics category, offering a strong balance of value and functionality.",Electronics,"Modern, Ergonomic, Waterproof, Limited Edition, Compact",537.03,1.2,5565,1282,2022-04-23,mq7[[qCzu$-$,Andrey Matveev,https://unsplash.com/@zelebb?utm_source=sse554_capstone&utm_medium=referral
https://images.unsplash.com/photo-1571406487954-dc11b0c0767d?crop=entropy&cs=tinysrgb&fit=max&fm=jpg&ixid=M3w4NzQxNTN8MHwxfHNlYXJjaHwxfHxDbGFzc2ljJTIwTEVEJTIwRGVzayUyMExhbXB8ZW58MHx8fHwxNzcyMjI1ODM2fDA&ixlib=rb-4.1.0&q=80&w=1080?utm_source=sse554_capstone&utm_medium=referral,Classic LED Desk Lamp,Horizon Tech,"The Classic LED Desk Lamp 929 by Horizon Tech delivers dependable performance with quality materials and thoughtful design. It is well suited for everyday use in the sports & outdoors category, offering a strong balance of value and functionality.",Sports & Outdoors,"Durable, Waterproof, Ergonomic, Limited Edition, Compact",261.39,3.5,5435,603,2021-09-15,LH84?k"S/3F?,Monty Allen,https://unsplash.com/@monty_a?utm_source=sse554_capstone&utm_medium=referral
https://images.unsplash.com/photo-1588279102558-dabc7b32d9b1?crop=entropy&cs=tinysrgb&fit=max&fm=jpg&ixid=M3w4NzQxNTN8MHwxfHNlYXJjaHwxfHxFY28lMjBDb29rd2FyZSUyMFNldHxlbnwwfHx8fDE3NzIyMjU4MzZ8MA&ixlib=rb-4.1.0&q=80&w=1080?utm_source=sse554_capstone&utm_medium=referral,Eco Cookware Set,Summit Gear Co.,"The Eco Cookware Set 669 by Summit Gear Co. delivers dependable performance with quality materials and thoughtful design. It is well suited for everyday use in the clothing category, offering a strong balance of value and functionality.",Clothing,"Durable, Wireless, Rechargeable, Portable, Compact",586.07,1.8,7590,1274,2023-05-19,&OTlf.YZG5zA,Cooker King,https://unsplash.com/@cookerking?utm_source=sse554_capstone&utm_medium=referral
https://images.unsplash.com/photo-1763907478821-1c1386fb16b2?crop=entropy&cs=tinysrgb&fit=max&fm=jpg&ixid=M3w4NzQxNTN8MHwxfHNlYXJjaHwxfHxQb3J0YWJsZSUyMEFjdGlvbiUyMENhbWVyYXxlbnwwfHx8fDE3NzIyMjU4Mzd8MA&ixlib=rb-4.1.0&q=80&w=1080?utm_source=sse554_capstone&utm_medium=referral,Portable Action Camera,NorthPeak,"The Portable Action Camera 320 by NorthPeak delivers dependable performance with quality materials and thoughtful design. It is well suited for everyday use in the books category, offering a strong balance of value and functionality.",Books,"Premium, Durable, Portable, Giftable, Rechargeable",317.51,3.2,1269,920,2024-06-08,f59HbhT&Zo0H,Omar Ramadan,https://unsplash.com/@omarvellous14?utm_source=sse554_capstone&utm_medium=referral
https://images.unsplash.com/photo-1653823815301-faf2f30db0bd?crop=entropy&cs=tinysrgb&fit=max&fm=jpg&ixid=M3w4NzQxNTN8MHwxfHNlYXJjaHwxfHxQcm9mZXNzaW9uYWwlMjA0SyUyME1vbml0b3J8ZW58MHx8fHwxNzcyMjI1ODM3fDA&ixlib=rb-4.1.0&q=80&w=1080?utm_source=sse554_capstone&utm_medium=referral,Professional 4K Monitor,BlueRiver Outfitters,"The Professional 4K Monitor 740 by BlueRiver Outfitters delivers dependable performance with quality materials and thoughtful design. It is well suited for everyday use in the office supplies category, offering a strong balance of value and functionality.",Office Supplies,"Ergonomic, Compact, Versatile, Limited Edition, Giftable",408.38,2.2,4808,160,2024-09-26,"3`O`#A""V,0_)",Karthik Chinu,https://unsplash.com/@karthikchinu?utm_source=sse554_capstone&utm_medium=referral
https://images.unsplash.com/photo-1694405145070-e58cc29771fa?crop=entropy&cs=tinysrgb&fit=max&fm=jpg&ixid=M3w4NzQxNTN8MHwxfHNlYXJjaHwxfHxXaXJlbGVzcyUyME1lY2hhbmljYWwlMjBLZXlib2FyZHxlbnwwfHx8fDE3NzIyMjU4Mzd8MA&ixlib=rb-4.1.0&q=80&w=1080?utm_source=sse554_capstone&utm_medium=referral,Wireless Mechanical Keyboard,NorthPeak,"The Wireless Mechanical Keyboard 120 by NorthPeak delivers dependable performance with quality materials and thoughtful design. It is well suited for everyday use in the sports & outdoors category, offering a strong balance of value and functionality.",Sports & Outdoors,"Waterproof, Ergonomic, Limited Edition, Essential, Modern",231.19,4.9,7003,715,2021-07-02,"9Bb?]w""A?y5,",Padraig Treanor,https://unsplash.com/@padraigo?utm_source=sse554_capstone&utm_medium=referral
https://images.unsplash.com/photo-1586187543706-b43086b30978?crop=entropy&cs=tinysrgb&fit=max&fm=jpg&ixid=M3w4NzQxNTN8MHwxfHNlYXJjaHwxfHxDbGFzc2ljJTIwRXh0ZXJuYWwlMjBIYXJkJTIwRHJpdmV8ZW58MHx8fHwxNzcyMjI1ODM3fDA&ixlib=rb-4.1.0&q=80&w=1080?utm_source=sse554_capstone&utm_medium=referral,Classic External Hard Drive,Horizon Tech,"The Classic External Hard Drive 529 by Horizon Tech delivers dependable performance with quality materials and thoughtful design. It is well suited for everyday use in the office supplies category, offering a strong balance of value and functionality.",Office Supplies,"Durable, Ergonomic, Compact, Giftable, Lightweight",501.9,1.3,3079,433,2018-11-24,[/;hwa^y52H@,Everyday Basics,https://unsplash.com/@zanardi?utm_source=sse554_capstone&utm_medium=referral
https://images.unsplash.com/photo-1495563125611-fa99f0cd529f?crop=entropy&cs=tinysrgb&fit=max&fm=jpg&ixid=M3w4NzQxNTN8MHwxfHNlYXJjaHwxfHxQcmVtaXVtJTIwNEslMjBNb25pdG9yfGVufDB8fHx8MTc3MjIyNTgzOHww&ixlib=rb-4.1.0&q=80&w=1080?utm_source=sse554_capstone&utm_medium=referral,Premium 4K Monitor,BrightLeaf Publishing,"The Premium 4K Monitor 952 by BrightLeaf Publishing delivers dependable performance with quality materials and thoughtful design. It is well suited for everyday use in the office supplies category, offering a strong balance of value and functionality.",Office Supplies,"Versatile, Durable, Premium, Rechargeable, Ergonomic",374.41,3.6,9561,1930,2022-02-10,&6_qUuqe*u}O,Julian O'hayon,https://unsplash.com/@anckor?utm_source=sse554_capstone&utm_medium=referral
https://images.unsplash.com/photo-1754479125079-b5b48318547e?crop=entropy&cs=tinysrgb&fit=max&fm=jpg&ixid=M3w4NzQxNTN8MHwxfHNlYXJjaHwxfHxDbGFzc2ljJTIwQmFja3BhY2t8ZW58MHx8fHwxNzcyMjI1ODI0fDA&ixlib=rb-4.1.0&q=80&w=1080?utm_source=sse554_capstone&utm_medium=referral,Classic Backpack,SilverLine Electronics,"The Classic Backpack 405 by SilverLine Electronics delivers dependable performance with quality materials and thoughtful design. It is well suited for everyday use in the home & kitchen category, offering a strong balance of value and functionality.",Home & Kitchen,"Rechargeable, Premium, Limited Edition, Giftable, Bestseller",188.84,3.0,5924,1635,2022-07-15,u-'!GGK|?AU(,Johan Mouchet,https://unsplash.com/@johanmouchet?utm_source=sse554_capstone&utm_medium=referral
https://images.unsplash.com/photo-1646614871839-881108ea8407?crop=entropy&cs=tinysrgb&fit=max&fm=jpg&ixid=M3w4NzQxNTN8MHwxfHNlYXJjaHwxfHxDbGFzc2ljJTIwU2NpZW5jZSUyMEZpY3Rpb24lMjBOb3ZlbHxlbnwwfHx8fDE3NzIyMjU4Mzl8MA&ixlib=rb-4.1.0&q=80&w=1080?utm_source=sse554_capstone&utm_medium=referral,Classic Science Fiction Novel,Maple Street Press,"The Classic Science Fiction Novel 186 by Maple Street Press delivers dependable performance with quality materials and thoughtful design. It is well suited for everyday use in the sports & outdoors category, offering a strong balance of value and functionality.",Sports & Outdoors,"Bestseller, Lightweight, Waterproof, Rechargeable, Premium",500.01,3.9,8943,946,2017-03-16,|*nlb`]/qK[>,And Machines,https://unsplash.com/@and_machines?utm_source=sse554_capstone&utm_medium=referral
https://images.unsplash.com/photo-1760730965577-64d5c3c5a29e?crop=entropy&cs=tinysrgb&fit=max&fm=jpg&ixid=M3w4NzQxNTN8MHwxfHNlYXJjaHwxfHxBZHZhbmNlZCUyMEdyYXBoaWMlMjBULVNoaXJ0fGVufDB8fHx8MTc3MjIyNTgzOXww&ixlib=rb-4.1.0&q=80&w=1080?utm_source=sse554_capstone&utm_medium=referral,Advanced Graphic T-Shirt,NorthPeak,"The Advanced Graphic T-Shirt 733 by NorthPeak delivers dependable performance with quality materials and thoughtful design. It is well suited for everyday use in the office supplies category, offering a strong balance of value and functionality.",Office Supplies,"Lightweight, Modern, Versatile, New Arrival, Bestseller",615.35,1.4,2661,1257,2018-09-27,5TN=yn8Rw7]y,Lhon Karwan,https://unsplash.com/@lhonkarwanhamasalih?utm_source=sse554_capstone&utm_medium=referral
https://images.unsplash.com/photo-1592999641298-434e28c11d14?crop=entropy&cs=tinysrgb&fit=max&fm=jpg&ixid=M3w4NzQxNTN8MHwxfHNlYXJjaHwxfHxQb3J0YWJsZSUyMFN0YWlubGVzcyUyMFN0ZWVsJTIwV2F0ZXIlMjBCb3R0bGV8ZW58MHx8fHwxNzcyMjI1ODI5fDA&ixlib=rb-4.1.0&q=80&w=1080?utm_source=sse554_capstone&utm_medium=referral,Portable Stainless Steel Water Bottle,BrightLeaf Publishing,"The Portable Stainless Steel Water Bottle 194 by BrightLeaf Publishing delivers dependable performance with quality materials and thoughtful design. It is well suited for everyday use in the electronics category, offering a strong balance of value and functionality.",Electronics,"Essential, Premium, Rechargeable, Compact, Modern",688.27,4.4,1694,1356,2022-12-12,so5L#1<nWp7{,Filip Baotić,https://unsplash.com/@filipbaotic?utm_source=sse554_capstone&utm_medium=referral
https://images.unsplash.com/photo-1633236065050-e96a5afa0207?crop=entropy&cs=tinysrgb&fit=max&fm=jpg&ixid=M3w4NzQxNTN8MHwxfHNlYXJjaHwxfHxXaXJlbGVzcyUyMDRLJTIwTW9uaXRvcnxlbnwwfHx8fDE3NzIyMjU4Mzl8MA&ixlib=rb-4.1.0&q=80&w=1080?utm_source=sse554_capstone&utm_medium=referral,Wireless 4K Monitor,UrbanNest,"The Wireless 4K Monitor 107 by UrbanNest delivers dependable performance with quality materials and thoughtful design. It is well suited for everyday use in the books category, offering a strong balance of value and functionality.",Books,"Essential, New Arrival, Premium, Giftable, Wireless",518.55,1.4,2533,228,2024-11-21,]rh.pu798gdM,Kadyn Pierce,https://unsplash.com/@gymxratpapii?utm_source=sse554_capstone&utm_medium=referral
https://images.unsplash.com/photo-1658524202348-8bdff4d4a194?crop=entropy&cs=tinysrgb&fit=max&fm=jpg&ixid=M3w4NzQxNTN8MHwxfHNlYXJjaHwxfHxXaXJlbGVzcyUyMENvb2t3YXJlJTIwU2V0fGVufDB8fHx8MTc3MjIyNTgzOXww&ixlib=rb-4.1.0&q=80&w=1080?utm_source=sse554_capstone&utm_medium=referral,Wireless Cookware Set,Summit Gear Co.,"The Wireless Cookware Set 696 by Summit Gear Co. delivers dependable performance with quality materials and thoughtful design. It is well suited for everyday use in the clothing category, offering a strong balance of value and functionality.",Clothing,"Essential, New Arrival, Limited Edition, Giftable, Versatile",586.24,4.1,2902,663,2019-10-24,am21TN61|$D[,Pedro Fleitas,https://unsplash.com/@pedroooo?utm_source=sse554_capstone&utm_medium=referral
https://images.unsplash.com/photo-1694405145070-e58cc29771fa?crop=entropy&cs=tinysrgb&fit=max&fm=jpg&ixid=M3w4NzQxNTN8MHwxfHNlYXJjaHwxfHxXaXJlbGVzcyUyME1lY2hhbmljYWwlMjBLZXlib2FyZHxlbnwwfHx8fDE3NzIyMjU4Mzd8MA&ixlib=rb-4.1.0&q=80&w=1080?utm_source=sse554_capstone&utm_medium=referral,Wireless Mechanical Keyboard,SilverLine Electronics,"The Wireless Mechanical Keyboard 599 by SilverLine Electronics delivers dependable performance with quality materials and thoughtful design. It is well suited for everyday use in the clothing category, offering a strong balance of value and functionality.",Clothing,"Rechargeable, Wireless, Lightweight, New Arrival, Bestseller",244.87,5.0,5552,580,2023-01-22,Uv?5G$V`_u)@,Padraig Treanor,https://unsplash.com/@padraigo?utm_source=sse554_capstone&utm_medium=referral
https://images.unsplash.com/photo-1592999641298-434e28c11d14?crop=entropy&cs=tinysrgb&fit=max&fm=jpg&ixid=M3w4NzQxNTN8MHwxfHNlYXJjaHwxfHxVbHRyYSUyMFN0YWlubGVzcyUyMFN0ZWVsJTIwV2F0ZXIlMjBCb3R0bGV8ZW58MHx8fHwxNzcyMjI1ODQwfDA&ixlib=rb-4.1.0&q=80&w=1080?utm_source=sse554_capstone&utm_medium=referral,Ultra Stainless Steel Water Bottle,UrbanNest,"The Ultra Stainless Steel Water Bottle 704 by UrbanNest delivers dependable performance with quality materials and thoughtful design. It is well suited for everyday use in the office supplies category, offering a strong balance of value and functionality.",Office Supplies,"Premium, Modern, Wireless, Waterproof, Rechargeable",407.5,3.6,4541,1382,2024-01-26,Jh=A]!.oE?gD,Filip Baotić,https://unsplash.com/@filipbaotic?utm_source=sse554_capstone&utm_medium=referral
https://images.unsplash.com/photo-1761971975962-9cc397e2ba2a?crop=entropy&cs=tinysrgb&fit=max&fm=jpg&ixid=M3w4NzQxNTN8MHwxfHNlYXJjaHwxfHxQcmVtaXVtJTIwWW9nYSUyME1hdHxlbnwwfHx8fDE3NzIyMjU4NDB8MA&ixlib=rb-4.1.0&q=80&w=1080?utm_source=sse554_capstone&utm_medium=referral,Premium Yoga Mat,SilverLine Electronics,"The Premium Yoga Mat 129 by SilverLine Electronics delivers dependable performance with quality materials and thoughtful design. It is well suited for everyday use in the electronics category, offering a strong balance of value and functionality.",Electronics,"Portable, Ergonomic, Durable, Limited Edition, Giftable",489.51,3.5,2245,1823,2021-10-21,H#1"V}+Nf[wo,Eran Design,https://unsplash.com/@erandesign?utm_source=sse554_capstone&utm_medium=referral
https://images.unsplash.com/photo-1758577515333-e71b713059f1?crop=entropy&cs=tinysrgb&fit=max&fm=jpg&ixid=M3w4NzQxNTN8MHwxfHNlYXJjaHwxfHxDb21wYWN0JTIwRml0bmVzcyUyMFRyYWNrZXJ8ZW58MHx8fHwxNzcyMjI1ODQxfDA&ixlib=rb-4.1.0&q=80&w=1080?utm_source=sse554_capstone&utm_medium=referral,Compact Fitness Tracker,BrightLeaf Publishing,"The Compact Fitness Tracker 805 by BrightLeaf Publishing delivers dependable performance with quality materials and thoughtful design. It is well suited for everyday use in the clothing category, offering a strong balance of value and functionality.",Clothing,"Modern, Compact, Lightweight, Wireless, Bestseller",441.14,3.1,6604,1633,2021-04-04,]pzdEBZr~'^>,Andrey Matveev,https://unsplash.com/@zelebb?utm_source=sse554_capstone&utm_medium=referral
https://images.unsplash.com/photo-1586187543706-b43086b30978?crop=entropy&cs=tinysrgb&fit=max&fm=jpg&ixid=M3w4NzQxNTN8MHwxfHNlYXJjaHwxfHxTbWFydCUyMEV4dGVybmFsJTIwSGFyZCUyMERyaXZlfGVufDB8fHx8MTc3MjIyNTgzMHww&ixlib=rb-4.1.0&q=80&w=1080?utm_source=sse554_capstone&utm_medium=referral,Smart External Hard Drive,SilverLine Electronics,"The Smart External Hard Drive 601 by SilverLine Electronics delivers dependable performance with quality materials and thoughtful design. It is well suited for everyday use in the sports & outdoors category, offering a strong balance of value and functionality.",Sports & Outdoors,"Limited Edition, Modern, Portable, Giftable, Waterproof",95.04,4.1,1564,166,2017-01-09,<n*{u4rstwUK,Everyday Basics,https://unsplash.com/@zanardi?utm_source=sse554_capstone&utm_medium=referral
https://images.unsplash.com/photo-1601220363009-f7e66d095649?crop=entropy&cs=tinysrgb&fit=max&fm=jpg&ixid=M3w4NzQxNTN8MHwxfHNlYXJjaHwxfHxDb21wYWN0JTIwU21hcnRwaG9uZSUyMFN0YW5kfGVufDB8fHx8MTc3MjIyNTg0MXww&ixlib=rb-4.1.0&q=80&w=1080?utm_source=sse554_capstone&utm_medium=referral,Compact Smartphone Stand,NorthPeak,"The Compact Smartphone Stand 293 by NorthPeak delivers dependable performance with quality materials and thoughtful design. It is well suited for everyday use in the sports & outdoors category, offering a strong balance of value and functionality.",Sports & Outdoors,"Rechargeable, Giftable, Waterproof, Ergonomic, Essential",528.9,4.1,5161,1852,2023-11-01,lQ2u"~4XGPPn,Hugo Sesma,https://unsplash.com/@h_u_g_e?utm_source=sse554_capstone&utm_medium=referral
https://images.unsplash.com/photo-1557349964-34f68e722d29?crop=entropy&cs=tinysrgb&fit=max&fm=jpg&ixid=M3w4NzQxNTN8MHwxfHNlYXJjaHwxfHxQcm9mZXNzaW9uYWwlMjBDb29rYm9va3xlbnwwfHx8fDE3NzIyMjU4NDF8MA&ixlib=rb-4.1.0&q=80&w=1080?utm_source=sse554_capstone&utm_medium=referral,Professional Cookbook,UrbanNest,"The Professional Cookbook 521 by UrbanNest delivers dependable performance with quality materials and thoughtful design. It is well suited for everyday use in the books category, offering a strong balance of value and functionality.",Books,"Giftable, Durable, Versatile, New Arrival, Waterproof",406.72,4.4,4718,173,2022-12-26,:S-Q]Ep5G5]R,Hartai Klaudia,https://unsplash.com/@hartaiklaudia?utm_source=sse554_capstone&utm_medium=referral
https://images.unsplash.com/photo-1735777192373-68b35aec219d?crop=entropy&cs=tinysrgb&fit=max&fm=jpg&ixid=M3w4NzQxNTN8MHwxfHNlYXJjaHwxfHxQcm9mZXNzaW9uYWwlMjBTY2llbmNlJTIwRmljdGlvbiUyME5vdmVsfGVufDB8fHx8MTc3MjIyNTg0Mnww&ixlib=rb-4.1.0&q=80&w=1080?utm_source=sse554_capstone&utm_medium=referral,Professional Science Fiction Novel,BrightLeaf Publishing,"The Professional Science Fiction Novel 725 by BrightLeaf Publishing delivers dependable performance with quality materials and thoughtful design. It is well suited for everyday use in the books category, offering a strong balance of value and functionality.",Books,"Durable, Lightweight, Versatile, New Arrival, Giftable",14.67,2.8,8376,1142,2016-04-26,iwp7R<xjtn#O,Cemrecan Yurtman,https://unsplash.com/@cmrcn_?utm_source=sse554_capstone&utm_medium=referral
https://images.unsplash.com/photo-1631749352020-b8ce2d86727e?crop=entropy&cs=tinysrgb&fit=max&fm=jpg&ixid=M3w4NzQxNTN8MHwxfHNlYXJjaHwxfHxVbHRyYSUyMEdhbWluZyUyME1vdXNlfGVufDB8fHx8MTc3MjIyNTg0Mnww&ixlib=rb-4.1.0&q=80&w=1080?utm_source=sse554_capstone&utm_medium=referral,Ultra Gaming Mouse,BrightLeaf Publishing,"The Ultra Gaming Mouse 437 by BrightLeaf Publishing delivers dependable performance with quality materials and thoughtful design. It is well suited for everyday use in the clothing category, offering a strong balance of value and functionality.",Clothing,"Durable, Portable, Versatile, Compact, Waterproof",324.93,4.8,9615,361,2025-03-24,9+fZ:xkg?bY<,Bruno Yamazaky,https://unsplash.com/@mryamazukino?utm_source=sse554_capstone&utm_medium=referral
https://images.unsplash.com/photo-1643385958950-8f0b8852171a?crop=entropy&cs=tinysrgb&fit=max&fm=jpg&ixid=M3w4NzQxNTN8MHwxfHNlYXJjaHwxfHxVbHRyYSUyMEJsdWV0b290aCUyMFNwZWFrZXJ8ZW58MHx8fHwxNzcyMjI1ODMzfDA&ixlib=rb-4.1.0&q=80&w=1080?utm_source=sse554_capstone&utm_medium=referral,Ultra Bluetooth Speaker,Summit Gear Co.,"The Ultra Bluetooth Speaker 292 by Summit Gear Co. delivers dependable performance with quality materials and thoughtful design. It is well suited for everyday use in the books category, offering a strong balance of value and functionality.",Books,"Versatile, Premium, Portable, Bestseller, Compact",667.59,2.7,2541,476,2016-10-01,"0n,I?s>RJMni",Suraj Kumar,https://unsplash.com/@surajjnv?utm_source=sse554_capstone&utm_medium=referral
https://images.unsplash.com/photo-1656428813604-6225efa90782?crop=entropy&cs=tinysrgb&fit=max&fm=jpg&ixid=M3w4NzQxNTN8MHwxfHNlYXJjaHwxfHxQcm9mZXNzaW9uYWwlMjBCYWNrcGFja3xlbnwwfHx8fDE3NzIyMjU4NDJ8MA&ixlib=rb-4.1.0&q=80&w=1080?utm_source=sse554_capstone&utm_medium=referral,Professional Backpack,Summit Gear Co.,"The Professional Backpack 535 by Summit Gear Co. delivers dependable performance with quality materials and thoughtful design. It is well suited for everyday use in the clothing category, offering a strong balance of value and functionality.",Clothing,"Bestseller, Modern, Premium, Rechargeable, Compact",549.16,1.6,6320,1421,2024-07-15,4?UHv232N7b+,Danielle Stein,https://unsplash.com/@daniellestein?utm_source=sse554_capstone&utm_medium=referral
https://images.unsplash.com/photo-1646614871839-881108ea8407?crop=entropy&cs=tinysrgb&fit=max&fm=jpg&ixid=M3w4NzQxNTN8MHwxfHNlYXJjaHwxfHxDbGFzc2ljJTIwU2NpZW5jZSUyMEZpY3Rpb24lMjBOb3ZlbHxlbnwwfHx8fDE3NzIyMjU4Mzl8MA&ixlib=rb-4.1.0&q=80&w=1080?utm_source=sse554_capstone&utm_medium=referral,Classic Science Fiction Novel,Summit Gear Co.,"The Classic Science Fiction Novel 155 by Summit Gear Co. delivers dependable performance with quality materials and thoughtful design. It is well suited for everyday use in the books category, offering a strong balance of value and functionality.",Books,"Ergonomic, Versatile, Wireless, Modern, Limited Edition",730.92,4.3,6814,447,2023-02-07,XwnV'nHz=5o(,And Machines,https://unsplash.com/@and_machines?utm_source=sse554_capstone&utm_medium=referral
https://images.unsplash.com/photo-1680810003781-49d9210bb064?crop=entropy&cs=tinysrgb&fit=max&fm=jpg&ixid=M3w4NzQxNTN8MHwxfHNlYXJjaHwxfHxDb21wYWN0JTIwU2NpZW5jZSUyMEZpY3Rpb24lMjBOb3ZlbHxlbnwwfHx8fDE3NzIyMjU4NDN8MA&ixlib=rb-4.1.0&q=80&w=1080?utm_source=sse554_capstone&utm_medium=referral,Compact Science Fiction Novel,Maple Street Press,"The Compact Science Fiction Novel 698 by Maple Street Press delivers dependable performance with quality materials and thoughtful design. It is well suited for everyday use in the electronics category, offering a strong balance of value and functionality.",Electronics,"Wireless, Versatile, Durable, Bestseller, Rechargeable",558.98,1.2,9534,1390,2023-04-21,5iLbS76OT/Tl,Myles Bloomfield,https://unsplash.com/@loomydoons?utm_source=sse554_capstone&utm_medium=referral
https://images.unsplash.com/photo-1690455422058-156a39f18a0a?crop=entropy&cs=tinysrgb&fit=max&fm=jpg&ixid=M3w4NzQxNTN8MHwxfHNlYXJjaHwxfHxQcmVtaXVtJTIwQmx1ZXRvb3RoJTIwU3BlYWtlcnxlbnwwfHx8fDE3NzIyMjU4NDN8MA&ixlib=rb-4.1.0&q=80&w=1080?utm_source=sse554_capstone&utm_medium=referral,Premium Bluetooth Speaker,UrbanNest,"The Premium Bluetooth Speaker 944 by UrbanNest delivers dependable performance with quality materials and thoughtful design. It is well suited for everyday use in the home & kitchen category, offering a strong balance of value and functionality.",Home & Kitchen,"Compact, New Arrival, Lightweight, Modern, Bestseller",67.81,3.7,9542,847,2019-01-18,Zv&Md-n|~~o6,Sayan Majhi,https://unsplash.com/@minimalsayan?utm_source=sse554_capstone&utm_medium=referral
https://images.unsplash.com/photo-1653823815301-faf2f30db0bd?crop=entropy&cs=tinysrgb&fit=max&fm=jpg&ixid=M3w4NzQxNTN8MHwxfHNlYXJjaHwxfHxQcm9mZXNzaW9uYWwlMjA0SyUyME1vbml0b3J8ZW58MHx8fHwxNzcyMjI1ODM3fDA&ixlib=rb-4.1.0&q=80&w=1080?utm_source=sse554_capstone&utm_medium=referral,Professional 4K Monitor,UrbanNest,"The Professional 4K Monitor 252 by UrbanNest delivers dependable performance with quality materials and thoughtful design. It is well suited for everyday use in the clothing category, offering a strong balance of value and functionality.",Clothing,"Limited Edition, Giftable, Essential, Compact, Modern",81.83,4.2,9116,1300,2016-04-29,t^6qur$Mvzbc,Karthik Chinu,https://unsplash.com/@karthikchinu?utm_source=sse554_capstone&utm_medium=referral
https://images.unsplash.com/photo-1562878671-b3efe27953b9?crop=entropy&cs=tinysrgb&fit=max&fm=jpg&ixid=M3w4NzQxNTN8MHwxfHNlYXJjaHwxfHxVbHRyYSUyMEFjdGlvbiUyMENhbWVyYXxlbnwwfHx8fDE3NzIyMjU4NDN8MA&ixlib=rb-4.1.0&q=80&w=1080?utm_source=sse554_capstone&utm_medium=referral,Ultra Action Camera,Summit Gear Co.,"The Ultra Action Camera 275 by Summit Gear Co. delivers dependable performance with quality materials and thoughtful design. It is well suited for everyday use in the office supplies category, offering a strong balance of value and functionality.",Office Supplies,"Rechargeable, Waterproof, Limited Edition, Versatile, Wireless",708.18,3.5,7840,1479,2024-04-15,M'q(;H/xzM0U,Jadon Kelly,https://unsplash.com/@jado_tornado?utm_source=sse554_capstone&utm_medium=referral
https://images.unsplash.com/photo-1631749352020-b8ce2d86727e?crop=entropy&cs=tinysrgb&fit=max&fm=jpg&ixid=M3w4NzQxNTN8MHwxfHNlYXJjaHwxfHxVbHRyYSUyMEdhbWluZyUyME1vdXNlfGVufDB8fHx8MTc3MjIyNTg0Mnww&ixlib=rb-4.1.0&q=80&w=1080?utm_source=sse554_capstone&utm_medium=referral,Ultra Gaming Mouse,NorthPeak,"The Ultra Gaming Mouse 926 by NorthPeak delivers dependable performance with quality materials and thoughtful design. It is well suited for everyday use in the electronics category, offering a strong balance of value and functionality.",Electronics,"Essential, Ergonomic, Bestseller, Limited Edition, Premium",483.5,3.3,6953,1297,2020-11-14,0YVP4rZs#p<$,Bruno Yamazaky,https://unsplash.com/@mryamazukino?utm_source=sse554_capstone&utm_medium=referral
https://images.unsplash.com/photo-1586187543706-b43086b30978?crop=entropy&cs=tinysrgb&fit=max&fm=jpg&ixid=M3w4NzQxNTN8MHwxfHNlYXJjaHwxfHxQcmVtaXVtJTIwRXh0ZXJuYWwlMjBIYXJkJTIwRHJpdmV8ZW58MHx8fHwxNzcyMjI1ODQ0fDA&ixlib=rb-4.1.0&q=80&w=1080?utm_source=sse554_capstone&utm_medium=referral,Premium External Hard Drive,Horizon Tech,"The Premium External Hard Drive 495 by Horizon Tech delivers dependable performance with quality materials and thoughtful design. It is well suited for everyday use in the clothing category, offering a strong balance of value and functionality.",Clothing,"Limited Edition, Versatile, Durable, Essential, Portable",613.45,4.7,6511,1435,2017-07-28,xq-:&G:4/99/,Everyday Basics,https://unsplash.com/@zanardi?utm_source=sse554_capstone&utm_medium=referral
https://images.unsplash.com/photo-1589256469067-ea99122bbdc4?crop=entropy&cs=tinysrgb&fit=max&fm=jpg&ixid=M3w4NzQxNTN8MHwxfHNlYXJjaHwxfHxQb3J0YWJsZSUyMEJsdWV0b290aCUyMFNwZWFrZXJ8ZW58MHx8fHwxNzcyMjI1ODI1fDA&ixlib=rb-4.1.0&q=80&w=1080?utm_source=sse554_capstone&utm_medium=referral,Portable Bluetooth Speaker,Horizon Tech,"The Portable Bluetooth Speaker 503 by Horizon Tech delivers dependable performance with quality materials and thoughtful design. It is well suited for everyday use in the clothing category, offering a strong balance of value and functionality.",Clothing,"Giftable, Compact, New Arrival, Essential, Bestseller",741.45,3.8,8679,1506,2023-02-05,U"'-II;-%oAq,Habib Dadkhah,https://unsplash.com/@habibdadkhah?utm_source=sse554_capstone&utm_medium=referral
https://images.unsplash.com/photo-1759395162739-84190996783c?crop=entropy&cs=tinysrgb&fit=max&fm=jpg&ixid=M3w4NzQxNTN8MHwxfHNlYXJjaHwxfHxTbWFydCUyMFNjaWVuY2UlMjBGaWN0aW9uJTIwTm92ZWx8ZW58MHx8fHwxNzcyMjI1ODI4fDA&ixlib=rb-4.1.0&q=80&w=1080?utm_source=sse554_capstone&utm_medium=referral,Smart Science Fiction Novel,BrightLeaf Publishing,"The Smart Science Fiction Novel 313 by BrightLeaf Publishing delivers dependable performance with quality materials and thoughtful design. It is well suited for everyday use in the home & kitchen category, offering a strong balance of value and functionality.",Home & Kitchen,"Rechargeable, Ergonomic, Versatile, Bestseller, Waterproof",218.26,3.4,2623,901,2025-03-11,NJKAF&_3~9;K,Declan Sun,https://unsplash.com/@declansun?utm_source=sse554_capstone&utm_medium=referral
https://images.unsplash.com/photo-1566533893210-134327eb8967?crop=entropy&cs=tinysrgb&fit=max&fm=jpg&ixid=M3w4NzQxNTN8MHwxfHNlYXJjaHwxfHxFY28lMjBOb2lzZSUyMENhbmNlbGxpbmclMjBIZWFkcGhvbmVzfGVufDB8fHx8MTc3MjIyNTg0NHww&ixlib=rb-4.1.0&q=80&w=1080?utm_source=sse554_capstone&utm_medium=referral,Eco Noise Cancelling Headphones,Summit Gear Co.,"The Eco Noise Cancelling Headphones 420 by Summit Gear Co. delivers dependable performance with quality materials and thoughtful design. It is well suited for everyday use in the books category, offering a strong balance of value and functionality.",Books,"Rechargeable, Limited Edition, Compact, New Arrival, Bestseller",601.18,1.9,1842,1853,2017-05-04,l}twIB[oQrLp,Dev Asangbam,https://unsplash.com/@devasangbam?utm_source=sse554_capstone&utm_medium=referral
https://images.unsplash.com/photo-1760278041943-8b2ccec1e9e2?crop=entropy&cs=tinysrgb&fit=max&fm=jpg&ixid=M3w4NzQxNTN8MHwxfHNlYXJjaHwxfHxTbWFydCUyMEdhbWluZyUyME1vdXNlfGVufDB8fHx8MTc3MjIyNTgyNnww&ixlib=rb-4.1.0&q=80&w=1080?utm_source=sse554_capstone&utm_medium=referral,Smart Gaming Mouse,Horizon Tech,"The Smart Gaming Mouse 893 by Horizon Tech delivers dependable performance with quality materials and thoughtful design. It is well suited for everyday use in the home & kitchen category, offering a strong balance of value and functionality.",Home & Kitchen,"Giftable, Modern, Durable, New Arrival, Lightweight",368.9,2.3,3056,261,2017-08-28,\y)s5NVu)-N-,Matúš Gocman,https://unsplash.com/@matgocman?utm_source=sse554_capstone&utm_medium=referral
https://images.unsplash.com/photo-1619590530232-da98a822baa5?crop=entropy&cs=tinysrgb&fit=max&fm=jpg&ixid=M3w4NzQxNTN8MHwxfHNlYXJjaHwxfHxDb21wYWN0JTIwNEslMjBNb25pdG9yfGVufDB8fHx8MTc3MjIyNTg0NHww&ixlib=rb-4.1.0&q=80&w=1080?utm_source=sse554_capstone&utm_medium=referral,Compact 4K Monitor,UrbanNest,"The Compact 4K Monitor 767 by UrbanNest delivers dependable performance with quality materials and thoughtful design. It is well suited for everyday use in the electronics category, offering a strong balance of value and functionality.",Electronics,"Essential, Rechargeable, Lightweight, New Arrival, Compact",125.97,4.8,4437,1808,2016-03-05,KJi>5}4\o;$M,Stebilex Systems,https://unsplash.com/@stebilexsystems?utm_source=sse554_capstone&utm_medium=referral
https://images.unsplash.com/photo-1592999641298-434e28c11d14?crop=entropy&cs=tinysrgb&fit=max&fm=jpg&ixid=M3w4NzQxNTN8MHwxfHNlYXJjaHwxfHxVbHRyYSUyMFN0YWlubGVzcyUyMFN0ZWVsJTIwV2F0ZXIlMjBCb3R0bGV8ZW58MHx8fHwxNzcyMjI1ODQwfDA&ixlib=rb-4.1.0&q=80&w=1080?utm_source=sse554_capstone&utm_medium=referral,Ultra Stainless Steel Water Bottle,Summit Gear Co.,"The Ultra Stainless Steel Water Bottle 457 by Summit Gear Co. delivers dependable performance with quality materials and thoughtful design. It is well suited for everyday use in the books category, offering a strong balance of value and functionality.",Books,"Premium, Portable, Lightweight, Giftable, Limited Edition",752.65,1.7,5957,1340,2022-07-24,";lEH,^L<4'P\",Filip Baotić,https://unsplash.com/@filipbaotic?utm_source=sse554_capstone&utm_medium=referral
https://images.unsplash.com/photo-1588279102558-dabc7b32d9b1?crop=entropy&cs=tinysrgb&fit=max&fm=jpg&ixid=M3w4NzQxNTN8MHwxfHNlYXJjaHwxfHxDbGFzc2ljJTIwQ29va3dhcmUlMjBTZXR8ZW58MHx8fHwxNzcyMjI1ODQ1fDA&ixlib=rb-4.1.0&q=80&w=1080?utm_source=sse554_capstone&utm_medium=referral,Classic Cookware Set,BrightLeaf Publishing,"The Classic Cookware Set 567 by BrightLeaf Publishing delivers dependable performance with quality materials and thoughtful design. It is well suited for everyday use in the clothing category, offering a strong balance of value and functionality.",Clothing,"Durable, Versatile, Modern, Lightweight, Wireless",489.42,4.5,1649,115,2025-07-10,~<4|)t_F/e)d,Cooker King,https://unsplash.com/@cookerking?utm_source=sse554_capstone&utm_medium=referral
https://images.unsplash.com/photo-1718210719917-c6e1cd5be085?crop=entropy&cs=tinysrgb&fit=max&fm=jpg&ixid=M3w4NzQxNTN8MHwxfHNlYXJjaHwxfHxTbWFydCUyMFN0YWlubGVzcyUyMFN0ZWVsJTIwV2F0ZXIlMjBCb3R0bGV8ZW58MHx8fHwxNzcyMjI1ODQ1fDA&ixlib=rb-4.1.0&q=80&w=1080?utm_source=sse554_capstone&utm_medium=referral,Smart Stainless Steel Water Bottle,Summit Gear Co.,"The Smart Stainless Steel Water Bottle 874 by Summit Gear Co. delivers dependable performance with quality materials and thoughtful design. It is well suited for everyday use in the office supplies category, offering a strong balance of value and functionality.",Office Supplies,"Premium, Rechargeable, Durable, Ergonomic, Bestseller",622.24,4.8,4138,110,2023-03-17,G8K.J$-$w7aF,Kedibone Isaac Makhumisane,https://unsplash.com/@isaax_the_artist?utm_source=sse554_capstone&utm_medium=referral
https://images.unsplash.com/photo-1716623816154-82045bc02706?crop=entropy&cs=tinysrgb&fit=max&fm=jpg&ixid=M3w4NzQxNTN8MHwxfHNlYXJjaHwxfHxQcm9mZXNzaW9uYWwlMjBDb29rd2FyZSUyMFNldHxlbnwwfHx8fDE3NzIyMjU4MzF8MA&ixlib=rb-4.1.0&q=80&w=1080?utm_source=sse554_capstone&utm_medium=referral,Professional Cookware Set,Maple Street Press,"The Professional Cookware Set 562 by Maple Street Press delivers dependable performance with quality materials and thoughtful design. It is well suited for everyday use in the home & kitchen category, offering a strong balance of value and functionality.",Home & Kitchen,"Wireless, Limited Edition, Compact, Premium, Bestseller",74.45,3.8,6070,428,2021-02-09,I[?IwEE#N79#,Vlad Kutepov,https://unsplash.com/@kvtepov?utm_source=sse554_capstone&utm_medium=referral
https://images.unsplash.com/photo-1754821305530-8e3c7b8deda2?crop=entropy&cs=tinysrgb&fit=max&fm=jpg&ixid=M3w4NzQxNTN8MHwxfHNlYXJjaHwxfHxXaXJlbGVzcyUyMEZpdG5lc3MlMjBUcmFja2VyfGVufDB8fHx8MTc3MjIyNTg0Nnww&ixlib=rb-4.1.0&q=80&w=1080?utm_source=sse554_capstone&utm_medium=referral,Wireless Fitness Tracker,BlueRiver Outfitters,"The Wireless Fitness Tracker 597 by BlueRiver Outfitters delivers dependable performance with quality materials and thoughtful design. It is well suited for everyday use in the home & kitchen category, offering a strong balance of value and functionality.",Home & Kitchen,"Ergonomic, Modern, Waterproof, Portable, Limited Edition",121.79,1.2,5722,1044,2017-06-12,8f0$#@v*B}o/,Andrey Matveev,https://unsplash.com/@zelebb?utm_source=sse554_capstone&utm_medium=referral
https://images.unsplash.com/photo-1653823815301-faf2f30db0bd?crop=entropy&cs=tinysrgb&fit=max&fm=jpg&ixid=M3w4NzQxNTN8MHwxfHNlYXJjaHwxfHxQcm9mZXNzaW9uYWwlMjA0SyUyME1vbml0b3J8ZW58MHx8fHwxNzcyMjI1ODM3fDA&ixlib=rb-4.1.0&q=80&w=1080?utm_source=sse554_capstone&utm_medium=referral,Professional 4K Monitor,SilverLine Electronics,"The Professional 4K Monitor 638 by SilverLine Electronics delivers dependable performance with quality materials and thoughtful design. It is well suited for everyday use in the office supplies category, offering a strong balance of value and functionality.",Office Supplies,"New Arrival, Durable, Essential, Portable, Rechargeable",616.27,4.9,8370,1732,2016-12-07,v3U7vBOwE#aw,Karthik Chinu,https://unsplash.com/@karthikchinu?utm_source=sse554_capstone&utm_medium=referral
https://images.unsplash.com/photo-1674303324806-7018a739ed11?crop=entropy&cs=tinysrgb&fit=max&fm=jpg&ixid=M3w4NzQxNTN8MHwxfHNlYXJjaHwxfHxXaXJlbGVzcyUyMEJsdWV0b290aCUyMFNwZWFrZXJ8ZW58MHx8fHwxNzcyMjI1ODQ2fDA&ixlib=rb-4.1.0&q=80&w=1080?utm_source=sse554_capstone&utm_medium=referral,Wireless Bluetooth Speaker,Horizon Tech,"The Wireless Bluetooth Speaker 788 by Horizon Tech delivers dependable performance with quality materials and thoughtful design. It is well suited for everyday use in the home & kitchen category, offering a strong balance of value and functionality.",Home & Kitchen,"Portable, Modern, Ergonomic, Wireless, Bestseller",511.3,2.7,2419,572,2019-03-25,z)fO$`_o>PNf,Andrey Matveev,https://unsplash.com/@zelebb?utm_source=sse554_capstone&utm_medium=referral
https://images.unsplash.com/photo-1708513427809-728a7913fc9f?crop=entropy&cs=tinysrgb&fit=max&fm=jpg&ixid=M3w4NzQxNTN8MHwxfHNlYXJjaHwxfHxQcm9mZXNzaW9uYWwlMjBMRUQlMjBEZXNrJTIwTGFtcHxlbnwwfHx8fDE3NzIyMjU4Mjd8MA&ixlib=rb-4.1.0&q=80&w=1080?utm_source=sse554_capstone&utm_medium=referral,Professional LED Desk Lamp,NorthPeak,"The Professional LED Desk Lamp 258 by NorthPeak delivers dependable performance with quality materials and thoughtful design. It is well suited for everyday use in the office supplies category, offering a strong balance of value and functionality.",Office Supplies,"Essential, Bestseller, Lightweight, Waterproof, Durable",313.64,4.6,6882,125,2022-05-07,Q9=t'6E2Grg3,Uwukuri Emery,https://unsplash.com/@uwukuriemery?utm_source=sse554_capstone&utm_medium=referral
https://images.unsplash.com/photo-1766713993296-4b7ce61e9ace?crop=entropy&cs=tinysrgb&fit=max&fm=jpg&ixid=M3w4NzQxNTN8MHwxfHNlYXJjaHwxfHxQcmVtaXVtJTIwR2FtaW5nJTIwTW91c2V8ZW58MHx8fHwxNzcyMjI1ODQ2fDA&ixlib=rb-4.1.0&q=80&w=1080?utm_source=sse554_capstone&utm_medium=referral,Premium Gaming Mouse,BlueRiver Outfitters,"The Premium Gaming Mouse 240 by BlueRiver Outfitters delivers dependable performance with quality materials and thoughtful design. It is well suited for everyday use in the books category, offering a strong balance of value and functionality.",Books,"Lightweight, Durable, Limited Edition, New Arrival, Versatile",711.49,4.2,4756,179,2020-04-20,s?0{8j9Nulgz,Dou Buhiu,https://unsplash.com/@doubuhi?utm_source=sse554_capstone&utm_medium=referral
https://images.unsplash.com/photo-1652262135789-e6cec614eea5?crop=entropy&cs=tinysrgb&fit=max&fm=jpg&ixid=M3w4NzQxNTN8MHwxfHNlYXJjaHwxfHxTbWFydCUyMEJhY2twYWNrfGVufDB8fHx8MTc3MjIyNTg0N3ww&ixlib=rb-4.1.0&q=80&w=1080?utm_source=sse554_capstone&utm_medium=referral,Smart Backpack,BlueRiver Outfitters,"The Smart Backpack 703 by BlueRiver Outfitters delivers dependable performance with quality materials and thoughtful design. It is well suited for everyday use in the home & kitchen category, offering a strong balance of value and functionality.",Home & Kitchen,"Modern, Durable, Lightweight, Giftable, Rechargeable",20.91,2.4,1852,1373,2018-12-08,_@ui?^5O#aCv,Artem Kniaz,https://unsplash.com/@artem_kniaz?utm_source=sse554_capstone&utm_medium=referral
https://images.unsplash.com/photo-1765914448164-de1e22b7fa02?crop=entropy&cs=tinysrgb&fit=max&fm=jpg&ixid=M3w4NzQxNTN8MHwxfHNlYXJjaHwxfHxBZHZhbmNlZCUyMFJ1bm5pbmclMjBTaG9lc3xlbnwwfHx8fDE3NzIyMjU4NDd8MA&ixlib=rb-4.1.0&q=80&w=1080?utm_source=sse554_capstone&utm_medium=referral,Advanced Running Shoes,BlueRiver Outfitters,"The Advanced Running Shoes 652 by BlueRiver Outfitters delivers dependable performance with quality materials and thoughtful design. It is well suited for everyday use in the books category, offering a strong balance of value and functionality.",Books,"Compact, Modern, Premium, New Arrival, Waterproof",197.41,3.8,2455,1461,2019-01-31,":`Es,zT$TwTd",Taylor Friehl,https://unsplash.com/@taylor_friehl?utm_source=sse554_capstone&utm_medium=referral
https://images.unsplash.com/photo-1557349964-34f68e722d29?crop=entropy&cs=tinysrgb&fit=max&fm=jpg&ixid=M3w4NzQxNTN8MHwxfHNlYXJjaHwxfHxQcm9mZXNzaW9uYWwlMjBDb29rYm9va3xlbnwwfHx8fDE3NzIyMjU4NDF8MA&ixlib=rb-4.1.0&q=80&w=1080?utm_source=sse554_capstone&utm_medium=referral,Professional Cookbook,UrbanNest,"The Professional Cookbook 626 by UrbanNest delivers dependable performance with quality materials and thoughtful design. It is well suited for everyday use in the clothing category, offering a strong balance of value and functionality.",Clothing,"Giftable, New Arrival, Limited Edition, Modern, Compact",599.82,2.0,9714,503,2024-07-17,!h)H|B\bI*2t,Hartai Klaudia,https://unsplash.com/@hartaiklaudia?utm_source=sse554_capstone&utm_medium=referral
https://images.unsplash.com/photo-1768332487888-326fa7dabbf2?crop=entropy&cs=tinysrgb&fit=max&fm=jpg&ixid=M3w4NzQxNTN8MHwxfHNlYXJjaHwxfHxQcmVtaXVtJTIwQ29va2Jvb2t8ZW58MHx8fHwxNzcyMjI1ODQ3fDA&ixlib=rb-4.1.0&q=80&w=1080?utm_source=sse554_capstone&utm_medium=referral,Premium Cookbook,BrightLeaf Publishing,"The Premium Cookbook 609 by BrightLeaf Publishing delivers dependable performance with quality materials and thoughtful design. It is well suited for everyday use in the clothing category, offering a strong balance of value and functionality.",Clothing,"Essential, Versatile, Compact, Waterproof, Premium",375.39,1.2,2113,1901,2018-02-11,WB_euWfB&OY:,Kamilla Isalieva,https://unsplash.com/@kamillaisalieva?utm_source=sse554_capstone&utm_medium=referral
https://images.unsplash.com/photo-1646614871839-881108ea8407?crop=entropy&cs=tinysrgb&fit=max&fm=jpg&ixid=M3w4NzQxNTN8MHwxfHNlYXJjaHwxfHxDbGFzc2ljJTIwU2NpZW5jZSUyMEZpY3Rpb24lMjBOb3ZlbHxlbnwwfHx8fDE3NzIyMjU4Mzl8MA&ixlib=rb-4.1.0&q=80&w=1080?utm_source=sse554_capstone&utm_medium=referral,Classic Science Fiction Novel,BlueRiver Outfitters,"The Classic Science Fiction Novel 963 by BlueRiver Outfitters delivers dependable performance with quality materials and thoughtful design. It is well suited for everyday use in the electronics category, offering a strong balance of value and functionality.",Electronics,"Durable, Giftable, Rechargeable, Essential, Ergonomic",241.9,1.5,3485,1143,2019-02-17,%Cs'wp6oFC58,And Machines,https://unsplash.com/@and_machines?utm_source=sse554_capstone&utm_medium=referral
https://images.unsplash.com/photo-1693596936248-8fab255a3de1?crop=entropy&cs=tinysrgb&fit=max&fm=jpg&ixid=M3w4NzQxNTN8MHwxfHNlYXJjaHwxfHxXaXJlbGVzcyUyMExFRCUyMERlc2slMjBMYW1wfGVufDB8fHx8MTc3MjIyNTgzNHww&ixlib=rb-4.1.0&q=80&w=1080?utm_source=sse554_capstone&utm_medium=referral,Wireless LED Desk Lamp,BlueRiver Outfitters,"The Wireless LED Desk Lamp 243 by BlueRiver Outfitters delivers dependable performance with quality materials and thoughtful design. It is well suited for everyday use in the electronics category, offering a strong balance of value and functionality.",Electronics,"Ergonomic, Versatile, Durable, New Arrival, Essential",34.02,1.2,6047,1471,2024-12-11,yC[ZAXR~H\M`,Darius Cotoi,https://unsplash.com/@dariuscotoi?utm_source=sse554_capstone&utm_medium=referral
https://images.unsplash.com/photo-1554175940-c7d7ede2ecb9?crop=entropy&cs=tinysrgb&fit=max&fm=jpg&ixid=M3w4NzQxNTN8MHwxfHNlYXJjaHwxfHxFY28lMjBNZWNoYW5pY2FsJTIwS2V5Ym9hcmR8ZW58MHx8fHwxNzcyMjI1ODQ4fDA&ixlib=rb-4.1.0&q=80&w=1080?utm_source=sse554_capstone&utm_medium=referral,Eco Mechanical Keyboard,BlueRiver Outfitters,"The Eco Mechanical Keyboard 911 by BlueRiver Outfitters delivers dependable performance with quality materials and thoughtful design. It is well suited for everyday use in the electronics category, offering a strong balance of value and functionality.",Electronics,"Giftable, Ergonomic, New Arrival, Limited Edition, Rechargeable",713.04,3.7,7866,412,2018-12-03,<pme5ppsfDU|,H&co,https://unsplash.com/@hngstrm?utm_source=sse554_capstone&utm_medium=referral
https://images.unsplash.com/photo-1767003259020-140e63496334?crop=entropy&cs=tinysrgb&fit=max&fm=jpg&ixid=M3w4NzQxNTN8MHwxfHNlYXJjaHwxfHxBZHZhbmNlZCUyMEZpdG5lc3MlMjBUcmFja2VyfGVufDB8fHx8MTc3MjIyNTg0OHww&ixlib=rb-4.1.0&q=80&w=1080?utm_source=sse554_capstone&utm_medium=referral,Advanced Fitness Tracker,Maple Street Press,"The Advanced Fitness Tracker 431 by Maple Street Press delivers dependable performance with quality materials and thoughtful design. It is well suited for everyday use in the sports & outdoors category, offering a strong balance of value and functionality.",Sports & Outdoors,"Waterproof, Portable, Ergonomic, Compact, New Arrival",750.5,2.7,9208,1844,2023-03-30,;(x0Lv~DQfTy,Lightman Qian,https://unsplash.com/@lightman0215?utm_source=sse554_capstone&utm_medium=referral
https://images.unsplash.com/photo-1562878671-b3efe27953b9?crop=entropy&cs=tinysrgb&fit=max&fm=jpg&ixid=M3w4NzQxNTN8MHwxfHNlYXJjaHwxfHxVbHRyYSUyMEFjdGlvbiUyMENhbWVyYXxlbnwwfHx8fDE3NzIyMjU4NDN8MA&ixlib=rb-4.1.0&q=80&w=1080?utm_source=sse554_capstone&utm_medium=referral,Ultra Action Camera,BlueRiver Outfitters,"The Ultra Action Camera 319 by BlueRiver Outfitters delivers dependable performance with quality materials and thoughtful design. It is well suited for everyday use in the clothing category, offering a strong balance of value and functionality.",Clothing,"New Arrival, Rechargeable, Premium, Giftable, Versatile",338.21,2.7,4004,1430,2018-08-15,PR14hRs0u}LA,Jadon Kelly,https://unsplash.com/@jado_tornado?utm_source=sse554_capstone&utm_medium=referral
https://images.unsplash.com/photo-1693155257465-f29b58ecadaa?crop=entropy&cs=tinysrgb&fit=max&fm=jpg&ixid=M3w4NzQxNTN8MHwxfHNlYXJjaHwxfHxQb3J0YWJsZSUyMFNjaWVuY2UlMjBGaWN0aW9uJTIwTm92ZWx8ZW58MHx8fHwxNzcyMjI1ODQ4fDA&ixlib=rb-4.1.0&q=80&w=1080?utm_source=sse554_capstone&utm_medium=referral,Portable Science Fiction Novel,NorthPeak,"The Portable Science Fiction Novel 464 by NorthPeak delivers dependable performance with quality materials and thoughtful design. It is well suited for everyday use in the electronics category, offering a strong balance of value and functionality.",Electronics,"Giftable, New Arrival, Wireless, Rechargeable, Ergonomic",525.03,4.0,5664,552,2024-07-01,=O-JknSy7x!V,Rahul Chakraborty,https://unsplash.com/@hckmstrrahul?utm_source=sse554_capstone&utm_medium=referral
https://images.unsplash.com/photo-1771764760606-e654772df7d2?crop=entropy&cs=tinysrgb&fit=max&fm=jpg&ixid=M3w4NzQxNTN8MHwxfHNlYXJjaHwxfHxQcm9mZXNzaW9uYWwlMjBFeHRlcm5hbCUyMEhhcmQlMjBEcml2ZXxlbnwwfHx8fDE3NzIyMjU4NDl8MA&ixlib=rb-4.1.0&q=80&w=1080?utm_source=sse554_capstone&utm_medium=referral,Professional External Hard Drive,Summit Gear Co.,"The Professional External Hard Drive 249 by Summit Gear Co. delivers dependable performance with quality materials and thoughtful design. It is well suited for everyday use in the books category, offering a strong balance of value and functionality.",Books,"Bestseller, Compact, Durable, Giftable, Modern",546.71,1.2,8786,1901,2023-09-21,x!9FTSY](umg,Ahmadreza Rezaie,https://unsplash.com/@ahmdrzarzai?utm_source=sse554_capstone&utm_medium=referral
https://images.unsplash.com/photo-1566286378558-5d52a6710b6e?crop=entropy&cs=tinysrgb&fit=max&fm=jpg&ixid=M3w4NzQxNTN8MHwxfHNlYXJjaHwxfHxBZHZhbmNlZCUyME5vaXNlJTIwQ2FuY2VsbGluZyUyMEhlYWRwaG9uZXN8ZW58MHx8fHwxNzcyMjI1ODQ5fDA&ixlib=rb-4.1.0&q=80&w=1080?utm_source=sse554_capstone&utm_medium=referral,Advanced Noise Cancelling Headphones,UrbanNest,"The Advanced Noise Cancelling Headphones 845 by UrbanNest delivers dependable performance with quality materials and thoughtful design. It is well suited for everyday use in the electronics category, offering a strong balance of value and functionality.",Electronics,"New Arrival, Rechargeable, Essential, Premium, Wireless",264.38,3.7,2957,201,2018-06-20,",w.FL@`V2[]M",Maulik Sutariya,https://unsplash.com/@truemaulik?utm_source=sse554_capstone&utm_medium=referral
https://images.unsplash.com/photo-1571406487954-dc11b0c0767d?crop=entropy&cs=tinysrgb&fit=max&fm=jpg&ixid=M3w4NzQxNTN8MHwxfHNlYXJjaHwxfHxDb21wYWN0JTIwTEVEJTIwRGVzayUyMExhbXB8ZW58MHx8fHwxNzcyMjI1ODQ5fDA&ixlib=rb-4.1.0&q=80&w=1080?utm_source=sse554_capstone&utm_medium=referral,Compact LED Desk Lamp,SilverLine Electronics,"The Compact LED Desk Lamp 262 by SilverLine Electronics delivers dependable performance with quality materials and thoughtful design. It is well suited for everyday use in the sports & outdoors category, offering a strong balance of value and functionality.",Sports & Outdoors,"New Arrival, Rechargeable, Versatile, Ergonomic, Giftable",741.58,4.5,1602,1214,2025-03-25,>IZ(Cq]QWeJM,Monty Allen,https://unsplash.com/@monty_a?utm_source=sse554_capstone&utm_medium=referral
https://images.unsplash.com/photo-1738520420636-a1591b84723e?crop=entropy&cs=tinysrgb&fit=max&fm=jpg&ixid=M3w4NzQxNTN8MHwxfHNlYXJjaHwxfHxBZHZhbmNlZCUyMEVsZWN0cmljJTIwS2V0dGxlfGVufDB8fHx8MTc3MjIyNTg0OXww&ixlib=rb-4.1.0&q=80&w=1080?utm_source=sse554_capstone&utm_medium=referral,Advanced Electric Kettle,NorthPeak,"The Advanced Electric Kettle 621 by NorthPeak delivers dependable performance with quality materials and thoughtful design. It is well suited for everyday use in the office supplies category, offering a strong balance of value and functionality.",Office Supplies,"Bestseller, Modern, Portable, Premium, New Arrival",426.79,1.8,2573,524,2022-01-16,SyvPXfC;:;$),Gleb Paniotov,https://unsplash.com/@paniotovvv?utm_source=sse554_capstone&utm_medium=referral
https://images.unsplash.com/photo-1754821305530-8e3c7b8deda2?crop=entropy&cs=tinysrgb&fit=max&fm=jpg&ixid=M3w4NzQxNTN8MHwxfHNlYXJjaHwxfHxQb3J0YWJsZSUyMEZpdG5lc3MlMjBUcmFja2VyfGVufDB8fHx8MTc3MjIyNTgzNnww&ixlib=rb-4.1.0&q=80&w=1080?utm_source=sse554_capstone&utm_medium=referral,Portable Fitness Tracker,Maple Street Press,"The Portable Fitness Tracker 436 by Maple Street Press delivers dependable performance with quality materials and thoughtful design. It is well suited for everyday use in the clothing category, offering a strong balance of value and functionality.",Clothing,"Giftable, Wireless, Ergonomic, Versatile, Essential",635.77,1.9,9300,1921,2016-11-23,t7<H\Wi:+]F3,Andrey Matveev,https://unsplash.com/@zelebb?utm_source=sse554_capstone&utm_medium=referral
https://images.unsplash.com/photo-1622551292636-fc51a35d66fb?crop=entropy&cs=tinysrgb&fit=max&fm=jpg&ixid=M3w4NzQxNTN8MHwxfHNlYXJjaHwxfHxQb3J0YWJsZSUyMENvb2tib29rfGVufDB8fHx8MTc3MjIyNTg1MHww&ixlib=rb-4.1.0&q=80&w=1080?utm_source=sse554_capstone&utm_medium=referral,Portable Cookbook,UrbanNest,"The Portable Cookbook 420 by UrbanNest delivers dependable performance with quality materials and thoughtful design. It is well suited for everyday use in the books category, offering a strong balance of value and functionality.",Books,"Waterproof, Ergonomic, Bestseller, Compact, Modern",59.4,3.7,5538,102,2023-11-03,_qLW5P%AW\W.,Annie Spratt,https://unsplash.com/@anniespratt?utm_source=sse554_capstone&utm_medium=referral
https://images.unsplash.com/photo-1708513427809-728a7913fc9f?crop=entropy&cs=tinysrgb&fit=max&fm=jpg&ixid=M3w4NzQxNTN8MHwxfHNlYXJjaHwxfHxQcm9mZXNzaW9uYWwlMjBMRUQlMjBEZXNrJTIwTGFtcHxlbnwwfHx8fDE3NzIyMjU4Mjd8MA&ixlib=rb-4.1.0&q=80&w=1080?utm_source=sse554_capstone&utm_medium=referral,Professional LED Desk Lamp,Horizon Tech,"The Professional LED Desk Lamp 663 by Horizon Tech delivers dependable performance with quality materials and thoughtful design. It is well suited for everyday use in the sports & outdoors category, offering a strong balance of value and functionality.",Sports & Outdoors,"New Arrival, Lightweight, Durable, Waterproof, Wireless",34.08,3.4,8695,547,2016-12-08,_'HsYg6{21Yy,Uwukuri Emery,https://unsplash.com/@uwukuriemery?utm_source=sse554_capstone&utm_medium=referral
https://images.unsplash.com/photo-1605880319307-757c2d258a3f?crop=entropy&cs=tinysrgb&fit=max&fm=jpg&ixid=M3w4NzQxNTN8MHwxfHNlYXJjaHwxfHxQcmVtaXVtJTIwQ29va3dhcmUlMjBTZXR8ZW58MHx8fHwxNzcyMjI1ODMyfDA&ixlib=rb-4.1.0&q=80&w=1080?utm_source=sse554_capstone&utm_medium=referral,Premium Cookware Set,NorthPeak,"The Premium Cookware Set 431 by NorthPeak delivers dependable performance with quality materials and thoughtful design. It is well suited for everyday use in the home & kitchen category, offering a strong balance of value and functionality.",Home & Kitchen,"Bestseller, Wireless, Portable, New Arrival, Durable",472.58,2.7,9258,1231,2025-12-06,[7*$*VZ<l*h-,Fanny Prevost,https://unsplash.com/@itsfannyprevost?utm_source=sse554_capstone&utm_medium=referral
https://images.unsplash.com/photo-1726133731374-31f3ab7d29d9?crop=entropy&cs=tinysrgb&fit=max&fm=jpg&ixid=M3w4NzQxNTN8MHwxfHNlYXJjaHwxfHxXaXJlbGVzcyUyMFJ1bm5pbmclMjBTaG9lc3xlbnwwfHx8fDE3NzIyMjU4NTB8MA&ixlib=rb-4.1.0&q=80&w=1080?utm_source=sse554_capstone&utm_medium=referral,Wireless Running Shoes,UrbanNest,"The Wireless Running Shoes 187 by UrbanNest delivers dependable performance with quality materials and thoughtful design. It is well suited for everyday use in the books category, offering a strong balance of value and functionality.",Books,"Bestseller, Wireless, New Arrival, Lightweight, Compact",624.67,3.6,4383,1353,2017-01-26,l*}Cm6$g"ZU:,Rohit Sharma,https://unsplash.com/@rohitsharma1785?utm_source=sse554_capstone&utm_medium=referral
https://images.unsplash.com/photo-1754821305530-8e3c7b8deda2?crop=entropy&cs=tinysrgb&fit=max&fm=jpg&ixid=M3w4NzQxNTN8MHwxfHNlYXJjaHwxfHxQb3J0YWJsZSUyMEZpdG5lc3MlMjBUcmFja2VyfGVufDB8fHx8MTc3MjIyNTgzNnww&ixlib=rb-4.1.0&q=80&w=1080?utm_source=sse554_capstone&utm_medium=referral,Portable Fitness Tracker,BrightLeaf Publishing,"The Portable Fitness Tracker 488 by BrightLeaf Publishing delivers dependable performance with quality materials and thoughtful design. It is well suited for everyday use in the books category, offering a strong balance of value and functionality.",Books,"Rechargeable, Modern, Bestseller, Ergonomic, Premium",661.16,4.9,4615,17,2017-11-05,=uj)gX-2K{'",Andrey Matveev,https://unsplash.com/@zelebb?utm_source=sse554_capstone&utm_medium=referral
https://images.unsplash.com/photo-1771310972931-79fd85c98b02?crop=entropy&cs=tinysrgb&fit=max&fm=jpg&ixid=M3w4NzQxNTN8MHwxfHNlYXJjaHwxfHxQcm9mZXNzaW9uYWwlMjBZb2dhJTIwTWF0fGVufDB8fHx8MTc3MjIyNTg1MHww&ixlib=rb-4.1.0&q=80&w=1080?utm_source=sse554_capstone&utm_medium=referral,Professional Yoga Mat,UrbanNest,"The Professional Yoga Mat 415 by UrbanNest delivers dependable performance with quality materials and thoughtful design. It is well suited for everyday use in the clothing category, offering a strong balance of value and functionality.",Clothing,"Premium, Bestseller, Essential, Lightweight, Durable",405.98,4.9,1587,1969,2018-01-19,f`Up^sdCEr)E,Christian Agbede,https://unsplash.com/@chriscreations__?utm_source=sse554_capstone&utm_medium=referral
https://images.unsplash.com/photo-1752367428176-2b0cd6cc11b4?crop=entropy&cs=tinysrgb&fit=max&fm=jpg&ixid=M3w4NzQxNTN8MHwxfHNlYXJjaHwxfHxXaXJlbGVzcyUyMEVsZWN0cmljJTIwS2V0dGxlfGVufDB8fHx8MTc3MjIyNTgzMHww&ixlib=rb-4.1.0&q=80&w=1080?utm_source=sse554_capstone&utm_medium=referral,Wireless Electric Kettle,BlueRiver Outfitters,"The Wireless Electric Kettle 767 by BlueRiver Outfitters delivers dependable performance with quality materials and thoughtful design. It is well suited for everyday use in the office supplies category, offering a strong balance of value and functionality.",Office Supplies,"Portable, Bestseller, Rechargeable, Giftable, Wireless",791.0,3.6,2598,839,2016-01-03,BZ/X@Nm[}IQJ,Rodrigo Araya,https://unsplash.com/@rodrigotypo?utm_source=sse554_capstone&utm_medium=referral
https://images.unsplash.com/photo-1758348844355-2ef28345979d?crop=entropy&cs=tinysrgb&fit=max&fm=jpg&ixid=M3w4NzQxNTN8MHwxfHNlYXJjaHwxfHxQcmVtaXVtJTIwRml0bmVzcyUyMFRyYWNrZXJ8ZW58MHx8fHwxNzcyMjI1ODUxfDA&ixlib=rb-4.1.0&q=80&w=1080?utm_source=sse554_capstone&utm_medium=referral,Premium Fitness Tracker,NorthPeak,"The Premium Fitness Tracker 195 by NorthPeak delivers dependable performance with quality materials and thoughtful design. It is well suited for everyday use in the office supplies category, offering a strong balance of value and functionality.",Office Supplies,"Modern, Giftable, Ergonomic, Lightweight, New Arrival",454.45,1.5,7000,744,2019-02-13,1qvjh>s{TOxS,Sam Grozyan,https://unsplash.com/@ijeunes?utm_source=sse554_capstone&utm_medium=referral
https://images.unsplash.com/photo-1718210719917-c6e1cd5be085?crop=entropy&cs=tinysrgb&fit=max&fm=jpg&ixid=M3w4NzQxNTN8MHwxfHNlYXJjaHwxfHxTbWFydCUyMFN0YWlubGVzcyUyMFN0ZWVsJTIwV2F0ZXIlMjBCb3R0bGV8ZW58MHx8fHwxNzcyMjI1ODQ1fDA&ixlib=rb-4.1.0&q=80&w=1080?utm_source=sse554_capstone&utm_medium=referral,Smart Stainless Steel Water Bottle,Maple Street Press,"The Smart Stainless Steel Water Bottle 747 by Maple Street Press delivers dependable performance with quality materials and thoughtful design. It is well suited for everyday use in the electronics category, offering a strong balance of value and functionality.",Electronics,"Compact, New Arrival, Essential, Waterproof, Rechargeable",82.74,2.2,6784,1690,2023-12-08,|qu8)umEyplI,Kedibone Isaac Makhumisane,https://unsplash.com/@isaax_the_artist?utm_source=sse554_capstone&utm_medium=referral
https://images.unsplash.com/photo-1715589249812-327996b73e31?crop=entropy&cs=tinysrgb&fit=max&fm=jpg&ixid=M3w4NzQxNTN8MHwxfHNlYXJjaHwxfHxVbHRyYSUyMEVsZWN0cmljJTIwS2V0dGxlfGVufDB8fHx8MTc3MjIyNTg1MXww&ixlib=rb-4.1.0&q=80&w=1080?utm_source=sse554_capstone&utm_medium=referral,Ultra Electric Kettle,Horizon Tech,"The Ultra Electric Kettle 250 by Horizon Tech delivers dependable performance with quality materials and thoughtful design. It is well suited for everyday use in the home & kitchen category, offering a strong balance of value and functionality.",Home & Kitchen,"Wireless, Bestseller, Modern, Rechargeable, Ergonomic",369.57,4.4,3449,1623,2016-07-03,fe?ar6x(s-ee,Samuel Angor,https://unsplash.com/@sammysays___?utm_source=sse554_capstone&utm_medium=referral
https://images.unsplash.com/photo-1768332487888-326fa7dabbf2?crop=entropy&cs=tinysrgb&fit=max&fm=jpg&ixid=M3w4NzQxNTN8MHwxfHNlYXJjaHwxfHxDbGFzc2ljJTIwQ29va2Jvb2t8ZW58MHx8fHwxNzcyMjI1ODUyfDA&ixlib=rb-4.1.0&q=80&w=1080?utm_source=sse554_capstone&utm_medium=referral,Classic Cookbook,Maple Street Press,"The Classic Cookbook 519 by Maple Street Press delivers dependable performance with quality materials and thoughtful design. It is well suited for everyday use in the office supplies category, offering a strong balance of value and functionality.",Office Supplies,"Giftable, Waterproof, Portable, Durable, Limited Edition",703.5,2.1,1586,1236,2023-06-12,9?U$!por`J}i,Kamilla Isalieva,https://unsplash.com/@kamillaisalieva?utm_source=sse554_capstone&utm_medium=referral
https://images.unsplash.com/photo-1564859227552-81fde4a1df0b?crop=entropy&cs=tinysrgb&fit=max&fm=jpg&ixid=M3w4NzQxNTN8MHwxfHNlYXJjaHwxfHxDbGFzc2ljJTIwR3JhcGhpYyUyMFQtU2hpcnR8ZW58MHx8fHwxNzcyMjI1ODUyfDA&ixlib=rb-4.1.0&q=80&w=1080?utm_source=sse554_capstone&utm_medium=referral,Classic Graphic T-Shirt,Maple Street Press,"The Classic Graphic T-Shirt 901 by Maple Street Press delivers dependable performance with quality materials and thoughtful design. It is well suited for everyday use in the electronics category, offering a strong balance of value and functionality.",Electronics,"Essential, Wireless, Limited Edition, Portable, Giftable",234.2,4.3,8714,1070,2020-11-12,x:bH.3B#~ZgD,Sincerely Media,https://unsplash.com/@sincerelymedia?utm_source=sse554_capstone&utm_medium=referral
https://images.unsplash.com/photo-1752854048645-15ab5d246bd4?crop=entropy&cs=tinysrgb&fit=max&fm=jpg&ixid=M3w4NzQxNTN8MHwxfHNlYXJjaHwxfHxFY28lMjBTY2llbmNlJTIwRmljdGlvbiUyME5vdmVsfGVufDB8fHx8MTc3MjIyNTg1M3ww&ixlib=rb-4.1.0&q=80&w=1080?utm_source=sse554_capstone&utm_medium=referral,Eco Science Fiction Novel,Horizon Tech,"The Eco Science Fiction Novel 212 by Horizon Tech delivers dependable performance with quality materials and thoughtful design. It is well suited for everyday use in the home & kitchen category, offering a strong balance of value and functionality.",Home & Kitchen,"Ergonomic, Limited Edition, Essential, Durable, Versatile",739.43,3.4,7569,0,2017-10-06,"""y[:d]Olwcqk",Hanna Lazar,https://unsplash.com/@potokvarte?utm_source=sse554_capstone&utm_medium=referral
https://images.unsplash.com/photo-1715589249812-327996b73e31?crop=entropy&cs=tinysrgb&fit=max&fm=jpg&ixid=M3w4NzQxNTN8MHwxfHNlYXJjaHwxfHxVbHRyYSUyMEVsZWN0cmljJTIwS2V0dGxlfGVufDB8fHx8MTc3MjIyNTg1MXww&ixlib=rb-4.1.0&q=80&w=1080?utm_source=sse554_capstone&utm_medium=referral,Ultra Electric Kettle,NorthPeak,"The Ultra Electric Kettle 225 by NorthPeak delivers dependable performance with quality materials and thoughtful design. It is well suited for everyday use in the electronics category, offering a strong balance of value and functionality.",Electronics,"Bestseller, Waterproof, Compact, Lightweight, Rechargeable",511.35,2.7,6508,1067,2022-09-04,bU0\.ixYiCVA,Samuel Angor,https://unsplash.com/@sammysays___?utm_source=sse554_capstone&utm_medium=referral
https://images.unsplash.com/photo-1615433366992-1586f3b8fca5?crop=entropy&cs=tinysrgb&fit=max&fm=jpg&ixid=M3w4NzQxNTN8MHwxfHNlYXJjaHwxfHxXaXJlbGVzcyUyME5vaXNlJTIwQ2FuY2VsbGluZyUyMEhlYWRwaG9uZXN8ZW58MHx8fHwxNzcyMjI1ODUzfDA&ixlib=rb-4.1.0&q=80&w=1080?utm_source=sse554_capstone&utm_medium=referral,Wireless Noise Cancelling Headphones,Summit Gear Co.,"The Wireless Noise Cancelling Headphones 779 by Summit Gear Co. delivers dependable performance with quality materials and thoughtful design. It is well suited for everyday use in the office supplies category, offering a strong balance of value and functionality.",Office Supplies,"Lightweight, Wireless, Essential, New Arrival, Ergonomic",493.84,1.2,4653,526,2021-02-03,'<Mf>vJT#$TM,Sj 📸,https://unsplash.com/@uxsj_ph?utm_source=sse554_capstone&utm_medium=referral
https://images.unsplash.com/photo-1693596936248-8fab255a3de1?crop=entropy&cs=tinysrgb&fit=max&fm=jpg&ixid=M3w4NzQxNTN8MHwxfHNlYXJjaHwxfHxXaXJlbGVzcyUyMExFRCUyMERlc2slMjBMYW1wfGVufDB8fHx8MTc3MjIyNTgzNHww&ixlib=rb-4.1.0&q=80&w=1080?utm_source=sse554_capstone&utm_medium=referral,Wireless LED Desk Lamp,SilverLine Electronics,"The Wireless LED Desk Lamp 580 by SilverLine Electronics delivers dependable performance with quality materials and thoughtful design. It is well suited for everyday use in the sports & outdoors category, offering a strong balance of value and functionality.",Sports & Outdoors,"Giftable, Modern, Versatile, Bestseller, New Arrival",165.92,4.4,6159,422,2018-01-24,[R5o=[HneL]0,Darius Cotoi,https://unsplash.com/@dariuscotoi?utm_source=sse554_capstone&utm_medium=referral
https://images.unsplash.com/photo-1511499008188-de491bbbae98?crop=entropy&cs=tinysrgb&fit=max&fm=jpg&ixid=M3w4NzQxNTN8MHwxfHNlYXJjaHwxfHxVbHRyYSUyMFJ1bm5pbmclMjBTaG9lc3xlbnwwfHx8fDE3NzIyMjU4NTN8MA&ixlib=rb-4.1.0&q=80&w=1080?utm_source=sse554_capstone&utm_medium=referral,Ultra Running Shoes,Summit Gear Co.,"The Ultra Running Shoes 218 by Summit Gear Co. delivers dependable performance with quality materials and thoughtful design. It is well suited for everyday use in the clothing category, offering a strong balance of value and functionality.",Clothing,"Ergonomic, Giftable, Rechargeable, Modern, Limited Edition",663.28,2.3,7758,849,2017-06-11,v9n\orHu@CK`,Charlesdeluvio,https://unsplash.com/@charlesdeluvio?utm_source=sse554_capstone&utm_medium=referral
https://images.unsplash.com/photo-1763369521070-11b994aa6d7e?crop=entropy&cs=tinysrgb&fit=max&fm=jpg&ixid=M3w4NzQxNTN8MHwxfHNlYXJjaHwxfHxQcm9mZXNzaW9uYWwlMjBHcmFwaGljJTIwVC1TaGlydHxlbnwwfHx8fDE3NzIyMjU4Mjd8MA&ixlib=rb-4.1.0&q=80&w=1080?utm_source=sse554_capstone&utm_medium=referral,Professional Graphic T-Shirt,BlueRiver Outfitters,"The Professional Graphic T-Shirt 457 by BlueRiver Outfitters delivers dependable performance with quality materials and thoughtful design. It is well suited for everyday use in the clothing category, offering a strong balance of value and functionality.",Clothing,"Rechargeable, Wireless, Waterproof, Versatile, Bestseller",17.24,4.2,6679,1835,2023-12-15,{C_k\mF?0C}`,Igor Shalyminov,https://unsplash.com/@ishalyminov?utm_source=sse554_capstone&utm_medium=referral
https://images.unsplash.com/photo-1715589249812-327996b73e31?crop=entropy&cs=tinysrgb&fit=max&fm=jpg&ixid=M3w4NzQxNTN8MHwxfHNlYXJjaHwxfHxVbHRyYSUyMEVsZWN0cmljJTIwS2V0dGxlfGVufDB8fHx8MTc3MjIyNTg1MXww&ixlib=rb-4.1.0&q=80&w=1080?utm_source=sse554_capstone&utm_medium=referral,Ultra Electric Kettle,Summit Gear Co.,"The Ultra Electric Kettle 942 by Summit Gear Co. delivers dependable performance with quality materials and thoughtful design. It is well suited for everyday use in the clothing category, offering a strong balance of value and functionality.",Clothing,"Limited Edition, Compact, Lightweight, Premium, Durable",150.4,2.2,9657,266,2018-04-06,yX'CIo9I3_9F,Samuel Angor,https://unsplash.com/@sammysays___?utm_source=sse554_capstone&utm_medium=referral
https://images.unsplash.com/photo-1564859227552-81fde4a1df0b?crop=entropy&cs=tinysrgb&fit=max&fm=jpg&ixid=M3w4NzQxNTN8MHwxfHNlYXJjaHwxfHxDbGFzc2ljJTIwR3JhcGhpYyUyMFQtU2hpcnR8ZW58MHx8fHwxNzcyMjI1ODUyfDA&ixlib=rb-4.1.0&q=80&w=1080?utm_source=sse554_capstone&utm_medium=referral,Classic Graphic T-Shirt,Maple Street Press,"The Classic Graphic T-Shirt 469 by Maple Street Press delivers dependable performance with quality materials and thoughtful design. It is well suited for everyday use in the sports & outdoors category, offering a strong balance of value and functionality.",Sports & Outdoors,"Essential, Rechargeable, Portable, Durable, Ergonomic",70.04,4.0,2501,170,2022-03-09,{AXaAA#q+(zS,Sincerely Media,https://unsplash.com/@sincerelymedia?utm_source=sse554_capstone&utm_medium=referral
https://images.unsplash.com/photo-1701318134643-89f62a0d78f9?crop=entropy&cs=tinysrgb&fit=max&fm=jpg&ixid=M3w4NzQxNTN8MHwxfHNlYXJjaHwxfHxFY28lMjA0SyUyME1vbml0b3J8ZW58MHx8fHwxNzcyMjI1ODMxfDA&ixlib=rb-4.1.0&q=80&w=1080?utm_source=sse554_capstone&utm_medium=referral,Eco 4K Monitor,Maple Street Press,"The Eco 4K Monitor 201 by Maple Street Press delivers dependable performance with quality materials and thoughtful design. It is well suited for everyday use in the office supplies category, offering a strong balance of value and functionality.",Office Supplies,"Compact, Rechargeable, Portable, Durable, Wireless",28.09,2.6,4876,102,2023-06-08,epvM:$qJR5o~,Trần Quang Phú,https://unsplash.com/@tranquangphu?utm_source=sse554_capstone&utm_medium=referral
https://images.unsplash.com/photo-1566286378558-5d52a6710b6e?crop=entropy&cs=tinysrgb&fit=max&fm=jpg&ixid=M3w4NzQxNTN8MHwxfHNlYXJjaHwxfHxBZHZhbmNlZCUyME5vaXNlJTIwQ2FuY2VsbGluZyUyMEhlYWRwaG9uZXN8ZW58MHx8fHwxNzcyMjI1ODQ5fDA&ixlib=rb-4.1.0&q=80&w=1080?utm_source=sse554_capstone&utm_medium=referral,Advanced Noise Cancelling Headphones,NorthPeak,"The Advanced Noise Cancelling Headphones 149 by NorthPeak delivers dependable performance with quality materials and thoughtful design. It is well suited for everyday use in the books category, offering a strong balance of value and functionality.",Books,"Durable, Waterproof, Versatile, Compact, Limited Edition",613.72,1.3,1217,1035,2016-02-08,:/FV}Uho]:<B,Maulik Sutariya,https://unsplash.com/@truemaulik?utm_source=sse554_capstone&utm_medium=referral
https://images.unsplash.com/photo-1771370580887-d41ae6d1d6ed?crop=entropy&cs=tinysrgb&fit=max&fm=jpg&ixid=M3w4NzQxNTN8MHwxfHNlYXJjaHwxfHxDb21wYWN0JTIwTWVjaGFuaWNhbCUyMEtleWJvYXJkfGVufDB8fHx8MTc3MjIyNTg1NHww&ixlib=rb-4.1.0&q=80&w=1080?utm_source=sse554_capstone&utm_medium=referral,Compact Mechanical Keyboard,Maple Street Press,"The Compact Mechanical Keyboard 910 by Maple Street Press delivers dependable performance with quality materials and thoughtful design. It is well suited for everyday use in the books category, offering a strong balance of value and functionality.",Books,"Modern, Versatile, Ergonomic, Wireless, Giftable",638.07,2.0,1625,656,2019-12-26,j'!yT{tKR^*2,Marcus Richardson,https://unsplash.com/@marcusrichardson?utm_source=sse554_capstone&utm_medium=referral
https://images.unsplash.com/photo-1768332487888-326fa7dabbf2?crop=entropy&cs=tinysrgb&fit=max&fm=jpg&ixid=M3w4NzQxNTN8MHwxfHNlYXJjaHwxfHxDbGFzc2ljJTIwQ29va2Jvb2t8ZW58MHx8fHwxNzcyMjI1ODUyfDA&ixlib=rb-4.1.0&q=80&w=1080?utm_source=sse554_capstone&utm_medium=referral,Classic Cookbook,BlueRiver Outfitters,"The Classic Cookbook 588 by BlueRiver Outfitters delivers dependable performance with quality materials and thoughtful design. It is well suited for everyday use in the home & kitchen category, offering a strong balance of value and functionality.",Home & Kitchen,"Premium, Versatile, New Arrival, Giftable, Portable",351.22,3.2,9229,1997,2025-03-27,k&ZhYCH@<zh",Kamilla Isalieva,https://unsplash.com/@kamillaisalieva?utm_source=sse554_capstone&utm_medium=referral
https://images.unsplash.com/photo-1754821305530-8e3c7b8deda2?crop=entropy&cs=tinysrgb&fit=max&fm=jpg&ixid=M3w4NzQxNTN8MHwxfHNlYXJjaHwxfHxXaXJlbGVzcyUyMEZpdG5lc3MlMjBUcmFja2VyfGVufDB8fHx8MTc3MjIyNTg0Nnww&ixlib=rb-4.1.0&q=80&w=1080?utm_source=sse554_capstone&utm_medium=referral,Wireless Fitness Tracker,NorthPeak,"The Wireless Fitness Tracker 376 by NorthPeak delivers dependable performance with quality materials and thoughtful design. It is well suited for everyday use in the sports & outdoors category, offering a strong balance of value and functionality.",Sports & Outdoors,"Modern, Limited Edition, Bestseller, Portable, Essential",778.23,4.2,6453,1845,2023-11-03,yK2dW+4YS*%N,Andrey Matveev,https://unsplash.com/@zelebb?utm_source=sse554_capstone&utm_medium=referral
https://images.unsplash.com/photo-1522844123782-9547a63eb28b?crop=entropy&cs=tinysrgb&fit=max&fm=jpg&ixid=M3w4NzQxNTN8MHwxfHNlYXJjaHwxfHxQb3J0YWJsZSUyMFlvZ2ElMjBNYXR8ZW58MHx8fHwxNzcyMjI1ODU0fDA&ixlib=rb-4.1.0&q=80&w=1080?utm_source=sse554_capstone&utm_medium=referral,Portable Yoga Mat,NorthPeak,"The Portable Yoga Mat 601 by NorthPeak delivers dependable performance with quality materials and thoughtful design. It is well suited for everyday use in the office supplies category, offering a strong balance of value and functionality.",Office Supplies,"Bestseller, Limited Edition, Modern, Rechargeable, Portable",793.25,2.5,3352,1722,2018-01-30,:Oa0)P`!w.$0,Alan Ko,https://unsplash.com/@iyunmai?utm_source=sse554_capstone&utm_medium=referral
https://images.unsplash.com/photo-1680810003781-49d9210bb064?crop=entropy&cs=tinysrgb&fit=max&fm=jpg&ixid=M3w4NzQxNTN8MHwxfHNlYXJjaHwxfHxDb21wYWN0JTIwU2NpZW5jZSUyMEZpY3Rpb24lMjBOb3ZlbHxlbnwwfHx8fDE3NzIyMjU4NDN8MA&ixlib=rb-4.1.0&q=80&w=1080?utm_source=sse554_capstone&utm_medium=referral,Compact Science Fiction Novel,SilverLine Electronics,"The Compact Science Fiction Novel 949 by SilverLine Electronics delivers dependable performance with quality materials and thoughtful design. It is well suited for everyday use in the clothing category, offering a strong balance of value and functionality.",Clothing,"Durable, Modern, Wireless, Portable, Essential",177.79,3.1,7753,1905,2016-12-28,oh%}DC}LN{Fk,Myles Bloomfield,https://unsplash.com/@loomydoons?utm_source=sse554_capstone&utm_medium=referral
https://images.unsplash.com/photo-1668649175276-fa4f96beb185?crop=entropy&cs=tinysrgb&fit=max&fm=jpg&ixid=M3w4NzQxNTN8MHwxfHNlYXJjaHwxfHxBZHZhbmNlZCUyMEJsdWV0b290aCUyMFNwZWFrZXJ8ZW58MHx8fHwxNzcyMjI1ODU0fDA&ixlib=rb-4.1.0&q=80&w=1080?utm_source=sse554_capstone&utm_medium=referral,Advanced Bluetooth Speaker,NorthPeak,"The Advanced Bluetooth Speaker 272 by NorthPeak delivers dependable performance with quality materials and thoughtful design. It is well suited for everyday use in the clothing category, offering a strong balance of value and functionality.",Clothing,"Wireless, Bestseller, Giftable, Lightweight, Premium",682.86,5.0,8512,71,2024-09-09,0Op*(fz$lE-1,James Gibson,https://unsplash.com/@gibson_photographic?utm_source=sse554_capstone&utm_medium=referral
https://images.unsplash.com/photo-1718210719917-c6e1cd5be085?crop=entropy&cs=tinysrgb&fit=max&fm=jpg&ixid=M3w4NzQxNTN8MHwxfHNlYXJjaHwxfHxBZHZhbmNlZCUyMFN0YWlubGVzcyUyMFN0ZWVsJTIwV2F0ZXIlMjBCb3R0bGV8ZW58MHx8fHwxNzcyMjI1ODU1fDA&ixlib=rb-4.1.0&q=80&w=1080?utm_source=sse554_capstone&utm_medium=referral,Advanced Stainless Steel Water Bottle,BrightLeaf Publishing,"The Advanced Stainless Steel Water Bottle 588 by BrightLeaf Publishing delivers dependable performance with quality materials and thoughtful design. It is well suited for everyday use in the books category, offering a strong balance of value and functionality.",Books,"Giftable, Premium, Versatile, Durable, Limited Edition",153.74,4.1,577,1755,2021-08-20,1k~?'Ock27+",Kedibone Isaac Makhumisane,https://unsplash.com/@isaax_the_artist?utm_source=sse554_capstone&utm_medium=referral
https://images.unsplash.com/photo-1738101001619-f0fd42ceafb0?crop=entropy&cs=tinysrgb&fit=max&fm=jpg&ixid=M3w4NzQxNTN8MHwxfHNlYXJjaHwxfHxFY28lMjBFbGVjdHJpYyUyMEtldHRsZXxlbnwwfHx8fDE3NzIyMjU4NTV8MA&ixlib=rb-4.1.0&q=80&w=1080?utm_source=sse554_capstone&utm_medium=referral,Eco Electric Kettle,BlueRiver Outfitters,"The Eco Electric Kettle 810 by BlueRiver Outfitters delivers dependable performance with quality materials and thoughtful design. It is well suited for everyday use in the books category, offering a strong balance of value and functionality.",Books,"Portable, Rechargeable, Durable, Giftable, New Arrival",613.39,3.1,6449,964,2019-07-01,%&REp1sL1Xn(,Haberdoedas,https://unsplash.com/@haberdoedas?utm_source=sse554_capstone&utm_medium=referral
https://images.unsplash.com/photo-1592999641298-434e28c11d14?crop=entropy&cs=tinysrgb&fit=max&fm=jpg&ixid=M3w4NzQxNTN8MHwxfHNlYXJjaHwxfHxVbHRyYSUyMFN0YWlubGVzcyUyMFN0ZWVsJTIwV2F0ZXIlMjBCb3R0bGV8ZW58MHx8fHwxNzcyMjI1ODQwfDA&ixlib=rb-4.1.0&q=80&w=1080?utm_source=sse554_capstone&utm_medium=referral,Ultra Stainless Steel Water Bottle,BlueRiver Outfitters,"The Ultra Stainless Steel Water Bottle 228 by BlueRiver Outfitters delivers dependable performance with quality materials and thoughtful design. It is well suited for everyday use in the sports & outdoors category, offering a strong balance of value and functionality.",Sports & Outdoors,"Compact, New Arrival, Wireless, Bestseller, Lightweight",788.73,5.0,1023,1910,2022-12-14,-Pt>}5l(dq=E,Filip Baotić,https://unsplash.com/@filipbaotic?utm_source=sse554_capstone&utm_medium=referral
https://images.unsplash.com/photo-1758774019261-e11c8aadacb2?crop=entropy&cs=tinysrgb&fit=max&fm=jpg&ixid=M3w4NzQxNTN8MHwxfHNlYXJjaHwxfHxQcmVtaXVtJTIwQWN0aW9uJTIwQ2FtZXJhfGVufDB8fHx8MTc3MjIyNTg1NXww&ixlib=rb-4.1.0&q=80&w=1080?utm_source=sse554_capstone&utm_medium=referral,Premium Action Camera,BlueRiver Outfitters,"The Premium Action Camera 241 by BlueRiver Outfitters delivers dependable performance with quality materials and thoughtful design. It is well suited for everyday use in the electronics category, offering a strong balance of value and functionality.",Electronics,"Waterproof, Essential, Premium, Ergonomic, Portable",222.41,2.7,1684,1323,2024-05-30,"$aG{k"",]'O2(",David Liceaga,https://unsplash.com/@liceagadavid?utm_source=sse554_capstone&utm_medium=referral
https://images.unsplash.com/photo-1668075797959-3477428b82c8?crop=entropy&cs=tinysrgb&fit=max&fm=jpg&ixid=M3w4NzQxNTN8MHwxfHNlYXJjaHwxfHxQcm9mZXNzaW9uYWwlMjBTbWFydHBob25lJTIwU3RhbmR8ZW58MHx8fHwxNzcyMjI1ODU2fDA&ixlib=rb-4.1.0&q=80&w=1080?utm_source=sse554_capstone&utm_medium=referral,Professional Smartphone Stand,NorthPeak,"The Professional Smartphone Stand 170 by NorthPeak delivers dependable performance with quality materials and thoughtful design. It is well suited for everyday use in the clothing category, offering a strong balance of value and functionality.",Clothing,"Giftable, Portable, New Arrival, Durable, Essential",410.82,3.6,3707,839,2016-01-27,5pnC2oO4-a:D,Oswaldo Claro,https://unsplash.com/@oswaldoclaro?utm_source=sse554_capstone&utm_medium=referral
https://images.unsplash.com/photo-1586187543706-b43086b30978?crop=entropy&cs=tinysrgb&fit=max&fm=jpg&ixid=M3w4NzQxNTN8MHwxfHNlYXJjaHwxfHxDbGFzc2ljJTIwRXh0ZXJuYWwlMjBIYXJkJTIwRHJpdmV8ZW58MHx8fHwxNzcyMjI1ODM3fDA&ixlib=rb-4.1.0&q=80&w=1080?utm_source=sse554_capstone&utm_medium=referral,Classic External Hard Drive,BlueRiver Outfitters,"The Classic External Hard Drive 703 by BlueRiver Outfitters delivers dependable performance with quality materials and thoughtful design. It is well suited for everyday use in the home & kitchen category, offering a strong balance of value and functionality.",Home & Kitchen,"Giftable, Versatile, Modern, Bestseller, Ergonomic",530.05,4.6,7348,1016,2022-07-25,T]hxIm6F350q,Everyday Basics,https://unsplash.com/@zanardi?utm_source=sse554_capstone&utm_medium=referral
https://images.unsplash.com/photo-1586187543706-b43086b30978?crop=entropy&cs=tinysrgb&fit=max&fm=jpg&ixid=M3w4NzQxNTN8MHwxfHNlYXJjaHwxfHxTbWFydCUyMEV4dGVybmFsJTIwSGFyZCUyMERyaXZlfGVufDB8fHx8MTc3MjIyNTgzMHww&ixlib=rb-4.1.0&q=80&w=1080?utm_source=sse554_capstone&utm_medium=referral,Smart External Hard Drive,Maple Street Press,"The Smart External Hard Drive 260 by Maple Street Press delivers dependable performance with quality materials and thoughtful design. It is well suited for everyday use in the books category, offering a strong balance of value and functionality.",Books,"Versatile, Waterproof, Limited Edition, Rechargeable, Bestseller",688.91,1.4,7342,1555,2024-01-05,9Ke|vFFt<%[;,Everyday Basics,https://unsplash.com/@zanardi?utm_source=sse554_capstone&utm_medium=referral
https://images.unsplash.com/photo-1693155257465-f29b58ecadaa?crop=entropy&cs=tinysrgb&fit=max&fm=jpg&ixid=M3w4NzQxNTN8MHwxfHNlYXJjaHwxfHxQb3J0YWJsZSUyMFNjaWVuY2UlMjBGaWN0aW9uJTIwTm92ZWx8ZW58MHx8fHwxNzcyMjI1ODQ4fDA&ixlib=rb-4.1.0&q=80&w=1080?utm_source=sse554_capstone&utm_medium=referral,Portable Science Fiction Novel,SilverLine Electronics,"The Portable Science Fiction Novel 362 by SilverLine Electronics delivers dependable performance with quality materials and thoughtful design. It is well suited for everyday use in the books category, offering a strong balance of value and functionality.",Books,"Ergonomic, Portable, Essential, New Arrival, Limited Edition",429.63,1.7,9103,1654,2023-05-20,xkiG^^T)B;@j,Rahul Chakraborty,https://unsplash.com/@hckmstrrahul?utm_source=sse554_capstone&utm_medium=referral
https://images.unsplash.com/photo-1643385958950-8f0b8852171a?crop=entropy&cs=tinysrgb&fit=max&fm=jpg&ixid=M3w4NzQxNTN8MHwxfHNlYXJjaHwxfHxVbHRyYSUyMEJsdWV0b290aCUyMFNwZWFrZXJ8ZW58MHx8fHwxNzcyMjI1ODMzfDA&ixlib=rb-4.1.0&q=80&w=1080?utm_source=sse554_capstone&utm_medium=referral,Ultra Bluetooth Speaker,Maple Street Press,"The Ultra Bluetooth Speaker 286 by Maple Street Press delivers dependable performance with quality materials and thoughtful design. It is well suited for everyday use in the clothing category, offering a strong balance of value and functionality.",Clothing,"Limited Edition, Durable, Ergonomic, Rechargeable, New Arrival",265.34,3.4,6742,1233,2017-10-23,mi;uhvFABUVx,Suraj Kumar,https://unsplash.com/@surajjnv?utm_source=sse554_capstone&utm_medium=referral
https://images.unsplash.com/photo-1730578726048-b8f118d227e4?crop=entropy&cs=tinysrgb&fit=max&fm=jpg&ixid=M3w4NzQxNTN8MHwxfHNlYXJjaHwxfHxBZHZhbmNlZCUyMEV4dGVybmFsJTIwSGFyZCUyMERyaXZlfGVufDB8fHx8MTc3MjIyNTg1Nnww&ixlib=rb-4.1.0&q=80&w=1080?utm_source=sse554_capstone&utm_medium=referral,Advanced External Hard Drive,BrightLeaf Publishing,"The Advanced External Hard Drive 698 by BrightLeaf Publishing delivers dependable performance with quality materials and thoughtful design. It is well suited for everyday use in the office supplies category, offering a strong balance of value and functionality.",Office Supplies,"Limited Edition, Rechargeable, Waterproof, Giftable, Modern",130.11,3.1,7203,814,2018-09-29,tQG{\&1ECdsP,Jason Leung,https://unsplash.com/@ninjason?utm_source=sse554_capstone&utm_medium=referral
https://images.unsplash.com/photo-1733218430878-902cc0cff502?crop=entropy&cs=tinysrgb&fit=max&fm=jpg&ixid=M3w4NzQxNTN8MHwxfHNlYXJjaHwxfHxBZHZhbmNlZCUyMEFjdGlvbiUyMENhbWVyYXxlbnwwfHx8fDE3NzIyMjU4NTZ8MA&ixlib=rb-4.1.0&q=80&w=1080?utm_source=sse554_capstone&utm_medium=referral,Advanced Action Camera,BlueRiver Outfitters,"The Advanced Action Camera 536 by BlueRiver Outfitters delivers dependable performance with quality materials and thoughtful design. It is well suited for everyday use in the books category, offering a strong balance of value and functionality.",Books,"Compact, Premium, Waterproof, Durable, Giftable",127.99,3.9,7766,1501,2024-04-18,"W$i\2~,a77')",Duc Van,https://unsplash.com/@duke91?utm_source=sse554_capstone&utm_medium=referral
https://images.unsplash.com/photo-1738241000762-42e0c54c3d30?crop=entropy&cs=tinysrgb&fit=max&fm=jpg&ixid=M3w4NzQxNTN8MHwxfHNlYXJjaHwxfHxDbGFzc2ljJTIwRml0bmVzcyUyMFRyYWNrZXJ8ZW58MHx8fHwxNzcyMjI1ODU3fDA&ixlib=rb-4.1.0&q=80&w=1080?utm_source=sse554_capstone&utm_medium=referral,Classic Fitness Tracker,NorthPeak,"The Classic Fitness Tracker 573 by NorthPeak delivers dependable performance with quality materials and thoughtful design. It is well suited for everyday use in the office supplies category, offering a strong balance of value and functionality.",Office Supplies,"Compact, New Arrival, Versatile, Premium, Portable",459.92,3.4,6247,1073,2017-08-27,}F\J;zx^~uSA,Pearl Drums,https://unsplash.com/@pearldrums?utm_source=sse554_capstone&utm_medium=referral
https://images.unsplash.com/photo-1586187543706-b43086b30978?crop=entropy&cs=tinysrgb&fit=max&fm=jpg&ixid=M3w4NzQxNTN8MHwxfHNlYXJjaHwxfHxQcmVtaXVtJTIwRXh0ZXJuYWwlMjBIYXJkJTIwRHJpdmV8ZW58MHx8fHwxNzcyMjI1ODQ0fDA&ixlib=rb-4.1.0&q=80&w=1080?utm_source=sse554_capstone&utm_medium=referral,Premium External Hard Drive,BrightLeaf Publishing,"The Premium External Hard Drive 813 by BrightLeaf Publishing delivers dependable performance with quality materials and thoughtful design. It is well suited for everyday use in the sports & outdoors category, offering a strong balance of value and functionality.",Sports & Outdoors,"Ergonomic, Premium, Lightweight, Limited Edition, Compact",308.26,1.4,2989,1797,2025-10-01,-#Frq~4ZE;T_,Everyday Basics,https://unsplash.com/@zanardi?utm_source=sse554_capstone&utm_medium=referral
https://images.unsplash.com/photo-1758599879792-d6d5d4e3289c?crop=entropy&cs=tinysrgb&fit=max&fm=jpg&ixid=M3w4NzQxNTN8MHwxfHNlYXJjaHwxfHxTbWFydCUyMFlvZ2ElMjBNYXR8ZW58MHx8fHwxNzcyMjI1ODI2fDA&ixlib=rb-4.1.0&q=80&w=1080?utm_source=sse554_capstone&utm_medium=referral,Smart Yoga Mat,BrightLeaf Publishing,"The Smart Yoga Mat 178 by BrightLeaf Publishing delivers dependable performance with quality materials and thoughtful design. It is well suited for everyday use in the sports & outdoors category, offering a strong balance of value and functionality.",Sports & Outdoors,"Limited Edition, New Arrival, Portable, Lightweight, Essential",447.53,4.8,2289,300,2025-02-18,G<x|XH;E:)%),Vitaly Gariev,https://unsplash.com/@silverkblack?utm_source=sse554_capstone&utm_medium=referral
https://images.unsplash.com/photo-1674969840285-3f38ce9864a1?crop=entropy&cs=tinysrgb&fit=max&fm=jpg&ixid=M3w4NzQxNTN8MHwxfHNlYXJjaHwxfHxXaXJlbGVzcyUyMEdyYXBoaWMlMjBULVNoaXJ0fGVufDB8fHx8MTc3MjIyNTg1N3ww&ixlib=rb-4.1.0&q=80&w=1080?utm_source=sse554_capstone&utm_medium=referral,Wireless Graphic T-Shirt,Horizon Tech,"The Wireless Graphic T-Shirt 998 by Horizon Tech delivers dependable performance with quality materials and thoughtful design. It is well suited for everyday use in the office supplies category, offering a strong balance of value and functionality.",Office Supplies,"Versatile, Rechargeable, Essential, Giftable, Durable",388.28,4.9,1317,361,2023-11-02,qR:(~$3j2jEA,Josef Holz,https://unsplash.com/@josefholz?utm_source=sse554_capstone&utm_medium=referral
https://images.unsplash.com/photo-1668649175276-fa4f96beb185?crop=entropy&cs=tinysrgb&fit=max&fm=jpg&ixid=M3w4NzQxNTN8MHwxfHNlYXJjaHwxfHxBZHZhbmNlZCUyMEJsdWV0b290aCUyMFNwZWFrZXJ8ZW58MHx8fHwxNzcyMjI1ODU0fDA&ixlib=rb-4.1.0&q=80&w=1080?utm_source=sse554_capstone&utm_medium=referral,Advanced Bluetooth Speaker,BlueRiver Outfitters,"The Advanced Bluetooth Speaker 902 by BlueRiver Outfitters delivers dependable performance with quality materials and thoughtful design. It is well suited for everyday use in the clothing category, offering a strong balance of value and functionality.",Clothing,"Durable, New Arrival, Rechargeable, Versatile, Ergonomic",178.36,2.5,5027,1967,2020-01-30,Gy#B'gCd{!e-,James Gibson,https://unsplash.com/@gibson_photographic?utm_source=sse554_capstone&utm_medium=referral
https://images.unsplash.com/photo-1718210719917-c6e1cd5be085?crop=entropy&cs=tinysrgb&fit=max&fm=jpg&ixid=M3w4NzQxNTN8MHwxfHNlYXJjaHwxfHxQcm9mZXNzaW9uYWwlMjBTdGFpbmxlc3MlMjBTdGVlbCUyMFdhdGVyJTIwQm90dGxlfGVufDB8fHx8MTc3MjIyNTgyOXww&ixlib=rb-4.1.0&q=80&w=1080?utm_source=sse554_capstone&utm_medium=referral,Professional Stainless Steel Water Bottle,UrbanNest,"The Professional Stainless Steel Water Bottle 518 by UrbanNest delivers dependable performance with quality materials and thoughtful design. It is well suited for everyday use in the sports & outdoors category, offering a strong balance of value and functionality.",Sports & Outdoors,"Modern, Durable, Bestseller, Giftable, Essential",330.89,4.3,5733,518,2024-03-07,"""3R(D>cKqpBW",Kedibone Isaac Makhumisane,https://unsplash.com/@isaax_the_artist?utm_source=sse554_capstone&utm_medium=referral
https://images.unsplash.com/photo-1752367428176-2b0cd6cc11b4?crop=entropy&cs=tinysrgb&fit=max&fm=jpg&ixid=M3w4NzQxNTN8MHwxfHNlYXJjaHwxfHxXaXJlbGVzcyUyMEVsZWN0cmljJTIwS2V0dGxlfGVufDB8fHx8MTc3MjIyNTgzMHww&ixlib=rb-4.1.0&q=80&w=1080?utm_source=sse554_capstone&utm_medium=referral,Wireless Electric Kettle,BlueRiver Outfitters,"The Wireless Electric Kettle 113 by BlueRiver Outfitters delivers dependable performance with quality materials and thoughtful design. It is well suited for everyday use in the electronics category, offering a strong balance of value and functionality.",Electronics,"Limited Edition, Modern, Premium, Lightweight, New Arrival",310.57,4.3,5108,29,2025-10-14,_Z2x)|XLT~iV,Rodrigo Araya,https://unsplash.com/@rodrigotypo?utm_source=sse554_capstone&utm_medium=referral
https://images.unsplash.com/photo-1601220363009-f7e66d095649?crop=entropy&cs=tinysrgb&fit=max&fm=jpg&ixid=M3w4NzQxNTN8MHwxfHNlYXJjaHwxfHxFY28lMjBTbWFydHBob25lJTIwU3RhbmR8ZW58MHx8fHwxNzcyMjI1ODU3fDA&ixlib=rb-4.1.0&q=80&w=1080?utm_source=sse554_capstone&utm_medium=referral,Eco Smartphone Stand,Summit Gear Co.,"The Eco Smartphone Stand 700 by Summit Gear Co. delivers dependable performance with quality materials and thoughtful design. It is well suited for everyday use in the electronics category, offering a strong balance of value and functionality.",Electronics,"Durable, Versatile, Lightweight, Premium, Waterproof",748.02,4.0,6564,1528,2017-05-09,UMPyKNDJK^|#,Hugo Sesma,https://unsplash.com/@h_u_g_e?utm_source=sse554_capstone&utm_medium=referral
https://images.unsplash.com/photo-1680810003781-49d9210bb064?crop=entropy&cs=tinysrgb&fit=max&fm=jpg&ixid=M3w4NzQxNTN8MHwxfHNlYXJjaHwxfHxDb21wYWN0JTIwU2NpZW5jZSUyMEZpY3Rpb24lMjBOb3ZlbHxlbnwwfHx8fDE3NzIyMjU4NDN8MA&ixlib=rb-4.1.0&q=80&w=1080?utm_source=sse554_capstone&utm_medium=referral,Compact Science Fiction Novel,BlueRiver Outfitters,"The Compact Science Fiction Novel 193 by BlueRiver Outfitters delivers dependable performance with quality materials and thoughtful design. It is well suited for everyday use in the books category, offering a strong balance of value and functionality.",Books,"Lightweight, Limited Edition, Rechargeable, Modern, Bestseller",747.13,4.2,8750,1606,2025-07-09,C(tCxr$;G2Sj,Myles Bloomfield,https://unsplash.com/@loomydoons?utm_source=sse554_capstone&utm_medium=referral
https://images.unsplash.com/photo-1567787758801-42c8b5e28e01?crop=entropy&cs=tinysrgb&fit=max&fm=jpg&ixid=M3w4NzQxNTN8MHwxfHNlYXJjaHwxfHxVbHRyYSUyME5vaXNlJTIwQ2FuY2VsbGluZyUyMEhlYWRwaG9uZXN8ZW58MHx8fHwxNzcyMjI1ODU3fDA&ixlib=rb-4.1.0&q=80&w=1080?utm_source=sse554_capstone&utm_medium=referral,Ultra Noise Cancelling Headphones,BrightLeaf Publishing,"The Ultra Noise Cancelling Headphones 938 by BrightLeaf Publishing delivers dependable performance with quality materials and thoughtful design. It is well suited for everyday use in the sports & outdoors category, offering a strong balance of value and functionality.",Sports & Outdoors,"Rechargeable, Wireless, Giftable, Versatile, Lightweight",552.97,4.7,2822,1040,2019-06-29,*MK~@[W@JbvM,Pacha パチャ Shot’s,https://unsplash.com/@pacha_raw?utm_source=sse554_capstone&utm_medium=referral
https://images.unsplash.com/photo-1762341124796-530c0085f7d8?crop=entropy&cs=tinysrgb&fit=max&fm=jpg&ixid=M3w4NzQxNTN8MHwxfHNlYXJjaHwxfHxTbWFydCUyME9mZmljZSUyMENoYWlyfGVufDB8fHx8MTc3MjIyNTg1OHww&ixlib=rb-4.1.0&q=80&w=1080?utm_source=sse554_capstone&utm_medium=referral,Smart Office Chair,NorthPeak,"The Smart Office Chair 555 by NorthPeak delivers dependable performance with quality materials and thoughtful design. It is well suited for everyday use in the home & kitchen category, offering a strong balance of value and functionality.",Home & Kitchen,"Rechargeable, Portable, Versatile, Durable, Compact",709.67,2.9,6659,380,2021-04-25,9A[0:dQ)J]c_,Zulfugar Karimov,https://unsplash.com/@zulfugarkarimov?utm_source=sse554_capstone&utm_medium=referral
https://images.unsplash.com/photo-1509098681029-b45e9c845022?crop=entropy&cs=tinysrgb&fit=max&fm=jpg&ixid=M3w4NzQxNTN8MHwxfHNlYXJjaHwxfHxTbWFydCUyME5vaXNlJTIwQ2FuY2VsbGluZyUyMEhlYWRwaG9uZXN8ZW58MHx8fHwxNzcyMjI1ODMxfDA&ixlib=rb-4.1.0&q=80&w=1080?utm_source=sse554_capstone&utm_medium=referral,Smart Noise Cancelling Headphones,UrbanNest,"The Smart Noise Cancelling Headphones 365 by UrbanNest delivers dependable performance with quality materials and thoughtful design. It is well suited for everyday use in the books category, offering a strong balance of value and functionality.",Books,"Portable, Versatile, Lightweight, Giftable, New Arrival",790.42,5.0,3668,373,2022-06-09,"tStJ?-%1,v#D",Mubariz Mehdizadeh,https://unsplash.com/@mehdizadeh?utm_source=sse554_capstone&utm_medium=referral
https://images.unsplash.com/photo-1615433366992-1586f3b8fca5?crop=entropy&cs=tinysrgb&fit=max&fm=jpg&ixid=M3w4NzQxNTN8MHwxfHNlYXJjaHwxfHxXaXJlbGVzcyUyME5vaXNlJTIwQ2FuY2VsbGluZyUyMEhlYWRwaG9uZXN8ZW58MHx8fHwxNzcyMjI1ODUzfDA&ixlib=rb-4.1.0&q=80&w=1080?utm_source=sse554_capstone&utm_medium=referral,Wireless Noise Cancelling Headphones,NorthPeak,"The Wireless Noise Cancelling Headphones 143 by NorthPeak delivers dependable performance with quality materials and thoughtful design. It is well suited for everyday use in the sports & outdoors category, offering a strong balance of value and functionality.",Sports & Outdoors,"Compact, Giftable, Waterproof, Limited Edition, Wireless",77.44,2.3,4909,1318,2018-06-20,m$_($'i3>^\<,Sj 📸,https://unsplash.com/@uxsj_ph?utm_source=sse554_capstone&utm_medium=referral
https://images.unsplash.com/photo-1760443728230-b84a87381f8f?crop=entropy&cs=tinysrgb&fit=max&fm=jpg&ixid=M3w4NzQxNTN8MHwxfHNlYXJjaHwxfHxQb3J0YWJsZSUyMFNtYXJ0cGhvbmUlMjBTdGFuZHxlbnwwfHx8fDE3NzIyMjU4NTh8MA&ixlib=rb-4.1.0&q=80&w=1080?utm_source=sse554_capstone&utm_medium=referral,Portable Smartphone Stand,NorthPeak,"The Portable Smartphone Stand 713 by NorthPeak delivers dependable performance with quality materials and thoughtful design. It is well suited for everyday use in the office supplies category, offering a strong balance of value and functionality.",Office Supplies,"Bestseller, Premium, Limited Edition, Rechargeable, Waterproof",706.77,2.7,3424,1882,2020-08-04,"3MUyS=,r52}5",Todd Jiang,https://unsplash.com/@toddjiang?utm_source=sse554_capstone&utm_medium=referral
https://images.unsplash.com/photo-1527800792452-506aacb2101f?crop=entropy&cs=tinysrgb&fit=max&fm=jpg&ixid=M3w4NzQxNTN8MHwxfHNlYXJjaHwxfHxVbHRyYSUyMDRLJTIwTW9uaXRvcnxlbnwwfHx8fDE3NzIyMjU4NTl8MA&ixlib=rb-4.1.0&q=80&w=1080?utm_source=sse554_capstone&utm_medium=referral,Ultra 4K Monitor,BlueRiver Outfitters,"The Ultra 4K Monitor 309 by BlueRiver Outfitters delivers dependable performance with quality materials and thoughtful design. It is well suited for everyday use in the office supplies category, offering a strong balance of value and functionality.",Office Supplies,"Waterproof, Essential, Limited Edition, Wireless, Lightweight",257.73,2.0,9398,794,2018-10-13,s=2lQ:7&fuU!,Alexandru Acea,https://unsplash.com/@alexacea?utm_source=sse554_capstone&utm_medium=referral
https://images.unsplash.com/photo-1588279102558-dabc7b32d9b1?crop=entropy&cs=tinysrgb&fit=max&fm=jpg&ixid=M3w4NzQxNTN8MHwxfHNlYXJjaHwxfHxDb21wYWN0JTIwQ29va3dhcmUlMjBTZXR8ZW58MHx8fHwxNzcyMjI1ODU5fDA&ixlib=rb-4.1.0&q=80&w=1080?utm_source=sse554_capstone&utm_medium=referral,Compact Cookware Set,NorthPeak,"The Compact Cookware Set 248 by NorthPeak delivers dependable performance with quality materials and thoughtful design. It is well suited for everyday use in the sports & outdoors category, offering a strong balance of value and functionality.",Sports & Outdoors,"Modern, Portable, Bestseller, Ergonomic, Wireless",663.41,3.3,3426,495,2020-02-08,-Ox]m`c~==lJ,Cooker King,https://unsplash.com/@cookerking?utm_source=sse554_capstone&utm_medium=referral
https://images.unsplash.com/photo-1511499008188-de491bbbae98?crop=entropy&cs=tinysrgb&fit=max&fm=jpg&ixid=M3w4NzQxNTN8MHwxfHNlYXJjaHwxfHxVbHRyYSUyMFJ1bm5pbmclMjBTaG9lc3xlbnwwfHx8fDE3NzIyMjU4NTN8MA&ixlib=rb-4.1.0&q=80&w=1080?utm_source=sse554_capstone&utm_medium=referral,Ultra Running Shoes,UrbanNest,"The Ultra Running Shoes 789 by UrbanNest delivers dependable performance with quality materials and thoughtful design. It is well suited for everyday use in the office supplies category, offering a strong balance of value and functionality.",Office Supplies,"Giftable, Bestseller, Essential, Ergonomic, Compact",620.17,2.1,5898,813,2019-01-26,?gB#'dn{S('^,Charlesdeluvio,https://unsplash.com/@charlesdeluvio?utm_source=sse554_capstone&utm_medium=referral
https://images.unsplash.com/photo-1613091252604-dd0746e2f358?crop=entropy&cs=tinysrgb&fit=max&fm=jpg&ixid=M3w4NzQxNTN8MHwxfHNlYXJjaHwxfHxDb21wYWN0JTIwR2FtaW5nJTIwTW91c2V8ZW58MHx8fHwxNzcyMjI1ODU5fDA&ixlib=rb-4.1.0&q=80&w=1080?utm_source=sse554_capstone&utm_medium=referral,Compact Gaming Mouse,Maple Street Press,"The Compact Gaming Mouse 465 by Maple Street Press delivers dependable performance with quality materials and thoughtful design. It is well suited for everyday use in the electronics category, offering a strong balance of value and functionality.",Electronics,"Limited Edition, Wireless, Premium, Essential, Rechargeable",434.96,1.4,6051,596,2024-03-03,rCUb_;r+)HXA,Sirisvisual,https://unsplash.com/@sirisvisual?utm_source=sse554_capstone&utm_medium=referral
https://images.unsplash.com/photo-1761311985262-d0a342290b56?crop=entropy&cs=tinysrgb&fit=max&fm=jpg&ixid=M3w4NzQxNTN8MHwxfHNlYXJjaHwxfHxTbWFydCUyMFNtYXJ0cGhvbmUlMjBTdGFuZHxlbnwwfHx8fDE3NzIyMjU4NjB8MA&ixlib=rb-4.1.0&q=80&w=1080?utm_source=sse554_capstone&utm_medium=referral,Smart Smartphone Stand,Summit Gear Co.,"The Smart Smartphone Stand 170 by Summit Gear Co. delivers dependable performance with quality materials and thoughtful design. It is well suited for everyday use in the electronics category, offering a strong balance of value and functionality.",Electronics,"Bestseller, Limited Edition, Modern, Premium, Lightweight",499.7,4.0,825,1874,2023-06-29,3G_z~#_1*y8D,Matúš Gocman,https://unsplash.com/@matgocman?utm_source=sse554_capstone&utm_medium=referral
https://images.unsplash.com/photo-1601220363009-f7e66d095649?crop=entropy&cs=tinysrgb&fit=max&fm=jpg&ixid=M3w4NzQxNTN8MHwxfHNlYXJjaHwxfHxDb21wYWN0JTIwU21hcnRwaG9uZSUyMFN0YW5kfGVufDB8fHx8MTc3MjIyNTg0MXww&ixlib=rb-4.1.0&q=80&w=1080?utm_source=sse554_capstone&utm_medium=referral,Compact Smartphone Stand,NorthPeak,"The Compact Smartphone Stand 657 by NorthPeak delivers dependable performance with quality materials and thoughtful design. It is well suited for everyday use in the office supplies category, offering a strong balance of value and functionality.",Office Supplies,"Portable, Wireless, Waterproof, Essential, Rechargeable",188.7,4.6,4688,1988,2025-12-26,PLP0W:wnMpmt,Hugo Sesma,https://unsplash.com/@h_u_g_e?utm_source=sse554_capstone&utm_medium=referral
https://images.unsplash.com/photo-1768111514765-99c9bd665461?crop=entropy&cs=tinysrgb&fit=max&fm=jpg&ixid=M3w4NzQxNTN8MHwxfHNlYXJjaHwxfHxQb3J0YWJsZSUyMEVsZWN0cmljJTIwS2V0dGxlfGVufDB8fHx8MTc3MjIyNTg2MHww&ixlib=rb-4.1.0&q=80&w=1080?utm_source=sse554_capstone&utm_medium=referral,Portable Electric Kettle,UrbanNest,"The Portable Electric Kettle 988 by UrbanNest delivers dependable performance with quality materials and thoughtful design. It is well suited for everyday use in the books category, offering a strong balance of value and functionality.",Books,"Waterproof, Versatile, New Arrival, Modern, Portable",273.36,3.7,1483,149,2017-11-17,p>>3Fer@LeJh,Tomoki Ozawa,https://unsplash.com/@tomokiozawa?utm_source=sse554_capstone&utm_medium=referral
https://images.unsplash.com/photo-1662659642792-d241f53b0582?crop=entropy&cs=tinysrgb&fit=max&fm=jpg&ixid=M3w4NzQxNTN8MHwxfHNlYXJjaHwxfHxQcm9mZXNzaW9uYWwlMjBFbGVjdHJpYyUyMEtldHRsZXxlbnwwfHx8fDE3NzIyMjU4NjF8MA&ixlib=rb-4.1.0&q=80&w=1080?utm_source=sse554_capstone&utm_medium=referral,Professional Electric Kettle,BrightLeaf Publishing,"The Professional Electric Kettle 702 by BrightLeaf Publishing delivers dependable performance with quality materials and thoughtful design. It is well suited for everyday use in the sports & outdoors category, offering a strong balance of value and functionality.",Sports & Outdoors,"Limited Edition, Rechargeable, Giftable, Versatile, Durable",107.38,3.9,3432,640,2022-09-28,.NX"[uJ6F|<S,Guillermo Latorre,https://unsplash.com/@superwillyfoc?utm_source=sse554_capstone&utm_medium=referral
https://images.unsplash.com/photo-1680810003781-49d9210bb064?crop=entropy&cs=tinysrgb&fit=max&fm=jpg&ixid=M3w4NzQxNTN8MHwxfHNlYXJjaHwxfHxDb21wYWN0JTIwU2NpZW5jZSUyMEZpY3Rpb24lMjBOb3ZlbHxlbnwwfHx8fDE3NzIyMjU4NDN8MA&ixlib=rb-4.1.0&q=80&w=1080?utm_source=sse554_capstone&utm_medium=referral,Compact Science Fiction Novel,NorthPeak,"The Compact Science Fiction Novel 408 by NorthPeak delivers dependable performance with quality materials and thoughtful design. It is well suited for everyday use in the sports & outdoors category, offering a strong balance of value and functionality.",Sports & Outdoors,"Giftable, Modern, Limited Edition, Durable, Bestseller",22.31,4.4,75,1982,2017-10-20,h-/UCq4!oZ0G,Myles Bloomfield,https://unsplash.com/@loomydoons?utm_source=sse554_capstone&utm_medium=referral
https://images.unsplash.com/photo-1633236065050-e96a5afa0207?crop=entropy&cs=tinysrgb&fit=max&fm=jpg&ixid=M3w4NzQxNTN8MHwxfHNlYXJjaHwxfHxXaXJlbGVzcyUyMDRLJTIwTW9uaXRvcnxlbnwwfHx8fDE3NzIyMjU4Mzl8MA&ixlib=rb-4.1.0&q=80&w=1080?utm_source=sse554_capstone&utm_medium=referral,Wireless 4K Monitor,Horizon Tech,"The Wireless 4K Monitor 664 by Horizon Tech delivers dependable performance with quality materials and thoughtful design. It is well suited for everyday use in the home & kitchen category, offering a strong balance of value and functionality.",Home & Kitchen,"Versatile, Wireless, Ergonomic, Modern, Lightweight",678.13,3.2,8958,250,2020-03-04,d{2u^Pg7cF]0,Kadyn Pierce,https://unsplash.com/@gymxratpapii?utm_source=sse554_capstone&utm_medium=referral
https://images.unsplash.com/photo-1567787758801-42c8b5e28e01?crop=entropy&cs=tinysrgb&fit=max&fm=jpg&ixid=M3w4NzQxNTN8MHwxfHNlYXJjaHwxfHxVbHRyYSUyME5vaXNlJTIwQ2FuY2VsbGluZyUyMEhlYWRwaG9uZXN8ZW58MHx8fHwxNzcyMjI1ODU3fDA&ixlib=rb-4.1.0&q=80&w=1080?utm_source=sse554_capstone&utm_medium=referral,Ultra Noise Cancelling Headphones,Horizon Tech,"The Ultra Noise Cancelling Headphones 554 by Horizon Tech delivers dependable performance with quality materials and thoughtful design. It is well suited for everyday use in the books category, offering a strong balance of value and functionality.",Books,"Waterproof, Versatile, Essential, Limited Edition, Bestseller",348.23,4.1,4067,1813,2020-09-22,{A-#0'[iED7y,Pacha パチャ Shot’s,https://unsplash.com/@pacha_raw?utm_source=sse554_capstone&utm_medium=referral
https://images.unsplash.com/photo-1758348844371-dfbae2780bd3?crop=entropy&cs=tinysrgb&fit=max&fm=jpg&ixid=M3w4NzQxNTN8MHwxfHNlYXJjaHwxfHxVbHRyYSUyMEZpdG5lc3MlMjBUcmFja2VyfGVufDB8fHx8MTc3MjIyNTg2MXww&ixlib=rb-4.1.0&q=80&w=1080?utm_source=sse554_capstone&utm_medium=referral,Ultra Fitness Tracker,SilverLine Electronics,"The Ultra Fitness Tracker 518 by SilverLine Electronics delivers dependable performance with quality materials and thoughtful design. It is well suited for everyday use in the home & kitchen category, offering a strong balance of value and functionality.",Home & Kitchen,"Durable, New Arrival, Rechargeable, Bestseller, Limited Edition",757.55,3.7,2647,488,2018-10-03,?6Vadla~aL\p,Sam Grozyan,https://unsplash.com/@ijeunes?utm_source=sse554_capstone&utm_medium=referral
https://images.unsplash.com/photo-1756576170753-6b2b631e1c78?crop=entropy&cs=tinysrgb&fit=max&fm=jpg&ixid=M3w4NzQxNTN8MHwxfHNlYXJjaHwxfHxQcm9mZXNzaW9uYWwlMjBHYW1pbmclMjBNb3VzZXxlbnwwfHx8fDE3NzIyMjU4Mjh8MA&ixlib=rb-4.1.0&q=80&w=1080?utm_source=sse554_capstone&utm_medium=referral,Professional Gaming Mouse,Maple Street Press,"The Professional Gaming Mouse 220 by Maple Street Press delivers dependable performance with quality materials and thoughtful design. It is well suited for everyday use in the sports & outdoors category, offering a strong balance of value and functionality.",Sports & Outdoors,"Durable, Limited Edition, Ergonomic, Lightweight, Waterproof",450.43,1.8,9761,544,2021-09-28,&On]ooy1!TnK,Andrey Matveev,https://unsplash.com/@zelebb?utm_source=sse554_capstone&utm_medium=referral
https://images.unsplash.com/photo-1562878671-b3efe27953b9?crop=entropy&cs=tinysrgb&fit=max&fm=jpg&ixid=M3w4NzQxNTN8MHwxfHNlYXJjaHwxfHxVbHRyYSUyMEFjdGlvbiUyMENhbWVyYXxlbnwwfHx8fDE3NzIyMjU4NDN8MA&ixlib=rb-4.1.0&q=80&w=1080?utm_source=sse554_capstone&utm_medium=referral,Ultra Action Camera,Summit Gear Co.,"The Ultra Action Camera 696 by Summit Gear Co. delivers dependable performance with quality materials and thoughtful design. It is well suited for everyday use in the clothing category, offering a strong balance of value and functionality.",Clothing,"Ergonomic, Modern, Versatile, Premium, Giftable",716.23,3.2,1964,1351,2019-07-14,"?E=,:Dz\#.-K",Jadon Kelly,https://unsplash.com/@jado_tornado?utm_source=sse554_capstone&utm_medium=referral
https://images.unsplash.com/photo-1653823815301-faf2f30db0bd?crop=entropy&cs=tinysrgb&fit=max&fm=jpg&ixid=M3w4NzQxNTN8MHwxfHNlYXJjaHwxfHxQcm9mZXNzaW9uYWwlMjA0SyUyME1vbml0b3J8ZW58MHx8fHwxNzcyMjI1ODM3fDA&ixlib=rb-4.1.0&q=80&w=1080?utm_source=sse554_capstone&utm_medium=referral,Professional 4K Monitor,UrbanNest,"The Professional 4K Monitor 501 by UrbanNest delivers dependable performance with quality materials and thoughtful design. It is well suited for everyday use in the sports & outdoors category, offering a strong balance of value and functionality.",Sports & Outdoors,"Compact, Lightweight, Durable, New Arrival, Premium",212.64,3.3,3303,1350,2021-08-23,L)qxx6A}#kz>,Karthik Chinu,https://unsplash.com/@karthikchinu?utm_source=sse554_capstone&utm_medium=referral
https://images.unsplash.com/photo-1758599879693-9e06f55a4ded?crop=entropy&cs=tinysrgb&fit=max&fm=jpg&ixid=M3w4NzQxNTN8MHwxfHNlYXJjaHwxfHxFY28lMjBZb2dhJTIwTWF0fGVufDB8fHx8MTc3MjIyNTg2MXww&ixlib=rb-4.1.0&q=80&w=1080?utm_source=sse554_capstone&utm_medium=referral,Eco Yoga Mat,BrightLeaf Publishing,"The Eco Yoga Mat 644 by BrightLeaf Publishing delivers dependable performance with quality materials and thoughtful design. It is well suited for everyday use in the sports & outdoors category, offering a strong balance of value and functionality.",Sports & Outdoors,"Portable, Waterproof, Wireless, Limited Edition, Essential",337.43,1.0,7324,480,2024-08-23,n?_ZU+n^Tu8:,Vitaly Gariev,https://unsplash.com/@silverkblack?utm_source=sse554_capstone&utm_medium=referral
https://images.unsplash.com/photo-1768618506508-2575a80f4461?crop=entropy&cs=tinysrgb&fit=max&fm=jpg&ixid=M3w4NzQxNTN8MHwxfHNlYXJjaHwxfHxQcm9mZXNzaW9uYWwlMjBCbHVldG9vdGglMjBTcGVha2VyfGVufDB8fHx8MTc3MjIyNTg2Mnww&ixlib=rb-4.1.0&q=80&w=1080?utm_source=sse554_capstone&utm_medium=referral,Professional Bluetooth Speaker,Horizon Tech,"The Professional Bluetooth Speaker 752 by Horizon Tech delivers dependable performance with quality materials and thoughtful design. It is well suited for everyday use in the electronics category, offering a strong balance of value and functionality.",Electronics,"Modern, Portable, Lightweight, Essential, Compact",507.2,1.5,1262,451,2016-12-27,J&labT.U2;VD,Cao Minh Đức,https://unsplash.com/@duck0505?utm_source=sse554_capstone&utm_medium=referral
https://images.unsplash.com/photo-1718210719917-c6e1cd5be085?crop=entropy&cs=tinysrgb&fit=max&fm=jpg&ixid=M3w4NzQxNTN8MHwxfHNlYXJjaHwxfHxTbWFydCUyMFN0YWlubGVzcyUyMFN0ZWVsJTIwV2F0ZXIlMjBCb3R0bGV8ZW58MHx8fHwxNzcyMjI1ODQ1fDA&ixlib=rb-4.1.0&q=80&w=1080?utm_source=sse554_capstone&utm_medium=referral,Smart Stainless Steel Water Bottle,SilverLine Electronics,"The Smart Stainless Steel Water Bottle 650 by SilverLine Electronics delivers dependable performance with quality materials and thoughtful design. It is well suited for everyday use in the office supplies category, offering a strong balance of value and functionality.",Office Supplies,"Essential, Limited Edition, New Arrival, Modern, Ergonomic",460.28,2.9,1225,233,2022-12-06,wEAV|`v$GSVW,Kedibone Isaac Makhumisane,https://unsplash.com/@isaax_the_artist?utm_source=sse554_capstone&utm_medium=referral
https://images.unsplash.com/photo-1761971975962-9cc397e2ba2a?crop=entropy&cs=tinysrgb&fit=max&fm=jpg&ixid=M3w4NzQxNTN8MHwxfHNlYXJjaHwxfHxQcmVtaXVtJTIwWW9nYSUyME1hdHxlbnwwfHx8fDE3NzIyMjU4NDB8MA&ixlib=rb-4.1.0&q=80&w=1080?utm_source=sse554_capstone&utm_medium=referral,Premium Yoga Mat,BlueRiver Outfitters,"The Premium Yoga Mat 369 by BlueRiver Outfitters delivers dependable performance with quality materials and thoughtful design. It is well suited for everyday use in the office supplies category, offering a strong balance of value and functionality.",Office Supplies,"Portable, Premium, Limited Edition, Rechargeable, Modern",399.92,4.0,8974,1037,2024-01-02,7WsF13>ds^Q:,Eran Design,https://unsplash.com/@erandesign?utm_source=sse554_capstone&utm_medium=referral
https://images.unsplash.com/photo-1738958668282-4c7446241e9e?crop=entropy&cs=tinysrgb&fit=max&fm=jpg&ixid=M3w4NzQxNTN8MHwxfHNlYXJjaHwxfHxDb21wYWN0JTIwUnVubmluZyUyMFNob2VzfGVufDB8fHx8MTc3MjIyNTg2Mnww&ixlib=rb-4.1.0&q=80&w=1080?utm_source=sse554_capstone&utm_medium=referral,Compact Running Shoes,UrbanNest,"The Compact Running Shoes 459 by UrbanNest delivers dependable performance with quality materials and thoughtful design. It is well suited for everyday use in the office supplies category, offering a strong balance of value and functionality.",Office Supplies,"Wireless, Premium, Versatile, New Arrival, Rechargeable",166.04,2.7,4943,585,2024-03-20,CSG3!={*z0sC,Archer Allstars,https://unsplash.com/@archerallstars?utm_source=sse554_capstone&utm_medium=referral
https://images.unsplash.com/photo-1764557159396-419b85356035?crop=entropy&cs=tinysrgb&fit=max&fm=jpg&ixid=M3w4NzQxNTN8MHwxfHNlYXJjaHwxfHxQcmVtaXVtJTIwTm9pc2UlMjBDYW5jZWxsaW5nJTIwSGVhZHBob25lc3xlbnwwfHx8fDE3NzIyMjU4MzV8MA&ixlib=rb-4.1.0&q=80&w=1080?utm_source=sse554_capstone&utm_medium=referral,Premium Noise Cancelling Headphones,Maple Street Press,"The Premium Noise Cancelling Headphones 445 by Maple Street Press delivers dependable performance with quality materials and thoughtful design. It is well suited for everyday use in the clothing category, offering a strong balance of value and functionality.",Clothing,"Limited Edition, Bestseller, Portable, Giftable, Essential",483.49,2.9,4043,1595,2018-03-19,8O)M^%OrL"\6,Jj Rocha,https://unsplash.com/@that_person?utm_source=sse554_capstone&utm_medium=referral
https://images.unsplash.com/photo-1760443728230-b84a87381f8f?crop=entropy&cs=tinysrgb&fit=max&fm=jpg&ixid=M3w4NzQxNTN8MHwxfHNlYXJjaHwxfHxXaXJlbGVzcyUyMFNtYXJ0cGhvbmUlMjBTdGFuZHxlbnwwfHx8fDE3NzIyMjU4NjN8MA&ixlib=rb-4.1.0&q=80&w=1080?utm_source=sse554_capstone&utm_medium=referral,Wireless Smartphone Stand,Summit Gear Co.,"The Wireless Smartphone Stand 331 by Summit Gear Co. delivers dependable performance with quality materials and thoughtful design. It is well suited for everyday use in the home & kitchen category, offering a strong balance of value and functionality.",Home & Kitchen,"New Arrival, Essential, Compact, Rechargeable, Giftable",190.7,3.9,6880,743,2018-04-01,"/J}90K%=v&,h",Todd Jiang,https://unsplash.com/@toddjiang?utm_source=sse554_capstone&utm_medium=referral
https://images.unsplash.com/photo-1631749352020-b8ce2d86727e?crop=entropy&cs=tinysrgb&fit=max&fm=jpg&ixid=M3w4NzQxNTN8MHwxfHNlYXJjaHwxfHxVbHRyYSUyMEdhbWluZyUyME1vdXNlfGVufDB8fHx8MTc3MjIyNTg0Mnww&ixlib=rb-4.1.0&q=80&w=1080?utm_source=sse554_capstone&utm_medium=referral,Ultra Gaming Mouse,NorthPeak,"The Ultra Gaming Mouse 549 by NorthPeak delivers dependable performance with quality materials and thoughtful design. It is well suited for everyday use in the home & kitchen category, offering a strong balance of value and functionality.",Home & Kitchen,"Lightweight, Rechargeable, Wireless, New Arrival, Premium",127.69,2.5,8832,1490,2021-09-01,LXksjI$#0VG5,Bruno Yamazaky,https://unsplash.com/@mryamazukino?utm_source=sse554_capstone&utm_medium=referral
https://images.unsplash.com/photo-1758348844371-dfbae2780bd3?crop=entropy&cs=tinysrgb&fit=max&fm=jpg&ixid=M3w4NzQxNTN8MHwxfHNlYXJjaHwxfHxVbHRyYSUyMEZpdG5lc3MlMjBUcmFja2VyfGVufDB8fHx8MTc3MjIyNTg2MXww&ixlib=rb-4.1.0&q=80&w=1080?utm_source=sse554_capstone&utm_medium=referral,Ultra Fitness Tracker,SilverLine Electronics,"The Ultra Fitness Tracker 249 by SilverLine Electronics delivers dependable performance with quality materials and thoughtful design. It is well suited for everyday use in the books category, offering a strong balance of value and functionality.",Books,"Portable, Giftable, Versatile, Waterproof, Limited Edition",117.71,2.2,9418,306,2022-08-08,qhH&N3T9\E.l,Sam Grozyan,https://unsplash.com/@ijeunes?utm_source=sse554_capstone&utm_medium=referral
https://images.unsplash.com/photo-1752367428176-2b0cd6cc11b4?crop=entropy&cs=tinysrgb&fit=max&fm=jpg&ixid=M3w4NzQxNTN8MHwxfHNlYXJjaHwxfHxXaXJlbGVzcyUyMEVsZWN0cmljJTIwS2V0dGxlfGVufDB8fHx8MTc3MjIyNTgzMHww&ixlib=rb-4.1.0&q=80&w=1080?utm_source=sse554_capstone&utm_medium=referral,Wireless Electric Kettle,SilverLine Electronics,"The Wireless Electric Kettle 657 by SilverLine Electronics delivers dependable performance with quality materials and thoughtful design. It is well suited for everyday use in the books category, offering a strong balance of value and functionality.",Books,"Essential, Ergonomic, Versatile, New Arrival, Rechargeable",100.48,4.0,398,215,2017-03-25,D2pizwPscR}G,Rodrigo Araya,https://unsplash.com/@rodrigotypo?utm_source=sse554_capstone&utm_medium=referral
https://images.unsplash.com/photo-1693596936248-8fab255a3de1?crop=entropy&cs=tinysrgb&fit=max&fm=jpg&ixid=M3w4NzQxNTN8MHwxfHNlYXJjaHwxfHxXaXJlbGVzcyUyMExFRCUyMERlc2slMjBMYW1wfGVufDB8fHx8MTc3MjIyNTgzNHww&ixlib=rb-4.1.0&q=80&w=1080?utm_source=sse554_capstone&utm_medium=referral,Wireless LED Desk Lamp,UrbanNest,"The Wireless LED Desk Lamp 750 by UrbanNest delivers dependable performance with quality materials and thoughtful design. It is well suited for everyday use in the books category, offering a strong balance of value and functionality.",Books,"Rechargeable, Portable, Versatile, Bestseller, Essential",211.34,3.6,2462,389,2019-11-05,}tm]?!"Cv|k#,Darius Cotoi,https://unsplash.com/@dariuscotoi?utm_source=sse554_capstone&utm_medium=referral
https://images.unsplash.com/photo-1754821305530-8e3c7b8deda2?crop=entropy&cs=tinysrgb&fit=max&fm=jpg&ixid=M3w4NzQxNTN8MHwxfHNlYXJjaHwxfHxXaXJlbGVzcyUyMEZpdG5lc3MlMjBUcmFja2VyfGVufDB8fHx8MTc3MjIyNTg0Nnww&ixlib=rb-4.1.0&q=80&w=1080?utm_source=sse554_capstone&utm_medium=referral,Wireless Fitness Tracker,BrightLeaf Publishing,"The Wireless Fitness Tracker 819 by BrightLeaf Publishing delivers dependable performance with quality materials and thoughtful design. It is well suited for everyday use in the sports & outdoors category, offering a strong balance of value and functionality.",Sports & Outdoors,"Portable, Lightweight, New Arrival, Giftable, Essential",377.86,3.7,5925,1271,2019-11-29,"HbC,dJ:q[EDh",Andrey Matveev,https://unsplash.com/@zelebb?utm_source=sse554_capstone&utm_medium=referral
https://images.unsplash.com/photo-1766069339604-d4177198af7e?crop=entropy&cs=tinysrgb&fit=max&fm=jpg&ixid=M3w4NzQxNTN8MHwxfHNlYXJjaHwxfHxBZHZhbmNlZCUyMFlvZ2ElMjBNYXR8ZW58MHx8fHwxNzcyMjI1ODYzfDA&ixlib=rb-4.1.0&q=80&w=1080?utm_source=sse554_capstone&utm_medium=referral,Advanced Yoga Mat,UrbanNest,"The Advanced Yoga Mat 951 by UrbanNest delivers dependable performance with quality materials and thoughtful design. It is well suited for everyday use in the sports & outdoors category, offering a strong balance of value and functionality.",Sports & Outdoors,"Compact, Limited Edition, Bestseller, Essential, Durable",554.49,2.2,6252,340,2017-05-31,?9enGV6}ng>K,Sukha Yogashala,https://unsplash.com/@sukha_yogashala?utm_source=sse554_capstone&utm_medium=referral
https://images.unsplash.com/photo-1588279102558-dabc7b32d9b1?crop=entropy&cs=tinysrgb&fit=max&fm=jpg&ixid=M3w4NzQxNTN8MHwxfHNlYXJjaHwxfHxBZHZhbmNlZCUyMENvb2t3YXJlJTIwU2V0fGVufDB8fHx8MTc3MjIyNTg2NHww&ixlib=rb-4.1.0&q=80&w=1080?utm_source=sse554_capstone&utm_medium=referral,Advanced Cookware Set,Summit Gear Co.,"The Advanced Cookware Set 139 by Summit Gear Co. delivers dependable performance with quality materials and thoughtful design. It is well suited for everyday use in the books category, offering a strong balance of value and functionality.",Books,"Versatile, Lightweight, Essential, Rechargeable, Portable",33.96,2.8,6606,1317,2025-08-11,c)4uB9w\[7?#,Cooker King,https://unsplash.com/@cookerking?utm_source=sse554_capstone&utm_medium=referral
https://images.unsplash.com/photo-1566533893210-134327eb8967?crop=entropy&cs=tinysrgb&fit=max&fm=jpg&ixid=M3w4NzQxNTN8MHwxfHNlYXJjaHwxfHxDb21wYWN0JTIwTm9pc2UlMjBDYW5jZWxsaW5nJTIwSGVhZHBob25lc3xlbnwwfHx8fDE3NzIyMjU4NjR8MA&ixlib=rb-4.1.0&q=80&w=1080?utm_source=sse554_capstone&utm_medium=referral,Compact Noise Cancelling Headphones,SilverLine Electronics,"The Compact Noise Cancelling Headphones 366 by SilverLine Electronics delivers dependable performance with quality materials and thoughtful design. It is well suited for everyday use in the clothing category, offering a strong balance of value and functionality.",Clothing,"Durable, Limited Edition, Essential, Portable, Modern",357.98,1.0,1408,858,2017-10-23,Ign~z{}7}-(P,Dev Asangbam,https://unsplash.com/@devasangbam?utm_source=sse554_capstone&utm_medium=referral
https://images.unsplash.com/photo-1768332487888-326fa7dabbf2?crop=entropy&cs=tinysrgb&fit=max&fm=jpg&ixid=M3w4NzQxNTN8MHwxfHNlYXJjaHwxfHxQcmVtaXVtJTIwQ29va2Jvb2t8ZW58MHx8fHwxNzcyMjI1ODQ3fDA&ixlib=rb-4.1.0&q=80&w=1080?utm_source=sse554_capstone&utm_medium=referral,Premium Cookbook,SilverLine Electronics,"The Premium Cookbook 344 by SilverLine Electronics delivers dependable performance with quality materials and thoughtful design. It is well suited for everyday use in the office supplies category, offering a strong balance of value and functionality.",Office Supplies,"Modern, Portable, New Arrival, Versatile, Limited Edition",117.33,1.7,1696,742,2016-01-11,",hTcVg4rat|l",Kamilla Isalieva,https://unsplash.com/@kamillaisalieva?utm_source=sse554_capstone&utm_medium=referral
https://images.unsplash.com/photo-1739001411231-4fc0f4140259?crop=entropy&cs=tinysrgb&fit=max&fm=jpg&ixid=M3w4NzQxNTN8MHwxfHNlYXJjaHwxfHxQb3J0YWJsZSUyMEdyYXBoaWMlMjBULVNoaXJ0fGVufDB8fHx8MTc3MjIyNTg2NXww&ixlib=rb-4.1.0&q=80&w=1080?utm_source=sse554_capstone&utm_medium=referral,Portable Graphic T-Shirt,BlueRiver Outfitters,"The Portable Graphic T-Shirt 617 by BlueRiver Outfitters delivers dependable performance with quality materials and thoughtful design. It is well suited for everyday use in the electronics category, offering a strong balance of value and functionality.",Electronics,"Portable, Waterproof, Wireless, Ergonomic, Versatile",492.9,1.0,1225,105,2022-07-25,B4nqKyjwI3/L,Jay Soundo,https://unsplash.com/@jaysoundo?utm_source=sse554_capstone&utm_medium=referral
https://images.unsplash.com/photo-1693596936248-8fab255a3de1?crop=entropy&cs=tinysrgb&fit=max&fm=jpg&ixid=M3w4NzQxNTN8MHwxfHNlYXJjaHwxfHxXaXJlbGVzcyUyMExFRCUyMERlc2slMjBMYW1wfGVufDB8fHx8MTc3MjIyNTgzNHww&ixlib=rb-4.1.0&q=80&w=1080?utm_source=sse554_capstone&utm_medium=referral,Wireless LED Desk Lamp,NorthPeak,"The Wireless LED Desk Lamp 143 by NorthPeak delivers dependable performance with quality materials and thoughtful design. It is well suited for everyday use in the office supplies category, offering a strong balance of value and functionality.",Office Supplies,"Ergonomic, Wireless, Portable, Durable, Versatile",29.63,1.9,6286,1198,2020-03-11,9(aC7["4O3\?,Darius Cotoi,https://unsplash.com/@dariuscotoi?utm_source=sse554_capstone&utm_medium=referral
https://images.unsplash.com/photo-1758599879693-9e06f55a4ded?crop=entropy&cs=tinysrgb&fit=max&fm=jpg&ixid=M3w4NzQxNTN8MHwxfHNlYXJjaHwxfHxFY28lMjBZb2dhJTIwTWF0fGVufDB8fHx8MTc3MjIyNTg2MXww&ixlib=rb-4.1.0&q=80&w=1080?utm_source=sse554_capstone&utm_medium=referral,Eco Yoga Mat,UrbanNest,"The Eco Yoga Mat 676 by UrbanNest delivers dependable performance with quality materials and thoughtful design. It is well suited for everyday use in the home & kitchen category, offering a strong balance of value and functionality.",Home & Kitchen,"Bestseller, New Arrival, Waterproof, Durable, Versatile",153.87,4.1,7749,910,2018-12-09,"x)z3nrj(Rq,h",Vitaly Gariev,https://unsplash.com/@silverkblack?utm_source=sse554_capstone&utm_medium=referral
https://images.unsplash.com/photo-1641998148499-cb6b55a3c0d3?crop=entropy&cs=tinysrgb&fit=max&fm=jpg&ixid=M3w4NzQxNTN8MHwxfHNlYXJjaHwxfHxQcmVtaXVtJTIwT2ZmaWNlJTIwQ2hhaXJ8ZW58MHx8fHwxNzcyMjI1ODY1fDA&ixlib=rb-4.1.0&q=80&w=1080?utm_source=sse554_capstone&utm_medium=referral,Premium Office Chair,Maple Street Press,"The Premium Office Chair 159 by Maple Street Press delivers dependable performance with quality materials and thoughtful design. It is well suited for everyday use in the sports & outdoors category, offering a strong balance of value and functionality.",Sports & Outdoors,"Giftable, Premium, Rechargeable, Modern, New Arrival",127.45,3.1,7100,75,2019-10-05,'Dt%ar>PaAE.,Lotus Design N Print,https://unsplash.com/@lotusdnp?utm_source=sse554_capstone&utm_medium=referral
https://images.unsplash.com/photo-1664714628878-9d2aa898b9e3?crop=entropy&cs=tinysrgb&fit=max&fm=jpg&ixid=M3w4NzQxNTN8MHwxfHNlYXJjaHwxfHxXaXJlbGVzcyUyMFN0YWlubGVzcyUyMFN0ZWVsJTIwV2F0ZXIlMjBCb3R0bGV8ZW58MHx8fHwxNzcyMjI1ODY1fDA&ixlib=rb-4.1.0&q=80&w=1080?utm_source=sse554_capstone&utm_medium=referral,Wireless Stainless Steel Water Bottle,Summit Gear Co.,"The Wireless Stainless Steel Water Bottle 739 by Summit Gear Co. delivers dependable performance with quality materials and thoughtful design. It is well suited for everyday use in the office supplies category, offering a strong balance of value and functionality.",Office Supplies,"Modern, Bestseller, Compact, Premium, Giftable",312.14,4.7,7913,1910,2017-02-17,"SQ5\,_&h^|=X",Personalgraphic.com,https://unsplash.com/@personal_graphic?utm_source=sse554_capstone&utm_medium=referral
https://images.unsplash.com/photo-1571406487954-dc11b0c0767d?crop=entropy&cs=tinysrgb&fit=max&fm=jpg&ixid=M3w4NzQxNTN8MHwxfHNlYXJjaHwxfHxDb21wYWN0JTIwTEVEJTIwRGVzayUyMExhbXB8ZW58MHx8fHwxNzcyMjI1ODQ5fDA&ixlib=rb-4.1.0&q=80&w=1080?utm_source=sse554_capstone&utm_medium=referral,Compact LED Desk Lamp,Horizon Tech,"The Compact LED Desk Lamp 421 by Horizon Tech delivers dependable performance with quality materials and thoughtful design. It is well suited for everyday use in the office supplies category, offering a strong balance of value and functionality.",Office Supplies,"New Arrival, Wireless, Versatile, Limited Edition, Waterproof",665.71,1.5,3847,185,2017-12-21,w77P1fh=4T&t,Monty Allen,https://unsplash.com/@monty_a?utm_source=sse554_capstone&utm_medium=referral
https://images.unsplash.com/photo-1592999641298-434e28c11d14?crop=entropy&cs=tinysrgb&fit=max&fm=jpg&ixid=M3w4NzQxNTN8MHwxfHNlYXJjaHwxfHxQb3J0YWJsZSUyMFN0YWlubGVzcyUyMFN0ZWVsJTIwV2F0ZXIlMjBCb3R0bGV8ZW58MHx8fHwxNzcyMjI1ODI5fDA&ixlib=rb-4.1.0&q=80&w=1080?utm_source=sse554_capstone&utm_medium=referral,Portable Stainless Steel Water Bottle,NorthPeak,"The Portable Stainless Steel Water Bottle 996 by NorthPeak delivers dependable performance with quality materials and thoughtful design. It is well suited for everyday use in the office supplies category, offering a strong balance of value and functionality.",Office Supplies,"Limited Edition, Giftable, Portable, New Arrival, Rechargeable",138.48,2.3,6324,1519,2019-08-12,AA4Lx`Z%*GPt,Filip Baotić,https://unsplash.com/@filipbaotic?utm_source=sse554_capstone&utm_medium=referral
https://images.unsplash.com/photo-1643136108890-c079a7cd08cc?crop=entropy&cs=tinysrgb&fit=max&fm=jpg&ixid=M3w4NzQxNTN8MHwxfHNlYXJjaHwxfHxDbGFzc2ljJTIwNEslMjBNb25pdG9yfGVufDB8fHx8MTc3MjIyNTg2Nnww&ixlib=rb-4.1.0&q=80&w=1080?utm_source=sse554_capstone&utm_medium=referral,Classic 4K Monitor,UrbanNest,"The Classic 4K Monitor 842 by UrbanNest delivers dependable performance with quality materials and thoughtful design. It is well suited for everyday use in the electronics category, offering a strong balance of value and functionality.",Electronics,"Wireless, Lightweight, Limited Edition, Portable, New Arrival",169.58,4.4,8756,382,2022-05-25,Sbm[RQ$Pq_?@,Neli Cerquetella,https://unsplash.com/@nelibird?utm_source=sse554_capstone&utm_medium=referral
https://images.unsplash.com/photo-1739001411231-4fc0f4140259?crop=entropy&cs=tinysrgb&fit=max&fm=jpg&ixid=M3w4NzQxNTN8MHwxfHNlYXJjaHwxfHxQb3J0YWJsZSUyMEdyYXBoaWMlMjBULVNoaXJ0fGVufDB8fHx8MTc3MjIyNTg2NXww&ixlib=rb-4.1.0&q=80&w=1080?utm_source=sse554_capstone&utm_medium=referral,Portable Graphic T-Shirt,BrightLeaf Publishing,"The Portable Graphic T-Shirt 658 by BrightLeaf Publishing delivers dependable performance with quality materials and thoughtful design. It is well suited for everyday use in the electronics category, offering a strong balance of value and functionality.",Electronics,"Lightweight, Waterproof, Portable, Premium, Durable",298.09,2.5,1782,1481,2019-03-15,1(p\@$\Dej]d,Jay Soundo,https://unsplash.com/@jaysoundo?utm_source=sse554_capstone&utm_medium=referral
https://images.unsplash.com/photo-1695712551608-b118cc5a39e4?crop=entropy&cs=tinysrgb&fit=max&fm=jpg&ixid=M3w4NzQxNTN8MHwxfHNlYXJjaHwxfHxFY28lMjBCbHVldG9vdGglMjBTcGVha2VyfGVufDB8fHx8MTc3MjIyNTgzNXww&ixlib=rb-4.1.0&q=80&w=1080?utm_source=sse554_capstone&utm_medium=referral,Eco Bluetooth Speaker,NorthPeak,"The Eco Bluetooth Speaker 823 by NorthPeak delivers dependable performance with quality materials and thoughtful design. It is well suited for everyday use in the books category, offering a strong balance of value and functionality.",Books,"Bestseller, Waterproof, Durable, Compact, Portable",744.6,3.3,3652,938,2018-04-03,XjV}]i2IvH[!,Gomi,https://unsplash.com/@gomi_design?utm_source=sse554_capstone&utm_medium=referral
https://images.unsplash.com/photo-1523730647456-cc896ae6243a?crop=entropy&cs=tinysrgb&fit=max&fm=jpg&ixid=M3w4NzQxNTN8MHwxfHNlYXJjaHwxfHxDbGFzc2ljJTIwUnVubmluZyUyMFNob2VzfGVufDB8fHx8MTc3MjIyNTg2Nnww&ixlib=rb-4.1.0&q=80&w=1080?utm_source=sse554_capstone&utm_medium=referral,Classic Running Shoes,BlueRiver Outfitters,"The Classic Running Shoes 862 by BlueRiver Outfitters delivers dependable performance with quality materials and thoughtful design. It is well suited for everyday use in the books category, offering a strong balance of value and functionality.",Books,"Ergonomic, Wireless, New Arrival, Compact, Lightweight",710.04,3.9,6634,360,2019-07-12,KF"36GYcg'f*,Jeroen Den Otter,https://unsplash.com/@jeroendenotter?utm_source=sse554_capstone&utm_medium=referral
https://images.unsplash.com/photo-1718210719917-c6e1cd5be085?crop=entropy&cs=tinysrgb&fit=max&fm=jpg&ixid=M3w4NzQxNTN8MHwxfHNlYXJjaHwxfHxDb21wYWN0JTIwU3RhaW5sZXNzJTIwU3RlZWwlMjBXYXRlciUyMEJvdHRsZXxlbnwwfHx8fDE3NzIyMjU4NjZ8MA&ixlib=rb-4.1.0&q=80&w=1080?utm_source=sse554_capstone&utm_medium=referral,Compact Stainless Steel Water Bottle,BlueRiver Outfitters,"The Compact Stainless Steel Water Bottle 655 by BlueRiver Outfitters delivers dependable performance with quality materials and thoughtful design. It is well suited for everyday use in the sports & outdoors category, offering a strong balance of value and functionality.",Sports & Outdoors,"Versatile, New Arrival, Bestseller, Modern, Durable",726.99,4.1,9166,371,2021-02-12,`xVq#&kL?iNC,Kedibone Isaac Makhumisane,https://unsplash.com/@isaax_the_artist?utm_source=sse554_capstone&utm_medium=referral
https://images.unsplash.com/photo-1718210719917-c6e1cd5be085?crop=entropy&cs=tinysrgb&fit=max&fm=jpg&ixid=M3w4NzQxNTN8MHwxfHNlYXJjaHwxfHxQcmVtaXVtJTIwU3RhaW5sZXNzJTIwU3RlZWwlMjBXYXRlciUyMEJvdHRsZXxlbnwwfHx8fDE3NzIyMjU4Njd8MA&ixlib=rb-4.1.0&q=80&w=1080?utm_source=sse554_capstone&utm_medium=referral,Premium Stainless Steel Water Bottle,NorthPeak,"The Premium Stainless Steel Water Bottle 348 by NorthPeak delivers dependable performance with quality materials and thoughtful design. It is well suited for everyday use in the electronics category, offering a strong balance of value and functionality.",Electronics,"Modern, Premium, Rechargeable, Compact, Durable",549.57,3.8,7364,322,2018-10-07,z?N3g1YUP'Xf,Kedibone Isaac Makhumisane,https://unsplash.com/@isaax_the_artist?utm_source=sse554_capstone&utm_medium=referral
https://images.unsplash.com/photo-1689610349731-94ae0e4c3892?crop=entropy&cs=tinysrgb&fit=max&fm=jpg&ixid=M3w4NzQxNTN8MHwxfHNlYXJjaHwxfHxDbGFzc2ljJTIwRWxlY3RyaWMlMjBLZXR0bGV8ZW58MHx8fHwxNzcyMjI1ODY3fDA&ixlib=rb-4.1.0&q=80&w=1080?utm_source=sse554_capstone&utm_medium=referral,Classic Electric Kettle,Summit Gear Co.,"The Classic Electric Kettle 890 by Summit Gear Co. delivers dependable performance with quality materials and thoughtful design. It is well suited for everyday use in the books category, offering a strong balance of value and functionality.",Books,"Durable, Ergonomic, Waterproof, Wireless, Lightweight",400.91,2.1,1562,1108,2017-08-08,H{ERO=O#"md%,Büşra Salkım,https://unsplash.com/@busgram?utm_source=sse554_capstone&utm_medium=referral
https://images.unsplash.com/photo-1659297396001-fa8d15dcad1a?crop=entropy&cs=tinysrgb&fit=max&fm=jpg&ixid=M3w4NzQxNTN8MHwxfHNlYXJjaHwxfHxBZHZhbmNlZCUyMDRLJTIwTW9uaXRvcnxlbnwwfHx8fDE3NzIyMjU4Njd8MA&ixlib=rb-4.1.0&q=80&w=1080?utm_source=sse554_capstone&utm_medium=referral,Advanced 4K Monitor,BlueRiver Outfitters,"The Advanced 4K Monitor 131 by BlueRiver Outfitters delivers dependable performance with quality materials and thoughtful design. It is well suited for everyday use in the office supplies category, offering a strong balance of value and functionality.",Office Supplies,"Giftable, Lightweight, Versatile, Modern, Durable",236.99,1.7,5018,844,2025-02-26,A)xG3\W9UDoD,Tai Bui,https://unsplash.com/@agforl24?utm_source=sse554_capstone&utm_medium=referral
https://images.unsplash.com/photo-1619590530232-da98a822baa5?crop=entropy&cs=tinysrgb&fit=max&fm=jpg&ixid=M3w4NzQxNTN8MHwxfHNlYXJjaHwxfHxDb21wYWN0JTIwNEslMjBNb25pdG9yfGVufDB8fHx8MTc3MjIyNTg0NHww&ixlib=rb-4.1.0&q=80&w=1080?utm_source=sse554_capstone&utm_medium=referral,Compact 4K Monitor,Maple Street Press,"The Compact 4K Monitor 178 by Maple Street Press delivers dependable performance with quality materials and thoughtful design. It is well suited for everyday use in the home & kitchen category, offering a strong balance of value and functionality.",Home & Kitchen,"Bestseller, Limited Edition, Versatile, Waterproof, Ergonomic",743.58,3.2,6921,73,2018-09-20,8#OxtGmb;l|-,Stebilex Systems,https://unsplash.com/@stebilexsystems?utm_source=sse554_capstone&utm_medium=referral
https://images.unsplash.com/photo-1762341107834-a3437dd0ae62?crop=entropy&cs=tinysrgb&fit=max&fm=jpg&ixid=M3w4NzQxNTN8MHwxfHNlYXJjaHwxfHxQcm9mZXNzaW9uYWwlMjBPZmZpY2UlMjBDaGFpcnxlbnwwfHx8fDE3NzIyMjU4Njh8MA&ixlib=rb-4.1.0&q=80&w=1080?utm_source=sse554_capstone&utm_medium=referral,Professional Office Chair,BlueRiver Outfitters,"The Professional Office Chair 557 by BlueRiver Outfitters delivers dependable performance with quality materials and thoughtful design. It is well suited for everyday use in the electronics category, offering a strong balance of value and functionality.",Electronics,"Compact, Limited Edition, Modern, Rechargeable, Portable",144.62,1.8,1230,1003,2025-08-25,Vsopc8H$^Zg1,Zulfugar Karimov,https://unsplash.com/@zulfugarkarimov?utm_source=sse554_capstone&utm_medium=referral
https://images.unsplash.com/photo-1733218430878-902cc0cff502?crop=entropy&cs=tinysrgb&fit=max&fm=jpg&ixid=M3w4NzQxNTN8MHwxfHNlYXJjaHwxfHxXaXJlbGVzcyUyMEFjdGlvbiUyMENhbWVyYXxlbnwwfHx8fDE3NzIyMjU4Njh8MA&ixlib=rb-4.1.0&q=80&w=1080?utm_source=sse554_capstone&utm_medium=referral,Wireless Action Camera,BrightLeaf Publishing,"The Wireless Action Camera 494 by BrightLeaf Publishing delivers dependable performance with quality materials and thoughtful design. It is well suited for everyday use in the office supplies category, offering a strong balance of value and functionality.",Office Supplies,"Ergonomic, Bestseller, Modern, Lightweight, Limited Edition",387.95,2.3,6610,200,2020-07-16,WWHxT6.G\|Zs,Duc Van,https://unsplash.com/@duke91?utm_source=sse554_capstone&utm_medium=referral
https://images.unsplash.com/photo-1658524202348-8bdff4d4a194?crop=entropy&cs=tinysrgb&fit=max&fm=jpg&ixid=M3w4NzQxNTN8MHwxfHNlYXJjaHwxfHxXaXJlbGVzcyUyMENvb2t3YXJlJTIwU2V0fGVufDB8fHx8MTc3MjIyNTgzOXww&ixlib=rb-4.1.0&q=80&w=1080?utm_source=sse554_capstone&utm_medium=referral,Wireless Cookware Set,SilverLine Electronics,"The Wireless Cookware Set 841 by SilverLine Electronics delivers dependable performance with quality materials and thoughtful design. It is well suited for everyday use in the electronics category, offering a strong balance of value and functionality.",Electronics,"Wireless, Portable, Limited Edition, Rechargeable, Lightweight",268.32,3.3,3379,962,2024-10-14,+%pNo`uN%:In,Pedro Fleitas,https://unsplash.com/@pedroooo?utm_source=sse554_capstone&utm_medium=referral
https://images.unsplash.com/photo-1622551292636-fc51a35d66fb?crop=entropy&cs=tinysrgb&fit=max&fm=jpg&ixid=M3w4NzQxNTN8MHwxfHNlYXJjaHwxfHxQb3J0YWJsZSUyMENvb2tib29rfGVufDB8fHx8MTc3MjIyNTg1MHww&ixlib=rb-4.1.0&q=80&w=1080?utm_source=sse554_capstone&utm_medium=referral,Portable Cookbook,Horizon Tech,"The Portable Cookbook 697 by Horizon Tech delivers dependable performance with quality materials and thoughtful design. It is well suited for everyday use in the sports & outdoors category, offering a strong balance of value and functionality.",Sports & Outdoors,"Portable, Wireless, Ergonomic, New Arrival, Bestseller",180.26,1.1,3428,108,2019-03-17,EM'FuKxkc}SK,Annie Spratt,https://unsplash.com/@anniespratt?utm_source=sse554_capstone&utm_medium=referral
https://images.unsplash.com/photo-1601220363009-f7e66d095649?crop=entropy&cs=tinysrgb&fit=max&fm=jpg&ixid=M3w4NzQxNTN8MHwxfHNlYXJjaHwxfHxDb21wYWN0JTIwU21hcnRwaG9uZSUyMFN0YW5kfGVufDB8fHx8MTc3MjIyNTg0MXww&ixlib=rb-4.1.0&q=80&w=1080?utm_source=sse554_capstone&utm_medium=referral,Compact Smartphone Stand,BrightLeaf Publishing,"The Compact Smartphone Stand 753 by BrightLeaf Publishing delivers dependable performance with quality materials and thoughtful design. It is well suited for everyday use in the books category, offering a strong balance of value and functionality.",Books,"Premium, Wireless, Rechargeable, Ergonomic, Lightweight",60.93,2.4,4796,847,2023-04-15,s-pW>a*Y>iC",Hugo Sesma,https://unsplash.com/@h_u_g_e?utm_source=sse554_capstone&utm_medium=referral
https://images.unsplash.com/photo-1733218430878-902cc0cff502?crop=entropy&cs=tinysrgb&fit=max&fm=jpg&ixid=M3w4NzQxNTN8MHwxfHNlYXJjaHwxfHxXaXJlbGVzcyUyMEFjdGlvbiUyMENhbWVyYXxlbnwwfHx8fDE3NzIyMjU4Njh8MA&ixlib=rb-4.1.0&q=80&w=1080?utm_source=sse554_capstone&utm_medium=referral,Wireless Action Camera,UrbanNest,"The Wireless Action Camera 519 by UrbanNest delivers dependable performance with quality materials and thoughtful design. It is well suited for everyday use in the clothing category, offering a strong balance of value and functionality.",Clothing,"Limited Edition, Giftable, Bestseller, Essential, Durable",241.6,4.0,4096,1165,2023-07-07,Os`<:]bL9bp#,Duc Van,https://unsplash.com/@duke91?utm_source=sse554_capstone&utm_medium=referral
https://images.unsplash.com/photo-1671764673184-740ebf2cd637?crop=entropy&cs=tinysrgb&fit=max&fm=jpg&ixid=M3w4NzQxNTN8MHwxfHNlYXJjaHwxfHxDb21wYWN0JTIwQmFja3BhY2t8ZW58MHx8fHwxNzcyMjI1ODY5fDA&ixlib=rb-4.1.0&q=80&w=1080?utm_source=sse554_capstone&utm_medium=referral,Compact Backpack,BrightLeaf Publishing,"The Compact Backpack 544 by BrightLeaf Publishing delivers dependable performance with quality materials and thoughtful design. It is well suited for everyday use in the clothing category, offering a strong balance of value and functionality.",Clothing,"Portable, Wireless, New Arrival, Limited Edition, Premium",704.43,4.1,3756,1006,2016-11-17,"bJ/hz'%,<R:*",Baguette Knight,https://unsplash.com/@baguette_knight?utm_source=sse554_capstone&utm_medium=referral
https://images.unsplash.com/photo-1566533893210-134327eb8967?crop=entropy&cs=tinysrgb&fit=max&fm=jpg&ixid=M3w4NzQxNTN8MHwxfHNlYXJjaHwxfHxFY28lMjBOb2lzZSUyMENhbmNlbGxpbmclMjBIZWFkcGhvbmVzfGVufDB8fHx8MTc3MjIyNTg0NHww&ixlib=rb-4.1.0&q=80&w=1080?utm_source=sse554_capstone&utm_medium=referral,Eco Noise Cancelling Headphones,BlueRiver Outfitters,"The Eco Noise Cancelling Headphones 783 by BlueRiver Outfitters delivers dependable performance with quality materials and thoughtful design. It is well suited for everyday use in the sports & outdoors category, offering a strong balance of value and functionality.",Sports & Outdoors,"Durable, Essential, Portable, Premium, Modern",754.51,4.2,1804,1081,2016-01-21,f$I)UDeHG&S(,Dev Asangbam,https://unsplash.com/@devasangbam?utm_source=sse554_capstone&utm_medium=referral
https://images.unsplash.com/photo-1658700054661-84feecc48f84?crop=entropy&cs=tinysrgb&fit=max&fm=jpg&ixid=M3w4NzQxNTN8MHwxfHNlYXJjaHwxfHxDbGFzc2ljJTIwTWVjaGFuaWNhbCUyMEtleWJvYXJkfGVufDB8fHx8MTc3MjIyNTg2OXww&ixlib=rb-4.1.0&q=80&w=1080?utm_source=sse554_capstone&utm_medium=referral,Classic Mechanical Keyboard,NorthPeak,"The Classic Mechanical Keyboard 393 by NorthPeak delivers dependable performance with quality materials and thoughtful design. It is well suited for everyday use in the home & kitchen category, offering a strong balance of value and functionality.",Home & Kitchen,"Modern, Ergonomic, Wireless, Limited Edition, Giftable",594.4,2.6,3070,1724,2018-11-09,oHYMxb)r"u1",76,https://unsplash.com/@abishvijayan?utm_source=sse554_capstone&utm_medium=referral
https://images.unsplash.com/photo-1699419936948-d63709c01a8b?crop=entropy&cs=tinysrgb&fit=max&fm=jpg&ixid=M3w4NzQxNTN8MHwxfHNlYXJjaHwxfHxVbHRyYSUyMFNtYXJ0cGhvbmUlMjBTdGFuZHxlbnwwfHx8fDE3NzIyMjU4Njl8MA&ixlib=rb-4.1.0&q=80&w=1080?utm_source=sse554_capstone&utm_medium=referral,Ultra Smartphone Stand,NorthPeak,"The Ultra Smartphone Stand 758 by NorthPeak delivers dependable performance with quality materials and thoughtful design. It is well suited for everyday use in the electronics category, offering a strong balance of value and functionality.",Electronics,"Rechargeable, Modern, Limited Edition, Compact, Ergonomic",427.66,2.7,3755,92,2020-08-27,d*tqs$M*R|&c,Sunil Kumar,https://unsplash.com/@designbyhelios?utm_source=sse554_capstone&utm_medium=referral
https://images.unsplash.com/photo-1765332374240-5743e37e0341?crop=entropy&cs=tinysrgb&fit=max&fm=jpg&ixid=M3w4NzQxNTN8MHwxfHNlYXJjaHwxfHxFY28lMjBHYW1pbmclMjBNb3VzZXxlbnwwfHx8fDE3NzIyMjU4Njl8MA&ixlib=rb-4.1.0&q=80&w=1080?utm_source=sse554_capstone&utm_medium=referral,Eco Gaming Mouse,Horizon Tech,"The Eco Gaming Mouse 907 by Horizon Tech delivers dependable performance with quality materials and thoughtful design. It is well suited for everyday use in the office supplies category, offering a strong balance of value and functionality.",Office Supplies,"Limited Edition, Compact, Rechargeable, Portable, Durable",283.88,2.4,1719,867,2024-02-17,i#rA6]9Jaopj,Mo B.h,https://unsplash.com/@moha_95?utm_source=sse554_capstone&utm_medium=referral
https://images.unsplash.com/photo-1758348844371-dfbae2780bd3?crop=entropy&cs=tinysrgb&fit=max&fm=jpg&ixid=M3w4NzQxNTN8MHwxfHNlYXJjaHwxfHxVbHRyYSUyMEZpdG5lc3MlMjBUcmFja2VyfGVufDB8fHx8MTc3MjIyNTg2MXww&ixlib=rb-4.1.0&q=80&w=1080?utm_source=sse554_capstone&utm_medium=referral,Ultra Fitness Tracker,Maple Street Press,"The Ultra Fitness Tracker 825 by Maple Street Press delivers dependable performance with quality materials and thoughtful design. It is well suited for everyday use in the home & kitchen category, offering a strong balance of value and functionality.",Home & Kitchen,"Essential, Compact, Lightweight, Bestseller, New Arrival",325.63,1.0,1671,739,2020-08-29,"""9$#uV8#fasl",Sam Grozyan,https://unsplash.com/@ijeunes?utm_source=sse554_capstone&utm_medium=referral
https://images.unsplash.com/photo-1625211117321-fec97bb8980d?crop=entropy&cs=tinysrgb&fit=max&fm=jpg&ixid=M3w4NzQxNTN8MHwxfHNlYXJjaHwxfHxFY28lMjBSdW5uaW5nJTIwU2hvZXN8ZW58MHx8fHwxNzcyMjI1ODcwfDA&ixlib=rb-4.1.0&q=80&w=1080?utm_source=sse554_capstone&utm_medium=referral,Eco Running Shoes,BlueRiver Outfitters,"The Eco Running Shoes 433 by BlueRiver Outfitters delivers dependable performance with quality materials and thoughtful design. It is well suited for everyday use in the home & kitchen category, offering a strong balance of value and functionality.",Home & Kitchen,"Waterproof, Wireless, Lightweight, Premium, New Arrival",175.11,2.2,3700,1464,2021-04-10,Z\C`1pAk/a3!,Sneep Crew,https://unsplash.com/@sneepcrew?utm_source=sse554_capstone&utm_medium=referral
https://images.unsplash.com/photo-1768618506508-2575a80f4461?crop=entropy&cs=tinysrgb&fit=max&fm=jpg&ixid=M3w4NzQxNTN8MHwxfHNlYXJjaHwxfHxQcm9mZXNzaW9uYWwlMjBCbHVldG9vdGglMjBTcGVha2VyfGVufDB8fHx8MTc3MjIyNTg2Mnww&ixlib=rb-4.1.0&q=80&w=1080?utm_source=sse554_capstone&utm_medium=referral,Professional Bluetooth Speaker,Horizon Tech,"The Professional Bluetooth Speaker 655 by Horizon Tech delivers dependable performance with quality materials and thoughtful design. It is well suited for everyday use in the books category, offering a strong balance of value and functionality.",Books,"Durable, Compact, Versatile, Lightweight, Giftable",73.68,2.1,5069,839,2021-03-25,"/|w=,qQSx!,%",Cao Minh Đức,https://unsplash.com/@duck0505?utm_source=sse554_capstone&utm_medium=referral
https://images.unsplash.com/photo-1664441156356-574882b11b6a?crop=entropy&cs=tinysrgb&fit=max&fm=jpg&ixid=M3w4NzQxNTN8MHwxfHNlYXJjaHwxfHxVbHRyYSUyME1lY2hhbmljYWwlMjBLZXlib2FyZHxlbnwwfHx8fDE3NzIyMjU4NzB8MA&ixlib=rb-4.1.0&q=80&w=1080?utm_source=sse554_capstone&utm_medium=referral,Ultra Mechanical Keyboard,SilverLine Electronics,"The Ultra Mechanical Keyboard 118 by SilverLine Electronics delivers dependable performance with quality materials and thoughtful design. It is well suited for everyday use in the sports & outdoors category, offering a strong balance of value and functionality.",Sports & Outdoors,"Versatile, Ergonomic, Limited Edition, Modern, New Arrival",367.04,3.1,1664,640,2025-12-17,GRJ1^\8XJp7(,Reza Shahmoradi,https://unsplash.com/@rzxsh?utm_source=sse554_capstone&utm_medium=referral
https://images.unsplash.com/photo-1523730647456-cc896ae6243a?crop=entropy&cs=tinysrgb&fit=max&fm=jpg&ixid=M3w4NzQxNTN8MHwxfHNlYXJjaHwxfHxDbGFzc2ljJTIwUnVubmluZyUyMFNob2VzfGVufDB8fHx8MTc3MjIyNTg2Nnww&ixlib=rb-4.1.0&q=80&w=1080?utm_source=sse554_capstone&utm_medium=referral,Classic Running Shoes,NorthPeak,"The Classic Running Shoes 604 by NorthPeak delivers dependable performance with quality materials and thoughtful design. It is well suited for everyday use in the home & kitchen category, offering a strong balance of value and functionality.",Home & Kitchen,"Portable, Limited Edition, Lightweight, Versatile, Wireless",586.79,4.6,4814,907,2016-02-29,D\Kbx/;B4d_N,Jeroen Den Otter,https://unsplash.com/@jeroendenotter?utm_source=sse554_capstone&utm_medium=referral
https://images.unsplash.com/photo-1718210719917-c6e1cd5be085?crop=entropy&cs=tinysrgb&fit=max&fm=jpg&ixid=M3w4NzQxNTN8MHwxfHNlYXJjaHwxfHxQcmVtaXVtJTIwU3RhaW5sZXNzJTIwU3RlZWwlMjBXYXRlciUyMEJvdHRsZXxlbnwwfHx8fDE3NzIyMjU4Njd8MA&ixlib=rb-4.1.0&q=80&w=1080?utm_source=sse554_capstone&utm_medium=referral,Premium Stainless Steel Water Bottle,SilverLine Electronics,"The Premium Stainless Steel Water Bottle 107 by SilverLine Electronics delivers dependable performance with quality materials and thoughtful design. It is well suited for everyday use in the books category, offering a strong balance of value and functionality.",Books,"Premium, Durable, Ergonomic, Modern, Limited Edition",178.78,4.3,4292,1006,2016-11-15,]eV"ZzCeL!#i,Kedibone Isaac Makhumisane,https://unsplash.com/@isaax_the_artist?utm_source=sse554_capstone&utm_medium=referral
https://images.unsplash.com/photo-1764557159396-419b85356035?crop=entropy&cs=tinysrgb&fit=max&fm=jpg&ixid=M3w4NzQxNTN8MHwxfHNlYXJjaHwxfHxQcmVtaXVtJTIwTm9pc2UlMjBDYW5jZWxsaW5nJTIwSGVhZHBob25lc3xlbnwwfHx8fDE3NzIyMjU4MzV8MA&ixlib=rb-4.1.0&q=80&w=1080?utm_source=sse554_capstone&utm_medium=referral,Premium Noise Cancelling Headphones,Maple Street Press,"The Premium Noise Cancelling Headphones 616 by Maple Street Press delivers dependable performance with quality materials and thoughtful design. It is well suited for everyday use in the clothing category, offering a strong balance of value and functionality.",Clothing,"Giftable, Compact, Versatile, Bestseller, Limited Edition",268.25,1.2,5711,641,2023-04-17,RnQ@G&F4{h2^,Jj Rocha,https://unsplash.com/@that_person?utm_source=sse554_capstone&utm_medium=referral
https://images.unsplash.com/photo-1738520420636-a1591b84723e?crop=entropy&cs=tinysrgb&fit=max&fm=jpg&ixid=M3w4NzQxNTN8MHwxfHNlYXJjaHwxfHxBZHZhbmNlZCUyMEVsZWN0cmljJTIwS2V0dGxlfGVufDB8fHx8MTc3MjIyNTg0OXww&ixlib=rb-4.1.0&q=80&w=1080?utm_source=sse554_capstone&utm_medium=referral,Advanced Electric Kettle,NorthPeak,"The Advanced Electric Kettle 894 by NorthPeak delivers dependable performance with quality materials and thoughtful design. It is well suited for everyday use in the electronics category, offering a strong balance of value and functionality.",Electronics,"Compact, Versatile, Portable, Durable, Premium",575.82,1.3,5173,1444,2023-07-27,Ex?H-$C.{@+z,Gleb Paniotov,https://unsplash.com/@paniotovvv?utm_source=sse554_capstone&utm_medium=referral
https://images.unsplash.com/photo-1758599879792-d6d5d4e3289c?crop=entropy&cs=tinysrgb&fit=max&fm=jpg&ixid=M3w4NzQxNTN8MHwxfHNlYXJjaHwxfHxTbWFydCUyMFlvZ2ElMjBNYXR8ZW58MHx8fHwxNzcyMjI1ODI2fDA&ixlib=rb-4.1.0&q=80&w=1080?utm_source=sse554_capstone&utm_medium=referral,Smart Yoga Mat,Horizon Tech,"The Smart Yoga Mat 258 by Horizon Tech delivers dependable performance with quality materials and thoughtful design. It is well suited for everyday use in the home & kitchen category, offering a strong balance of value and functionality.",Home & Kitchen,"Premium, Essential, Wireless, Waterproof, Durable",106.87,2.0,7191,1296,2020-11-06,DXAG=una@EJ:,Vitaly Gariev,https://unsplash.com/@silverkblack?utm_source=sse554_capstone&utm_medium=referral
https://images.unsplash.com/photo-1760443728230-b84a87381f8f?crop=entropy&cs=tinysrgb&fit=max&fm=jpg&ixid=M3w4NzQxNTN8MHwxfHNlYXJjaHwxfHxQb3J0YWJsZSUyMFNtYXJ0cGhvbmUlMjBTdGFuZHxlbnwwfHx8fDE3NzIyMjU4NTh8MA&ixlib=rb-4.1.0&q=80&w=1080?utm_source=sse554_capstone&utm_medium=referral,Portable Smartphone Stand,Summit Gear Co.,"The Portable Smartphone Stand 451 by Summit Gear Co. delivers dependable performance with quality materials and thoughtful design. It is well suited for everyday use in the home & kitchen category, offering a strong balance of value and functionality.",Home & Kitchen,"Modern, Limited Edition, Rechargeable, Giftable, Ergonomic",81.44,4.9,8708,1545,2021-04-16,d1gQDvs^:BQ&,Todd Jiang,https://unsplash.com/@toddjiang?utm_source=sse554_capstone&utm_medium=referral
https://images.unsplash.com/photo-1752854048645-15ab5d246bd4?crop=entropy&cs=tinysrgb&fit=max&fm=jpg&ixid=M3w4NzQxNTN8MHwxfHNlYXJjaHwxfHxFY28lMjBTY2llbmNlJTIwRmljdGlvbiUyME5vdmVsfGVufDB8fHx8MTc3MjIyNTg1M3ww&ixlib=rb-4.1.0&q=80&w=1080?utm_source=sse554_capstone&utm_medium=referral,Eco Science Fiction Novel,BrightLeaf Publishing,"The Eco Science Fiction Novel 136 by BrightLeaf Publishing delivers dependable performance with quality materials and thoughtful design. It is well suited for everyday use in the sports & outdoors category, offering a strong balance of value and functionality.",Sports & Outdoors,"Giftable, Portable, Modern, Limited Edition, Premium",491.35,2.4,4605,36,2020-08-11,2U>B'm44jmwp,Hanna Lazar,https://unsplash.com/@potokvarte?utm_source=sse554_capstone&utm_medium=referral
https://images.unsplash.com/photo-1716623816154-82045bc02706?crop=entropy&cs=tinysrgb&fit=max&fm=jpg&ixid=M3w4NzQxNTN8MHwxfHNlYXJjaHwxfHxQcm9mZXNzaW9uYWwlMjBDb29rd2FyZSUyMFNldHxlbnwwfHx8fDE3NzIyMjU4MzF8MA&ixlib=rb-4.1.0&q=80&w=1080?utm_source=sse554_capstone&utm_medium=referral,Professional Cookware Set,BlueRiver Outfitters,"The Professional Cookware Set 409 by BlueRiver Outfitters delivers dependable performance with quality materials and thoughtful design. It is well suited for everyday use in the clothing category, offering a strong balance of value and functionality.",Clothing,"Compact, Bestseller, Premium, Giftable, Waterproof",119.54,4.9,3549,372,2019-05-19,mE&_fj_[~J\r,Vlad Kutepov,https://unsplash.com/@kvtepov?utm_source=sse554_capstone&utm_medium=referral
https://images.unsplash.com/photo-1588279102558-dabc7b32d9b1?crop=entropy&cs=tinysrgb&fit=max&fm=jpg&ixid=M3w4NzQxNTN8MHwxfHNlYXJjaHwxfHxBZHZhbmNlZCUyMENvb2t3YXJlJTIwU2V0fGVufDB8fHx8MTc3MjIyNTg2NHww&ixlib=rb-4.1.0&q=80&w=1080?utm_source=sse554_capstone&utm_medium=referral,Advanced Cookware Set,NorthPeak,"The Advanced Cookware Set 837 by NorthPeak delivers dependable performance with quality materials and thoughtful design. It is well suited for everyday use in the home & kitchen category, offering a strong balance of value and functionality.",Home & Kitchen,"Durable, New Arrival, Versatile, Ergonomic, Bestseller",177.47,2.6,724,378,2025-11-30,"X],<X>+T:N.5",Cooker King,https://unsplash.com/@cookerking?utm_source=sse554_capstone&utm_medium=referral
https://images.unsplash.com/photo-1771764760606-e654772df7d2?crop=entropy&cs=tinysrgb&fit=max&fm=jpg&ixid=M3w4NzQxNTN8MHwxfHNlYXJjaHwxfHxQcm9mZXNzaW9uYWwlMjBFeHRlcm5hbCUyMEhhcmQlMjBEcml2ZXxlbnwwfHx8fDE3NzIyMjU4NDl8MA&ixlib=rb-4.1.0&q=80&w=1080?utm_source=sse554_capstone&utm_medium=referral,Professional External Hard Drive,BrightLeaf Publishing,"The Professional External Hard Drive 941 by BrightLeaf Publishing delivers dependable performance with quality materials and thoughtful design. It is well suited for everyday use in the books category, offering a strong balance of value and functionality.",Books,"Wireless, Ergonomic, Versatile, Essential, Bestseller",237.91,4.0,4641,17,2016-05-19,TJ+cj"#t7|*D,Ahmadreza Rezaie,https://unsplash.com/@ahmdrzarzai?utm_source=sse554_capstone&utm_medium=referral
https://images.unsplash.com/photo-1765332374240-5743e37e0341?crop=entropy&cs=tinysrgb&fit=max&fm=jpg&ixid=M3w4NzQxNTN8MHwxfHNlYXJjaHwxfHxFY28lMjBHYW1pbmclMjBNb3VzZXxlbnwwfHx8fDE3NzIyMjU4Njl8MA&ixlib=rb-4.1.0&q=80&w=1080?utm_source=sse554_capstone&utm_medium=referral,Eco Gaming Mouse,Summit Gear Co.,"The Eco Gaming Mouse 906 by Summit Gear Co. delivers dependable performance with quality materials and thoughtful design. It is well suited for everyday use in the clothing category, offering a strong balance of value and functionality.",Clothing,"Versatile, Ergonomic, Modern, Compact, Portable",421.06,1.7,3428,1588,2018-02-21,"RiYzc,SQ3Su4",Mo B.h,https://unsplash.com/@moha_95?utm_source=sse554_capstone&utm_medium=referral
https://images.unsplash.com/photo-1770560437948-a7492488dab8?crop=entropy&cs=tinysrgb&fit=max&fm=jpg&ixid=M3w4NzQxNTN8MHwxfHNlYXJjaHwxfHxFY28lMjBBY3Rpb24lMjBDYW1lcmF8ZW58MHx8fHwxNzcyMjI1ODcxfDA&ixlib=rb-4.1.0&q=80&w=1080?utm_source=sse554_capstone&utm_medium=referral,Eco Action Camera,Maple Street Press,"The Eco Action Camera 629 by Maple Street Press delivers dependable performance with quality materials and thoughtful design. It is well suited for everyday use in the sports & outdoors category, offering a strong balance of value and functionality.",Sports & Outdoors,"Premium, Rechargeable, Portable, Compact, Giftable",600.68,1.3,4981,1105,2023-10-13,:q$5n\F[Zq4R,Rynco Maekawa,https://unsplash.com/@lynzrand?utm_source=sse554_capstone&utm_medium=referral
https://images.unsplash.com/photo-1588279102558-dabc7b32d9b1?crop=entropy&cs=tinysrgb&fit=max&fm=jpg&ixid=M3w4NzQxNTN8MHwxfHNlYXJjaHwxfHxDb21wYWN0JTIwQ29va3dhcmUlMjBTZXR8ZW58MHx8fHwxNzcyMjI1ODU5fDA&ixlib=rb-4.1.0&q=80&w=1080?utm_source=sse554_capstone&utm_medium=referral,Compact Cookware Set,BrightLeaf Publishing,"The Compact Cookware Set 371 by BrightLeaf Publishing delivers dependable performance with quality materials and thoughtful design. It is well suited for everyday use in the home & kitchen category, offering a strong balance of value and functionality.",Home & Kitchen,"Waterproof, New Arrival, Durable, Essential, Premium",677.39,4.9,2388,1826,2023-01-12,<U~(`]NeEc6u,Cooker King,https://unsplash.com/@cookerking?utm_source=sse554_capstone&utm_medium=referral
https://images.unsplash.com/photo-1655976796910-b239b1a1a41c?crop=entropy&cs=tinysrgb&fit=max&fm=jpg&ixid=M3w4NzQxNTN8MHwxfHNlYXJjaHwxfHxTbWFydCUyMEJsdWV0b290aCUyMFNwZWFrZXJ8ZW58MHx8fHwxNzcyMjI1ODMwfDA&ixlib=rb-4.1.0&q=80&w=1080?utm_source=sse554_capstone&utm_medium=referral,Smart Bluetooth Speaker,SilverLine Electronics,"The Smart Bluetooth Speaker 261 by SilverLine Electronics delivers dependable performance with quality materials and thoughtful design. It is well suited for everyday use in the clothing category, offering a strong balance of value and functionality.",Clothing,"Giftable, Limited Edition, Essential, New Arrival, Premium",244.71,3.6,9874,123,2017-08-09,"R.6%!&C,t3?7",Ajeet Panesar,https://unsplash.com/@ajeetpanesarphotography?utm_source=sse554_capstone&utm_medium=referral
https://images.unsplash.com/photo-1586187543706-b43086b30978?crop=entropy&cs=tinysrgb&fit=max&fm=jpg&ixid=M3w4NzQxNTN8MHwxfHNlYXJjaHwxfHxTbWFydCUyMEV4dGVybmFsJTIwSGFyZCUyMERyaXZlfGVufDB8fHx8MTc3MjIyNTgzMHww&ixlib=rb-4.1.0&q=80&w=1080?utm_source=sse554_capstone&utm_medium=referral,Smart External Hard Drive,UrbanNest,"The Smart External Hard Drive 970 by UrbanNest delivers dependable performance with quality materials and thoughtful design. It is well suited for everyday use in the home & kitchen category, offering a strong balance of value and functionality.",Home & Kitchen,"Durable, Giftable, Essential, Rechargeable, Premium",11.73,3.7,907,1103,2016-04-22,%4fpX3tCp($~,Everyday Basics,https://unsplash.com/@zanardi?utm_source=sse554_capstone&utm_medium=referral
https://images.unsplash.com/photo-1763369521070-11b994aa6d7e?crop=entropy&cs=tinysrgb&fit=max&fm=jpg&ixid=M3w4NzQxNTN8MHwxfHNlYXJjaHwxfHxQcm9mZXNzaW9uYWwlMjBHcmFwaGljJTIwVC1TaGlydHxlbnwwfHx8fDE3NzIyMjU4Mjd8MA&ixlib=rb-4.1.0&q=80&w=1080?utm_source=sse554_capstone&utm_medium=referral,Professional Graphic T-Shirt,UrbanNest,"The Professional Graphic T-Shirt 904 by UrbanNest delivers dependable performance with quality materials and thoughtful design. It is well suited for everyday use in the books category, offering a strong balance of value and functionality.",Books,"Essential, Compact, Bestseller, Portable, Ergonomic",632.42,4.5,1734,1853,2016-05-28,'>jRub\!voP$,Igor Shalyminov,https://unsplash.com/@ishalyminov?utm_source=sse554_capstone&utm_medium=referral
https://images.unsplash.com/photo-1616268198462-50a80c4785d0?crop=entropy&cs=tinysrgb&fit=max&fm=jpg&ixid=M3w4NzQxNTN8MHwxfHNlYXJjaHwxfHxDbGFzc2ljJTIwU3RhaW5sZXNzJTIwU3RlZWwlMjBXYXRlciUyMEJvdHRsZXxlbnwwfHx8fDE3NzIyMjU4NzF8MA&ixlib=rb-4.1.0&q=80&w=1080?utm_source=sse554_capstone&utm_medium=referral,Classic Stainless Steel Water Bottle,UrbanNest,"The Classic Stainless Steel Water Bottle 374 by UrbanNest delivers dependable performance with quality materials and thoughtful design. It is well suited for everyday use in the books category, offering a strong balance of value and functionality.",Books,"New Arrival, Wireless, Waterproof, Durable, Lightweight",19.23,2.3,2180,133,2017-12-14,-!yEnx}K.mD6,Claudio Poggio,https://unsplash.com/@claudiopoggio?utm_source=sse554_capstone&utm_medium=referral
https://images.unsplash.com/photo-1768332487888-326fa7dabbf2?crop=entropy&cs=tinysrgb&fit=max&fm=jpg&ixid=M3w4NzQxNTN8MHwxfHNlYXJjaHwxfHxDbGFzc2ljJTIwQ29va2Jvb2t8ZW58MHx8fHwxNzcyMjI1ODUyfDA&ixlib=rb-4.1.0&q=80&w=1080?utm_source=sse554_capstone&utm_medium=referral,Classic Cookbook,Horizon Tech,"The Classic Cookbook 970 by Horizon Tech delivers dependable performance with quality materials and thoughtful design. It is well suited for everyday use in the office supplies category, offering a strong balance of value and functionality.",Office Supplies,"Limited Edition, Essential, Bestseller, Lightweight, Giftable",304.89,4.8,4339,177,2017-09-27,MjY#L#0l-w]:,Kamilla Isalieva,https://unsplash.com/@kamillaisalieva?utm_source=sse554_capstone&utm_medium=referral
https://images.unsplash.com/photo-1566533893210-134327eb8967?crop=entropy&cs=tinysrgb&fit=max&fm=jpg&ixid=M3w4NzQxNTN8MHwxfHNlYXJjaHwxfHxFY28lMjBOb2lzZSUyMENhbmNlbGxpbmclMjBIZWFkcGhvbmVzfGVufDB8fHx8MTc3MjIyNTg0NHww&ixlib=rb-4.1.0&q=80&w=1080?utm_source=sse554_capstone&utm_medium=referral,Eco Noise Cancelling Headphones,NorthPeak,"The Eco Noise Cancelling Headphones 578 by NorthPeak delivers dependable performance with quality materials and thoughtful design. It is well suited for everyday use in the books category, offering a strong balance of value and functionality.",Books,"Giftable, Versatile, New Arrival, Lightweight, Rechargeable",175.96,3.5,3763,663,2022-08-31,?*RxvYc5m-8%,Dev Asangbam,https://unsplash.com/@devasangbam?utm_source=sse554_capstone&utm_medium=referral
https://images.unsplash.com/photo-1767003259020-140e63496334?crop=entropy&cs=tinysrgb&fit=max&fm=jpg&ixid=M3w4NzQxNTN8MHwxfHNlYXJjaHwxfHxBZHZhbmNlZCUyMEZpdG5lc3MlMjBUcmFja2VyfGVufDB8fHx8MTc3MjIyNTg0OHww&ixlib=rb-4.1.0&q=80&w=1080?utm_source=sse554_capstone&utm_medium=referral,Advanced Fitness Tracker,UrbanNest,"The Advanced Fitness Tracker 254 by UrbanNest delivers dependable performance with quality materials and thoughtful design. It is well suited for everyday use in the electronics category, offering a strong balance of value and functionality.",Electronics,"Bestseller, Essential, Giftable, Compact, Lightweight",255.34,2.3,4327,1050,2025-03-10,^=mF}p{F2K2X,Lightman Qian,https://unsplash.com/@lightman0215?utm_source=sse554_capstone&utm_medium=referral
https://images.unsplash.com/photo-1768056583420-a01f649f5088?crop=entropy&cs=tinysrgb&fit=max&fm=jpg&ixid=M3w4NzQxNTN8MHwxfHNlYXJjaHwxfHxVbHRyYSUyMEdyYXBoaWMlMjBULVNoaXJ0fGVufDB8fHx8MTc3MjIyNTg3MXww&ixlib=rb-4.1.0&q=80&w=1080?utm_source=sse554_capstone&utm_medium=referral,Ultra Graphic T-Shirt,NorthPeak,"The Ultra Graphic T-Shirt 791 by NorthPeak delivers dependable performance with quality materials and thoughtful design. It is well suited for everyday use in the sports & outdoors category, offering a strong balance of value and functionality.",Sports & Outdoors,"Essential, Ergonomic, Lightweight, Durable, Waterproof",770.79,1.5,6837,28,2023-04-23,|uu|F]s&u^uf,Lhar Capili,https://unsplash.com/@lhardeleon?utm_source=sse554_capstone&utm_medium=referral
https://images.unsplash.com/photo-1733218430878-902cc0cff502?crop=entropy&cs=tinysrgb&fit=max&fm=jpg&ixid=M3w4NzQxNTN8MHwxfHNlYXJjaHwxfHxXaXJlbGVzcyUyMEFjdGlvbiUyMENhbWVyYXxlbnwwfHx8fDE3NzIyMjU4Njh8MA&ixlib=rb-4.1.0&q=80&w=1080?utm_source=sse554_capstone&utm_medium=referral,Wireless Action Camera,UrbanNest,"The Wireless Action Camera 336 by UrbanNest delivers dependable performance with quality materials and thoughtful design. It is well suited for everyday use in the office supplies category, offering a strong balance of value and functionality.",Office Supplies,"New Arrival, Ergonomic, Rechargeable, Compact, Wireless",604.22,3.1,1247,490,2023-04-22,a2`q^\3'ep{T,Duc Van,https://unsplash.com/@duke91?utm_source=sse554_capstone&utm_medium=referral
https://images.unsplash.com/photo-1771764760606-e654772df7d2?crop=entropy&cs=tinysrgb&fit=max&fm=jpg&ixid=M3w4NzQxNTN8MHwxfHNlYXJjaHwxfHxQcm9mZXNzaW9uYWwlMjBFeHRlcm5hbCUyMEhhcmQlMjBEcml2ZXxlbnwwfHx8fDE3NzIyMjU4NDl8MA&ixlib=rb-4.1.0&q=80&w=1080?utm_source=sse554_capstone&utm_medium=referral,Professional External Hard Drive,Maple Street Press,"The Professional External Hard Drive 336 by Maple Street Press delivers dependable performance with quality materials and thoughtful design. It is well suited for everyday use in the clothing category, offering a strong balance of value and functionality.",Clothing,"Giftable, Versatile, Modern, Lightweight, Essential",150.57,2.1,4032,132,2017-03-09,RJ\G'no3>cQm,Ahmadreza Rezaie,https://unsplash.com/@ahmdrzarzai?utm_source=sse554_capstone&utm_medium=referral
https://images.unsplash.com/photo-1693155257465-f29b58ecadaa?crop=entropy&cs=tinysrgb&fit=max&fm=jpg&ixid=M3w4NzQxNTN8MHwxfHNlYXJjaHwxfHxQb3J0YWJsZSUyMFNjaWVuY2UlMjBGaWN0aW9uJTIwTm92ZWx8ZW58MHx8fHwxNzcyMjI1ODQ4fDA&ixlib=rb-4.1.0&q=80&w=1080?utm_source=sse554_capstone&utm_medium=referral,Portable Science Fiction Novel,Horizon Tech,"The Portable Science Fiction Novel 485 by Horizon Tech delivers dependable performance with quality materials and thoughtful design. It is well suited for everyday use in the sports & outdoors category, offering a strong balance of value and functionality.",Sports & Outdoors,"Limited Edition, Rechargeable, Portable, Ergonomic, Bestseller",119.4,2.3,9812,960,2016-05-06,bfw^HGQr:<"e,Rahul Chakraborty,https://unsplash.com/@hckmstrrahul?utm_source=sse554_capstone&utm_medium=referral
https://images.unsplash.com/photo-1733218430878-902cc0cff502?crop=entropy&cs=tinysrgb&fit=max&fm=jpg&ixid=M3w4NzQxNTN8MHwxfHNlYXJjaHwxfHxTbWFydCUyMEFjdGlvbiUyMENhbWVyYXxlbnwwfHx8fDE3NzIyMjU4NzJ8MA&ixlib=rb-4.1.0&q=80&w=1080?utm_source=sse554_capstone&utm_medium=referral,Smart Action Camera,Horizon Tech,"The Smart Action Camera 102 by Horizon Tech delivers dependable performance with quality materials and thoughtful design. It is well suited for everyday use in the sports & outdoors category, offering a strong balance of value and functionality.",Sports & Outdoors,"Modern, Giftable, Ergonomic, Premium, Portable",271.15,2.8,3970,1771,2019-02-12,22VJ]NZ=Dbo4,Duc Van,https://unsplash.com/@duke91?utm_source=sse554_capstone&utm_medium=referral
https://images.unsplash.com/photo-1602539471306-66df545710e9?crop=entropy&cs=tinysrgb&fit=max&fm=jpg&ixid=M3w4NzQxNTN8MHwxfHNlYXJjaHwxfHxFY28lMjBDb29rYm9va3xlbnwwfHx8fDE3NzIyMjU4NzJ8MA&ixlib=rb-4.1.0&q=80&w=1080?utm_source=sse554_capstone&utm_medium=referral,Eco Cookbook,BlueRiver Outfitters,"The Eco Cookbook 740 by BlueRiver Outfitters delivers dependable performance with quality materials and thoughtful design. It is well suited for everyday use in the home & kitchen category, offering a strong balance of value and functionality.",Home & Kitchen,"Modern, Ergonomic, Versatile, Waterproof, Rechargeable",531.08,3.2,986,1134,2022-01-01,*#=E(Q`1_lyh,Paulina,https://unsplash.com/@cookbookdesigner?utm_source=sse554_capstone&utm_medium=referral
https://images.unsplash.com/photo-1695712551608-b118cc5a39e4?crop=entropy&cs=tinysrgb&fit=max&fm=jpg&ixid=M3w4NzQxNTN8MHwxfHNlYXJjaHwxfHxFY28lMjBCbHVldG9vdGglMjBTcGVha2VyfGVufDB8fHx8MTc3MjIyNTgzNXww&ixlib=rb-4.1.0&q=80&w=1080?utm_source=sse554_capstone&utm_medium=referral,Eco Bluetooth Speaker,BlueRiver Outfitters,"The Eco Bluetooth Speaker 766 by BlueRiver Outfitters delivers dependable performance with quality materials and thoughtful design. It is well suited for everyday use in the electronics category, offering a strong balance of value and functionality.",Electronics,"Bestseller, Giftable, Durable, Compact, Waterproof",593.68,4.9,2189,1379,2016-07-10,6@/Nr:7"P=Or,Gomi,https://unsplash.com/@gomi_design?utm_source=sse554_capstone&utm_medium=referral
https://images.unsplash.com/photo-1766713993296-4b7ce61e9ace?crop=entropy&cs=tinysrgb&fit=max&fm=jpg&ixid=M3w4NzQxNTN8MHwxfHNlYXJjaHwxfHxQb3J0YWJsZSUyMEdhbWluZyUyME1vdXNlfGVufDB8fHx8MTc3MjIyNTgyNXww&ixlib=rb-4.1.0&q=80&w=1080?utm_source=sse554_capstone&utm_medium=referral,Portable Gaming Mouse,Maple Street Press,"The Portable Gaming Mouse 257 by Maple Street Press delivers dependable performance with quality materials and thoughtful design. It is well suited for everyday use in the electronics category, offering a strong balance of value and functionality.",Electronics,"Portable, Ergonomic, New Arrival, Limited Edition, Premium",12.73,3.0,5483,1916,2019-10-28,!fwODv$Sgy$V,Dou Buhiu,https://unsplash.com/@doubuhi?utm_source=sse554_capstone&utm_medium=referral
https://images.unsplash.com/photo-1633236065050-e96a5afa0207?crop=entropy&cs=tinysrgb&fit=max&fm=jpg&ixid=M3w4NzQxNTN8MHwxfHNlYXJjaHwxfHxXaXJlbGVzcyUyMDRLJTIwTW9uaXRvcnxlbnwwfHx8fDE3NzIyMjU4Mzl8MA&ixlib=rb-4.1.0&q=80&w=1080?utm_source=sse554_capstone&utm_medium=referral,Wireless 4K Monitor,SilverLine Electronics,"The Wireless 4K Monitor 457 by SilverLine Electronics delivers dependable performance with quality materials and thoughtful design. It is well suited for everyday use in the books category, offering a strong balance of value and functionality.",Books,"Modern, Waterproof, New Arrival, Wireless, Compact",757.84,4.7,6372,1108,2023-04-05,"X,(JN__>&4~m",Kadyn Pierce,https://unsplash.com/@gymxratpapii?utm_source=sse554_capstone&utm_medium=referral
https://images.unsplash.com/photo-1643136108890-c079a7cd08cc?crop=entropy&cs=tinysrgb&fit=max&fm=jpg&ixid=M3w4NzQxNTN8MHwxfHNlYXJjaHwxfHxDbGFzc2ljJTIwNEslMjBNb25pdG9yfGVufDB8fHx8MTc3MjIyNTg2Nnww&ixlib=rb-4.1.0&q=80&w=1080?utm_source=sse554_capstone&utm_medium=referral,Classic 4K Monitor,BrightLeaf Publishing,"The Classic 4K Monitor 207 by BrightLeaf Publishing delivers dependable performance with quality materials and thoughtful design. It is well suited for everyday use in the home & kitchen category, offering a strong balance of value and functionality.",Home & Kitchen,"Lightweight, Wireless, Compact, Ergonomic, Modern",64.93,4.1,7115,1045,2024-08-26,douRJQu_L?D.,Neli Cerquetella,https://unsplash.com/@nelibird?utm_source=sse554_capstone&utm_medium=referral
https://images.unsplash.com/photo-1765914448164-de1e22b7fa02?crop=entropy&cs=tinysrgb&fit=max&fm=jpg&ixid=M3w4NzQxNTN8MHwxfHNlYXJjaHwxfHxBZHZhbmNlZCUyMFJ1bm5pbmclMjBTaG9lc3xlbnwwfHx8fDE3NzIyMjU4NDd8MA&ixlib=rb-4.1.0&q=80&w=1080?utm_source=sse554_capstone&utm_medium=referral,Advanced Running Shoes,Maple Street Press,"The Advanced Running Shoes 618 by Maple Street Press delivers dependable performance with quality materials and thoughtful design. It is well suited for everyday use in the electronics category, offering a strong balance of value and functionality.",Electronics,"Premium, Compact, Wireless, Durable, Bestseller",297.17,4.3,327,1871,2018-05-05,u#=e8BX#uAqK,Taylor Friehl,https://unsplash.com/@taylor_friehl?utm_source=sse554_capstone&utm_medium=referral
https://images.unsplash.com/photo-1738520420636-a1591b84723e?crop=entropy&cs=tinysrgb&fit=max&fm=jpg&ixid=M3w4NzQxNTN8MHwxfHNlYXJjaHwxfHxBZHZhbmNlZCUyMEVsZWN0cmljJTIwS2V0dGxlfGVufDB8fHx8MTc3MjIyNTg0OXww&ixlib=rb-4.1.0&q=80&w=1080?utm_source=sse554_capstone&utm_medium=referral,Advanced Electric Kettle,UrbanNest,"The Advanced Electric Kettle 816 by UrbanNest delivers dependable performance with quality materials and thoughtful design. It is well suited for everyday use in the home & kitchen category, offering a strong balance of value and functionality.",Home & Kitchen,"Modern, Ergonomic, Rechargeable, Lightweight, Limited Edition",204.57,3.2,3149,630,2020-12-09,"~X=z,#`!mAS2",Gleb Paniotov,https://unsplash.com/@paniotovvv?utm_source=sse554_capstone&utm_medium=referral
https://images.unsplash.com/photo-1763907478821-1c1386fb16b2?crop=entropy&cs=tinysrgb&fit=max&fm=jpg&ixid=M3w4NzQxNTN8MHwxfHNlYXJjaHwxfHxQb3J0YWJsZSUyMEFjdGlvbiUyMENhbWVyYXxlbnwwfHx8fDE3NzIyMjU4Mzd8MA&ixlib=rb-4.1.0&q=80&w=1080?utm_source=sse554_capstone&utm_medium=referral,Portable Action Camera,NorthPeak,"The Portable Action Camera 806 by NorthPeak delivers dependable performance with quality materials and thoughtful design. It is well suited for everyday use in the sports & outdoors category, offering a strong balance of value and functionality.",Sports & Outdoors,"Giftable, Modern, Wireless, Durable, Premium",73.91,3.5,5586,693,2021-04-18,S'"{"i|%JEGk,Omar Ramadan,https://unsplash.com/@omarvellous14?utm_source=sse554_capstone&utm_medium=referral
https://images.unsplash.com/photo-1733218430878-902cc0cff502?crop=entropy&cs=tinysrgb&fit=max&fm=jpg&ixid=M3w4NzQxNTN8MHwxfHNlYXJjaHwxfHxXaXJlbGVzcyUyMEFjdGlvbiUyMENhbWVyYXxlbnwwfHx8fDE3NzIyMjU4Njh8MA&ixlib=rb-4.1.0&q=80&w=1080?utm_source=sse554_capstone&utm_medium=referral,Wireless Action Camera,BlueRiver Outfitters,"The Wireless Action Camera 541 by BlueRiver Outfitters delivers dependable performance with quality materials and thoughtful design. It is well suited for everyday use in the home & kitchen category, offering a strong balance of value and functionality.",Home & Kitchen,"Modern, Bestseller, Wireless, Rechargeable, Ergonomic",718.45,4.4,9880,121,2019-05-21,&0u0QbDmh~~=,Duc Van,https://unsplash.com/@duke91?utm_source=sse554_capstone&utm_medium=referral
https://images.unsplash.com/photo-1759395162739-84190996783c?crop=entropy&cs=tinysrgb&fit=max&fm=jpg&ixid=M3w4NzQxNTN8MHwxfHNlYXJjaHwxfHxTbWFydCUyMFNjaWVuY2UlMjBGaWN0aW9uJTIwTm92ZWx8ZW58MHx8fHwxNzcyMjI1ODI4fDA&ixlib=rb-4.1.0&q=80&w=1080?utm_source=sse554_capstone&utm_medium=referral,Smart Science Fiction Novel,Maple Street Press,"The Smart Science Fiction Novel 503 by Maple Street Press delivers dependable performance with quality materials and thoughtful design. It is well suited for everyday use in the sports & outdoors category, offering a strong balance of value and functionality.",Sports & Outdoors,"Wireless, Portable, Rechargeable, Durable, Versatile",731.57,3.6,4816,1385,2017-12-07,])9q\~{2zRjY,Declan Sun,https://unsplash.com/@declansun?utm_source=sse554_capstone&utm_medium=referral
https://images.unsplash.com/photo-1701318134643-89f62a0d78f9?crop=entropy&cs=tinysrgb&fit=max&fm=jpg&ixid=M3w4NzQxNTN8MHwxfHNlYXJjaHwxfHxFY28lMjA0SyUyME1vbml0b3J8ZW58MHx8fHwxNzcyMjI1ODMxfDA&ixlib=rb-4.1.0&q=80&w=1080?utm_source=sse554_capstone&utm_medium=referral,Eco 4K Monitor,Maple Street Press,"The Eco 4K Monitor 560 by Maple Street Press delivers dependable performance with quality materials and thoughtful design. It is well suited for everyday use in the books category, offering a strong balance of value and functionality.",Books,"Modern, Ergonomic, Durable, Limited Edition, Versatile",55.24,3.7,1651,633,2019-07-05,x==s[R{k*iHx,Trần Quang Phú,https://unsplash.com/@tranquangphu?utm_source=sse554_capstone&utm_medium=referral
https://images.unsplash.com/photo-1557349964-34f68e722d29?crop=entropy&cs=tinysrgb&fit=max&fm=jpg&ixid=M3w4NzQxNTN8MHwxfHNlYXJjaHwxfHxBZHZhbmNlZCUyMENvb2tib29rfGVufDB8fHx8MTc3MjIyNTg3M3ww&ixlib=rb-4.1.0&q=80&w=1080?utm_source=sse554_capstone&utm_medium=referral,Advanced Cookbook,UrbanNest,"The Advanced Cookbook 844 by UrbanNest delivers dependable performance with quality materials and thoughtful design. It is well suited for everyday use in the electronics category, offering a strong balance of value and functionality.",Electronics,"Modern, Durable, Limited Edition, New Arrival, Premium",641.7,4.3,2196,1221,2022-01-21,o_R!H'FPiJF&,Hartai Klaudia,https://unsplash.com/@hartaiklaudia?utm_source=sse554_capstone&utm_medium=referral
https://images.unsplash.com/photo-1619590530232-da98a822baa5?crop=entropy&cs=tinysrgb&fit=max&fm=jpg&ixid=M3w4NzQxNTN8MHwxfHNlYXJjaHwxfHxDb21wYWN0JTIwNEslMjBNb25pdG9yfGVufDB8fHx8MTc3MjIyNTg0NHww&ixlib=rb-4.1.0&q=80&w=1080?utm_source=sse554_capstone&utm_medium=referral,Compact 4K Monitor,Maple Street Press,"The Compact 4K Monitor 917 by Maple Street Press delivers dependable performance with quality materials and thoughtful design. It is well suited for everyday use in the home & kitchen category, offering a strong balance of value and functionality.",Home & Kitchen,"Limited Edition, Lightweight, Compact, Premium, Bestseller",774.88,2.9,1781,637,2023-06-12,q@{}8~5@%ed~,Stebilex Systems,https://unsplash.com/@stebilexsystems?utm_source=sse554_capstone&utm_medium=referral
https://images.unsplash.com/photo-1509098681029-b45e9c845022?crop=entropy&cs=tinysrgb&fit=max&fm=jpg&ixid=M3w4NzQxNTN8MHwxfHNlYXJjaHwxfHxTbWFydCUyME5vaXNlJTIwQ2FuY2VsbGluZyUyMEhlYWRwaG9uZXN8ZW58MHx8fHwxNzcyMjI1ODMxfDA&ixlib=rb-4.1.0&q=80&w=1080?utm_source=sse554_capstone&utm_medium=referral,Smart Noise Cancelling Headphones,Horizon Tech,"The Smart Noise Cancelling Headphones 701 by Horizon Tech delivers dependable performance with quality materials and thoughtful design. It is well suited for everyday use in the office supplies category, offering a strong balance of value and functionality.",Office Supplies,"Bestseller, New Arrival, Wireless, Versatile, Lightweight",721.94,3.0,8173,1167,2018-11-10,"j?Tbv,eS1B-R",Mubariz Mehdizadeh,https://unsplash.com/@mehdizadeh?utm_source=sse554_capstone&utm_medium=referral
https://images.unsplash.com/photo-1769686420474-3c1f242aa64f?crop=entropy&cs=tinysrgb&fit=max&fm=jpg&ixid=M3w4NzQxNTN8MHwxfHNlYXJjaHwxfHxXaXJlbGVzcyUyMFNjaWVuY2UlMjBGaWN0aW9uJTIwTm92ZWx8ZW58MHx8fHwxNzcyMjI1ODczfDA&ixlib=rb-4.1.0&q=80&w=1080?utm_source=sse554_capstone&utm_medium=referral,Wireless Science Fiction Novel,UrbanNest,"The Wireless Science Fiction Novel 514 by UrbanNest delivers dependable performance with quality materials and thoughtful design. It is well suited for everyday use in the office supplies category, offering a strong balance of value and functionality.",Office Supplies,"Modern, Compact, Portable, Versatile, Ergonomic",507.46,1.8,2412,208,2019-03-16,m%|Dx^(-h3Vi,Georgiy Lyamin,https://unsplash.com/@glyamin?utm_source=sse554_capstone&utm_medium=referral
https://images.unsplash.com/photo-1766051666522-9cfa12675f5b?crop=entropy&cs=tinysrgb&fit=max&fm=jpg&ixid=M3w4NzQxNTN8MHwxfHNlYXJjaHwxfHxBZHZhbmNlZCUyMExFRCUyMERlc2slMjBMYW1wfGVufDB8fHx8MTc3MjIyNTg3M3ww&ixlib=rb-4.1.0&q=80&w=1080?utm_source=sse554_capstone&utm_medium=referral,Advanced LED Desk Lamp,SilverLine Electronics,"The Advanced LED Desk Lamp 978 by SilverLine Electronics delivers dependable performance with quality materials and thoughtful design. It is well suited for everyday use in the office supplies category, offering a strong balance of value and functionality.",Office Supplies,"Wireless, Bestseller, Limited Edition, Ergonomic, Versatile",143.46,1.5,8747,1464,2023-01-17,*qF+[43.byX&,Fisnik Murtezi,https://unsplash.com/@fisnikmurtezi?utm_source=sse554_capstone&utm_medium=referral
https://images.unsplash.com/photo-1763907478821-1c1386fb16b2?crop=entropy&cs=tinysrgb&fit=max&fm=jpg&ixid=M3w4NzQxNTN8MHwxfHNlYXJjaHwxfHxQb3J0YWJsZSUyMEFjdGlvbiUyMENhbWVyYXxlbnwwfHx8fDE3NzIyMjU4Mzd8MA&ixlib=rb-4.1.0&q=80&w=1080?utm_source=sse554_capstone&utm_medium=referral,Portable Action Camera,Horizon Tech,"The Portable Action Camera 235 by Horizon Tech delivers dependable performance with quality materials and thoughtful design. It is well suited for everyday use in the office supplies category, offering a strong balance of value and functionality.",Office Supplies,"Wireless, Lightweight, Compact, Limited Edition, Portable",788.68,2.5,8441,1851,2019-04-03,Y'xhg-UjTGDI,Omar Ramadan,https://unsplash.com/@omarvellous14?utm_source=sse554_capstone&utm_medium=referral
https://images.unsplash.com/photo-1758348844371-dfbae2780bd3?crop=entropy&cs=tinysrgb&fit=max&fm=jpg&ixid=M3w4NzQxNTN8MHwxfHNlYXJjaHwxfHxVbHRyYSUyMEZpdG5lc3MlMjBUcmFja2VyfGVufDB8fHx8MTc3MjIyNTg2MXww&ixlib=rb-4.1.0&q=80&w=1080?utm_source=sse554_capstone&utm_medium=referral,Ultra Fitness Tracker,BrightLeaf Publishing,"The Ultra Fitness Tracker 638 by BrightLeaf Publishing delivers dependable performance with quality materials and thoughtful design. It is well suited for everyday use in the home & kitchen category, offering a strong balance of value and functionality.",Home & Kitchen,"Bestseller, Limited Edition, Modern, Compact, Premium",346.75,1.9,3101,1153,2023-10-01,&w2?6&zM]~{:,Sam Grozyan,https://unsplash.com/@ijeunes?utm_source=sse554_capstone&utm_medium=referral
https://images.unsplash.com/photo-1733218430878-902cc0cff502?crop=entropy&cs=tinysrgb&fit=max&fm=jpg&ixid=M3w4NzQxNTN8MHwxfHNlYXJjaHwxfHxBZHZhbmNlZCUyMEFjdGlvbiUyMENhbWVyYXxlbnwwfHx8fDE3NzIyMjU4NTZ8MA&ixlib=rb-4.1.0&q=80&w=1080?utm_source=sse554_capstone&utm_medium=referral,Advanced Action Camera,NorthPeak,"The Advanced Action Camera 327 by NorthPeak delivers dependable performance with quality materials and thoughtful design. It is well suited for everyday use in the office supplies category, offering a strong balance of value and functionality.",Office Supplies,"Modern, Compact, Durable, Premium, Rechargeable",499.51,2.6,595,1332,2020-11-25,Z0"3^{'Y*lma,Duc Van,https://unsplash.com/@duke91?utm_source=sse554_capstone&utm_medium=referral
https://images.unsplash.com/photo-1601220363009-f7e66d095649?crop=entropy&cs=tinysrgb&fit=max&fm=jpg&ixid=M3w4NzQxNTN8MHwxfHNlYXJjaHwxfHxQcmVtaXVtJTIwU21hcnRwaG9uZSUyMFN0YW5kfGVufDB8fHx8MTc3MjIyNTg3NHww&ixlib=rb-4.1.0&q=80&w=1080?utm_source=sse554_capstone&utm_medium=referral,Premium Smartphone Stand,SilverLine Electronics,"The Premium Smartphone Stand 416 by SilverLine Electronics delivers dependable performance with quality materials and thoughtful design. It is well suited for everyday use in the office supplies category, offering a strong balance of value and functionality.",Office Supplies,"Durable, Premium, Rechargeable, New Arrival, Limited Edition",54.63,1.7,1481,556,2025-04-14,"au&\VEw,SRjj",Hugo Sesma,https://unsplash.com/@h_u_g_e?utm_source=sse554_capstone&utm_medium=referral
https://images.unsplash.com/photo-1764557159396-419b85356035?crop=entropy&cs=tinysrgb&fit=max&fm=jpg&ixid=M3w4NzQxNTN8MHwxfHNlYXJjaHwxfHxQcmVtaXVtJTIwTm9pc2UlMjBDYW5jZWxsaW5nJTIwSGVhZHBob25lc3xlbnwwfHx8fDE3NzIyMjU4MzV8MA&ixlib=rb-4.1.0&q=80&w=1080?utm_source=sse554_capstone&utm_medium=referral,Premium Noise Cancelling Headphones,Summit Gear Co.,"The Premium Noise Cancelling Headphones 540 by Summit Gear Co. delivers dependable performance with quality materials and thoughtful design. It is well suited for everyday use in the books category, offering a strong balance of value and functionality.",Books,"Lightweight, Bestseller, Wireless, Ergonomic, Premium",154.38,3.0,4556,14,2018-05-28,0|0Hl;d[\T&V,Jj Rocha,https://unsplash.com/@that_person?utm_source=sse554_capstone&utm_medium=referral
https://images.unsplash.com/photo-1592999641298-434e28c11d14?crop=entropy&cs=tinysrgb&fit=max&fm=jpg&ixid=M3w4NzQxNTN8MHwxfHNlYXJjaHwxfHxVbHRyYSUyMFN0YWlubGVzcyUyMFN0ZWVsJTIwV2F0ZXIlMjBCb3R0bGV8ZW58MHx8fHwxNzcyMjI1ODQwfDA&ixlib=rb-4.1.0&q=80&w=1080?utm_source=sse554_capstone&utm_medium=referral,Ultra Stainless Steel Water Bottle,BrightLeaf Publishing,"The Ultra Stainless Steel Water Bottle 908 by BrightLeaf Publishing delivers dependable performance with quality materials and thoughtful design. It is well suited for everyday use in the office supplies category, offering a strong balance of value and functionality.",Office Supplies,"Compact, Portable, Modern, Premium, Rechargeable",22.05,2.1,1692,1289,2020-09-13,*R'eC8T$6v_{,Filip Baotić,https://unsplash.com/@filipbaotic?utm_source=sse554_capstone&utm_medium=referral
https://images.unsplash.com/photo-1643385958950-8f0b8852171a?crop=entropy&cs=tinysrgb&fit=max&fm=jpg&ixid=M3w4NzQxNTN8MHwxfHNlYXJjaHwxfHxVbHRyYSUyMEJsdWV0b290aCUyMFNwZWFrZXJ8ZW58MHx8fHwxNzcyMjI1ODMzfDA&ixlib=rb-4.1.0&q=80&w=1080?utm_source=sse554_capstone&utm_medium=referral,Ultra Bluetooth Speaker,BlueRiver Outfitters,"The Ultra Bluetooth Speaker 761 by BlueRiver Outfitters delivers dependable performance with quality materials and thoughtful design. It is well suited for everyday use in the office supplies category, offering a strong balance of value and functionality.",Office Supplies,"Modern, Compact, Rechargeable, Portable, Giftable",166.46,2.0,8369,1767,2024-10-22,"e2yaEPzVIz<,",Suraj Kumar,https://unsplash.com/@surajjnv?utm_source=sse554_capstone&utm_medium=referral
https://images.unsplash.com/photo-1693155257465-f29b58ecadaa?crop=entropy&cs=tinysrgb&fit=max&fm=jpg&ixid=M3w4NzQxNTN8MHwxfHNlYXJjaHwxfHxQb3J0YWJsZSUyMFNjaWVuY2UlMjBGaWN0aW9uJTIwTm92ZWx8ZW58MHx8fHwxNzcyMjI1ODQ4fDA&ixlib=rb-4.1.0&q=80&w=1080?utm_source=sse554_capstone&utm_medium=referral,Portable Science Fiction Novel,SilverLine Electronics,"The Portable Science Fiction Novel 286 by SilverLine Electronics delivers dependable performance with quality materials and thoughtful design. It is well suited for everyday use in the books category, offering a strong balance of value and functionality.",Books,"Modern, Essential, Ergonomic, Wireless, Waterproof",629.23,4.2,3845,522,2025-07-22,;Mw5gW=pb;5k,Rahul Chakraborty,https://unsplash.com/@hckmstrrahul?utm_source=sse554_capstone&utm_medium=referral
https://images.unsplash.com/photo-1660084161327-84cb724beae5?crop=entropy&cs=tinysrgb&fit=max&fm=jpg&ixid=M3w4NzQxNTN8MHwxfHNlYXJjaHwxfHxDbGFzc2ljJTIwQmx1ZXRvb3RoJTIwU3BlYWtlcnxlbnwwfHx8fDE3NzIyMjU4MzR8MA&ixlib=rb-4.1.0&q=80&w=1080?utm_source=sse554_capstone&utm_medium=referral,Classic Bluetooth Speaker,Summit Gear Co.,"The Classic Bluetooth Speaker 781 by Summit Gear Co. delivers dependable performance with quality materials and thoughtful design. It is well suited for everyday use in the sports & outdoors category, offering a strong balance of value and functionality.",Sports & Outdoors,"Essential, Versatile, Modern, Waterproof, Limited Edition",395.56,3.0,5214,1122,2018-01-01,66|MMYXc/E%+,Bridecka Hughes,https://unsplash.com/@brideckahughes?utm_source=sse554_capstone&utm_medium=referral
https://images.unsplash.com/photo-1733218430878-902cc0cff502?crop=entropy&cs=tinysrgb&fit=max&fm=jpg&ixid=M3w4NzQxNTN8MHwxfHNlYXJjaHwxfHxBZHZhbmNlZCUyMEFjdGlvbiUyMENhbWVyYXxlbnwwfHx8fDE3NzIyMjU4NTZ8MA&ixlib=rb-4.1.0&q=80&w=1080?utm_source=sse554_capstone&utm_medium=referral,Advanced Action Camera,Summit Gear Co.,"The Advanced Action Camera 698 by Summit Gear Co. delivers dependable performance with quality materials and thoughtful design. It is well suited for everyday use in the office supplies category, offering a strong balance of value and functionality.",Office Supplies,"Durable, Rechargeable, Portable, Premium, Wireless",541.94,2.1,8616,1751,2017-11-24,2t#Q5@hCGTcH,Duc Van,https://unsplash.com/@duke91?utm_source=sse554_capstone&utm_medium=referral
https://images.unsplash.com/photo-1768332487888-326fa7dabbf2?crop=entropy&cs=tinysrgb&fit=max&fm=jpg&ixid=M3w4NzQxNTN8MHwxfHNlYXJjaHwxfHxDbGFzc2ljJTIwQ29va2Jvb2t8ZW58MHx8fHwxNzcyMjI1ODUyfDA&ixlib=rb-4.1.0&q=80&w=1080?utm_source=sse554_capstone&utm_medium=referral,Classic Cookbook,BrightLeaf Publishing,"The Classic Cookbook 515 by BrightLeaf Publishing delivers dependable performance with quality materials and thoughtful design. It is well suited for everyday use in the sports & outdoors category, offering a strong balance of value and functionality.",Sports & Outdoors,"Ergonomic, Giftable, Durable, Compact, Rechargeable",732.25,4.7,5748,864,2023-07-04,n90$wa^0nz"n,Kamilla Isalieva,https://unsplash.com/@kamillaisalieva?utm_source=sse554_capstone&utm_medium=referral
https://images.unsplash.com/photo-1693596936248-8fab255a3de1?crop=entropy&cs=tinysrgb&fit=max&fm=jpg&ixid=M3w4NzQxNTN8MHwxfHNlYXJjaHwxfHxXaXJlbGVzcyUyMExFRCUyMERlc2slMjBMYW1wfGVufDB8fHx8MTc3MjIyNTgzNHww&ixlib=rb-4.1.0&q=80&w=1080?utm_source=sse554_capstone&utm_medium=referral,Wireless LED Desk Lamp,BlueRiver Outfitters,"The Wireless LED Desk Lamp 972 by BlueRiver Outfitters delivers dependable performance with quality materials and thoughtful design. It is well suited for everyday use in the office supplies category, offering a strong balance of value and functionality.",Office Supplies,"Ergonomic, Bestseller, Giftable, Modern, Limited Edition",734.97,3.7,2054,92,2021-07-29,sUE{EWHj&z!!,Darius Cotoi,https://unsplash.com/@dariuscotoi?utm_source=sse554_capstone&utm_medium=referral
https://images.unsplash.com/photo-1659297396001-fa8d15dcad1a?crop=entropy&cs=tinysrgb&fit=max&fm=jpg&ixid=M3w4NzQxNTN8MHwxfHNlYXJjaHwxfHxBZHZhbmNlZCUyMDRLJTIwTW9uaXRvcnxlbnwwfHx8fDE3NzIyMjU4Njd8MA&ixlib=rb-4.1.0&q=80&w=1080?utm_source=sse554_capstone&utm_medium=referral,Advanced 4K Monitor,BrightLeaf Publishing,"The Advanced 4K Monitor 894 by BrightLeaf Publishing delivers dependable performance with quality materials and thoughtful design. It is well suited for everyday use in the office supplies category, offering a strong balance of value and functionality.",Office Supplies,"Ergonomic, Limited Edition, Bestseller, Wireless, New Arrival",581.06,4.5,1586,1481,2023-01-08,h{9Z#'"HfxUB,Tai Bui,https://unsplash.com/@agforl24?utm_source=sse554_capstone&utm_medium=referral
https://images.unsplash.com/photo-1557349964-34f68e722d29?crop=entropy&cs=tinysrgb&fit=max&fm=jpg&ixid=M3w4NzQxNTN8MHwxfHNlYXJjaHwxfHxQcm9mZXNzaW9uYWwlMjBDb29rYm9va3xlbnwwfHx8fDE3NzIyMjU4NDF8MA&ixlib=rb-4.1.0&q=80&w=1080?utm_source=sse554_capstone&utm_medium=referral,Professional Cookbook,Horizon Tech,"The Professional Cookbook 738 by Horizon Tech delivers dependable performance with quality materials and thoughtful design. It is well suited for everyday use in the clothing category, offering a strong balance of value and functionality.",Clothing,"Bestseller, Limited Edition, Premium, Rechargeable, Waterproof",308.61,1.3,2500,1520,2020-10-29,e^$0yHGPQsus,Hartai Klaudia,https://unsplash.com/@hartaiklaudia?utm_source=sse554_capstone&utm_medium=referral
https://images.unsplash.com/photo-1693155257465-f29b58ecadaa?crop=entropy&cs=tinysrgb&fit=max&fm=jpg&ixid=M3w4NzQxNTN8MHwxfHNlYXJjaHwxfHxQb3J0YWJsZSUyMFNjaWVuY2UlMjBGaWN0aW9uJTIwTm92ZWx8ZW58MHx8fHwxNzcyMjI1ODQ4fDA&ixlib=rb-4.1.0&q=80&w=1080?utm_source=sse554_capstone&utm_medium=referral,Portable Science Fiction Novel,Maple Street Press,"The Portable Science Fiction Novel 755 by Maple Street Press delivers dependable performance with quality materials and thoughtful design. It is well suited for everyday use in the office supplies category, offering a strong balance of value and functionality.",Office Supplies,"Limited Edition, Giftable, Modern, Rechargeable, New Arrival",359.77,1.8,5474,1408,2018-05-07,:%kId-B~=}|J,Rahul Chakraborty,https://unsplash.com/@hckmstrrahul?utm_source=sse554_capstone&utm_medium=referral
https://images.unsplash.com/photo-1619590530232-da98a822baa5?crop=entropy&cs=tinysrgb&fit=max&fm=jpg&ixid=M3w4NzQxNTN8MHwxfHNlYXJjaHwxfHxDb21wYWN0JTIwNEslMjBNb25pdG9yfGVufDB8fHx8MTc3MjIyNTg0NHww&ixlib=rb-4.1.0&q=80&w=1080?utm_source=sse554_capstone&utm_medium=referral,Compact 4K Monitor,Summit Gear Co.,"The Compact 4K Monitor 349 by Summit Gear Co. delivers dependable performance with quality materials and thoughtful design. It is well suited for everyday use in the home & kitchen category, offering a strong balance of value and functionality.",Home & Kitchen,"Rechargeable, Portable, Wireless, Essential, Lightweight",623.93,3.4,3771,936,2018-08-18,nF9Vvf<0"!R+,Stebilex Systems,https://unsplash.com/@stebilexsystems?utm_source=sse554_capstone&utm_medium=referral
https://images.unsplash.com/photo-1762341107834-a3437dd0ae62?crop=entropy&cs=tinysrgb&fit=max&fm=jpg&ixid=M3w4NzQxNTN8MHwxfHNlYXJjaHwxfHxQcm9mZXNzaW9uYWwlMjBPZmZpY2UlMjBDaGFpcnxlbnwwfHx8fDE3NzIyMjU4Njh8MA&ixlib=rb-4.1.0&q=80&w=1080?utm_source=sse554_capstone&utm_medium=referral,Professional Office Chair,NorthPeak,"The Professional Office Chair 572 by NorthPeak delivers dependable performance with quality materials and thoughtful design. It is well suited for everyday use in the home & kitchen category, offering a strong balance of value and functionality.",Home & Kitchen,"Wireless, Rechargeable, Essential, Durable, Lightweight",631.41,2.1,4650,504,2021-09-13,qtU$#|ST`|_@,Zulfugar Karimov,https://unsplash.com/@zulfugarkarimov?utm_source=sse554_capstone&utm_medium=referral
https://images.unsplash.com/photo-1762328498684-e597f4ceaa43?crop=entropy&cs=tinysrgb&fit=max&fm=jpg&ixid=M3w4NzQxNTN8MHwxfHNlYXJjaHwxfHxDb21wYWN0JTIwQmx1ZXRvb3RoJTIwU3BlYWtlcnxlbnwwfHx8fDE3NzIyMjU4NzV8MA&ixlib=rb-4.1.0&q=80&w=1080?utm_source=sse554_capstone&utm_medium=referral,Compact Bluetooth Speaker,Maple Street Press,"The Compact Bluetooth Speaker 635 by Maple Street Press delivers dependable performance with quality materials and thoughtful design. It is well suited for everyday use in the home & kitchen category, offering a strong balance of value and functionality.",Home & Kitchen,"Waterproof, Durable, Essential, Compact, Premium",700.43,1.1,6993,317,2017-05-15,Wfq!{?4U!GBB,Zulfugar Karimov,https://unsplash.com/@zulfugarkarimov?utm_source=sse554_capstone&utm_medium=referral
https://images.unsplash.com/photo-1762341107834-a3437dd0ae62?crop=entropy&cs=tinysrgb&fit=max&fm=jpg&ixid=M3w4NzQxNTN8MHwxfHNlYXJjaHwxfHxQcm9mZXNzaW9uYWwlMjBPZmZpY2UlMjBDaGFpcnxlbnwwfHx8fDE3NzIyMjU4Njh8MA&ixlib=rb-4.1.0&q=80&w=1080?utm_source=sse554_capstone&utm_medium=referral,Professional Office Chair,NorthPeak,"The Professional Office Chair 909 by NorthPeak delivers dependable performance with quality materials and thoughtful design. It is well suited for everyday use in the office supplies category, offering a strong balance of value and functionality.",Office Supplies,"Premium, Wireless, Giftable, Rechargeable, Limited Edition",788.14,1.3,3922,1776,2020-03-06,D&kJ2X>\LT\g,Zulfugar Karimov,https://unsplash.com/@zulfugarkarimov?utm_source=sse554_capstone&utm_medium=referral
https://images.unsplash.com/photo-1522844123782-9547a63eb28b?crop=entropy&cs=tinysrgb&fit=max&fm=jpg&ixid=M3w4NzQxNTN8MHwxfHNlYXJjaHwxfHxXaXJlbGVzcyUyMFlvZ2ElMjBNYXR8ZW58MHx8fHwxNzcyMjI1ODc1fDA&ixlib=rb-4.1.0&q=80&w=1080?utm_source=sse554_capstone&utm_medium=referral,Wireless Yoga Mat,NorthPeak,"The Wireless Yoga Mat 649 by NorthPeak delivers dependable performance with quality materials and thoughtful design. It is well suited for everyday use in the electronics category, offering a strong balance of value and functionality.",Electronics,"New Arrival, Ergonomic, Lightweight, Modern, Wireless",134.23,4.9,5675,638,2019-06-21,"EY)sPnBOL,YZ",Alan Ko,https://unsplash.com/@iyunmai?utm_source=sse554_capstone&utm_medium=referral
https://images.unsplash.com/photo-1527800792452-506aacb2101f?crop=entropy&cs=tinysrgb&fit=max&fm=jpg&ixid=M3w4NzQxNTN8MHwxfHNlYXJjaHwxfHxVbHRyYSUyMDRLJTIwTW9uaXRvcnxlbnwwfHx8fDE3NzIyMjU4NTl8MA&ixlib=rb-4.1.0&q=80&w=1080?utm_source=sse554_capstone&utm_medium=referral,Ultra 4K Monitor,BlueRiver Outfitters,"The Ultra 4K Monitor 430 by BlueRiver Outfitters delivers dependable performance with quality materials and thoughtful design. It is well suited for everyday use in the electronics category, offering a strong balance of value and functionality.",Electronics,"Durable, Essential, Portable, Premium, Rechargeable",545.57,3.5,5227,1414,2023-07-01,}S3]oX?t+(/z,Alexandru Acea,https://unsplash.com/@alexacea?utm_source=sse554_capstone&utm_medium=referral
https://images.unsplash.com/photo-1708513427809-728a7913fc9f?crop=entropy&cs=tinysrgb&fit=max&fm=jpg&ixid=M3w4NzQxNTN8MHwxfHNlYXJjaHwxfHxQcm9mZXNzaW9uYWwlMjBMRUQlMjBEZXNrJTIwTGFtcHxlbnwwfHx8fDE3NzIyMjU4Mjd8MA&ixlib=rb-4.1.0&q=80&w=1080?utm_source=sse554_capstone&utm_medium=referral,Professional LED Desk Lamp,NorthPeak,"The Professional LED Desk Lamp 197 by NorthPeak delivers dependable performance with quality materials and thoughtful design. It is well suited for everyday use in the clothing category, offering a strong balance of value and functionality.",Clothing,"Lightweight, Versatile, Giftable, Modern, Premium",347.36,1.1,6330,160,2017-10-30,:';=OCtrbUk(,Uwukuri Emery,https://unsplash.com/@uwukuriemery?utm_source=sse554_capstone&utm_medium=referral
https://images.unsplash.com/photo-1686386271712-183bcc0e256f?crop=entropy&cs=tinysrgb&fit=max&fm=jpg&ixid=M3w4NzQxNTN8MHwxfHNlYXJjaHwxfHxVbHRyYSUyMFlvZ2ElMjBNYXR8ZW58MHx8fHwxNzcyMjI1ODI0fDA&ixlib=rb-4.1.0&q=80&w=1080?utm_source=sse554_capstone&utm_medium=referral,Ultra Yoga Mat,NorthPeak,"The Ultra Yoga Mat 438 by NorthPeak delivers dependable performance with quality materials and thoughtful design. It is well suited for everyday use in the electronics category, offering a strong balance of value and functionality.",Electronics,"Versatile, New Arrival, Modern, Lightweight, Limited Edition",234.13,3.2,2315,554,2016-08-10,.nNRmZWw#nEO,Gurpreet Singh,https://unsplash.com/@ajay_gill8054?utm_source=sse554_capstone&utm_medium=referral
https://images.unsplash.com/photo-1665525639666-33a0cc1f6ab0?crop=entropy&cs=tinysrgb&fit=max&fm=jpg&ixid=M3w4NzQxNTN8MHwxfHNlYXJjaHwxfHxQcm9mZXNzaW9uYWwlMjBOb2lzZSUyMENhbmNlbGxpbmclMjBIZWFkcGhvbmVzfGVufDB8fHx8MTc3MjIyNTg3Nnww&ixlib=rb-4.1.0&q=80&w=1080?utm_source=sse554_capstone&utm_medium=referral,Professional Noise Cancelling Headphones,Horizon Tech,"The Professional Noise Cancelling Headphones 305 by Horizon Tech delivers dependable performance with quality materials and thoughtful design. It is well suited for everyday use in the clothing category, offering a strong balance of value and functionality.",Clothing,"New Arrival, Bestseller, Essential, Versatile, Lightweight",65.84,4.5,6660,19,2017-01-10,"~r+?,!Z'/t}}",Amr Taha™,https://unsplash.com/@amr_taha?utm_source=sse554_capstone&utm_medium=referral
https://images.unsplash.com/photo-1605274280925-9dd1baacb97b?crop=entropy&cs=tinysrgb&fit=max&fm=jpg&ixid=M3w4NzQxNTN8MHwxfHNlYXJjaHwxfHxFY28lMjBTdGFpbmxlc3MlMjBTdGVlbCUyMFdhdGVyJTIwQm90dGxlfGVufDB8fHx8MTc3MjIyNTg3Nnww&ixlib=rb-4.1.0&q=80&w=1080?utm_source=sse554_capstone&utm_medium=referral,Eco Stainless Steel Water Bottle,SilverLine Electronics,"The Eco Stainless Steel Water Bottle 544 by SilverLine Electronics delivers dependable performance with quality materials and thoughtful design. It is well suited for everyday use in the home & kitchen category, offering a strong balance of value and functionality.",Home & Kitchen,"Bestseller, Ergonomic, Rechargeable, Versatile, Waterproof",22.51,1.3,3771,723,2016-09-13,9="z;[2UJ!]J,Bluewater Sweden,https://unsplash.com/@bluewaterglobe?utm_source=sse554_capstone&utm_medium=referral
https://images.unsplash.com/photo-1643136108890-c079a7cd08cc?crop=entropy&cs=tinysrgb&fit=max&fm=jpg&ixid=M3w4NzQxNTN8MHwxfHNlYXJjaHwxfHxDbGFzc2ljJTIwNEslMjBNb25pdG9yfGVufDB8fHx8MTc3MjIyNTg2Nnww&ixlib=rb-4.1.0&q=80&w=1080?utm_source=sse554_capstone&utm_medium=referral,Classic 4K Monitor,NorthPeak,"The Classic 4K Monitor 303 by NorthPeak delivers dependable performance with quality materials and thoughtful design. It is well suited for everyday use in the sports & outdoors category, offering a strong balance of value and functionality.",Sports & Outdoors,"Compact, Portable, Rechargeable, Versatile, Durable",488.17,2.9,5649,852,2017-01-05,"?.,ldY#e<P)2",Neli Cerquetella,https://unsplash.com/@nelibird?utm_source=sse554_capstone&utm_medium=referral
https://images.unsplash.com/photo-1761311985262-d0a342290b56?crop=entropy&cs=tinysrgb&fit=max&fm=jpg&ixid=M3w4NzQxNTN8MHwxfHNlYXJjaHwxfHxTbWFydCUyMFNtYXJ0cGhvbmUlMjBTdGFuZHxlbnwwfHx8fDE3NzIyMjU4NjB8MA&ixlib=rb-4.1.0&q=80&w=1080?utm_source=sse554_capstone&utm_medium=referral,Smart Smartphone Stand,BrightLeaf Publishing,"The Smart Smartphone Stand 187 by BrightLeaf Publishing delivers dependable performance with quality materials and thoughtful design. It is well suited for everyday use in the home & kitchen category, offering a strong balance of value and functionality.",Home & Kitchen,"Lightweight, Giftable, Limited Edition, Waterproof, Bestseller",194.12,4.9,711,1046,2023-09-18,/S!NHOmxbSZL,Matúš Gocman,https://unsplash.com/@matgocman?utm_source=sse554_capstone&utm_medium=referral
https://images.unsplash.com/photo-1641998148499-cb6b55a3c0d3?crop=entropy&cs=tinysrgb&fit=max&fm=jpg&ixid=M3w4NzQxNTN8MHwxfHNlYXJjaHwxfHxQcmVtaXVtJTIwT2ZmaWNlJTIwQ2hhaXJ8ZW58MHx8fHwxNzcyMjI1ODY1fDA&ixlib=rb-4.1.0&q=80&w=1080?utm_source=sse554_capstone&utm_medium=referral,Premium Office Chair,NorthPeak,"The Premium Office Chair 500 by NorthPeak delivers dependable performance with quality materials and thoughtful design. It is well suited for everyday use in the electronics category, offering a strong balance of value and functionality.",Electronics,"Lightweight, Durable, Ergonomic, Rechargeable, Modern",533.88,1.7,5274,1220,2019-01-18,"P1w:)h\4pf,J",Lotus Design N Print,https://unsplash.com/@lotusdnp?utm_source=sse554_capstone&utm_medium=referral
https://images.unsplash.com/photo-1743862558324-64de6d680fbb?crop=entropy&cs=tinysrgb&fit=max&fm=jpg&ixid=M3w4NzQxNTN8MHwxfHNlYXJjaHwxfHxQb3J0YWJsZSUyME1lY2hhbmljYWwlMjBLZXlib2FyZHxlbnwwfHx8fDE3NzIyMjU4NzZ8MA&ixlib=rb-4.1.0&q=80&w=1080?utm_source=sse554_capstone&utm_medium=referral,Portable Mechanical Keyboard,Horizon Tech,"The Portable Mechanical Keyboard 261 by Horizon Tech delivers dependable performance with quality materials and thoughtful design. It is well suited for everyday use in the electronics category, offering a strong balance of value and functionality.",Electronics,"Ergonomic, Essential, Rechargeable, Modern, Portable",489.32,3.0,5511,1607,2019-01-31,e5=IH%|`+G0v,Huy Phan,https://unsplash.com/@huyphan2602?utm_source=sse554_capstone&utm_medium=referral
https://images.unsplash.com/photo-1700168333927-023e01cc748f?crop=entropy&cs=tinysrgb&fit=max&fm=jpg&ixid=M3w4NzQxNTN8MHwxfHNlYXJjaHwxfHxDb21wYWN0JTIwT2ZmaWNlJTIwQ2hhaXJ8ZW58MHx8fHwxNzcyMjI1ODc3fDA&ixlib=rb-4.1.0&q=80&w=1080?utm_source=sse554_capstone&utm_medium=referral,Compact Office Chair,Maple Street Press,"The Compact Office Chair 466 by Maple Street Press delivers dependable performance with quality materials and thoughtful design. It is well suited for everyday use in the electronics category, offering a strong balance of value and functionality.",Electronics,"Durable, Versatile, Essential, Limited Edition, New Arrival",98.04,2.8,9814,1804,2025-04-01,>3tNxP$#NLr7,Jonathan Castañeda,https://unsplash.com/@jonathecreator?utm_source=sse554_capstone&utm_medium=referral
https://images.unsplash.com/photo-1625211117321-fec97bb8980d?crop=entropy&cs=tinysrgb&fit=max&fm=jpg&ixid=M3w4NzQxNTN8MHwxfHNlYXJjaHwxfHxFY28lMjBSdW5uaW5nJTIwU2hvZXN8ZW58MHx8fHwxNzcyMjI1ODcwfDA&ixlib=rb-4.1.0&q=80&w=1080?utm_source=sse554_capstone&utm_medium=referral,Eco Running Shoes,UrbanNest,"The Eco Running Shoes 650 by UrbanNest delivers dependable performance with quality materials and thoughtful design. It is well suited for everyday use in the office supplies category, offering a strong balance of value and functionality.",Office Supplies,"Essential, Giftable, Versatile, Rechargeable, Limited Edition",385.8,3.5,103,219,2016-01-08,EG?^b"$k-zvs,Sneep Crew,https://unsplash.com/@sneepcrew?utm_source=sse554_capstone&utm_medium=referral
https://images.unsplash.com/photo-1523730647456-cc896ae6243a?crop=entropy&cs=tinysrgb&fit=max&fm=jpg&ixid=M3w4NzQxNTN8MHwxfHNlYXJjaHwxfHxDbGFzc2ljJTIwUnVubmluZyUyMFNob2VzfGVufDB8fHx8MTc3MjIyNTg2Nnww&ixlib=rb-4.1.0&q=80&w=1080?utm_source=sse554_capstone&utm_medium=referral,Classic Running Shoes,Horizon Tech,"The Classic Running Shoes 861 by Horizon Tech delivers dependable performance with quality materials and thoughtful design. It is well suited for everyday use in the office supplies category, offering a strong balance of value and functionality.",Office Supplies,"Waterproof, Versatile, Bestseller, New Arrival, Modern",251.65,4.9,959,145,2019-09-12,Mu{;rCBu?<aQ,Jeroen Den Otter,https://unsplash.com/@jeroendenotter?utm_source=sse554_capstone&utm_medium=referral
https://images.unsplash.com/photo-1613091252604-dd0746e2f358?crop=entropy&cs=tinysrgb&fit=max&fm=jpg&ixid=M3w4NzQxNTN8MHwxfHNlYXJjaHwxfHxDbGFzc2ljJTIwR2FtaW5nJTIwTW91c2V8ZW58MHx8fHwxNzcyMjI1ODc3fDA&ixlib=rb-4.1.0&q=80&w=1080?utm_source=sse554_capstone&utm_medium=referral,Classic Gaming Mouse,NorthPeak,"The Classic Gaming Mouse 143 by NorthPeak delivers dependable performance with quality materials and thoughtful design. It is well suited for everyday use in the clothing category, offering a strong balance of value and functionality.",Clothing,"Waterproof, Limited Edition, Durable, Lightweight, Compact",726.85,1.7,9355,1362,2016-07-18,`*l'DOR/~j9G,Sirisvisual,https://unsplash.com/@sirisvisual?utm_source=sse554_capstone&utm_medium=referral
https://images.unsplash.com/photo-1754821305530-8e3c7b8deda2?crop=entropy&cs=tinysrgb&fit=max&fm=jpg&ixid=M3w4NzQxNTN8MHwxfHNlYXJjaHwxfHxXaXJlbGVzcyUyMEZpdG5lc3MlMjBUcmFja2VyfGVufDB8fHx8MTc3MjIyNTg0Nnww&ixlib=rb-4.1.0&q=80&w=1080?utm_source=sse554_capstone&utm_medium=referral,Wireless Fitness Tracker,UrbanNest,"The Wireless Fitness Tracker 498 by UrbanNest delivers dependable performance with quality materials and thoughtful design. It is well suited for everyday use in the home & kitchen category, offering a strong balance of value and functionality.",Home & Kitchen,"Giftable, Portable, Premium, Bestseller, New Arrival",35.62,3.1,6735,816,2017-07-08,"Z@5G>3S51D,b",Andrey Matveev,https://unsplash.com/@zelebb?utm_source=sse554_capstone&utm_medium=referral
https://images.unsplash.com/photo-1619590530232-da98a822baa5?crop=entropy&cs=tinysrgb&fit=max&fm=jpg&ixid=M3w4NzQxNTN8MHwxfHNlYXJjaHwxfHxDb21wYWN0JTIwNEslMjBNb25pdG9yfGVufDB8fHx8MTc3MjIyNTg0NHww&ixlib=rb-4.1.0&q=80&w=1080?utm_source=sse554_capstone&utm_medium=referral,Compact 4K Monitor,UrbanNest,"The Compact 4K Monitor 187 by UrbanNest delivers dependable performance with quality materials and thoughtful design. It is well suited for everyday use in the office supplies category, offering a strong balance of value and functionality.",Office Supplies,"Modern, Bestseller, Giftable, New Arrival, Durable",581.65,2.2,3825,1024,2020-08-18,"`6o>xPt,w'V/",Stebilex Systems,https://unsplash.com/@stebilexsystems?utm_source=sse554_capstone&utm_medium=referral
https://images.unsplash.com/photo-1564859227552-81fde4a1df0b?crop=entropy&cs=tinysrgb&fit=max&fm=jpg&ixid=M3w4NzQxNTN8MHwxfHNlYXJjaHwxfHxDb21wYWN0JTIwR3JhcGhpYyUyMFQtU2hpcnR8ZW58MHx8fHwxNzcyMjI1ODc3fDA&ixlib=rb-4.1.0&q=80&w=1080?utm_source=sse554_capstone&utm_medium=referral,Compact Graphic T-Shirt,Horizon Tech,"The Compact Graphic T-Shirt 843 by Horizon Tech delivers dependable performance with quality materials and thoughtful design. It is well suited for everyday use in the sports & outdoors category, offering a strong balance of value and functionality.",Sports & Outdoors,"Premium, New Arrival, Durable, Essential, Portable",649.48,4.1,9157,1111,2017-02-17,"%=Cb][d_6#,I",Sincerely Media,https://unsplash.com/@sincerelymedia?utm_source=sse554_capstone&utm_medium=referral
https://images.unsplash.com/photo-1624948384140-e48e47087fad?crop=entropy&cs=tinysrgb&fit=max&fm=jpg&ixid=M3w4NzQxNTN8MHwxfHNlYXJjaHwxfHxTbWFydCUyMDRLJTIwTW9uaXRvcnxlbnwwfHx8fDE3NzIyMjU4Nzh8MA&ixlib=rb-4.1.0&q=80&w=1080?utm_source=sse554_capstone&utm_medium=referral,Smart 4K Monitor,BlueRiver Outfitters,"The Smart 4K Monitor 961 by BlueRiver Outfitters delivers dependable performance with quality materials and thoughtful design. It is well suited for everyday use in the sports & outdoors category, offering a strong balance of value and functionality.",Sports & Outdoors,"Premium, Waterproof, Portable, Rechargeable, Lightweight",730.97,2.8,6119,1322,2019-08-10,j?eEJCDN0}HR,Dennis Irorere,https://unsplash.com/@denironyx?utm_source=sse554_capstone&utm_medium=referral
https://images.unsplash.com/photo-1588279102558-dabc7b32d9b1?crop=entropy&cs=tinysrgb&fit=max&fm=jpg&ixid=M3w4NzQxNTN8MHwxfHNlYXJjaHwxfHxDbGFzc2ljJTIwQ29va3dhcmUlMjBTZXR8ZW58MHx8fHwxNzcyMjI1ODQ1fDA&ixlib=rb-4.1.0&q=80&w=1080?utm_source=sse554_capstone&utm_medium=referral,Classic Cookware Set,NorthPeak,"The Classic Cookware Set 791 by NorthPeak delivers dependable performance with quality materials and thoughtful design. It is well suited for everyday use in the sports & outdoors category, offering a strong balance of value and functionality.",Sports & Outdoors,"Essential, Bestseller, New Arrival, Compact, Rechargeable",600.07,3.4,2909,500,2022-09-29,=%{N*uE!@?Si,Cooker King,https://unsplash.com/@cookerking?utm_source=sse554_capstone&utm_medium=referral
https://images.unsplash.com/photo-1693596936248-8fab255a3de1?crop=entropy&cs=tinysrgb&fit=max&fm=jpg&ixid=M3w4NzQxNTN8MHwxfHNlYXJjaHwxfHxXaXJlbGVzcyUyMExFRCUyMERlc2slMjBMYW1wfGVufDB8fHx8MTc3MjIyNTgzNHww&ixlib=rb-4.1.0&q=80&w=1080?utm_source=sse554_capstone&utm_medium=referral,Wireless LED Desk Lamp,SilverLine Electronics,"The Wireless LED Desk Lamp 391 by SilverLine Electronics delivers dependable performance with quality materials and thoughtful design. It is well suited for everyday use in the sports & outdoors category, offering a strong balance of value and functionality.",Sports & Outdoors,"Rechargeable, Durable, Waterproof, Giftable, Versatile",356.59,2.4,8607,228,2022-01-30,&{rUm.>]H\<G,Darius Cotoi,https://unsplash.com/@dariuscotoi?utm_source=sse554_capstone&utm_medium=referral
https://images.unsplash.com/photo-1631749352020-b8ce2d86727e?crop=entropy&cs=tinysrgb&fit=max&fm=jpg&ixid=M3w4NzQxNTN8MHwxfHNlYXJjaHwxfHxVbHRyYSUyMEdhbWluZyUyME1vdXNlfGVufDB8fHx8MTc3MjIyNTg0Mnww&ixlib=rb-4.1.0&q=80&w=1080?utm_source=sse554_capstone&utm_medium=referral,Ultra Gaming Mouse,UrbanNest,"The Ultra Gaming Mouse 505 by UrbanNest delivers dependable performance with quality materials and thoughtful design. It is well suited for everyday use in the office supplies category, offering a strong balance of value and functionality.",Office Supplies,"Premium, Durable, Waterproof, Lightweight, New Arrival",192.72,2.0,4432,1964,2018-03-25,"qQp,5fkjPf,Q",Bruno Yamazaky,https://unsplash.com/@mryamazukino?utm_source=sse554_capstone&utm_medium=referral
https://images.unsplash.com/photo-1566286378558-5d52a6710b6e?crop=entropy&cs=tinysrgb&fit=max&fm=jpg&ixid=M3w4NzQxNTN8MHwxfHNlYXJjaHwxfHxBZHZhbmNlZCUyME5vaXNlJTIwQ2FuY2VsbGluZyUyMEhlYWRwaG9uZXN8ZW58MHx8fHwxNzcyMjI1ODQ5fDA&ixlib=rb-4.1.0&q=80&w=1080?utm_source=sse554_capstone&utm_medium=referral,Advanced Noise Cancelling Headphones,UrbanNest,"The Advanced Noise Cancelling Headphones 160 by UrbanNest delivers dependable performance with quality materials and thoughtful design. It is well suited for everyday use in the electronics category, offering a strong balance of value and functionality.",Electronics,"Wireless, Versatile, Limited Edition, Essential, Lightweight",631.63,3.7,9619,510,2016-12-29,"0xFCtSG35(,2",Maulik Sutariya,https://unsplash.com/@truemaulik?utm_source=sse554_capstone&utm_medium=referral
https://images.unsplash.com/photo-1743862558324-64de6d680fbb?crop=entropy&cs=tinysrgb&fit=max&fm=jpg&ixid=M3w4NzQxNTN8MHwxfHNlYXJjaHwxfHxQb3J0YWJsZSUyME1lY2hhbmljYWwlMjBLZXlib2FyZHxlbnwwfHx8fDE3NzIyMjU4NzZ8MA&ixlib=rb-4.1.0&q=80&w=1080?utm_source=sse554_capstone&utm_medium=referral,Portable Mechanical Keyboard,Maple Street Press,"The Portable Mechanical Keyboard 735 by Maple Street Press delivers dependable performance with quality materials and thoughtful design. It is well suited for everyday use in the books category, offering a strong balance of value and functionality.",Books,"Premium, Compact, Essential, Wireless, Lightweight",634.61,2.1,5054,1044,2025-12-27,~]oD\Z]UD]jD,Huy Phan,https://unsplash.com/@huyphan2602?utm_source=sse554_capstone&utm_medium=referral
https://images.unsplash.com/photo-1588279102558-dabc7b32d9b1?crop=entropy&cs=tinysrgb&fit=max&fm=jpg&ixid=M3w4NzQxNTN8MHwxfHNlYXJjaHwxfHxTbWFydCUyMENvb2t3YXJlJTIwU2V0fGVufDB8fHx8MTc3MjIyNTg3OHww&ixlib=rb-4.1.0&q=80&w=1080?utm_source=sse554_capstone&utm_medium=referral,Smart Cookware Set,Maple Street Press,"The Smart Cookware Set 103 by Maple Street Press delivers dependable performance with quality materials and thoughtful design. It is well suited for everyday use in the electronics category, offering a strong balance of value and functionality.",Electronics,"Durable, Compact, New Arrival, Limited Edition, Rechargeable",146.16,2.3,9946,1872,2020-06-23,vd6-)+US:|{C,Cooker King,https://unsplash.com/@cookerking?utm_source=sse554_capstone&utm_medium=referral
https://images.unsplash.com/photo-1745256375848-1d599594635d?crop=entropy&cs=tinysrgb&fit=max&fm=jpg&ixid=M3w4NzQxNTN8MHwxfHNlYXJjaHwxfHxTbWFydCUyMEZpdG5lc3MlMjBUcmFja2VyfGVufDB8fHx8MTc3MjIyNTg3OHww&ixlib=rb-4.1.0&q=80&w=1080?utm_source=sse554_capstone&utm_medium=referral,Smart Fitness Tracker,Horizon Tech,"The Smart Fitness Tracker 469 by Horizon Tech delivers dependable performance with quality materials and thoughtful design. It is well suited for everyday use in the sports & outdoors category, offering a strong balance of value and functionality.",Sports & Outdoors,"Modern, Compact, New Arrival, Durable, Limited Edition",545.52,2.1,141,602,2017-09-13,Ue7CG)W2Z;Wb,Kelsey Todd,https://unsplash.com/@sparkledump?utm_source=sse554_capstone&utm_medium=referral
https://images.unsplash.com/photo-1554175940-c7d7ede2ecb9?crop=entropy&cs=tinysrgb&fit=max&fm=jpg&ixid=M3w4NzQxNTN8MHwxfHNlYXJjaHwxfHxFY28lMjBNZWNoYW5pY2FsJTIwS2V5Ym9hcmR8ZW58MHx8fHwxNzcyMjI1ODQ4fDA&ixlib=rb-4.1.0&q=80&w=1080?utm_source=sse554_capstone&utm_medium=referral,Eco Mechanical Keyboard,Maple Street Press,"The Eco Mechanical Keyboard 525 by Maple Street Press delivers dependable performance with quality materials and thoughtful design. It is well suited for everyday use in the electronics category, offering a strong balance of value and functionality.",Electronics,"Waterproof, Wireless, Compact, Durable, Lightweight",763.14,3.8,5709,906,2019-03-06,-km}{K{7>&sg,H&co,https://unsplash.com/@hngstrm?utm_source=sse554_capstone&utm_medium=referral
https://images.unsplash.com/photo-1763822085725-0b065668d7b0?crop=entropy&cs=tinysrgb&fit=max&fm=jpg&ixid=M3w4NzQxNTN8MHwxfHNlYXJjaHwxfHxQb3J0YWJsZSUyME5vaXNlJTIwQ2FuY2VsbGluZyUyMEhlYWRwaG9uZXN8ZW58MHx8fHwxNzcyMjI1ODc5fDA&ixlib=rb-4.1.0&q=80&w=1080?utm_source=sse554_capstone&utm_medium=referral,Portable Noise Cancelling Headphones,SilverLine Electronics,"The Portable Noise Cancelling Headphones 279 by SilverLine Electronics delivers dependable performance with quality materials and thoughtful design. It is well suited for everyday use in the sports & outdoors category, offering a strong balance of value and functionality.",Sports & Outdoors,"Modern, Wireless, Durable, Essential, Versatile",252.94,2.2,6933,1190,2023-12-12,e!KUE%/*i\qa,Georgiy Lyamin,https://unsplash.com/@glyamin?utm_source=sse554_capstone&utm_medium=referral
https://images.unsplash.com/photo-1760278041943-8b2ccec1e9e2?crop=entropy&cs=tinysrgb&fit=max&fm=jpg&ixid=M3w4NzQxNTN8MHwxfHNlYXJjaHwxfHxTbWFydCUyMEdhbWluZyUyME1vdXNlfGVufDB8fHx8MTc3MjIyNTgyNnww&ixlib=rb-4.1.0&q=80&w=1080?utm_source=sse554_capstone&utm_medium=referral,Smart Gaming Mouse,SilverLine Electronics,"The Smart Gaming Mouse 618 by SilverLine Electronics delivers dependable performance with quality materials and thoughtful design. It is well suited for everyday use in the electronics category, offering a strong balance of value and functionality.",Electronics,"Waterproof, Rechargeable, Durable, Compact, Premium",178.1,2.6,6273,287,2022-11-16,<-%is^Qen0yR,Matúš Gocman,https://unsplash.com/@matgocman?utm_source=sse554_capstone&utm_medium=referral
https://images.unsplash.com/photo-1701318134632-7cda18e7c487?crop=entropy&cs=tinysrgb&fit=max&fm=jpg&ixid=M3w4NzQxNTN8MHwxfHNlYXJjaHwxfHxQb3J0YWJsZSUyMDRLJTIwTW9uaXRvcnxlbnwwfHx8fDE3NzIyMjU4Nzl8MA&ixlib=rb-4.1.0&q=80&w=1080?utm_source=sse554_capstone&utm_medium=referral,Portable 4K Monitor,BrightLeaf Publishing,"The Portable 4K Monitor 903 by BrightLeaf Publishing delivers dependable performance with quality materials and thoughtful design. It is well suited for everyday use in the home & kitchen category, offering a strong balance of value and functionality.",Home & Kitchen,"Wireless, Lightweight, Versatile, Compact, Essential",524.42,4.7,7088,1034,2016-01-28,G`C7RtW36C3U,Trần Quang Phú,https://unsplash.com/@tranquangphu?utm_source=sse554_capstone&utm_medium=referral
https://images.unsplash.com/photo-1765332374240-5743e37e0341?crop=entropy&cs=tinysrgb&fit=max&fm=jpg&ixid=M3w4NzQxNTN8MHwxfHNlYXJjaHwxfHxFY28lMjBHYW1pbmclMjBNb3VzZXxlbnwwfHx8fDE3NzIyMjU4Njl8MA&ixlib=rb-4.1.0&q=80&w=1080?utm_source=sse554_capstone&utm_medium=referral,Eco Gaming Mouse,Horizon Tech,"The Eco Gaming Mouse 957 by Horizon Tech delivers dependable performance with quality materials and thoughtful design. It is well suited for everyday use in the books category, offering a strong balance of value and functionality.",Books,"Waterproof, Limited Edition, Premium, Rechargeable, Giftable",744.03,1.1,8703,1111,2016-10-29,",HpaC.L-QF5M",Mo B.h,https://unsplash.com/@moha_95?utm_source=sse554_capstone&utm_medium=referral
https://images.unsplash.com/photo-1522844123782-9547a63eb28b?crop=entropy&cs=tinysrgb&fit=max&fm=jpg&ixid=M3w4NzQxNTN8MHwxfHNlYXJjaHwxfHxQb3J0YWJsZSUyMFlvZ2ElMjBNYXR8ZW58MHx8fHwxNzcyMjI1ODU0fDA&ixlib=rb-4.1.0&q=80&w=1080?utm_source=sse554_capstone&utm_medium=referral,Portable Yoga Mat,NorthPeak,"The Portable Yoga Mat 665 by NorthPeak delivers dependable performance with quality materials and thoughtful design. It is well suited for everyday use in the home & kitchen category, offering a strong balance of value and functionality.",Home & Kitchen,"Lightweight, Durable, Ergonomic, Compact, New Arrival",711.59,1.5,1082,806,2023-02-07,~+=o"9b?\GIW,Alan Ko,https://unsplash.com/@iyunmai?utm_source=sse554_capstone&utm_medium=referral
https://images.unsplash.com/photo-1631749352438-7d576312185d?crop=entropy&cs=tinysrgb&fit=max&fm=jpg&ixid=M3w4NzQxNTN8MHwxfHNlYXJjaHwxfHxXaXJlbGVzcyUyMEdhbWluZyUyME1vdXNlfGVufDB8fHx8MTc3MjIyNTg3OXww&ixlib=rb-4.1.0&q=80&w=1080?utm_source=sse554_capstone&utm_medium=referral,Wireless Gaming Mouse,UrbanNest,"The Wireless Gaming Mouse 155 by UrbanNest delivers dependable performance with quality materials and thoughtful design. It is well suited for everyday use in the office supplies category, offering a strong balance of value and functionality.",Office Supplies,"Wireless, New Arrival, Modern, Bestseller, Portable",213.26,2.2,8419,1599,2022-07-22,"lL1;0SPv4o,D",Bruno Yamazaky,https://unsplash.com/@mryamazukino?utm_source=sse554_capstone&utm_medium=referral
https://images.unsplash.com/photo-1771370580887-d41ae6d1d6ed?crop=entropy&cs=tinysrgb&fit=max&fm=jpg&ixid=M3w4NzQxNTN8MHwxfHNlYXJjaHwxfHxDb21wYWN0JTIwTWVjaGFuaWNhbCUyMEtleWJvYXJkfGVufDB8fHx8MTc3MjIyNTg1NHww&ixlib=rb-4.1.0&q=80&w=1080?utm_source=sse554_capstone&utm_medium=referral,Compact Mechanical Keyboard,UrbanNest,"The Compact Mechanical Keyboard 397 by UrbanNest delivers dependable performance with quality materials and thoughtful design. It is well suited for everyday use in the sports & outdoors category, offering a strong balance of value and functionality.",Sports & Outdoors,"Essential, Durable, Versatile, Bestseller, Premium",522.57,1.0,9648,1350,2018-04-27,FWOF}4v7pGH*,Marcus Richardson,https://unsplash.com/@marcusrichardson?utm_source=sse554_capstone&utm_medium=referral
https://images.unsplash.com/photo-1743862558324-64de6d680fbb?crop=entropy&cs=tinysrgb&fit=max&fm=jpg&ixid=M3w4NzQxNTN8MHwxfHNlYXJjaHwxfHxQb3J0YWJsZSUyME1lY2hhbmljYWwlMjBLZXlib2FyZHxlbnwwfHx8fDE3NzIyMjU4NzZ8MA&ixlib=rb-4.1.0&q=80&w=1080?utm_source=sse554_capstone&utm_medium=referral,Portable Mechanical Keyboard,BlueRiver Outfitters,"The Portable Mechanical Keyboard 336 by BlueRiver Outfitters delivers dependable performance with quality materials and thoughtful design. It is well suited for everyday use in the office supplies category, offering a strong balance of value and functionality.",Office Supplies,"Portable, Wireless, Essential, Premium, Durable",711.96,2.9,9270,1316,2020-07-21,N`G+9(`(_TJS,Huy Phan,https://unsplash.com/@huyphan2602?utm_source=sse554_capstone&utm_medium=referral
https://images.unsplash.com/photo-1652262135789-e6cec614eea5?crop=entropy&cs=tinysrgb&fit=max&fm=jpg&ixid=M3w4NzQxNTN8MHwxfHNlYXJjaHwxfHxTbWFydCUyMEJhY2twYWNrfGVufDB8fHx8MTc3MjIyNTg0N3ww&ixlib=rb-4.1.0&q=80&w=1080?utm_source=sse554_capstone&utm_medium=referral,Smart Backpack,Maple Street Press,"The Smart Backpack 744 by Maple Street Press delivers dependable performance with quality materials and thoughtful design. It is well suited for everyday use in the home & kitchen category, offering a strong balance of value and functionality.",Home & Kitchen,"Essential, Durable, Portable, Compact, Waterproof",567.44,1.9,2296,254,2024-02-18,`?&=a9G[Iv\c,Artem Kniaz,https://unsplash.com/@artem_kniaz?utm_source=sse554_capstone&utm_medium=referral
https://images.unsplash.com/photo-1633450083431-a111627f6df2?crop=entropy&cs=tinysrgb&fit=max&fm=jpg&ixid=M3w4NzQxNTN8MHwxfHNlYXJjaHwxfHxQcmVtaXVtJTIwRWxlY3RyaWMlMjBLZXR0bGV8ZW58MHx8fHwxNzcyMjI1ODgwfDA&ixlib=rb-4.1.0&q=80&w=1080?utm_source=sse554_capstone&utm_medium=referral,Premium Electric Kettle,Summit Gear Co.,"The Premium Electric Kettle 507 by Summit Gear Co. delivers dependable performance with quality materials and thoughtful design. It is well suited for everyday use in the electronics category, offering a strong balance of value and functionality.",Electronics,"Rechargeable, Durable, Bestseller, Portable, Lightweight",686.42,3.7,4209,645,2021-04-11,c1x`1Q;0!aCL,Hassan Esfahani,https://unsplash.com/@hassanesfahani?utm_source=sse554_capstone&utm_medium=referral
https://images.unsplash.com/photo-1509098681029-b45e9c845022?crop=entropy&cs=tinysrgb&fit=max&fm=jpg&ixid=M3w4NzQxNTN8MHwxfHNlYXJjaHwxfHxTbWFydCUyME5vaXNlJTIwQ2FuY2VsbGluZyUyMEhlYWRwaG9uZXN8ZW58MHx8fHwxNzcyMjI1ODMxfDA&ixlib=rb-4.1.0&q=80&w=1080?utm_source=sse554_capstone&utm_medium=referral,Smart Noise Cancelling Headphones,UrbanNest,"The Smart Noise Cancelling Headphones 317 by UrbanNest delivers dependable performance with quality materials and thoughtful design. It is well suited for everyday use in the office supplies category, offering a strong balance of value and functionality.",Office Supplies,"Ergonomic, Portable, Modern, Bestseller, Essential",756.36,4.5,5006,1660,2020-03-30,#;w@B`)mA6gu,Mubariz Mehdizadeh,https://unsplash.com/@mehdizadeh?utm_source=sse554_capstone&utm_medium=referral
https://images.unsplash.com/photo-1588279102558-dabc7b32d9b1?crop=entropy&cs=tinysrgb&fit=max&fm=jpg&ixid=M3w4NzQxNTN8MHwxfHNlYXJjaHwxfHxBZHZhbmNlZCUyMENvb2t3YXJlJTIwU2V0fGVufDB8fHx8MTc3MjIyNTg2NHww&ixlib=rb-4.1.0&q=80&w=1080?utm_source=sse554_capstone&utm_medium=referral,Advanced Cookware Set,BrightLeaf Publishing,"The Advanced Cookware Set 274 by BrightLeaf Publishing delivers dependable performance with quality materials and thoughtful design. It is well suited for everyday use in the office supplies category, offering a strong balance of value and functionality.",Office Supplies,"Limited Edition, Wireless, New Arrival, Premium, Ergonomic",79.59,3.8,2558,69,2016-03-04,xJsk}1>CzFVh,Cooker King,https://unsplash.com/@cookerking?utm_source=sse554_capstone&utm_medium=referral
https://images.unsplash.com/photo-1615433366992-1586f3b8fca5?crop=entropy&cs=tinysrgb&fit=max&fm=jpg&ixid=M3w4NzQxNTN8MHwxfHNlYXJjaHwxfHxXaXJlbGVzcyUyME5vaXNlJTIwQ2FuY2VsbGluZyUyMEhlYWRwaG9uZXN8ZW58MHx8fHwxNzcyMjI1ODUzfDA&ixlib=rb-4.1.0&q=80&w=1080?utm_source=sse554_capstone&utm_medium=referral,Wireless Noise Cancelling Headphones,SilverLine Electronics,"The Wireless Noise Cancelling Headphones 783 by SilverLine Electronics delivers dependable performance with quality materials and thoughtful design. It is well suited for everyday use in the sports & outdoors category, offering a strong balance of value and functionality.",Sports & Outdoors,"Bestseller, Waterproof, Rechargeable, Limited Edition, Lightweight",120.92,1.5,3516,704,2025-07-09,5!8}ocv![hmc,Sj 📸,https://unsplash.com/@uxsj_ph?utm_source=sse554_capstone&utm_medium=referral
https://images.unsplash.com/photo-1658700054661-84feecc48f84?crop=entropy&cs=tinysrgb&fit=max&fm=jpg&ixid=M3w4NzQxNTN8MHwxfHNlYXJjaHwxfHxDbGFzc2ljJTIwTWVjaGFuaWNhbCUyMEtleWJvYXJkfGVufDB8fHx8MTc3MjIyNTg2OXww&ixlib=rb-4.1.0&q=80&w=1080?utm_source=sse554_capstone&utm_medium=referral,Classic Mechanical Keyboard,BrightLeaf Publishing,"The Classic Mechanical Keyboard 350 by BrightLeaf Publishing delivers dependable performance with quality materials and thoughtful design. It is well suited for everyday use in the home & kitchen category, offering a strong balance of value and functionality.",Home & Kitchen,"Wireless, Premium, Waterproof, Compact, Portable",508.55,3.9,1746,624,2025-06-23,~*'#>Lv2OUwP,76,https://unsplash.com/@abishvijayan?utm_source=sse554_capstone&utm_medium=referral
https://images.unsplash.com/photo-1586187543706-b43086b30978?crop=entropy&cs=tinysrgb&fit=max&fm=jpg&ixid=M3w4NzQxNTN8MHwxfHNlYXJjaHwxfHxDbGFzc2ljJTIwRXh0ZXJuYWwlMjBIYXJkJTIwRHJpdmV8ZW58MHx8fHwxNzcyMjI1ODM3fDA&ixlib=rb-4.1.0&q=80&w=1080?utm_source=sse554_capstone&utm_medium=referral,Classic External Hard Drive,BrightLeaf Publishing,"The Classic External Hard Drive 720 by BrightLeaf Publishing delivers dependable performance with quality materials and thoughtful design. It is well suited for everyday use in the sports & outdoors category, offering a strong balance of value and functionality.",Sports & Outdoors,"Rechargeable, Premium, Durable, Limited Edition, New Arrival",93.65,3.0,6335,13,2023-02-21,BYLYZ?<)ih8|,Everyday Basics,https://unsplash.com/@zanardi?utm_source=sse554_capstone&utm_medium=referral
https://images.unsplash.com/photo-1562878671-b3efe27953b9?crop=entropy&cs=tinysrgb&fit=max&fm=jpg&ixid=M3w4NzQxNTN8MHwxfHNlYXJjaHwxfHxVbHRyYSUyMEFjdGlvbiUyMENhbWVyYXxlbnwwfHx8fDE3NzIyMjU4NDN8MA&ixlib=rb-4.1.0&q=80&w=1080?utm_source=sse554_capstone&utm_medium=referral,Ultra Action Camera,NorthPeak,"The Ultra Action Camera 153 by NorthPeak delivers dependable performance with quality materials and thoughtful design. It is well suited for everyday use in the electronics category, offering a strong balance of value and functionality.",Electronics,"Ergonomic, Wireless, Modern, Versatile, Giftable",214.8,3.8,218,506,2025-08-25,Ze|16O6>u8GV,Jadon Kelly,https://unsplash.com/@jado_tornado?utm_source=sse554_capstone&utm_medium=referral
https://images.unsplash.com/photo-1771310972931-79fd85c98b02?crop=entropy&cs=tinysrgb&fit=max&fm=jpg&ixid=M3w4NzQxNTN8MHwxfHNlYXJjaHwxfHxQcm9mZXNzaW9uYWwlMjBZb2dhJTIwTWF0fGVufDB8fHx8MTc3MjIyNTg1MHww&ixlib=rb-4.1.0&q=80&w=1080?utm_source=sse554_capstone&utm_medium=referral,Professional Yoga Mat,UrbanNest,"The Professional Yoga Mat 412 by UrbanNest delivers dependable performance with quality materials and thoughtful design. It is well suited for everyday use in the electronics category, offering a strong balance of value and functionality.",Electronics,"Wireless, Rechargeable, Ergonomic, Portable, Waterproof",284.8,3.3,1479,173,2025-12-19,1>X}0RRiGrD/,Christian Agbede,https://unsplash.com/@chriscreations__?utm_source=sse554_capstone&utm_medium=referral
https://images.unsplash.com/photo-1522844123782-9547a63eb28b?crop=entropy&cs=tinysrgb&fit=max&fm=jpg&ixid=M3w4NzQxNTN8MHwxfHNlYXJjaHwxfHxDbGFzc2ljJTIwWW9nYSUyME1hdHxlbnwwfHx8fDE3NzIyMjU4ODB8MA&ixlib=rb-4.1.0&q=80&w=1080?utm_source=sse554_capstone&utm_medium=referral,Classic Yoga Mat,SilverLine Electronics,"The Classic Yoga Mat 334 by SilverLine Electronics delivers dependable performance with quality materials and thoughtful design. It is well suited for everyday use in the home & kitchen category, offering a strong balance of value and functionality.",Home & Kitchen,"Versatile, Modern, Lightweight, New Arrival, Rechargeable",669.68,4.9,4883,43,2018-01-14,fxnY$bw8(veb,Alan Ko,https://unsplash.com/@iyunmai?utm_source=sse554_capstone&utm_medium=referral
https://images.unsplash.com/photo-1566533893210-134327eb8967?crop=entropy&cs=tinysrgb&fit=max&fm=jpg&ixid=M3w4NzQxNTN8MHwxfHNlYXJjaHwxfHxFY28lMjBOb2lzZSUyMENhbmNlbGxpbmclMjBIZWFkcGhvbmVzfGVufDB8fHx8MTc3MjIyNTg0NHww&ixlib=rb-4.1.0&q=80&w=1080?utm_source=sse554_capstone&utm_medium=referral,Eco Noise Cancelling Headphones,UrbanNest,"The Eco Noise Cancelling Headphones 742 by UrbanNest delivers dependable performance with quality materials and thoughtful design. It is well suited for everyday use in the office supplies category, offering a strong balance of value and functionality.",Office Supplies,"Waterproof, Compact, Essential, Modern, Rechargeable",343.54,3.5,4708,1674,2020-09-11,/oUMq~{Y]yh?,Dev Asangbam,https://unsplash.com/@devasangbam?utm_source=sse554_capstone&utm_medium=referral
https://images.unsplash.com/photo-1613091252604-dd0746e2f358?crop=entropy&cs=tinysrgb&fit=max&fm=jpg&ixid=M3w4NzQxNTN8MHwxfHNlYXJjaHwxfHxDbGFzc2ljJTIwR2FtaW5nJTIwTW91c2V8ZW58MHx8fHwxNzcyMjI1ODc3fDA&ixlib=rb-4.1.0&q=80&w=1080?utm_source=sse554_capstone&utm_medium=referral,Classic Gaming Mouse,NorthPeak,"The Classic Gaming Mouse 419 by NorthPeak delivers dependable performance with quality materials and thoughtful design. It is well suited for everyday use in the electronics category, offering a strong balance of value and functionality.",Electronics,"Waterproof, Rechargeable, Bestseller, Essential, New Arrival",211.83,2.9,1657,909,2019-08-24,",n@VCBis*Gi$",Sirisvisual,https://unsplash.com/@sirisvisual?utm_source=sse554_capstone&utm_medium=referral
https://images.unsplash.com/photo-1745256375848-1d599594635d?crop=entropy&cs=tinysrgb&fit=max&fm=jpg&ixid=M3w4NzQxNTN8MHwxfHNlYXJjaHwxfHxTbWFydCUyMEZpdG5lc3MlMjBUcmFja2VyfGVufDB8fHx8MTc3MjIyNTg3OHww&ixlib=rb-4.1.0&q=80&w=1080?utm_source=sse554_capstone&utm_medium=referral,Smart Fitness Tracker,BrightLeaf Publishing,"The Smart Fitness Tracker 957 by BrightLeaf Publishing delivers dependable performance with quality materials and thoughtful design. It is well suited for everyday use in the books category, offering a strong balance of value and functionality.",Books,"Bestseller, Compact, Rechargeable, Modern, Limited Edition",142.14,4.4,9186,1257,2023-10-18,YH?;D\`5{SM),Kelsey Todd,https://unsplash.com/@sparkledump?utm_source=sse554_capstone&utm_medium=referral
https://images.unsplash.com/photo-1766384093156-6189a8aa564f?crop=entropy&cs=tinysrgb&fit=max&fm=jpg&ixid=M3w4NzQxNTN8MHwxfHNlYXJjaHwxfHxBZHZhbmNlZCUyMEJhY2twYWNrfGVufDB8fHx8MTc3MjIyNTg4MXww&ixlib=rb-4.1.0&q=80&w=1080?utm_source=sse554_capstone&utm_medium=referral,Advanced Backpack,Horizon Tech,"The Advanced Backpack 512 by Horizon Tech delivers dependable performance with quality materials and thoughtful design. It is well suited for everyday use in the home & kitchen category, offering a strong balance of value and functionality.",Home & Kitchen,"Limited Edition, New Arrival, Modern, Ergonomic, Waterproof",783.44,4.2,9183,1675,2025-02-18,krn$"9RYG^\l,Kouji Tsuru,https://unsplash.com/@pafuxu?utm_source=sse554_capstone&utm_medium=referral
https://images.unsplash.com/photo-1762341121032-510ad9df0ba6?crop=entropy&cs=tinysrgb&fit=max&fm=jpg&ixid=M3w4NzQxNTN8MHwxfHNlYXJjaHwxfHxBZHZhbmNlZCUyME9mZmljZSUyMENoYWlyfGVufDB8fHx8MTc3MjIyNTg4MXww&ixlib=rb-4.1.0&q=80&w=1080?utm_source=sse554_capstone&utm_medium=referral,Advanced Office Chair,UrbanNest,"The Advanced Office Chair 926 by UrbanNest delivers dependable performance with quality materials and thoughtful design. It is well suited for everyday use in the office supplies category, offering a strong balance of value and functionality.",Office Supplies,"Waterproof, Giftable, Rechargeable, Portable, Essential",189.88,2.9,7301,697,2021-10-30,fGCI!U)W+)l>,Zulfugar Karimov,https://unsplash.com/@zulfugarkarimov?utm_source=sse554_capstone&utm_medium=referral
https://images.unsplash.com/photo-1760152581335-5b5c50f85e75?crop=entropy&cs=tinysrgb&fit=max&fm=jpg&ixid=M3w4NzQxNTN8MHwxfHNlYXJjaHwxfHxFY28lMjBMRUQlMjBEZXNrJTIwTGFtcHxlbnwwfHx8fDE3NzIyMjU4ODF8MA&ixlib=rb-4.1.0&q=80&w=1080?utm_source=sse554_capstone&utm_medium=referral,Eco LED Desk Lamp,BrightLeaf Publishing,"The Eco LED Desk Lamp 727 by BrightLeaf Publishing delivers dependable performance with quality materials and thoughtful design. It is well suited for everyday use in the home & kitchen category, offering a strong balance of value and functionality.",Home & Kitchen,"Modern, Portable, Rechargeable, Versatile, New Arrival",83.28,4.3,3479,250,2020-04-26,k+!8/T5Z=>L`,Jw K,https://unsplash.com/@kootograph?utm_source=sse554_capstone&utm_medium=referral
https://images.unsplash.com/photo-1758577515333-e71b713059f1?crop=entropy&cs=tinysrgb&fit=max&fm=jpg&ixid=M3w4NzQxNTN8MHwxfHNlYXJjaHwxfHxDb21wYWN0JTIwRml0bmVzcyUyMFRyYWNrZXJ8ZW58MHx8fHwxNzcyMjI1ODQxfDA&ixlib=rb-4.1.0&q=80&w=1080?utm_source=sse554_capstone&utm_medium=referral,Compact Fitness Tracker,SilverLine Electronics,"The Compact Fitness Tracker 629 by SilverLine Electronics delivers dependable performance with quality materials and thoughtful design. It is well suited for everyday use in the electronics category, offering a strong balance of value and functionality.",Electronics,"Waterproof, Versatile, Compact, Portable, Limited Edition",17.78,4.3,2871,719,2017-06-06,8dx?1J3{{h3=,Andrey Matveev,https://unsplash.com/@zelebb?utm_source=sse554_capstone&utm_medium=referral
https://images.unsplash.com/photo-1758599879693-9e06f55a4ded?crop=entropy&cs=tinysrgb&fit=max&fm=jpg&ixid=M3w4NzQxNTN8MHwxfHNlYXJjaHwxfHxFY28lMjBZb2dhJTIwTWF0fGVufDB8fHx8MTc3MjIyNTg2MXww&ixlib=rb-4.1.0&q=80&w=1080?utm_source=sse554_capstone&utm_medium=referral,Eco Yoga Mat,Summit Gear Co.,"The Eco Yoga Mat 778 by Summit Gear Co. delivers dependable performance with quality materials and thoughtful design. It is well suited for everyday use in the books category, offering a strong balance of value and functionality.",Books,"Modern, Bestseller, Wireless, Portable, Durable",524.93,2.1,2336,133,2021-02-18,C#Ba5XOi]^I4,Vitaly Gariev,https://unsplash.com/@silverkblack?utm_source=sse554_capstone&utm_medium=referral
https://images.unsplash.com/photo-1695712551608-b118cc5a39e4?crop=entropy&cs=tinysrgb&fit=max&fm=jpg&ixid=M3w4NzQxNTN8MHwxfHNlYXJjaHwxfHxFY28lMjBCbHVldG9vdGglMjBTcGVha2VyfGVufDB8fHx8MTc3MjIyNTgzNXww&ixlib=rb-4.1.0&q=80&w=1080?utm_source=sse554_capstone&utm_medium=referral,Eco Bluetooth Speaker,UrbanNest,"The Eco Bluetooth Speaker 657 by UrbanNest delivers dependable performance with quality materials and thoughtful design. It is well suited for everyday use in the books category, offering a strong balance of value and functionality.",Books,"New Arrival, Limited Edition, Compact, Durable, Wireless",607.36,4.2,5302,536,2025-08-24,(o7.}rA6u`%0,Gomi,https://unsplash.com/@gomi_design?utm_source=sse554_capstone&utm_medium=referral
https://images.unsplash.com/photo-1718210719917-c6e1cd5be085?crop=entropy&cs=tinysrgb&fit=max&fm=jpg&ixid=M3w4NzQxNTN8MHwxfHNlYXJjaHwxfHxDb21wYWN0JTIwU3RhaW5sZXNzJTIwU3RlZWwlMjBXYXRlciUyMEJvdHRsZXxlbnwwfHx8fDE3NzIyMjU4NjZ8MA&ixlib=rb-4.1.0&q=80&w=1080?utm_source=sse554_capstone&utm_medium=referral,Compact Stainless Steel Water Bottle,BlueRiver Outfitters,"The Compact Stainless Steel Water Bottle 990 by BlueRiver Outfitters delivers dependable performance with quality materials and thoughtful design. It is well suited for everyday use in the home & kitchen category, offering a strong balance of value and functionality.",Home & Kitchen,"Durable, Bestseller, Portable, Premium, Giftable",321.12,5.0,57,1770,2021-01-28,Eal.T.g.kJmr,Kedibone Isaac Makhumisane,https://unsplash.com/@isaax_the_artist?utm_source=sse554_capstone&utm_medium=referral
https://images.unsplash.com/photo-1588279102558-dabc7b32d9b1?crop=entropy&cs=tinysrgb&fit=max&fm=jpg&ixid=M3w4NzQxNTN8MHwxfHNlYXJjaHwxfHxDbGFzc2ljJTIwQ29va3dhcmUlMjBTZXR8ZW58MHx8fHwxNzcyMjI1ODQ1fDA&ixlib=rb-4.1.0&q=80&w=1080?utm_source=sse554_capstone&utm_medium=referral,Classic Cookware Set,UrbanNest,"The Classic Cookware Set 222 by UrbanNest delivers dependable performance with quality materials and thoughtful design. It is well suited for everyday use in the home & kitchen category, offering a strong balance of value and functionality.",Home & Kitchen,"Wireless, Bestseller, Ergonomic, Essential, Rechargeable",711.36,4.1,6962,1630,2020-05-11,Oc!`2frAF|rR,Cooker King,https://unsplash.com/@cookerking?utm_source=sse554_capstone&utm_medium=referral
https://images.unsplash.com/photo-1765332374240-5743e37e0341?crop=entropy&cs=tinysrgb&fit=max&fm=jpg&ixid=M3w4NzQxNTN8MHwxfHNlYXJjaHwxfHxFY28lMjBHYW1pbmclMjBNb3VzZXxlbnwwfHx8fDE3NzIyMjU4Njl8MA&ixlib=rb-4.1.0&q=80&w=1080?utm_source=sse554_capstone&utm_medium=referral,Eco Gaming Mouse,UrbanNest,"The Eco Gaming Mouse 202 by UrbanNest delivers dependable performance with quality materials and thoughtful design. It is well suited for everyday use in the clothing category, offering a strong balance of value and functionality.",Clothing,"Premium, Wireless, Ergonomic, Compact, Modern",112.73,3.1,2713,1015,2025-10-18,"y]-M,yG2s%go",Mo B.h,https://unsplash.com/@moha_95?utm_source=sse554_capstone&utm_medium=referral
https://images.unsplash.com/photo-1586187543706-b43086b30978?crop=entropy&cs=tinysrgb&fit=max&fm=jpg&ixid=M3w4NzQxNTN8MHwxfHNlYXJjaHwxfHxQcmVtaXVtJTIwRXh0ZXJuYWwlMjBIYXJkJTIwRHJpdmV8ZW58MHx8fHwxNzcyMjI1ODQ0fDA&ixlib=rb-4.1.0&q=80&w=1080?utm_source=sse554_capstone&utm_medium=referral,Premium External Hard Drive,BrightLeaf Publishing,"The Premium External Hard Drive 338 by BrightLeaf Publishing delivers dependable performance with quality materials and thoughtful design. It is well suited for everyday use in the electronics category, offering a strong balance of value and functionality.",Electronics,"Lightweight, Bestseller, New Arrival, Ergonomic, Modern",451.6,1.9,8828,1543,2020-09-06,o]_z?qQ)X~Lo,Everyday Basics,https://unsplash.com/@zanardi?utm_source=sse554_capstone&utm_medium=referral
https://images.unsplash.com/photo-1718210719917-c6e1cd5be085?crop=entropy&cs=tinysrgb&fit=max&fm=jpg&ixid=M3w4NzQxNTN8MHwxfHNlYXJjaHwxfHxTbWFydCUyMFN0YWlubGVzcyUyMFN0ZWVsJTIwV2F0ZXIlMjBCb3R0bGV8ZW58MHx8fHwxNzcyMjI1ODQ1fDA&ixlib=rb-4.1.0&q=80&w=1080?utm_source=sse554_capstone&utm_medium=referral,Smart Stainless Steel Water Bottle,Maple Street Press,"The Smart Stainless Steel Water Bottle 147 by Maple Street Press delivers dependable performance with quality materials and thoughtful design. It is well suited for everyday use in the electronics category, offering a strong balance of value and functionality.",Electronics,"Durable, Versatile, Ergonomic, Premium, Giftable",258.74,4.5,8594,1084,2023-11-30,M@BJM5-y3$lE,Kedibone Isaac Makhumisane,https://unsplash.com/@isaax_the_artist?utm_source=sse554_capstone&utm_medium=referral
https://images.unsplash.com/photo-1694405145070-e58cc29771fa?crop=entropy&cs=tinysrgb&fit=max&fm=jpg&ixid=M3w4NzQxNTN8MHwxfHNlYXJjaHwxfHxXaXJlbGVzcyUyME1lY2hhbmljYWwlMjBLZXlib2FyZHxlbnwwfHx8fDE3NzIyMjU4Mzd8MA&ixlib=rb-4.1.0&q=80&w=1080?utm_source=sse554_capstone&utm_medium=referral,Wireless Mechanical Keyboard,BrightLeaf Publishing,"The Wireless Mechanical Keyboard 194 by BrightLeaf Publishing delivers dependable performance with quality materials and thoughtful design. It is well suited for everyday use in the office supplies category, offering a strong balance of value and functionality.",Office Supplies,"Modern, Rechargeable, Versatile, Lightweight, Compact",199.67,4.2,6875,306,2025-04-22,g7lMo<9<cU.4,Padraig Treanor,https://unsplash.com/@padraigo?utm_source=sse554_capstone&utm_medium=referral
https://images.unsplash.com/photo-1708513427809-728a7913fc9f?crop=entropy&cs=tinysrgb&fit=max&fm=jpg&ixid=M3w4NzQxNTN8MHwxfHNlYXJjaHwxfHxQcm9mZXNzaW9uYWwlMjBMRUQlMjBEZXNrJTIwTGFtcHxlbnwwfHx8fDE3NzIyMjU4Mjd8MA&ixlib=rb-4.1.0&q=80&w=1080?utm_source=sse554_capstone&utm_medium=referral,Professional LED Desk Lamp,BlueRiver Outfitters,"The Professional LED Desk Lamp 546 by BlueRiver Outfitters delivers dependable performance with quality materials and thoughtful design. It is well suited for everyday use in the home & kitchen category, offering a strong balance of value and functionality.",Home & Kitchen,"Waterproof, Essential, New Arrival, Ergonomic, Premium",690.55,2.9,6818,1318,2019-11-20,"7,?oW?%ai1DB",Uwukuri Emery,https://unsplash.com/@uwukuriemery?utm_source=sse554_capstone&utm_medium=referral
https://images.unsplash.com/photo-1738958668282-4c7446241e9e?crop=entropy&cs=tinysrgb&fit=max&fm=jpg&ixid=M3w4NzQxNTN8MHwxfHNlYXJjaHwxfHxDb21wYWN0JTIwUnVubmluZyUyMFNob2VzfGVufDB8fHx8MTc3MjIyNTg2Mnww&ixlib=rb-4.1.0&q=80&w=1080?utm_source=sse554_capstone&utm_medium=referral,Compact Running Shoes,BrightLeaf Publishing,"The Compact Running Shoes 855 by BrightLeaf Publishing delivers dependable performance with quality materials and thoughtful design. It is well suited for everyday use in the sports & outdoors category, offering a strong balance of value and functionality.",Sports & Outdoors,"Ergonomic, Waterproof, Limited Edition, Premium, Wireless",711.38,3.9,5777,1954,2020-04-05,kj\s2dLiFs<#,Archer Allstars,https://unsplash.com/@archerallstars?utm_source=sse554_capstone&utm_medium=referral
https://images.unsplash.com/photo-1622551292636-fc51a35d66fb?crop=entropy&cs=tinysrgb&fit=max&fm=jpg&ixid=M3w4NzQxNTN8MHwxfHNlYXJjaHwxfHxQb3J0YWJsZSUyMENvb2tib29rfGVufDB8fHx8MTc3MjIyNTg1MHww&ixlib=rb-4.1.0&q=80&w=1080?utm_source=sse554_capstone&utm_medium=referral,Portable Cookbook,SilverLine Electronics,"The Portable Cookbook 602 by SilverLine Electronics delivers dependable performance with quality materials and thoughtful design. It is well suited for everyday use in the home & kitchen category, offering a strong balance of value and functionality.",Home & Kitchen,"Versatile, Giftable, Bestseller, Rechargeable, Portable",401.3,2.7,9680,15,2018-08-18,V^Y$rfcz)*UB,Annie Spratt,https://unsplash.com/@anniespratt?utm_source=sse554_capstone&utm_medium=referral
https://images.unsplash.com/photo-1760443728221-0feabf5a0130?crop=entropy&cs=tinysrgb&fit=max&fm=jpg&ixid=M3w4NzQxNTN8MHwxfHNlYXJjaHwxfHxBZHZhbmNlZCUyMFNtYXJ0cGhvbmUlMjBTdGFuZHxlbnwwfHx8fDE3NzIyMjU4ODJ8MA&ixlib=rb-4.1.0&q=80&w=1080?utm_source=sse554_capstone&utm_medium=referral,Advanced Smartphone Stand,NorthPeak,"The Advanced Smartphone Stand 855 by NorthPeak delivers dependable performance with quality materials and thoughtful design. It is well suited for everyday use in the electronics category, offering a strong balance of value and functionality.",Electronics,"Rechargeable, Durable, Premium, Compact, Wireless",81.38,2.8,2853,533,2024-05-17,O.1%V}O>b1t:,Todd Jiang,https://unsplash.com/@toddjiang?utm_source=sse554_capstone&utm_medium=referral
https://images.unsplash.com/photo-1741190745018-52958e1bbdd8?crop=entropy&cs=tinysrgb&fit=max&fm=jpg&ixid=M3w4NzQxNTN8MHwxfHNlYXJjaHwxfHxXaXJlbGVzcyUyMEV4dGVybmFsJTIwSGFyZCUyMERyaXZlfGVufDB8fHx8MTc3MjIyNTg4Mnww&ixlib=rb-4.1.0&q=80&w=1080?utm_source=sse554_capstone&utm_medium=referral,Wireless External Hard Drive,Horizon Tech,"The Wireless External Hard Drive 331 by Horizon Tech delivers dependable performance with quality materials and thoughtful design. It is well suited for everyday use in the home & kitchen category, offering a strong balance of value and functionality.",Home & Kitchen,"Modern, Limited Edition, Giftable, Rechargeable, Portable",654.61,1.5,5555,560,2021-12-24,`-B'*D_s+In1,Mert Yüce,https://unsplash.com/@mcyce?utm_source=sse554_capstone&utm_medium=referral
https://images.unsplash.com/photo-1660084161327-84cb724beae5?crop=entropy&cs=tinysrgb&fit=max&fm=jpg&ixid=M3w4NzQxNTN8MHwxfHNlYXJjaHwxfHxDbGFzc2ljJTIwQmx1ZXRvb3RoJTIwU3BlYWtlcnxlbnwwfHx8fDE3NzIyMjU4MzR8MA&ixlib=rb-4.1.0&q=80&w=1080?utm_source=sse554_capstone&utm_medium=referral,Classic Bluetooth Speaker,NorthPeak,"The Classic Bluetooth Speaker 757 by NorthPeak delivers dependable performance with quality materials and thoughtful design. It is well suited for everyday use in the electronics category, offering a strong balance of value and functionality.",Electronics,"Wireless, Ergonomic, Portable, Versatile, Premium",278.54,1.5,9651,325,2022-09-09,Ck#b<$m`b@6W,Bridecka Hughes,https://unsplash.com/@brideckahughes?utm_source=sse554_capstone&utm_medium=referral
https://images.unsplash.com/photo-1748017185912-c2a467989758?crop=entropy&cs=tinysrgb&fit=max&fm=jpg&ixid=M3w4NzQxNTN8MHwxfHNlYXJjaHwxfHxDb21wYWN0JTIwQ29va2Jvb2t8ZW58MHx8fHwxNzcyMjI1ODMyfDA&ixlib=rb-4.1.0&q=80&w=1080?utm_source=sse554_capstone&utm_medium=referral,Compact Cookbook,BrightLeaf Publishing,"The Compact Cookbook 760 by BrightLeaf Publishing delivers dependable performance with quality materials and thoughtful design. It is well suited for everyday use in the clothing category, offering a strong balance of value and functionality.",Clothing,"Durable, New Arrival, Essential, Rechargeable, Wireless",743.51,2.2,7574,886,2020-03-13,m6A?|!mjJ3s<,Harrison Chang,https://unsplash.com/@harrisonchang?utm_source=sse554_capstone&utm_medium=referral
https://images.unsplash.com/photo-1718210719917-c6e1cd5be085?crop=entropy&cs=tinysrgb&fit=max&fm=jpg&ixid=M3w4NzQxNTN8MHwxfHNlYXJjaHwxfHxQcmVtaXVtJTIwU3RhaW5sZXNzJTIwU3RlZWwlMjBXYXRlciUyMEJvdHRsZXxlbnwwfHx8fDE3NzIyMjU4Njd8MA&ixlib=rb-4.1.0&q=80&w=1080?utm_source=sse554_capstone&utm_medium=referral,Premium Stainless Steel Water Bottle,BlueRiver Outfitters,"The Premium Stainless Steel Water Bottle 859 by BlueRiver Outfitters delivers dependable performance with quality materials and thoughtful design. It is well suited for everyday use in the electronics category, offering a strong balance of value and functionality.",Electronics,"Bestseller, Versatile, Rechargeable, Limited Edition, Waterproof",582.1,4.8,9443,1351,2022-02-10,sgT;YD|<`RU^,Kedibone Isaac Makhumisane,https://unsplash.com/@isaax_the_artist?utm_source=sse554_capstone&utm_medium=referral
https://images.unsplash.com/photo-1616268198462-50a80c4785d0?crop=entropy&cs=tinysrgb&fit=max&fm=jpg&ixid=M3w4NzQxNTN8MHwxfHNlYXJjaHwxfHxDbGFzc2ljJTIwU3RhaW5sZXNzJTIwU3RlZWwlMjBXYXRlciUyMEJvdHRsZXxlbnwwfHx8fDE3NzIyMjU4NzF8MA&ixlib=rb-4.1.0&q=80&w=1080?utm_source=sse554_capstone&utm_medium=referral,Classic Stainless Steel Water Bottle,Maple Street Press,"The Classic Stainless Steel Water Bottle 438 by Maple Street Press delivers dependable performance with quality materials and thoughtful design. It is well suited for everyday use in the home & kitchen category, offering a strong balance of value and functionality.",Home & Kitchen,"Modern, Versatile, Rechargeable, Ergonomic, Compact",451.79,4.6,5232,610,2018-05-31,Gb/|D?atC!0=,Claudio Poggio,https://unsplash.com/@claudiopoggio?utm_source=sse554_capstone&utm_medium=referral
https://images.unsplash.com/photo-1768618506508-2575a80f4461?crop=entropy&cs=tinysrgb&fit=max&fm=jpg&ixid=M3w4NzQxNTN8MHwxfHNlYXJjaHwxfHxQcm9mZXNzaW9uYWwlMjBCbHVldG9vdGglMjBTcGVha2VyfGVufDB8fHx8MTc3MjIyNTg2Mnww&ixlib=rb-4.1.0&q=80&w=1080?utm_source=sse554_capstone&utm_medium=referral,Professional Bluetooth Speaker,BlueRiver Outfitters,"The Professional Bluetooth Speaker 354 by BlueRiver Outfitters delivers dependable performance with quality materials and thoughtful design. It is well suited for everyday use in the office supplies category, offering a strong balance of value and functionality.",Office Supplies,"Modern, Ergonomic, Rechargeable, Lightweight, Giftable",44.47,2.0,370,1860,2023-11-10,l8z?y.?dP%$;,Cao Minh Đức,https://unsplash.com/@duck0505?utm_source=sse554_capstone&utm_medium=referral
https://images.unsplash.com/photo-1674969840285-3f38ce9864a1?crop=entropy&cs=tinysrgb&fit=max&fm=jpg&ixid=M3w4NzQxNTN8MHwxfHNlYXJjaHwxfHxXaXJlbGVzcyUyMEdyYXBoaWMlMjBULVNoaXJ0fGVufDB8fHx8MTc3MjIyNTg1N3ww&ixlib=rb-4.1.0&q=80&w=1080?utm_source=sse554_capstone&utm_medium=referral,Wireless Graphic T-Shirt,SilverLine Electronics,"The Wireless Graphic T-Shirt 161 by SilverLine Electronics delivers dependable performance with quality materials and thoughtful design. It is well suited for everyday use in the electronics category, offering a strong balance of value and functionality.",Electronics,"New Arrival, Bestseller, Modern, Giftable, Lightweight",506.1,2.3,4520,812,2016-05-10,A{U2;ZM&7>2-,Josef Holz,https://unsplash.com/@josefholz?utm_source=sse554_capstone&utm_medium=referral
https://images.unsplash.com/photo-1759395162739-84190996783c?crop=entropy&cs=tinysrgb&fit=max&fm=jpg&ixid=M3w4NzQxNTN8MHwxfHNlYXJjaHwxfHxTbWFydCUyMFNjaWVuY2UlMjBGaWN0aW9uJTIwTm92ZWx8ZW58MHx8fHwxNzcyMjI1ODI4fDA&ixlib=rb-4.1.0&q=80&w=1080?utm_source=sse554_capstone&utm_medium=referral,Smart Science Fiction Novel,BrightLeaf Publishing,"The Smart Science Fiction Novel 434 by BrightLeaf Publishing delivers dependable performance with quality materials and thoughtful design. It is well suited for everyday use in the books category, offering a strong balance of value and functionality.",Books,"Modern, Bestseller, Giftable, Durable, Premium",277.57,3.6,8296,1457,2019-12-25,="'0gRAX&!OC,Declan Sun,https://unsplash.com/@declansun?utm_source=sse554_capstone&utm_medium=referral
https://images.unsplash.com/photo-1690455422058-156a39f18a0a?crop=entropy&cs=tinysrgb&fit=max&fm=jpg&ixid=M3w4NzQxNTN8MHwxfHNlYXJjaHwxfHxQcmVtaXVtJTIwQmx1ZXRvb3RoJTIwU3BlYWtlcnxlbnwwfHx8fDE3NzIyMjU4NDN8MA&ixlib=rb-4.1.0&q=80&w=1080?utm_source=sse554_capstone&utm_medium=referral,Premium Bluetooth Speaker,Summit Gear Co.,"The Premium Bluetooth Speaker 927 by Summit Gear Co. delivers dependable performance with quality materials and thoughtful design. It is well suited for everyday use in the books category, offering a strong balance of value and functionality.",Books,"Premium, Durable, Versatile, Portable, Ergonomic",668.43,2.6,2411,695,2016-02-14,"uah7`;3ga,D+",Sayan Majhi,https://unsplash.com/@minimalsayan?utm_source=sse554_capstone&utm_medium=referral
https://images.unsplash.com/photo-1738958668282-4c7446241e9e?crop=entropy&cs=tinysrgb&fit=max&fm=jpg&ixid=M3w4NzQxNTN8MHwxfHNlYXJjaHwxfHxDb21wYWN0JTIwUnVubmluZyUyMFNob2VzfGVufDB8fHx8MTc3MjIyNTg2Mnww&ixlib=rb-4.1.0&q=80&w=1080?utm_source=sse554_capstone&utm_medium=referral,Compact Running Shoes,BrightLeaf Publishing,"The Compact Running Shoes 381 by BrightLeaf Publishing delivers dependable performance with quality materials and thoughtful design. It is well suited for everyday use in the office supplies category, offering a strong balance of value and functionality.",Office Supplies,"Bestseller, Waterproof, Essential, Giftable, Modern",335.65,2.6,9139,1007,2016-10-01,1"Py:8A5*rgZ,Archer Allstars,https://unsplash.com/@archerallstars?utm_source=sse554_capstone&utm_medium=referral
https://images.unsplash.com/photo-1674303324806-7018a739ed11?crop=entropy&cs=tinysrgb&fit=max&fm=jpg&ixid=M3w4NzQxNTN8MHwxfHNlYXJjaHwxfHxXaXJlbGVzcyUyMEJsdWV0b290aCUyMFNwZWFrZXJ8ZW58MHx8fHwxNzcyMjI1ODQ2fDA&ixlib=rb-4.1.0&q=80&w=1080?utm_source=sse554_capstone&utm_medium=referral,Wireless Bluetooth Speaker,UrbanNest,"The Wireless Bluetooth Speaker 392 by UrbanNest delivers dependable performance with quality materials and thoughtful design. It is well suited for everyday use in the electronics category, offering a strong balance of value and functionality.",Electronics,"Compact, Giftable, New Arrival, Waterproof, Portable",740.27,2.3,3440,513,2021-03-05,noRJ|r&6)qh*,Andrey Matveev,https://unsplash.com/@zelebb?utm_source=sse554_capstone&utm_medium=referral
https://images.unsplash.com/photo-1603376575925-467d14313a60?crop=entropy&cs=tinysrgb&fit=max&fm=jpg&ixid=M3w4NzQxNTN8MHwxfHNlYXJjaHwxfHxQb3J0YWJsZSUyME9mZmljZSUyMENoYWlyfGVufDB8fHx8MTc3MjIyNTgyNnww&ixlib=rb-4.1.0&q=80&w=1080?utm_source=sse554_capstone&utm_medium=referral,Portable Office Chair,NorthPeak,"The Portable Office Chair 974 by NorthPeak delivers dependable performance with quality materials and thoughtful design. It is well suited for everyday use in the office supplies category, offering a strong balance of value and functionality.",Office Supplies,"Waterproof, Lightweight, New Arrival, Versatile, Durable",455.24,2.9,1111,1976,2021-12-31,.3XO)jN;v~R*,Hanliang,https://unsplash.com/@hanliang?utm_source=sse554_capstone&utm_medium=referral
https://images.unsplash.com/photo-1771764760606-e654772df7d2?crop=entropy&cs=tinysrgb&fit=max&fm=jpg&ixid=M3w4NzQxNTN8MHwxfHNlYXJjaHwxfHxQcm9mZXNzaW9uYWwlMjBFeHRlcm5hbCUyMEhhcmQlMjBEcml2ZXxlbnwwfHx8fDE3NzIyMjU4NDl8MA&ixlib=rb-4.1.0&q=80&w=1080?utm_source=sse554_capstone&utm_medium=referral,Professional External Hard Drive,SilverLine Electronics,"The Professional External Hard Drive 586 by SilverLine Electronics delivers dependable performance with quality materials and thoughtful design. It is well suited for everyday use in the books category, offering a strong balance of value and functionality.",Books,"Essential, Ergonomic, Versatile, Limited Edition, Lightweight",206.93,4.2,8298,1259,2017-10-22,So]$(9<Nuyk0,Ahmadreza Rezaie,https://unsplash.com/@ahmdrzarzai?utm_source=sse554_capstone&utm_medium=referral
https://images.unsplash.com/photo-1664714628878-9d2aa898b9e3?crop=entropy&cs=tinysrgb&fit=max&fm=jpg&ixid=M3w4NzQxNTN8MHwxfHNlYXJjaHwxfHxXaXJlbGVzcyUyMFN0YWlubGVzcyUyMFN0ZWVsJTIwV2F0ZXIlMjBCb3R0bGV8ZW58MHx8fHwxNzcyMjI1ODY1fDA&ixlib=rb-4.1.0&q=80&w=1080?utm_source=sse554_capstone&utm_medium=referral,Wireless Stainless Steel Water Bottle,BlueRiver Outfitters,"The Wireless Stainless Steel Water Bottle 469 by BlueRiver Outfitters delivers dependable performance with quality materials and thoughtful design. It is well suited for everyday use in the home & kitchen category, offering a strong balance of value and functionality.",Home & Kitchen,"Bestseller, Ergonomic, Giftable, Modern, Limited Edition",442.41,1.7,4191,228,2020-05-30,r5_r\Znt5POK,Personalgraphic.com,https://unsplash.com/@personal_graphic?utm_source=sse554_capstone&utm_medium=referral
https://images.unsplash.com/photo-1592999641298-434e28c11d14?crop=entropy&cs=tinysrgb&fit=max&fm=jpg&ixid=M3w4NzQxNTN8MHwxfHNlYXJjaHwxfHxVbHRyYSUyMFN0YWlubGVzcyUyMFN0ZWVsJTIwV2F0ZXIlMjBCb3R0bGV8ZW58MHx8fHwxNzcyMjI1ODQwfDA&ixlib=rb-4.1.0&q=80&w=1080?utm_source=sse554_capstone&utm_medium=referral,Ultra Stainless Steel Water Bottle,BrightLeaf Publishing,"The Ultra Stainless Steel Water Bottle 510 by BrightLeaf Publishing delivers dependable performance with quality materials and thoughtful design. It is well suited for everyday use in the books category, offering a strong balance of value and functionality.",Books,"Rechargeable, Limited Edition, Giftable, New Arrival, Premium",516.36,1.1,2430,1062,2018-12-21,|1OS7nMdi{}C,Filip Baotić,https://unsplash.com/@filipbaotic?utm_source=sse554_capstone&utm_medium=referral
https://images.unsplash.com/photo-1653823815301-faf2f30db0bd?crop=entropy&cs=tinysrgb&fit=max&fm=jpg&ixid=M3w4NzQxNTN8MHwxfHNlYXJjaHwxfHxQcm9mZXNzaW9uYWwlMjA0SyUyME1vbml0b3J8ZW58MHx8fHwxNzcyMjI1ODM3fDA&ixlib=rb-4.1.0&q=80&w=1080?utm_source=sse554_capstone&utm_medium=referral,Professional 4K Monitor,BrightLeaf Publishing,"The Professional 4K Monitor 552 by BrightLeaf Publishing delivers dependable performance with quality materials and thoughtful design. It is well suited for everyday use in the books category, offering a strong balance of value and functionality.",Books,"New Arrival, Versatile, Giftable, Waterproof, Essential",175.05,2.0,7990,131,2023-03-20,">i,%K@%f)};)",Karthik Chinu,https://unsplash.com/@karthikchinu?utm_source=sse554_capstone&utm_medium=referral
https://images.unsplash.com/photo-1763369521070-11b994aa6d7e?crop=entropy&cs=tinysrgb&fit=max&fm=jpg&ixid=M3w4NzQxNTN8MHwxfHNlYXJjaHwxfHxQcm9mZXNzaW9uYWwlMjBHcmFwaGljJTIwVC1TaGlydHxlbnwwfHx8fDE3NzIyMjU4Mjd8MA&ixlib=rb-4.1.0&q=80&w=1080?utm_source=sse554_capstone&utm_medium=referral,Professional Graphic T-Shirt,BrightLeaf Publishing,"The Professional Graphic T-Shirt 568 by BrightLeaf Publishing delivers dependable performance with quality materials and thoughtful design. It is well suited for everyday use in the office supplies category, offering a strong balance of value and functionality.",Office Supplies,"Bestseller, Compact, Limited Edition, Lightweight, New Arrival",319.4,4.9,8304,1083,2018-02-25,rAF`TFHI+Gc7,Igor Shalyminov,https://unsplash.com/@ishalyminov?utm_source=sse554_capstone&utm_medium=referral
https://images.unsplash.com/photo-1767003259020-140e63496334?crop=entropy&cs=tinysrgb&fit=max&fm=jpg&ixid=M3w4NzQxNTN8MHwxfHNlYXJjaHwxfHxBZHZhbmNlZCUyMEZpdG5lc3MlMjBUcmFja2VyfGVufDB8fHx8MTc3MjIyNTg0OHww&ixlib=rb-4.1.0&q=80&w=1080?utm_source=sse554_capstone&utm_medium=referral,Advanced Fitness Tracker,BlueRiver Outfitters,"The Advanced Fitness Tracker 232 by BlueRiver Outfitters delivers dependable performance with quality materials and thoughtful design. It is well suited for everyday use in the sports & outdoors category, offering a strong balance of value and functionality.",Sports & Outdoors,"New Arrival, Modern, Lightweight, Essential, Premium",431.17,3.8,9989,350,2025-01-30,thHUeS/_7YQH,Lightman Qian,https://unsplash.com/@lightman0215?utm_source=sse554_capstone&utm_medium=referral
https://images.unsplash.com/photo-1605274280925-9dd1baacb97b?crop=entropy&cs=tinysrgb&fit=max&fm=jpg&ixid=M3w4NzQxNTN8MHwxfHNlYXJjaHwxfHxFY28lMjBTdGFpbmxlc3MlMjBTdGVlbCUyMFdhdGVyJTIwQm90dGxlfGVufDB8fHx8MTc3MjIyNTg3Nnww&ixlib=rb-4.1.0&q=80&w=1080?utm_source=sse554_capstone&utm_medium=referral,Eco Stainless Steel Water Bottle,Summit Gear Co.,"The Eco Stainless Steel Water Bottle 161 by Summit Gear Co. delivers dependable performance with quality materials and thoughtful design. It is well suited for everyday use in the sports & outdoors category, offering a strong balance of value and functionality.",Sports & Outdoors,"Ergonomic, Bestseller, Versatile, Lightweight, Modern",772.77,1.5,2423,382,2020-08-28,6Y6hhCXQ/5W+,Bluewater Sweden,https://unsplash.com/@bluewaterglobe?utm_source=sse554_capstone&utm_medium=referral
https://images.unsplash.com/photo-1566533893210-134327eb8967?crop=entropy&cs=tinysrgb&fit=max&fm=jpg&ixid=M3w4NzQxNTN8MHwxfHNlYXJjaHwxfHxDbGFzc2ljJTIwTm9pc2UlMjBDYW5jZWxsaW5nJTIwSGVhZHBob25lc3xlbnwwfHx8fDE3NzIyMjU4ODN8MA&ixlib=rb-4.1.0&q=80&w=1080?utm_source=sse554_capstone&utm_medium=referral,Classic Noise Cancelling Headphones,NorthPeak,"The Classic Noise Cancelling Headphones 941 by NorthPeak delivers dependable performance with quality materials and thoughtful design. It is well suited for everyday use in the clothing category, offering a strong balance of value and functionality.",Clothing,"Modern, Wireless, Essential, Versatile, Waterproof",445.97,1.7,4176,1347,2018-02-21,;/+_YRBANuxN,Dev Asangbam,https://unsplash.com/@devasangbam?utm_source=sse554_capstone&utm_medium=referral
https://images.unsplash.com/photo-1658524202348-8bdff4d4a194?crop=entropy&cs=tinysrgb&fit=max&fm=jpg&ixid=M3w4NzQxNTN8MHwxfHNlYXJjaHwxfHxXaXJlbGVzcyUyMENvb2t3YXJlJTIwU2V0fGVufDB8fHx8MTc3MjIyNTgzOXww&ixlib=rb-4.1.0&q=80&w=1080?utm_source=sse554_capstone&utm_medium=referral,Wireless Cookware Set,SilverLine Electronics,"The Wireless Cookware Set 943 by SilverLine Electronics delivers dependable performance with quality materials and thoughtful design. It is well suited for everyday use in the home & kitchen category, offering a strong balance of value and functionality.",Home & Kitchen,"Rechargeable, Lightweight, Waterproof, Modern, Portable",605.98,2.8,9660,1168,2020-07-24,'3h[>FcF_9'g,Pedro Fleitas,https://unsplash.com/@pedroooo?utm_source=sse554_capstone&utm_medium=referral
https://images.unsplash.com/photo-1557349964-34f68e722d29?crop=entropy&cs=tinysrgb&fit=max&fm=jpg&ixid=M3w4NzQxNTN8MHwxfHNlYXJjaHwxfHxQcm9mZXNzaW9uYWwlMjBDb29rYm9va3xlbnwwfHx8fDE3NzIyMjU4NDF8MA&ixlib=rb-4.1.0&q=80&w=1080?utm_source=sse554_capstone&utm_medium=referral,Professional Cookbook,UrbanNest,"The Professional Cookbook 132 by UrbanNest delivers dependable performance with quality materials and thoughtful design. It is well suited for everyday use in the office supplies category, offering a strong balance of value and functionality.",Office Supplies,"Limited Edition, Versatile, Durable, Essential, Portable",421.69,2.1,5410,1703,2020-03-24,8%J/}/HQQ<QV,Hartai Klaudia,https://unsplash.com/@hartaiklaudia?utm_source=sse554_capstone&utm_medium=referral
https://images.unsplash.com/photo-1586187543706-b43086b30978?crop=entropy&cs=tinysrgb&fit=max&fm=jpg&ixid=M3w4NzQxNTN8MHwxfHNlYXJjaHwxfHxFY28lMjBFeHRlcm5hbCUyMEhhcmQlMjBEcml2ZXxlbnwwfHx8fDE3NzIyMjU4ODN8MA&ixlib=rb-4.1.0&q=80&w=1080?utm_source=sse554_capstone&utm_medium=referral,Eco External Hard Drive,SilverLine Electronics,"The Eco External Hard Drive 199 by SilverLine Electronics delivers dependable performance with quality materials and thoughtful design. It is well suited for everyday use in the office supplies category, offering a strong balance of value and functionality.",Office Supplies,"Wireless, Premium, Essential, Waterproof, Durable",271.88,4.8,1320,1392,2020-06-28,XW>OO-aPg$aA,Everyday Basics,https://unsplash.com/@zanardi?utm_source=sse554_capstone&utm_medium=referral
https://images.unsplash.com/photo-1726133731374-31f3ab7d29d9?crop=entropy&cs=tinysrgb&fit=max&fm=jpg&ixid=M3w4NzQxNTN8MHwxfHNlYXJjaHwxfHxQb3J0YWJsZSUyMFJ1bm5pbmclMjBTaG9lc3xlbnwwfHx8fDE3NzIyMjU4ODR8MA&ixlib=rb-4.1.0&q=80&w=1080?utm_source=sse554_capstone&utm_medium=referral,Portable Running Shoes,Horizon Tech,"The Portable Running Shoes 546 by Horizon Tech delivers dependable performance with quality materials and thoughtful design. It is well suited for everyday use in the clothing category, offering a strong balance of value and functionality.",Clothing,"Wireless, Portable, Ergonomic, Durable, Compact",705.87,1.4,3714,245,2025-01-27,r6NcpTxn};k1,Rohit Sharma,https://unsplash.com/@rohitsharma1785?utm_source=sse554_capstone&utm_medium=referral
https://images.unsplash.com/photo-1557349964-34f68e722d29?crop=entropy&cs=tinysrgb&fit=max&fm=jpg&ixid=M3w4NzQxNTN8MHwxfHNlYXJjaHwxfHxBZHZhbmNlZCUyMENvb2tib29rfGVufDB8fHx8MTc3MjIyNTg3M3ww&ixlib=rb-4.1.0&q=80&w=1080?utm_source=sse554_capstone&utm_medium=referral,Advanced Cookbook,UrbanNest,"The Advanced Cookbook 455 by UrbanNest delivers dependable performance with quality materials and thoughtful design. It is well suited for everyday use in the electronics category, offering a strong balance of value and functionality.",Electronics,"Limited Edition, Portable, Waterproof, Giftable, Compact",131.64,2.2,8258,436,2022-10-08,.c')~BF$b2?G,Hartai Klaudia,https://unsplash.com/@hartaiklaudia?utm_source=sse554_capstone&utm_medium=referral
https://images.unsplash.com/photo-1631749352438-7d576312185d?crop=entropy&cs=tinysrgb&fit=max&fm=jpg&ixid=M3w4NzQxNTN8MHwxfHNlYXJjaHwxfHxXaXJlbGVzcyUyMEdhbWluZyUyME1vdXNlfGVufDB8fHx8MTc3MjIyNTg3OXww&ixlib=rb-4.1.0&q=80&w=1080?utm_source=sse554_capstone&utm_medium=referral,Wireless Gaming Mouse,BrightLeaf Publishing,"The Wireless Gaming Mouse 967 by BrightLeaf Publishing delivers dependable performance with quality materials and thoughtful design. It is well suited for everyday use in the home & kitchen category, offering a strong balance of value and functionality.",Home & Kitchen,"Premium, Modern, Bestseller, Wireless, Lightweight",396.53,1.3,8861,805,2020-04-25,h\swc;qtZ4Vv,Bruno Yamazaky,https://unsplash.com/@mryamazukino?utm_source=sse554_capstone&utm_medium=referral
https://images.unsplash.com/photo-1693155257465-f29b58ecadaa?crop=entropy&cs=tinysrgb&fit=max&fm=jpg&ixid=M3w4NzQxNTN8MHwxfHNlYXJjaHwxfHxQb3J0YWJsZSUyMFNjaWVuY2UlMjBGaWN0aW9uJTIwTm92ZWx8ZW58MHx8fHwxNzcyMjI1ODQ4fDA&ixlib=rb-4.1.0&q=80&w=1080?utm_source=sse554_capstone&utm_medium=referral,Portable Science Fiction Novel,UrbanNest,"The Portable Science Fiction Novel 124 by UrbanNest delivers dependable performance with quality materials and thoughtful design. It is well suited for everyday use in the home & kitchen category, offering a strong balance of value and functionality.",Home & Kitchen,"Essential, Bestseller, Modern, Versatile, Compact",645.93,1.1,4309,337,2024-05-01,Sa+_^<g7+Q|#,Rahul Chakraborty,https://unsplash.com/@hckmstrrahul?utm_source=sse554_capstone&utm_medium=referral
https://images.unsplash.com/photo-1733218430878-902cc0cff502?crop=entropy&cs=tinysrgb&fit=max&fm=jpg&ixid=M3w4NzQxNTN8MHwxfHNlYXJjaHwxfHxTbWFydCUyMEFjdGlvbiUyMENhbWVyYXxlbnwwfHx8fDE3NzIyMjU4NzJ8MA&ixlib=rb-4.1.0&q=80&w=1080?utm_source=sse554_capstone&utm_medium=referral,Smart Action Camera,SilverLine Electronics,"The Smart Action Camera 325 by SilverLine Electronics delivers dependable performance with quality materials and thoughtful design. It is well suited for everyday use in the home & kitchen category, offering a strong balance of value and functionality.",Home & Kitchen,"Premium, New Arrival, Essential, Durable, Wireless",55.93,1.7,548,703,2016-12-15,lErM7aZFDf((,Duc Van,https://unsplash.com/@duke91?utm_source=sse554_capstone&utm_medium=referral
https://images.unsplash.com/photo-1658423594131-870bc585a9f2?crop=entropy&cs=tinysrgb&fit=max&fm=jpg&ixid=M3w4NzQxNTN8MHwxfHNlYXJjaHwxfHxQcmVtaXVtJTIwTWVjaGFuaWNhbCUyMEtleWJvYXJkfGVufDB8fHx8MTc3MjIyNTg4NHww&ixlib=rb-4.1.0&q=80&w=1080?utm_source=sse554_capstone&utm_medium=referral,Premium Mechanical Keyboard,Maple Street Press,"The Premium Mechanical Keyboard 615 by Maple Street Press delivers dependable performance with quality materials and thoughtful design. It is well suited for everyday use in the electronics category, offering a strong balance of value and functionality.",Electronics,"Versatile, Giftable, Essential, Bestseller, Rechargeable",296.68,5.0,4176,42,2017-08-18,Y?$mJ-_o<b|#,Leon-pascal Jc,https://unsplash.com/@themaker?utm_source=sse554_capstone&utm_medium=referral
https://images.unsplash.com/photo-1718210719917-c6e1cd5be085?crop=entropy&cs=tinysrgb&fit=max&fm=jpg&ixid=M3w4NzQxNTN8MHwxfHNlYXJjaHwxfHxTbWFydCUyMFN0YWlubGVzcyUyMFN0ZWVsJTIwV2F0ZXIlMjBCb3R0bGV8ZW58MHx8fHwxNzcyMjI1ODQ1fDA&ixlib=rb-4.1.0&q=80&w=1080?utm_source=sse554_capstone&utm_medium=referral,Smart Stainless Steel Water Bottle,SilverLine Electronics,"The Smart Stainless Steel Water Bottle 463 by SilverLine Electronics delivers dependable performance with quality materials and thoughtful design. It is well suited for everyday use in the electronics category, offering a strong balance of value and functionality.",Electronics,"Lightweight, Limited Edition, Wireless, Ergonomic, Waterproof",497.06,1.7,6451,1238,2016-01-30,9UjwL2>X#.rp,Kedibone Isaac Makhumisane,https://unsplash.com/@isaax_the_artist?utm_source=sse554_capstone&utm_medium=referral
https://images.unsplash.com/photo-1761971975962-9cc397e2ba2a?crop=entropy&cs=tinysrgb&fit=max&fm=jpg&ixid=M3w4NzQxNTN8MHwxfHNlYXJjaHwxfHxQcmVtaXVtJTIwWW9nYSUyME1hdHxlbnwwfHx8fDE3NzIyMjU4NDB8MA&ixlib=rb-4.1.0&q=80&w=1080?utm_source=sse554_capstone&utm_medium=referral,Premium Yoga Mat,Maple Street Press,"The Premium Yoga Mat 901 by Maple Street Press delivers dependable performance with quality materials and thoughtful design. It is well suited for everyday use in the office supplies category, offering a strong balance of value and functionality.",Office Supplies,"Limited Edition, Giftable, Portable, Essential, Versatile",663.38,1.7,4628,564,2021-11-11,7r{8Izyp'~fp,Eran Design,https://unsplash.com/@erandesign?utm_source=sse554_capstone&utm_medium=referral
https://images.unsplash.com/photo-1562878671-b3efe27953b9?crop=entropy&cs=tinysrgb&fit=max&fm=jpg&ixid=M3w4NzQxNTN8MHwxfHNlYXJjaHwxfHxVbHRyYSUyMEFjdGlvbiUyMENhbWVyYXxlbnwwfHx8fDE3NzIyMjU4NDN8MA&ixlib=rb-4.1.0&q=80&w=1080?utm_source=sse554_capstone&utm_medium=referral,Ultra Action Camera,Maple Street Press,"The Ultra Action Camera 392 by Maple Street Press delivers dependable performance with quality materials and thoughtful design. It is well suited for everyday use in the clothing category, offering a strong balance of value and functionality.",Clothing,"New Arrival, Premium, Bestseller, Limited Edition, Essential",97.22,4.4,8542,1136,2023-04-21,{ou>>PJ*%}mf,Jadon Kelly,https://unsplash.com/@jado_tornado?utm_source=sse554_capstone&utm_medium=referral
https://images.unsplash.com/photo-1522844123782-9547a63eb28b?crop=entropy&cs=tinysrgb&fit=max&fm=jpg&ixid=M3w4NzQxNTN8MHwxfHNlYXJjaHwxfHxQb3J0YWJsZSUyMFlvZ2ElMjBNYXR8ZW58MHx8fHwxNzcyMjI1ODU0fDA&ixlib=rb-4.1.0&q=80&w=1080?utm_source=sse554_capstone&utm_medium=referral,Portable Yoga Mat,NorthPeak,"The Portable Yoga Mat 951 by NorthPeak delivers dependable performance with quality materials and thoughtful design. It is well suited for everyday use in the books category, offering a strong balance of value and functionality.",Books,"Giftable, Durable, Rechargeable, Ergonomic, Bestseller",346.54,1.3,8361,1393,2025-04-29,vZFF=fFRF)Rv,Alan Ko,https://unsplash.com/@iyunmai?utm_source=sse554_capstone&utm_medium=referral
https://images.unsplash.com/photo-1559645147-bbd3634fcd8f?crop=entropy&cs=tinysrgb&fit=max&fm=jpg&ixid=M3w4NzQxNTN8MHwxfHNlYXJjaHwxfHxDbGFzc2ljJTIwQWN0aW9uJTIwQ2FtZXJhfGVufDB8fHx8MTc3MjIyNTg4NXww&ixlib=rb-4.1.0&q=80&w=1080?utm_source=sse554_capstone&utm_medium=referral,Classic Action Camera,BlueRiver Outfitters,"The Classic Action Camera 338 by BlueRiver Outfitters delivers dependable performance with quality materials and thoughtful design. It is well suited for everyday use in the clothing category, offering a strong balance of value and functionality.",Clothing,"Lightweight, Bestseller, Essential, Limited Edition, Waterproof",587.27,4.7,38,938,2019-06-21,6J1AC!b^]~F*,Keszthelyi Timi,https://unsplash.com/@keszthelyit?utm_source=sse554_capstone&utm_medium=referral
https://images.unsplash.com/photo-1758273237903-f176384eadbb?crop=entropy&cs=tinysrgb&fit=max&fm=jpg&ixid=M3w4NzQxNTN8MHwxfHNlYXJjaHwxfHxXaXJlbGVzcyUyMEJhY2twYWNrfGVufDB8fHx8MTc3MjIyNTg4NXww&ixlib=rb-4.1.0&q=80&w=1080?utm_source=sse554_capstone&utm_medium=referral,Wireless Backpack,NorthPeak,"The Wireless Backpack 628 by NorthPeak delivers dependable performance with quality materials and thoughtful design. It is well suited for everyday use in the home & kitchen category, offering a strong balance of value and functionality.",Home & Kitchen,"Wireless, Versatile, Limited Edition, Ergonomic, Bestseller",529.37,2.6,3623,1921,2024-02-02,DzAa^(RT#US5,Vitaly Gariev,https://unsplash.com/@silverkblack?utm_source=sse554_capstone&utm_medium=referral
https://images.unsplash.com/photo-1613091252604-dd0746e2f358?crop=entropy&cs=tinysrgb&fit=max&fm=jpg&ixid=M3w4NzQxNTN8MHwxfHNlYXJjaHwxfHxDb21wYWN0JTIwR2FtaW5nJTIwTW91c2V8ZW58MHx8fHwxNzcyMjI1ODU5fDA&ixlib=rb-4.1.0&q=80&w=1080?utm_source=sse554_capstone&utm_medium=referral,Compact Gaming Mouse,BlueRiver Outfitters,"The Compact Gaming Mouse 584 by BlueRiver Outfitters delivers dependable performance with quality materials and thoughtful design. It is well suited for everyday use in the clothing category, offering a strong balance of value and functionality.",Clothing,"Limited Edition, Versatile, Ergonomic, Rechargeable, Bestseller",713.77,1.4,2933,838,2018-10-24,N$:!8:9GM9Fw,Sirisvisual,https://unsplash.com/@sirisvisual?utm_source=sse554_capstone&utm_medium=referral
https://images.unsplash.com/photo-1716623816154-82045bc02706?crop=entropy&cs=tinysrgb&fit=max&fm=jpg&ixid=M3w4NzQxNTN8MHwxfHNlYXJjaHwxfHxQcm9mZXNzaW9uYWwlMjBDb29rd2FyZSUyMFNldHxlbnwwfHx8fDE3NzIyMjU4MzF8MA&ixlib=rb-4.1.0&q=80&w=1080?utm_source=sse554_capstone&utm_medium=referral,Professional Cookware Set,Horizon Tech,"The Professional Cookware Set 990 by Horizon Tech delivers dependable performance with quality materials and thoughtful design. It is well suited for everyday use in the electronics category, offering a strong balance of value and functionality.",Electronics,"Compact, Versatile, Giftable, Bestseller, Premium",327.18,2.8,3819,131,2019-06-20,BMT_Ce;8O?@R,Vlad Kutepov,https://unsplash.com/@kvtepov?utm_source=sse554_capstone&utm_medium=referral
https://images.unsplash.com/photo-1768618506508-2575a80f4461?crop=entropy&cs=tinysrgb&fit=max&fm=jpg&ixid=M3w4NzQxNTN8MHwxfHNlYXJjaHwxfHxQcm9mZXNzaW9uYWwlMjBCbHVldG9vdGglMjBTcGVha2VyfGVufDB8fHx8MTc3MjIyNTg2Mnww&ixlib=rb-4.1.0&q=80&w=1080?utm_source=sse554_capstone&utm_medium=referral,Professional Bluetooth Speaker,Summit Gear Co.,"The Professional Bluetooth Speaker 708 by Summit Gear Co. delivers dependable performance with quality materials and thoughtful design. It is well suited for everyday use in the office supplies category, offering a strong balance of value and functionality.",Office Supplies,"Wireless, Ergonomic, Waterproof, Lightweight, Rechargeable",790.33,1.7,8739,1005,2025-09-16,9hy!:"1wr\"=,Cao Minh Đức,https://unsplash.com/@duck0505?utm_source=sse554_capstone&utm_medium=referral
https://images.unsplash.com/photo-1601220363009-f7e66d095649?crop=entropy&cs=tinysrgb&fit=max&fm=jpg&ixid=M3w4NzQxNTN8MHwxfHNlYXJjaHwxfHxDbGFzc2ljJTIwU21hcnRwaG9uZSUyMFN0YW5kfGVufDB8fHx8MTc3MjIyNTg4NXww&ixlib=rb-4.1.0&q=80&w=1080?utm_source=sse554_capstone&utm_medium=referral,Classic Smartphone Stand,SilverLine Electronics,"The Classic Smartphone Stand 803 by SilverLine Electronics delivers dependable performance with quality materials and thoughtful design. It is well suited for everyday use in the clothing category, offering a strong balance of value and functionality.",Clothing,"Wireless, Waterproof, New Arrival, Portable, Giftable",656.89,4.0,5245,709,2020-10-23,F<-W^wR#qxh],Hugo Sesma,https://unsplash.com/@h_u_g_e?utm_source=sse554_capstone&utm_medium=referral
https://images.unsplash.com/photo-1726133731374-31f3ab7d29d9?crop=entropy&cs=tinysrgb&fit=max&fm=jpg&ixid=M3w4NzQxNTN8MHwxfHNlYXJjaHwxfHxXaXJlbGVzcyUyMFJ1bm5pbmclMjBTaG9lc3xlbnwwfHx8fDE3NzIyMjU4NTB8MA&ixlib=rb-4.1.0&q=80&w=1080?utm_source=sse554_capstone&utm_medium=referral,Wireless Running Shoes,BlueRiver Outfitters,"The Wireless Running Shoes 284 by BlueRiver Outfitters delivers dependable performance with quality materials and thoughtful design. It is well suited for everyday use in the clothing category, offering a strong balance of value and functionality.",Clothing,"Durable, Lightweight, Portable, Giftable, Bestseller",610.78,4.2,5250,765,2016-01-28,*s?O:%}Li/MK,Rohit Sharma,https://unsplash.com/@rohitsharma1785?utm_source=sse554_capstone&utm_medium=referral
https://images.unsplash.com/photo-1768111514765-99c9bd665461?crop=entropy&cs=tinysrgb&fit=max&fm=jpg&ixid=M3w4NzQxNTN8MHwxfHNlYXJjaHwxfHxQb3J0YWJsZSUyMEVsZWN0cmljJTIwS2V0dGxlfGVufDB8fHx8MTc3MjIyNTg2MHww&ixlib=rb-4.1.0&q=80&w=1080?utm_source=sse554_capstone&utm_medium=referral,Portable Electric Kettle,Summit Gear Co.,"The Portable Electric Kettle 746 by Summit Gear Co. delivers dependable performance with quality materials and thoughtful design. It is well suited for everyday use in the home & kitchen category, offering a strong balance of value and functionality.",Home & Kitchen,"Modern, Bestseller, Portable, Waterproof, Compact",451.07,2.0,5807,1767,2018-07-03,Ywb7$B0u6yM0,Tomoki Ozawa,https://unsplash.com/@tomokiozawa?utm_source=sse554_capstone&utm_medium=referral
https://images.unsplash.com/photo-1738958668282-4c7446241e9e?crop=entropy&cs=tinysrgb&fit=max&fm=jpg&ixid=M3w4NzQxNTN8MHwxfHNlYXJjaHwxfHxTbWFydCUyMFJ1bm5pbmclMjBTaG9lc3xlbnwwfHx8fDE3NzIyMjU4ODV8MA&ixlib=rb-4.1.0&q=80&w=1080?utm_source=sse554_capstone&utm_medium=referral,Smart Running Shoes,NorthPeak,"The Smart Running Shoes 182 by NorthPeak delivers dependable performance with quality materials and thoughtful design. It is well suited for everyday use in the electronics category, offering a strong balance of value and functionality.",Electronics,"Limited Edition, New Arrival, Premium, Portable, Rechargeable",611.09,4.3,1896,1012,2018-08-03,u$)r.x;\Sd0{,Archer Allstars,https://unsplash.com/@archerallstars?utm_source=sse554_capstone&utm_medium=referral
https://images.unsplash.com/photo-1557349964-34f68e722d29?crop=entropy&cs=tinysrgb&fit=max&fm=jpg&ixid=M3w4NzQxNTN8MHwxfHNlYXJjaHwxfHxQcm9mZXNzaW9uYWwlMjBDb29rYm9va3xlbnwwfHx8fDE3NzIyMjU4NDF8MA&ixlib=rb-4.1.0&q=80&w=1080?utm_source=sse554_capstone&utm_medium=referral,Professional Cookbook,UrbanNest,"The Professional Cookbook 145 by UrbanNest delivers dependable performance with quality materials and thoughtful design. It is well suited for everyday use in the sports & outdoors category, offering a strong balance of value and functionality.",Sports & Outdoors,"Lightweight, Giftable, Waterproof, Rechargeable, Premium",362.17,2.9,7359,853,2019-09-10,VY%ObOUX+0<@,Hartai Klaudia,https://unsplash.com/@hartaiklaudia?utm_source=sse554_capstone&utm_medium=referral
https://images.unsplash.com/photo-1762341124796-530c0085f7d8?crop=entropy&cs=tinysrgb&fit=max&fm=jpg&ixid=M3w4NzQxNTN8MHwxfHNlYXJjaHwxfHxTbWFydCUyME9mZmljZSUyMENoYWlyfGVufDB8fHx8MTc3MjIyNTg1OHww&ixlib=rb-4.1.0&q=80&w=1080?utm_source=sse554_capstone&utm_medium=referral,Smart Office Chair,BrightLeaf Publishing,"The Smart Office Chair 776 by BrightLeaf Publishing delivers dependable performance with quality materials and thoughtful design. It is well suited for everyday use in the electronics category, offering a strong balance of value and functionality.",Electronics,"Rechargeable, Limited Edition, Essential, New Arrival, Durable",130.21,3.1,9769,103,2016-05-13,u`|[IZ`1W^*\,Zulfugar Karimov,https://unsplash.com/@zulfugarkarimov?utm_source=sse554_capstone&utm_medium=referral
https://images.unsplash.com/photo-1768332487888-326fa7dabbf2?crop=entropy&cs=tinysrgb&fit=max&fm=jpg&ixid=M3w4NzQxNTN8MHwxfHNlYXJjaHwxfHxDbGFzc2ljJTIwQ29va2Jvb2t8ZW58MHx8fHwxNzcyMjI1ODUyfDA&ixlib=rb-4.1.0&q=80&w=1080?utm_source=sse554_capstone&utm_medium=referral,Classic Cookbook,Summit Gear Co.,"The Classic Cookbook 348 by Summit Gear Co. delivers dependable performance with quality materials and thoughtful design. It is well suited for everyday use in the books category, offering a strong balance of value and functionality.",Books,"Compact, Portable, Premium, Giftable, Versatile",463.45,1.9,9143,698,2018-10-31,bpq'+=>kkfx*,Kamilla Isalieva,https://unsplash.com/@kamillaisalieva?utm_source=sse554_capstone&utm_medium=referral
https://images.unsplash.com/photo-1760443728230-b84a87381f8f?crop=entropy&cs=tinysrgb&fit=max&fm=jpg&ixid=M3w4NzQxNTN8MHwxfHNlYXJjaHwxfHxXaXJlbGVzcyUyMFNtYXJ0cGhvbmUlMjBTdGFuZHxlbnwwfHx8fDE3NzIyMjU4NjN8MA&ixlib=rb-4.1.0&q=80&w=1080?utm_source=sse554_capstone&utm_medium=referral,Wireless Smartphone Stand,NorthPeak,"The Wireless Smartphone Stand 145 by NorthPeak delivers dependable performance with quality materials and thoughtful design. It is well suited for everyday use in the office supplies category, offering a strong balance of value and functionality.",Office Supplies,"Bestseller, Durable, Wireless, Versatile, Limited Edition",54.18,1.9,245,1672,2024-09-27,"}AEaRq,uKQ2\",Todd Jiang,https://unsplash.com/@toddjiang?utm_source=sse554_capstone&utm_medium=referral
https://images.unsplash.com/photo-1748017185912-c2a467989758?crop=entropy&cs=tinysrgb&fit=max&fm=jpg&ixid=M3w4NzQxNTN8MHwxfHNlYXJjaHwxfHxDb21wYWN0JTIwQ29va2Jvb2t8ZW58MHx8fHwxNzcyMjI1ODMyfDA&ixlib=rb-4.1.0&q=80&w=1080?utm_source=sse554_capstone&utm_medium=referral,Compact Cookbook,Maple Street Press,"The Compact Cookbook 222 by Maple Street Press delivers dependable performance with quality materials and thoughtful design. It is well suited for everyday use in the home & kitchen category, offering a strong balance of value and functionality.",Home & Kitchen,"Wireless, Compact, New Arrival, Essential, Modern",643.98,4.6,3786,1102,2017-02-23,`17E:@#%F4}B,Harrison Chang,https://unsplash.com/@harrisonchang?utm_source=sse554_capstone&utm_medium=referral
https://images.unsplash.com/photo-1523730647456-cc896ae6243a?crop=entropy&cs=tinysrgb&fit=max&fm=jpg&ixid=M3w4NzQxNTN8MHwxfHNlYXJjaHwxfHxDbGFzc2ljJTIwUnVubmluZyUyMFNob2VzfGVufDB8fHx8MTc3MjIyNTg2Nnww&ixlib=rb-4.1.0&q=80&w=1080?utm_source=sse554_capstone&utm_medium=referral,Classic Running Shoes,BrightLeaf Publishing,"The Classic Running Shoes 211 by BrightLeaf Publishing delivers dependable performance with quality materials and thoughtful design. It is well suited for everyday use in the books category, offering a strong balance of value and functionality.",Books,"Premium, Bestseller, Rechargeable, Portable, Compact",184.51,2.0,7336,623,2022-06-10,"A'y:m60.#}a,",Jeroen Den Otter,https://unsplash.com/@jeroendenotter?utm_source=sse554_capstone&utm_medium=referral
https://images.unsplash.com/photo-1571406487954-dc11b0c0767d?crop=entropy&cs=tinysrgb&fit=max&fm=jpg&ixid=M3w4NzQxNTN8MHwxfHNlYXJjaHwxfHxDb21wYWN0JTIwTEVEJTIwRGVzayUyMExhbXB8ZW58MHx8fHwxNzcyMjI1ODQ5fDA&ixlib=rb-4.1.0&q=80&w=1080?utm_source=sse554_capstone&utm_medium=referral,Compact LED Desk Lamp,BlueRiver Outfitters,"The Compact LED Desk Lamp 467 by BlueRiver Outfitters delivers dependable performance with quality materials and thoughtful design. It is well suited for everyday use in the sports & outdoors category, offering a strong balance of value and functionality.",Sports & Outdoors,"Rechargeable, Versatile, Giftable, Lightweight, Portable",757.63,4.7,4680,1456,2021-10-23,.uRf&|5QczEq,Monty Allen,https://unsplash.com/@monty_a?utm_source=sse554_capstone&utm_medium=referral
https://images.unsplash.com/photo-1588279102558-dabc7b32d9b1?crop=entropy&cs=tinysrgb&fit=max&fm=jpg&ixid=M3w4NzQxNTN8MHwxfHNlYXJjaHwxfHxBZHZhbmNlZCUyMENvb2t3YXJlJTIwU2V0fGVufDB8fHx8MTc3MjIyNTg2NHww&ixlib=rb-4.1.0&q=80&w=1080?utm_source=sse554_capstone&utm_medium=referral,Advanced Cookware Set,UrbanNest,"The Advanced Cookware Set 366 by UrbanNest delivers dependable performance with quality materials and thoughtful design. It is well suited for everyday use in the home & kitchen category, offering a strong balance of value and functionality.",Home & Kitchen,"Portable, Compact, Bestseller, Ergonomic, Modern",343.41,1.9,3909,104,2019-08-14,=?V-~:49(4w],Cooker King,https://unsplash.com/@cookerking?utm_source=sse554_capstone&utm_medium=referral
https://images.unsplash.com/photo-1571406487954-dc11b0c0767d?crop=entropy&cs=tinysrgb&fit=max&fm=jpg&ixid=M3w4NzQxNTN8MHwxfHNlYXJjaHwxfHxDb21wYWN0JTIwTEVEJTIwRGVzayUyMExhbXB8ZW58MHx8fHwxNzcyMjI1ODQ5fDA&ixlib=rb-4.1.0&q=80&w=1080?utm_source=sse554_capstone&utm_medium=referral,Compact LED Desk Lamp,Summit Gear Co.,"The Compact LED Desk Lamp 646 by Summit Gear Co. delivers dependable performance with quality materials and thoughtful design. It is well suited for everyday use in the clothing category, offering a strong balance of value and functionality.",Clothing,"Bestseller, New Arrival, Wireless, Essential, Lightweight",43.71,3.7,157,840,2017-01-18,jo55<*8~f+BH,Monty Allen,https://unsplash.com/@monty_a?utm_source=sse554_capstone&utm_medium=referral
https://images.unsplash.com/photo-1758273237903-f176384eadbb?crop=entropy&cs=tinysrgb&fit=max&fm=jpg&ixid=M3w4NzQxNTN8MHwxfHNlYXJjaHwxfHxXaXJlbGVzcyUyMEJhY2twYWNrfGVufDB8fHx8MTc3MjIyNTg4NXww&ixlib=rb-4.1.0&q=80&w=1080?utm_source=sse554_capstone&utm_medium=referral,Wireless Backpack,Horizon Tech,"The Wireless Backpack 792 by Horizon Tech delivers dependable performance with quality materials and thoughtful design. It is well suited for everyday use in the clothing category, offering a strong balance of value and functionality.",Clothing,"Rechargeable, New Arrival, Versatile, Premium, Portable",538.86,4.4,8008,632,2017-10-28,$n2~Bh~1zWl],Vitaly Gariev,https://unsplash.com/@silverkblack?utm_source=sse554_capstone&utm_medium=referral
https://images.unsplash.com/photo-1745256375848-1d599594635d?crop=entropy&cs=tinysrgb&fit=max&fm=jpg&ixid=M3w4NzQxNTN8MHwxfHNlYXJjaHwxfHxTbWFydCUyMEZpdG5lc3MlMjBUcmFja2VyfGVufDB8fHx8MTc3MjIyNTg3OHww&ixlib=rb-4.1.0&q=80&w=1080?utm_source=sse554_capstone&utm_medium=referral,Smart Fitness Tracker,Maple Street Press,"The Smart Fitness Tracker 895 by Maple Street Press delivers dependable performance with quality materials and thoughtful design. It is well suited for everyday use in the sports & outdoors category, offering a strong balance of value and functionality.",Sports & Outdoors,"Portable, Limited Edition, Rechargeable, New Arrival, Compact",539.93,3.4,9742,813,2022-08-18,jD8ptG=u|+UT,Kelsey Todd,https://unsplash.com/@sparkledump?utm_source=sse554_capstone&utm_medium=referral
https://images.unsplash.com/photo-1738958668282-4c7446241e9e?crop=entropy&cs=tinysrgb&fit=max&fm=jpg&ixid=M3w4NzQxNTN8MHwxfHNlYXJjaHwxfHxDb21wYWN0JTIwUnVubmluZyUyMFNob2VzfGVufDB8fHx8MTc3MjIyNTg2Mnww&ixlib=rb-4.1.0&q=80&w=1080?utm_source=sse554_capstone&utm_medium=referral,Compact Running Shoes,Summit Gear Co.,"The Compact Running Shoes 243 by Summit Gear Co. delivers dependable performance with quality materials and thoughtful design. It is well suited for everyday use in the sports & outdoors category, offering a strong balance of value and functionality.",Sports & Outdoors,"Giftable, Versatile, Rechargeable, Limited Edition, Wireless",726.44,1.3,3622,545,2018-08-05,hM)xyGq`)6+F,Archer Allstars,https://unsplash.com/@archerallstars?utm_source=sse554_capstone&utm_medium=referral
https://images.unsplash.com/photo-1762341121032-510ad9df0ba6?crop=entropy&cs=tinysrgb&fit=max&fm=jpg&ixid=M3w4NzQxNTN8MHwxfHNlYXJjaHwxfHxBZHZhbmNlZCUyME9mZmljZSUyMENoYWlyfGVufDB8fHx8MTc3MjIyNTg4MXww&ixlib=rb-4.1.0&q=80&w=1080?utm_source=sse554_capstone&utm_medium=referral,Advanced Office Chair,SilverLine Electronics,"The Advanced Office Chair 778 by SilverLine Electronics delivers dependable performance with quality materials and thoughtful design. It is well suited for everyday use in the sports & outdoors category, offering a strong balance of value and functionality.",Sports & Outdoors,"Lightweight, Ergonomic, Portable, Durable, Versatile",10.14,3.9,247,1031,2024-07-09,[0z;aDCx`kz~,Zulfugar Karimov,https://unsplash.com/@zulfugarkarimov?utm_source=sse554_capstone&utm_medium=referral
https://images.unsplash.com/photo-1624948384140-e48e47087fad?crop=entropy&cs=tinysrgb&fit=max&fm=jpg&ixid=M3w4NzQxNTN8MHwxfHNlYXJjaHwxfHxTbWFydCUyMDRLJTIwTW9uaXRvcnxlbnwwfHx8fDE3NzIyMjU4Nzh8MA&ixlib=rb-4.1.0&q=80&w=1080?utm_source=sse554_capstone&utm_medium=referral,Smart 4K Monitor,BlueRiver Outfitters,"The Smart 4K Monitor 990 by BlueRiver Outfitters delivers dependable performance with quality materials and thoughtful design. It is well suited for everyday use in the sports & outdoors category, offering a strong balance of value and functionality.",Sports & Outdoors,"Durable, Bestseller, Limited Edition, Versatile, Giftable",575.99,2.6,6761,1625,2019-01-08,~%9|`Y+RHdFa,Dennis Irorere,https://unsplash.com/@denironyx?utm_source=sse554_capstone&utm_medium=referral
https://images.unsplash.com/photo-1760152581335-5b5c50f85e75?crop=entropy&cs=tinysrgb&fit=max&fm=jpg&ixid=M3w4NzQxNTN8MHwxfHNlYXJjaHwxfHxFY28lMjBMRUQlMjBEZXNrJTIwTGFtcHxlbnwwfHx8fDE3NzIyMjU4ODF8MA&ixlib=rb-4.1.0&q=80&w=1080?utm_source=sse554_capstone&utm_medium=referral,Eco LED Desk Lamp,BlueRiver Outfitters,"The Eco LED Desk Lamp 504 by BlueRiver Outfitters delivers dependable performance with quality materials and thoughtful design. It is well suited for everyday use in the electronics category, offering a strong balance of value and functionality.",Electronics,"Durable, Versatile, Compact, Waterproof, Rechargeable",379.72,1.2,3262,1426,2019-09-06,",Ia?W94MR2b]",Jw K,https://unsplash.com/@kootograph?utm_source=sse554_capstone&utm_medium=referral
https://images.unsplash.com/photo-1588279102558-dabc7b32d9b1?crop=entropy&cs=tinysrgb&fit=max&fm=jpg&ixid=M3w4NzQxNTN8MHwxfHNlYXJjaHwxfHxFY28lMjBDb29rd2FyZSUyMFNldHxlbnwwfHx8fDE3NzIyMjU4MzZ8MA&ixlib=rb-4.1.0&q=80&w=1080?utm_source=sse554_capstone&utm_medium=referral,Eco Cookware Set,NorthPeak,"The Eco Cookware Set 286 by NorthPeak delivers dependable performance with quality materials and thoughtful design. It is well suited for everyday use in the home & kitchen category, offering a strong balance of value and functionality.",Home & Kitchen,"Wireless, Giftable, Durable, Essential, Modern",679.37,4.5,7708,415,2023-08-04,>G:*Wj<2IvRT,Cooker King,https://unsplash.com/@cookerking?utm_source=sse554_capstone&utm_medium=referral
https://images.unsplash.com/photo-1566533893210-134327eb8967?crop=entropy&cs=tinysrgb&fit=max&fm=jpg&ixid=M3w4NzQxNTN8MHwxfHNlYXJjaHwxfHxFY28lMjBOb2lzZSUyMENhbmNlbGxpbmclMjBIZWFkcGhvbmVzfGVufDB8fHx8MTc3MjIyNTg0NHww&ixlib=rb-4.1.0&q=80&w=1080?utm_source=sse554_capstone&utm_medium=referral,Eco Noise Cancelling Headphones,BrightLeaf Publishing,"The Eco Noise Cancelling Headphones 675 by BrightLeaf Publishing delivers dependable performance with quality materials and thoughtful design. It is well suited for everyday use in the books category, offering a strong balance of value and functionality.",Books,"Versatile, Limited Edition, Ergonomic, Giftable, Durable",106.94,4.7,3559,1637,2019-06-19,g]ka&0=%aV/O,Dev Asangbam,https://unsplash.com/@devasangbam?utm_source=sse554_capstone&utm_medium=referral
https://images.unsplash.com/photo-1758273237903-f176384eadbb?crop=entropy&cs=tinysrgb&fit=max&fm=jpg&ixid=M3w4NzQxNTN8MHwxfHNlYXJjaHwxfHxXaXJlbGVzcyUyMEJhY2twYWNrfGVufDB8fHx8MTc3MjIyNTg4NXww&ixlib=rb-4.1.0&q=80&w=1080?utm_source=sse554_capstone&utm_medium=referral,Wireless Backpack,Summit Gear Co.,"The Wireless Backpack 773 by Summit Gear Co. delivers dependable performance with quality materials and thoughtful design. It is well suited for everyday use in the electronics category, offering a strong balance of value and functionality.",Electronics,"Versatile, Portable, Wireless, Limited Edition, Modern",573.74,4.2,8621,1046,2021-11-15,yl(~3AFZnwOI,Vitaly Gariev,https://unsplash.com/@silverkblack?utm_source=sse554_capstone&utm_medium=referral
https://images.unsplash.com/photo-1745256375848-1d599594635d?crop=entropy&cs=tinysrgb&fit=max&fm=jpg&ixid=M3w4NzQxNTN8MHwxfHNlYXJjaHwxfHxTbWFydCUyMEZpdG5lc3MlMjBUcmFja2VyfGVufDB8fHx8MTc3MjIyNTg3OHww&ixlib=rb-4.1.0&q=80&w=1080?utm_source=sse554_capstone&utm_medium=referral,Smart Fitness Tracker,BrightLeaf Publishing,"The Smart Fitness Tracker 939 by BrightLeaf Publishing delivers dependable performance with quality materials and thoughtful design. It is well suited for everyday use in the clothing category, offering a strong balance of value and functionality.",Clothing,"Essential, Ergonomic, Modern, New Arrival, Limited Edition",127.42,2.6,1263,1902,2017-05-26,D0qi[78Kis.0,Kelsey Todd,https://unsplash.com/@sparkledump?utm_source=sse554_capstone&utm_medium=referral
https://images.unsplash.com/photo-1767570867725-8e172fe718bf?crop=entropy&cs=tinysrgb&fit=max&fm=jpg&ixid=M3w4NzQxNTN8MHwxfHNlYXJjaHwxfHxQcmVtaXVtJTIwR3JhcGhpYyUyMFQtU2hpcnR8ZW58MHx8fHwxNzcyMjI1ODg2fDA&ixlib=rb-4.1.0&q=80&w=1080?utm_source=sse554_capstone&utm_medium=referral,Premium Graphic T-Shirt,NorthPeak,"The Premium Graphic T-Shirt 485 by NorthPeak delivers dependable performance with quality materials and thoughtful design. It is well suited for everyday use in the books category, offering a strong balance of value and functionality.",Books,"New Arrival, Rechargeable, Ergonomic, Versatile, Bestseller",534.33,4.1,3839,975,2025-05-17,l/4\o+0-1:Ie,Ace Maxwell,https://unsplash.com/@acemaxwell?utm_source=sse554_capstone&utm_medium=referral
https://images.unsplash.com/photo-1766411503497-911658181192?crop=entropy&cs=tinysrgb&fit=max&fm=jpg&ixid=M3w4NzQxNTN8MHwxfHNlYXJjaHwxfHxQb3J0YWJsZSUyMExFRCUyMERlc2slMjBMYW1wfGVufDB8fHx8MTc3MjIyNTg4Nnww&ixlib=rb-4.1.0&q=80&w=1080?utm_source=sse554_capstone&utm_medium=referral,Portable LED Desk Lamp,Maple Street Press,"The Portable LED Desk Lamp 238 by Maple Street Press delivers dependable performance with quality materials and thoughtful design. It is well suited for everyday use in the clothing category, offering a strong balance of value and functionality.",Clothing,"Portable, Rechargeable, Versatile, Waterproof, Modern",58.24,4.7,4107,1218,2022-09-07,{_hq!Lhl6E@L,Puscas Adryan,https://unsplash.com/@adryan_studio?utm_source=sse554_capstone&utm_medium=referral
https://images.unsplash.com/photo-1739001411231-4fc0f4140259?crop=entropy&cs=tinysrgb&fit=max&fm=jpg&ixid=M3w4NzQxNTN8MHwxfHNlYXJjaHwxfHxQb3J0YWJsZSUyMEdyYXBoaWMlMjBULVNoaXJ0fGVufDB8fHx8MTc3MjIyNTg2NXww&ixlib=rb-4.1.0&q=80&w=1080?utm_source=sse554_capstone&utm_medium=referral,Portable Graphic T-Shirt,Summit Gear Co.,"The Portable Graphic T-Shirt 710 by Summit Gear Co. delivers dependable performance with quality materials and thoughtful design. It is well suited for everyday use in the electronics category, offering a strong balance of value and functionality.",Electronics,"Durable, Premium, Bestseller, New Arrival, Ergonomic",629.11,4.2,8934,1724,2021-02-27,P!6u-*UNE})r,Jay Soundo,https://unsplash.com/@jaysoundo?utm_source=sse554_capstone&utm_medium=referral
https://images.unsplash.com/photo-1756576170753-6b2b631e1c78?crop=entropy&cs=tinysrgb&fit=max&fm=jpg&ixid=M3w4NzQxNTN8MHwxfHNlYXJjaHwxfHxQcm9mZXNzaW9uYWwlMjBHYW1pbmclMjBNb3VzZXxlbnwwfHx8fDE3NzIyMjU4Mjh8MA&ixlib=rb-4.1.0&q=80&w=1080?utm_source=sse554_capstone&utm_medium=referral,Professional Gaming Mouse,Summit Gear Co.,"The Professional Gaming Mouse 786 by Summit Gear Co. delivers dependable performance with quality materials and thoughtful design. It is well suited for everyday use in the clothing category, offering a strong balance of value and functionality.",Clothing,"Lightweight, Rechargeable, Versatile, Limited Edition, Ergonomic",780.61,2.7,5847,1823,2025-06-17,SNZ)uD_5/d&q,Andrey Matveev,https://unsplash.com/@zelebb?utm_source=sse554_capstone&utm_medium=referral
https://images.unsplash.com/photo-1631749352438-7d576312185d?crop=entropy&cs=tinysrgb&fit=max&fm=jpg&ixid=M3w4NzQxNTN8MHwxfHNlYXJjaHwxfHxXaXJlbGVzcyUyMEdhbWluZyUyME1vdXNlfGVufDB8fHx8MTc3MjIyNTg3OXww&ixlib=rb-4.1.0&q=80&w=1080?utm_source=sse554_capstone&utm_medium=referral,Wireless Gaming Mouse,Maple Street Press,"The Wireless Gaming Mouse 262 by Maple Street Press delivers dependable performance with quality materials and thoughtful design. It is well suited for everyday use in the books category, offering a strong balance of value and functionality.",Books,"Bestseller, Portable, Versatile, Compact, Rechargeable",550.75,1.3,7949,689,2020-08-04,'qhM=dkw4$8[,Bruno Yamazaky,https://unsplash.com/@mryamazukino?utm_source=sse554_capstone&utm_medium=referral
https://images.unsplash.com/photo-1738958668282-4c7446241e9e?crop=entropy&cs=tinysrgb&fit=max&fm=jpg&ixid=M3w4NzQxNTN8MHwxfHNlYXJjaHwxfHxTbWFydCUyMFJ1bm5pbmclMjBTaG9lc3xlbnwwfHx8fDE3NzIyMjU4ODV8MA&ixlib=rb-4.1.0&q=80&w=1080?utm_source=sse554_capstone&utm_medium=referral,Smart Running Shoes,Summit Gear Co.,"The Smart Running Shoes 329 by Summit Gear Co. delivers dependable performance with quality materials and thoughtful design. It is well suited for everyday use in the books category, offering a strong balance of value and functionality.",Books,"Lightweight, Compact, Versatile, Bestseller, Giftable",522.03,1.9,6125,1680,2024-04-04,#{9t`hu9$5RM,Archer Allstars,https://unsplash.com/@archerallstars?utm_source=sse554_capstone&utm_medium=referral
https://images.unsplash.com/photo-1668075797959-3477428b82c8?crop=entropy&cs=tinysrgb&fit=max&fm=jpg&ixid=M3w4NzQxNTN8MHwxfHNlYXJjaHwxfHxQcm9mZXNzaW9uYWwlMjBTbWFydHBob25lJTIwU3RhbmR8ZW58MHx8fHwxNzcyMjI1ODU2fDA&ixlib=rb-4.1.0&q=80&w=1080?utm_source=sse554_capstone&utm_medium=referral,Professional Smartphone Stand,SilverLine Electronics,"The Professional Smartphone Stand 510 by SilverLine Electronics delivers dependable performance with quality materials and thoughtful design. It is well suited for everyday use in the books category, offering a strong balance of value and functionality.",Books,"Ergonomic, Rechargeable, Limited Edition, Durable, Waterproof",490.76,2.1,4780,69,2021-05-13,]Ja9S/h[Wzud,Oswaldo Claro,https://unsplash.com/@oswaldoclaro?utm_source=sse554_capstone&utm_medium=referral
https://images.unsplash.com/photo-1589256469067-ea99122bbdc4?crop=entropy&cs=tinysrgb&fit=max&fm=jpg&ixid=M3w4NzQxNTN8MHwxfHNlYXJjaHwxfHxQb3J0YWJsZSUyMEJsdWV0b290aCUyMFNwZWFrZXJ8ZW58MHx8fHwxNzcyMjI1ODI1fDA&ixlib=rb-4.1.0&q=80&w=1080?utm_source=sse554_capstone&utm_medium=referral,Portable Bluetooth Speaker,BrightLeaf Publishing,"The Portable Bluetooth Speaker 584 by BrightLeaf Publishing delivers dependable performance with quality materials and thoughtful design. It is well suited for everyday use in the clothing category, offering a strong balance of value and functionality.",Clothing,"Waterproof, Portable, Essential, Limited Edition, New Arrival",114.65,2.6,4346,1353,2023-10-07,DV!VJk]Wk)op,Habib Dadkhah,https://unsplash.com/@habibdadkhah?utm_source=sse554_capstone&utm_medium=referral
https://images.unsplash.com/photo-1588279102558-dabc7b32d9b1?crop=entropy&cs=tinysrgb&fit=max&fm=jpg&ixid=M3w4NzQxNTN8MHwxfHNlYXJjaHwxfHxFY28lMjBDb29rd2FyZSUyMFNldHxlbnwwfHx8fDE3NzIyMjU4MzZ8MA&ixlib=rb-4.1.0&q=80&w=1080?utm_source=sse554_capstone&utm_medium=referral,Eco Cookware Set,BrightLeaf Publishing,"The Eco Cookware Set 969 by BrightLeaf Publishing delivers dependable performance with quality materials and thoughtful design. It is well suited for everyday use in the home & kitchen category, offering a strong balance of value and functionality.",Home & Kitchen,"Compact, Lightweight, New Arrival, Limited Edition, Premium",637.65,1.5,505,28,2023-09-06,2M^jLZG!z!"),Cooker King,https://unsplash.com/@cookerking?utm_source=sse554_capstone&utm_medium=referral
https://images.unsplash.com/photo-1766033238716-88d566a7d5c5?crop=entropy&cs=tinysrgb&fit=max&fm=jpg&ixid=M3w4NzQxNTN8MHwxfHNlYXJjaHwxfHxDbGFzc2ljJTIwT2ZmaWNlJTIwQ2hhaXJ8ZW58MHx8fHwxNzcyMjI1ODg3fDA&ixlib=rb-4.1.0&q=80&w=1080?utm_source=sse554_capstone&utm_medium=referral,Classic Office Chair,Summit Gear Co.,"The Classic Office Chair 724 by Summit Gear Co. delivers dependable performance with quality materials and thoughtful design. It is well suited for everyday use in the books category, offering a strong balance of value and functionality.",Books,"Lightweight, Portable, Giftable, Rechargeable, Modern",565.19,1.6,6118,687,2017-04-11,tO\#n:YN[66C,Jiang Chen,https://unsplash.com/@cjaychen?utm_source=sse554_capstone&utm_medium=referral
https://images.unsplash.com/photo-1651599732956-88af9a1f2810?crop=entropy&cs=tinysrgb&fit=max&fm=jpg&ixid=M3w4NzQxNTN8MHwxfHNlYXJjaHwxfHxBZHZhbmNlZCUyMEdhbWluZyUyME1vdXNlfGVufDB8fHx8MTc3MjIyNTgyNXww&ixlib=rb-4.1.0&q=80&w=1080?utm_source=sse554_capstone&utm_medium=referral,Advanced Gaming Mouse,UrbanNest,"The Advanced Gaming Mouse 281 by UrbanNest delivers dependable performance with quality materials and thoughtful design. It is well suited for everyday use in the sports & outdoors category, offering a strong balance of value and functionality.",Sports & Outdoors,"Bestseller, Portable, Ergonomic, Premium, Durable",90.02,2.5,6028,1278,2020-09-21,*'SY]0Nd1K.b,Fitnish Media,https://unsplash.com/@fitnish?utm_source=sse554_capstone&utm_medium=referral
https://images.unsplash.com/photo-1767003259020-140e63496334?crop=entropy&cs=tinysrgb&fit=max&fm=jpg&ixid=M3w4NzQxNTN8MHwxfHNlYXJjaHwxfHxBZHZhbmNlZCUyMEZpdG5lc3MlMjBUcmFja2VyfGVufDB8fHx8MTc3MjIyNTg0OHww&ixlib=rb-4.1.0&q=80&w=1080?utm_source=sse554_capstone&utm_medium=referral,Advanced Fitness Tracker,Summit Gear Co.,"The Advanced Fitness Tracker 741 by Summit Gear Co. delivers dependable performance with quality materials and thoughtful design. It is well suited for everyday use in the electronics category, offering a strong balance of value and functionality.",Electronics,"Compact, Ergonomic, Versatile, Bestseller, Essential",583.54,4.3,6829,1241,2025-09-23,"}2!ip5kd.z,X",Lightman Qian,https://unsplash.com/@lightman0215?utm_source=sse554_capstone&utm_medium=referral
https://images.unsplash.com/photo-1763822085725-0b065668d7b0?crop=entropy&cs=tinysrgb&fit=max&fm=jpg&ixid=M3w4NzQxNTN8MHwxfHNlYXJjaHwxfHxQb3J0YWJsZSUyME5vaXNlJTIwQ2FuY2VsbGluZyUyMEhlYWRwaG9uZXN8ZW58MHx8fHwxNzcyMjI1ODc5fDA&ixlib=rb-4.1.0&q=80&w=1080?utm_source=sse554_capstone&utm_medium=referral,Portable Noise Cancelling Headphones,BlueRiver Outfitters,"The Portable Noise Cancelling Headphones 311 by BlueRiver Outfitters delivers dependable performance with quality materials and thoughtful design. It is well suited for everyday use in the books category, offering a strong balance of value and functionality.",Books,"Modern, Premium, Lightweight, Ergonomic, Compact",760.73,4.7,7017,1152,2020-03-12,V!vmY\Eu<`C2,Georgiy Lyamin,https://unsplash.com/@glyamin?utm_source=sse554_capstone&utm_medium=referral
https://images.unsplash.com/photo-1601220363009-f7e66d095649?crop=entropy&cs=tinysrgb&fit=max&fm=jpg&ixid=M3w4NzQxNTN8MHwxfHNlYXJjaHwxfHxFY28lMjBTbWFydHBob25lJTIwU3RhbmR8ZW58MHx8fHwxNzcyMjI1ODU3fDA&ixlib=rb-4.1.0&q=80&w=1080?utm_source=sse554_capstone&utm_medium=referral,Eco Smartphone Stand,Maple Street Press,"The Eco Smartphone Stand 390 by Maple Street Press delivers dependable performance with quality materials and thoughtful design. It is well suited for everyday use in the home & kitchen category, offering a strong balance of value and functionality.",Home & Kitchen,"Ergonomic, Limited Edition, Rechargeable, Premium, Durable",379.5,4.4,555,1238,2019-05-08,HGJ(K<+j2`@1,Hugo Sesma,https://unsplash.com/@h_u_g_e?utm_source=sse554_capstone&utm_medium=referral
https://images.unsplash.com/photo-1613091252604-dd0746e2f358?crop=entropy&cs=tinysrgb&fit=max&fm=jpg&ixid=M3w4NzQxNTN8MHwxfHNlYXJjaHwxfHxDbGFzc2ljJTIwR2FtaW5nJTIwTW91c2V8ZW58MHx8fHwxNzcyMjI1ODc3fDA&ixlib=rb-4.1.0&q=80&w=1080?utm_source=sse554_capstone&utm_medium=referral,Classic Gaming Mouse,Maple Street Press,"The Classic Gaming Mouse 730 by Maple Street Press delivers dependable performance with quality materials and thoughtful design. It is well suited for everyday use in the clothing category, offering a strong balance of value and functionality.",Clothing,"Lightweight, Limited Edition, Modern, Wireless, Bestseller",186.17,2.8,1767,606,2025-06-26,LfG"PiyBSq\G,Sirisvisual,https://unsplash.com/@sirisvisual?utm_source=sse554_capstone&utm_medium=referral
https://images.unsplash.com/photo-1760278041943-8b2ccec1e9e2?crop=entropy&cs=tinysrgb&fit=max&fm=jpg&ixid=M3w4NzQxNTN8MHwxfHNlYXJjaHwxfHxTbWFydCUyMEdhbWluZyUyME1vdXNlfGVufDB8fHx8MTc3MjIyNTgyNnww&ixlib=rb-4.1.0&q=80&w=1080?utm_source=sse554_capstone&utm_medium=referral,Smart Gaming Mouse,BlueRiver Outfitters,"The Smart Gaming Mouse 391 by BlueRiver Outfitters delivers dependable performance with quality materials and thoughtful design. It is well suited for everyday use in the electronics category, offering a strong balance of value and functionality.",Electronics,"Versatile, Wireless, Lightweight, Modern, Essential",660.29,3.3,1774,191,2023-09-13,"@,W8K`N65t'e",Matúš Gocman,https://unsplash.com/@matgocman?utm_source=sse554_capstone&utm_medium=referral
https://images.unsplash.com/photo-1616268198462-50a80c4785d0?crop=entropy&cs=tinysrgb&fit=max&fm=jpg&ixid=M3w4NzQxNTN8MHwxfHNlYXJjaHwxfHxDbGFzc2ljJTIwU3RhaW5sZXNzJTIwU3RlZWwlMjBXYXRlciUyMEJvdHRsZXxlbnwwfHx8fDE3NzIyMjU4NzF8MA&ixlib=rb-4.1.0&q=80&w=1080?utm_source=sse554_capstone&utm_medium=referral,Classic Stainless Steel Water Bottle,Summit Gear Co.,"The Classic Stainless Steel Water Bottle 411 by Summit Gear Co. delivers dependable performance with quality materials and thoughtful design. It is well suited for everyday use in the office supplies category, offering a strong balance of value and functionality.",Office Supplies,"Premium, Durable, Rechargeable, Giftable, Portable",195.84,1.1,1282,1156,2023-08-19,Rzc"SCyqNlO4,Claudio Poggio,https://unsplash.com/@claudiopoggio?utm_source=sse554_capstone&utm_medium=referral
https://images.unsplash.com/photo-1771370580887-d41ae6d1d6ed?crop=entropy&cs=tinysrgb&fit=max&fm=jpg&ixid=M3w4NzQxNTN8MHwxfHNlYXJjaHwxfHxDb21wYWN0JTIwTWVjaGFuaWNhbCUyMEtleWJvYXJkfGVufDB8fHx8MTc3MjIyNTg1NHww&ixlib=rb-4.1.0&q=80&w=1080?utm_source=sse554_capstone&utm_medium=referral,Compact Mechanical Keyboard,UrbanNest,"The Compact Mechanical Keyboard 429 by UrbanNest delivers dependable performance with quality materials and thoughtful design. It is well suited for everyday use in the office supplies category, offering a strong balance of value and functionality.",Office Supplies,"Lightweight, Versatile, Premium, Limited Edition, Essential",629.63,3.4,1517,1510,2016-12-04,8D@DDj#TlWNA,Marcus Richardson,https://unsplash.com/@marcusrichardson?utm_source=sse554_capstone&utm_medium=referral
https://images.unsplash.com/photo-1760278041943-8b2ccec1e9e2?crop=entropy&cs=tinysrgb&fit=max&fm=jpg&ixid=M3w4NzQxNTN8MHwxfHNlYXJjaHwxfHxTbWFydCUyMEdhbWluZyUyME1vdXNlfGVufDB8fHx8MTc3MjIyNTgyNnww&ixlib=rb-4.1.0&q=80&w=1080?utm_source=sse554_capstone&utm_medium=referral,Smart Gaming Mouse,NorthPeak,"The Smart Gaming Mouse 820 by NorthPeak delivers dependable performance with quality materials and thoughtful design. It is well suited for everyday use in the electronics category, offering a strong balance of value and functionality.",Electronics,"Bestseller, Premium, Rechargeable, Lightweight, Versatile",370.86,2.1,2575,952,2021-02-25,"bBmB,~'s_BTA",Matúš Gocman,https://unsplash.com/@matgocman?utm_source=sse554_capstone&utm_medium=referral
https://images.unsplash.com/photo-1598845685288-98d5e7128987?crop=entropy&cs=tinysrgb&fit=max&fm=jpg&ixid=M3w4NzQxNTN8MHwxfHNlYXJjaHwxfHxBZHZhbmNlZCUyMFNjaWVuY2UlMjBGaWN0aW9uJTIwTm92ZWx8ZW58MHx8fHwxNzcyMjI1ODg3fDA&ixlib=rb-4.1.0&q=80&w=1080?utm_source=sse554_capstone&utm_medium=referral,Advanced Science Fiction Novel,Summit Gear Co.,"The Advanced Science Fiction Novel 702 by Summit Gear Co. delivers dependable performance with quality materials and thoughtful design. It is well suited for everyday use in the sports & outdoors category, offering a strong balance of value and functionality.",Sports & Outdoors,"Waterproof, Rechargeable, Lightweight, Ergonomic, Portable",231.38,4.3,4712,185,2018-03-28,/G?hZ+dfH(w:,Laura Ockel,https://unsplash.com/@viazavier?utm_source=sse554_capstone&utm_medium=referral
https://images.unsplash.com/photo-1564859227552-81fde4a1df0b?crop=entropy&cs=tinysrgb&fit=max&fm=jpg&ixid=M3w4NzQxNTN8MHwxfHNlYXJjaHwxfHxDb21wYWN0JTIwR3JhcGhpYyUyMFQtU2hpcnR8ZW58MHx8fHwxNzcyMjI1ODc3fDA&ixlib=rb-4.1.0&q=80&w=1080?utm_source=sse554_capstone&utm_medium=referral,Compact Graphic T-Shirt,SilverLine Electronics,"The Compact Graphic T-Shirt 255 by SilverLine Electronics delivers dependable performance with quality materials and thoughtful design. It is well suited for everyday use in the sports & outdoors category, offering a strong balance of value and functionality.",Sports & Outdoors,"Essential, Wireless, Ergonomic, Giftable, Compact",213.26999,4.1,7111,1290,2020-02-12,h{>J.)`>u!sk,Sincerely Media,https://unsplash.com/@sincerelymedia?utm_source=sse554_capstone&utm_medium=referral
https://images.unsplash.com/photo-1730578726048-b8f118d227e4?crop=entropy&cs=tinysrgb&fit=max&fm=jpg&ixid=M3w4NzQxNTN8MHwxfHNlYXJjaHwxfHxBZHZhbmNlZCUyMEV4dGVybmFsJTIwSGFyZCUyMERyaXZlfGVufDB8fHx8MTc3MjIyNTg1Nnww&ixlib=rb-4.1.0&q=80&w=1080?utm_source=sse554_capstone&utm_medium=referral,Advanced External Hard Drive,NorthPeak,"The Advanced External Hard Drive 624 by NorthPeak delivers dependable performance with quality materials and thoughtful design. It is well suited for everyday use in the books category, offering a strong balance of value and functionality.",Books,"Compact, Giftable, Premium, Essential, Limited Edition",406.03,2.5,3356,1426,2022-02-14,Pjuiea>j=2-S,Jason Leung,https://unsplash.com/@ninjason?utm_source=sse554_capstone&utm_medium=referral
https://images.unsplash.com/photo-1686386271712-183bcc0e256f?crop=entropy&cs=tinysrgb&fit=max&fm=jpg&ixid=M3w4NzQxNTN8MHwxfHNlYXJjaHwxfHxVbHRyYSUyMFlvZ2ElMjBNYXR8ZW58MHx8fHwxNzcyMjI1ODI0fDA&ixlib=rb-4.1.0&q=80&w=1080?utm_source=sse554_capstone&utm_medium=referral,Ultra Yoga Mat,NorthPeak,"The Ultra Yoga Mat 995 by NorthPeak delivers dependable performance with quality materials and thoughtful design. It is well suited for everyday use in the books category, offering a strong balance of value and functionality.",Books,"Portable, Versatile, Essential, Limited Edition, Lightweight",555.62,1.3,4381,1594,2019-05-07,tMc$_M;46hV},Gurpreet Singh,https://unsplash.com/@ajay_gill8054?utm_source=sse554_capstone&utm_medium=referral
https://images.unsplash.com/photo-1598845685288-98d5e7128987?crop=entropy&cs=tinysrgb&fit=max&fm=jpg&ixid=M3w4NzQxNTN8MHwxfHNlYXJjaHwxfHxBZHZhbmNlZCUyMFNjaWVuY2UlMjBGaWN0aW9uJTIwTm92ZWx8ZW58MHx8fHwxNzcyMjI1ODg3fDA&ixlib=rb-4.1.0&q=80&w=1080?utm_source=sse554_capstone&utm_medium=referral,Advanced Science Fiction Novel,Horizon Tech,"The Advanced Science Fiction Novel 273 by Horizon Tech delivers dependable performance with quality materials and thoughtful design. It is well suited for everyday use in the sports & outdoors category, offering a strong balance of value and functionality.",Sports & Outdoors,"Bestseller, Rechargeable, Durable, Wireless, Waterproof",488.85,3.1,6903,33,2016-11-30,|54m>tF;!;l=,Laura Ockel,https://unsplash.com/@viazavier?utm_source=sse554_capstone&utm_medium=referral
https://images.unsplash.com/photo-1554175940-c7d7ede2ecb9?crop=entropy&cs=tinysrgb&fit=max&fm=jpg&ixid=M3w4NzQxNTN8MHwxfHNlYXJjaHwxfHxFY28lMjBNZWNoYW5pY2FsJTIwS2V5Ym9hcmR8ZW58MHx8fHwxNzcyMjI1ODQ4fDA&ixlib=rb-4.1.0&q=80&w=1080?utm_source=sse554_capstone&utm_medium=referral,Eco Mechanical Keyboard,Summit Gear Co.,"The Eco Mechanical Keyboard 227 by Summit Gear Co. delivers dependable performance with quality materials and thoughtful design. It is well suited for everyday use in the sports & outdoors category, offering a strong balance of value and functionality.",Sports & Outdoors,"Durable, Giftable, Waterproof, Ergonomic, Rechargeable",670.07,1.4,228,1204,2017-07-25,"e1(LQ;F@,Ubc",H&co,https://unsplash.com/@hngstrm?utm_source=sse554_capstone&utm_medium=referral
https://images.unsplash.com/photo-1771370580887-d41ae6d1d6ed?crop=entropy&cs=tinysrgb&fit=max&fm=jpg&ixid=M3w4NzQxNTN8MHwxfHNlYXJjaHwxfHxDb21wYWN0JTIwTWVjaGFuaWNhbCUyMEtleWJvYXJkfGVufDB8fHx8MTc3MjIyNTg1NHww&ixlib=rb-4.1.0&q=80&w=1080?utm_source=sse554_capstone&utm_medium=referral,Compact Mechanical Keyboard,BlueRiver Outfitters,"The Compact Mechanical Keyboard 702 by BlueRiver Outfitters delivers dependable performance with quality materials and thoughtful design. It is well suited for everyday use in the clothing category, offering a strong balance of value and functionality.",Clothing,"Giftable, Compact, Wireless, Versatile, Premium",625.45,3.0,8218,1598,2023-09-29,Yt2bnVE^$Qt3,Marcus Richardson,https://unsplash.com/@marcusrichardson?utm_source=sse554_capstone&utm_medium=referral
https://images.unsplash.com/photo-1566533893210-134327eb8967?crop=entropy&cs=tinysrgb&fit=max&fm=jpg&ixid=M3w4NzQxNTN8MHwxfHNlYXJjaHwxfHxDbGFzc2ljJTIwTm9pc2UlMjBDYW5jZWxsaW5nJTIwSGVhZHBob25lc3xlbnwwfHx8fDE3NzIyMjU4ODN8MA&ixlib=rb-4.1.0&q=80&w=1080?utm_source=sse554_capstone&utm_medium=referral,Classic Noise Cancelling Headphones,BlueRiver Outfitters,"The Classic Noise Cancelling Headphones 122 by BlueRiver Outfitters delivers dependable performance with quality materials and thoughtful design. It is well suited for everyday use in the office supplies category, offering a strong balance of value and functionality.",Office Supplies,"Bestseller, Compact, Modern, Limited Edition, Portable",597.91,4.9,305,1659,2022-02-05,"q4G]Vca`S,YB",Dev Asangbam,https://unsplash.com/@devasangbam?utm_source=sse554_capstone&utm_medium=referral
https://images.unsplash.com/photo-1738241000762-42e0c54c3d30?crop=entropy&cs=tinysrgb&fit=max&fm=jpg&ixid=M3w4NzQxNTN8MHwxfHNlYXJjaHwxfHxDbGFzc2ljJTIwRml0bmVzcyUyMFRyYWNrZXJ8ZW58MHx8fHwxNzcyMjI1ODU3fDA&ixlib=rb-4.1.0&q=80&w=1080?utm_source=sse554_capstone&utm_medium=referral,Classic Fitness Tracker,SilverLine Electronics,"The Classic Fitness Tracker 926 by SilverLine Electronics delivers dependable performance with quality materials and thoughtful design. It is well suited for everyday use in the home & kitchen category, offering a strong balance of value and functionality.",Home & Kitchen,"Versatile, Ergonomic, Modern, Compact, Essential",570.69,4.7,6232,61,2019-06-12,pk`jGDv.)iKo,Pearl Drums,https://unsplash.com/@pearldrums?utm_source=sse554_capstone&utm_medium=referral
https://images.unsplash.com/photo-1738520420636-a1591b84723e?crop=entropy&cs=tinysrgb&fit=max&fm=jpg&ixid=M3w4NzQxNTN8MHwxfHNlYXJjaHwxfHxBZHZhbmNlZCUyMEVsZWN0cmljJTIwS2V0dGxlfGVufDB8fHx8MTc3MjIyNTg0OXww&ixlib=rb-4.1.0&q=80&w=1080?utm_source=sse554_capstone&utm_medium=referral,Advanced Electric Kettle,BrightLeaf Publishing,"The Advanced Electric Kettle 185 by BrightLeaf Publishing delivers dependable performance with quality materials and thoughtful design. It is well suited for everyday use in the sports & outdoors category, offering a strong balance of value and functionality.",Sports & Outdoors,"Ergonomic, Modern, Bestseller, Limited Edition, Durable",145.25,4.6,6701,1535,2021-09-02,CUjf[{fg2O-j,Gleb Paniotov,https://unsplash.com/@paniotovvv?utm_source=sse554_capstone&utm_medium=referral
https://images.unsplash.com/photo-1766713993296-4b7ce61e9ace?crop=entropy&cs=tinysrgb&fit=max&fm=jpg&ixid=M3w4NzQxNTN8MHwxfHNlYXJjaHwxfHxQb3J0YWJsZSUyMEdhbWluZyUyME1vdXNlfGVufDB8fHx8MTc3MjIyNTgyNXww&ixlib=rb-4.1.0&q=80&w=1080?utm_source=sse554_capstone&utm_medium=referral,Portable Gaming Mouse,BrightLeaf Publishing,"The Portable Gaming Mouse 429 by BrightLeaf Publishing delivers dependable performance with quality materials and thoughtful design. It is well suited for everyday use in the sports & outdoors category, offering a strong balance of value and functionality.",Sports & Outdoors,"New Arrival, Modern, Limited Edition, Bestseller, Portable",68.31,3.8,1032,372,2018-03-31,.[TQxGf$[jqY,Dou Buhiu,https://unsplash.com/@doubuhi?utm_source=sse554_capstone&utm_medium=referral
https://images.unsplash.com/photo-1754821305530-8e3c7b8deda2?crop=entropy&cs=tinysrgb&fit=max&fm=jpg&ixid=M3w4NzQxNTN8MHwxfHNlYXJjaHwxfHxQb3J0YWJsZSUyMEZpdG5lc3MlMjBUcmFja2VyfGVufDB8fHx8MTc3MjIyNTgzNnww&ixlib=rb-4.1.0&q=80&w=1080?utm_source=sse554_capstone&utm_medium=referral,Portable Fitness Tracker,BrightLeaf Publishing,"The Portable Fitness Tracker 635 by BrightLeaf Publishing delivers dependable performance with quality materials and thoughtful design. It is well suited for everyday use in the clothing category, offering a strong balance of value and functionality.",Clothing,"Rechargeable, Wireless, Essential, Bestseller, Giftable",209.3,3.0,3975,696,2025-12-04,",Ou~1)N^ae-=",Andrey Matveev,https://unsplash.com/@zelebb?utm_source=sse554_capstone&utm_medium=referral
https://images.unsplash.com/photo-1668075797959-3477428b82c8?crop=entropy&cs=tinysrgb&fit=max&fm=jpg&ixid=M3w4NzQxNTN8MHwxfHNlYXJjaHwxfHxQcm9mZXNzaW9uYWwlMjBTbWFydHBob25lJTIwU3RhbmR8ZW58MHx8fHwxNzcyMjI1ODU2fDA&ixlib=rb-4.1.0&q=80&w=1080?utm_source=sse554_capstone&utm_medium=referral,Professional Smartphone Stand,Horizon Tech,"The Professional Smartphone Stand 434 by Horizon Tech delivers dependable performance with quality materials and thoughtful design. It is well suited for everyday use in the books category, offering a strong balance of value and functionality.",Books,"Waterproof, New Arrival, Portable, Modern, Wireless",25.78,1.7,759,964,2022-04-23,"2<*dagSSC,v=",Oswaldo Claro,https://unsplash.com/@oswaldoclaro?utm_source=sse554_capstone&utm_medium=referral
https://images.unsplash.com/photo-1631749352020-b8ce2d86727e?crop=entropy&cs=tinysrgb&fit=max&fm=jpg&ixid=M3w4NzQxNTN8MHwxfHNlYXJjaHwxfHxVbHRyYSUyMEdhbWluZyUyME1vdXNlfGVufDB8fHx8MTc3MjIyNTg0Mnww&ixlib=rb-4.1.0&q=80&w=1080?utm_source=sse554_capstone&utm_medium=referral,Ultra Gaming Mouse,BlueRiver Outfitters,"The Ultra Gaming Mouse 914 by BlueRiver Outfitters delivers dependable performance with quality materials and thoughtful design. It is well suited for everyday use in the clothing category, offering a strong balance of value and functionality.",Clothing,"Limited Edition, Waterproof, Wireless, Rechargeable, New Arrival",540.56,2.2,4516,1534,2017-08-03,tX?u=M@|^*98,Bruno Yamazaky,https://unsplash.com/@mryamazukino?utm_source=sse554_capstone&utm_medium=referral
https://images.unsplash.com/photo-1741190745018-52958e1bbdd8?crop=entropy&cs=tinysrgb&fit=max&fm=jpg&ixid=M3w4NzQxNTN8MHwxfHNlYXJjaHwxfHxXaXJlbGVzcyUyMEV4dGVybmFsJTIwSGFyZCUyMERyaXZlfGVufDB8fHx8MTc3MjIyNTg4Mnww&ixlib=rb-4.1.0&q=80&w=1080?utm_source=sse554_capstone&utm_medium=referral,Wireless External Hard Drive,NorthPeak,"The Wireless External Hard Drive 550 by NorthPeak delivers dependable performance with quality materials and thoughtful design. It is well suited for everyday use in the sports & outdoors category, offering a strong balance of value and functionality.",Sports & Outdoors,"Versatile, Limited Edition, Rechargeable, Giftable, Essential",616.34,1.4,5284,485,2022-09-03,`GqjD^yM8+Ob,Mert Yüce,https://unsplash.com/@mcyce?utm_source=sse554_capstone&utm_medium=referral
https://images.unsplash.com/photo-1522844123782-9547a63eb28b?crop=entropy&cs=tinysrgb&fit=max&fm=jpg&ixid=M3w4NzQxNTN8MHwxfHNlYXJjaHwxfHxDbGFzc2ljJTIwWW9nYSUyME1hdHxlbnwwfHx8fDE3NzIyMjU4ODB8MA&ixlib=rb-4.1.0&q=80&w=1080?utm_source=sse554_capstone&utm_medium=referral,Classic Yoga Mat,Horizon Tech,"The Classic Yoga Mat 423 by Horizon Tech delivers dependable performance with quality materials and thoughtful design. It is well suited for everyday use in the office supplies category, offering a strong balance of value and functionality.",Office Supplies,"Bestseller, Premium, Portable, Ergonomic, Wireless",312.7,2.3,9184,527,2020-02-17,+LGgBX~<`"xu,Alan Ko,https://unsplash.com/@iyunmai?utm_source=sse554_capstone&utm_medium=referral
https://images.unsplash.com/photo-1760730965577-64d5c3c5a29e?crop=entropy&cs=tinysrgb&fit=max&fm=jpg&ixid=M3w4NzQxNTN8MHwxfHNlYXJjaHwxfHxBZHZhbmNlZCUyMEdyYXBoaWMlMjBULVNoaXJ0fGVufDB8fHx8MTc3MjIyNTgzOXww&ixlib=rb-4.1.0&q=80&w=1080?utm_source=sse554_capstone&utm_medium=referral,Advanced Graphic T-Shirt,SilverLine Electronics,"The Advanced Graphic T-Shirt 973 by SilverLine Electronics delivers dependable performance with quality materials and thoughtful design. It is well suited for everyday use in the home & kitchen category, offering a strong balance of value and functionality.",Home & Kitchen,"Giftable, Lightweight, Ergonomic, Bestseller, Limited Edition",312.79,2.2,3671,1979,2021-11-18,(D>fx`hxKm'j,Lhon Karwan,https://unsplash.com/@lhonkarwanhamasalih?utm_source=sse554_capstone&utm_medium=referral
https://images.unsplash.com/photo-1586187543706-b43086b30978?crop=entropy&cs=tinysrgb&fit=max&fm=jpg&ixid=M3w4NzQxNTN8MHwxfHNlYXJjaHwxfHxFY28lMjBFeHRlcm5hbCUyMEhhcmQlMjBEcml2ZXxlbnwwfHx8fDE3NzIyMjU4ODN8MA&ixlib=rb-4.1.0&q=80&w=1080?utm_source=sse554_capstone&utm_medium=referral,Eco External Hard Drive,Maple Street Press,"The Eco External Hard Drive 944 by Maple Street Press delivers dependable performance with quality materials and thoughtful design. It is well suited for everyday use in the books category, offering a strong balance of value and functionality.",Books,"Lightweight, Premium, Versatile, Essential, Durable",511.71,1.6,5593,1822,2017-02-13,'<0zhJ4/o6WG,Everyday Basics,https://unsplash.com/@zanardi?utm_source=sse554_capstone&utm_medium=referral
https://images.unsplash.com/photo-1768111514765-99c9bd665461?crop=entropy&cs=tinysrgb&fit=max&fm=jpg&ixid=M3w4NzQxNTN8MHwxfHNlYXJjaHwxfHxQb3J0YWJsZSUyMEVsZWN0cmljJTIwS2V0dGxlfGVufDB8fHx8MTc3MjIyNTg2MHww&ixlib=rb-4.1.0&q=80&w=1080?utm_source=sse554_capstone&utm_medium=referral,Portable Electric Kettle,Summit Gear Co.,"The Portable Electric Kettle 772 by Summit Gear Co. delivers dependable performance with quality materials and thoughtful design. It is well suited for everyday use in the office supplies category, offering a strong balance of value and functionality.",Office Supplies,"Waterproof, Modern, Ergonomic, Lightweight, New Arrival",10.76,1.6,3625,961,2020-05-19,K7d>NUw9sLeh,Tomoki Ozawa,https://unsplash.com/@tomokiozawa?utm_source=sse554_capstone&utm_medium=referral
https://images.unsplash.com/photo-1768332487888-326fa7dabbf2?crop=entropy&cs=tinysrgb&fit=max&fm=jpg&ixid=M3w4NzQxNTN8MHwxfHNlYXJjaHwxfHxDbGFzc2ljJTIwQ29va2Jvb2t8ZW58MHx8fHwxNzcyMjI1ODUyfDA&ixlib=rb-4.1.0&q=80&w=1080?utm_source=sse554_capstone&utm_medium=referral,Classic Cookbook,Summit Gear Co.,"The Classic Cookbook 513 by Summit Gear Co. delivers dependable performance with quality materials and thoughtful design. It is well suited for everyday use in the books category, offering a strong balance of value and functionality.",Books,"Portable, Premium, Compact, Durable, Waterproof",279.57,1.9,7316,1599,2025-07-22,Zu\K&:%jJnFo,Kamilla Isalieva,https://unsplash.com/@kamillaisalieva?utm_source=sse554_capstone&utm_medium=referral
https://images.unsplash.com/photo-1743862558324-64de6d680fbb?crop=entropy&cs=tinysrgb&fit=max&fm=jpg&ixid=M3w4NzQxNTN8MHwxfHNlYXJjaHwxfHxQb3J0YWJsZSUyME1lY2hhbmljYWwlMjBLZXlib2FyZHxlbnwwfHx8fDE3NzIyMjU4NzZ8MA&ixlib=rb-4.1.0&q=80&w=1080?utm_source=sse554_capstone&utm_medium=referral,Portable Mechanical Keyboard,BrightLeaf Publishing,"The Portable Mechanical Keyboard 808 by BrightLeaf Publishing delivers dependable performance with quality materials and thoughtful design. It is well suited for everyday use in the home & kitchen category, offering a strong balance of value and functionality.",Home & Kitchen,"Essential, Wireless, Portable, Limited Edition, Bestseller",395.73,2.0,9249,1591,2022-08-25,"<1R<)?%XLQ,[",Huy Phan,https://unsplash.com/@huyphan2602?utm_source=sse554_capstone&utm_medium=referral
https://images.unsplash.com/photo-1716623816154-82045bc02706?crop=entropy&cs=tinysrgb&fit=max&fm=jpg&ixid=M3w4NzQxNTN8MHwxfHNlYXJjaHwxfHxQcm9mZXNzaW9uYWwlMjBDb29rd2FyZSUyMFNldHxlbnwwfHx8fDE3NzIyMjU4MzF8MA&ixlib=rb-4.1.0&q=80&w=1080?utm_source=sse554_capstone&utm_medium=referral,Professional Cookware Set,SilverLine Electronics,"The Professional Cookware Set 901 by SilverLine Electronics delivers dependable performance with quality materials and thoughtful design. It is well suited for everyday use in the sports & outdoors category, offering a strong balance of value and functionality.",Sports & Outdoors,"Portable, Giftable, Essential, Ergonomic, Premium",639.02,2.8,6153,332,2016-04-20,?0{.e#N+9iVD,Vlad Kutepov,https://unsplash.com/@kvtepov?utm_source=sse554_capstone&utm_medium=referral
https://images.unsplash.com/photo-1554175940-c7d7ede2ecb9?crop=entropy&cs=tinysrgb&fit=max&fm=jpg&ixid=M3w4NzQxNTN8MHwxfHNlYXJjaHwxfHxFY28lMjBNZWNoYW5pY2FsJTIwS2V5Ym9hcmR8ZW58MHx8fHwxNzcyMjI1ODQ4fDA&ixlib=rb-4.1.0&q=80&w=1080?utm_source=sse554_capstone&utm_medium=referral,Eco Mechanical Keyboard,UrbanNest,"The Eco Mechanical Keyboard 715 by UrbanNest delivers dependable performance with quality materials and thoughtful design. It is well suited for everyday use in the home & kitchen category, offering a strong balance of value and functionality.",Home & Kitchen,"Portable, Essential, Wireless, Compact, Modern",51.87,3.6,1734,1855,2024-09-20,[;4%x"!E/Z(+,H&co,https://unsplash.com/@hngstrm?utm_source=sse554_capstone&utm_medium=referral
https://images.unsplash.com/photo-1637437411826-bab0dc76a310?crop=entropy&cs=tinysrgb&fit=max&fm=jpg&ixid=M3w4NzQxNTN8MHwxfHNlYXJjaHwxfHxQcmVtaXVtJTIwUnVubmluZyUyMFNob2VzfGVufDB8fHx8MTc3MjIyNTgzMHww&ixlib=rb-4.1.0&q=80&w=1080?utm_source=sse554_capstone&utm_medium=referral,Premium Running Shoes,UrbanNest,"The Premium Running Shoes 818 by UrbanNest delivers dependable performance with quality materials and thoughtful design. It is well suited for everyday use in the books category, offering a strong balance of value and functionality.",Books,"Rechargeable, Ergonomic, Modern, Giftable, Essential",132.97,3.0,2003,301,2021-12-23,"11v{eU_<,VQ.",Mostafa Mahmoudi,https://unsplash.com/@mostafa_mahmoudi24?utm_source=sse554_capstone&utm_medium=referral
https://images.unsplash.com/photo-1571406487954-dc11b0c0767d?crop=entropy&cs=tinysrgb&fit=max&fm=jpg&ixid=M3w4NzQxNTN8MHwxfHNlYXJjaHwxfHxQcmVtaXVtJTIwTEVEJTIwRGVzayUyMExhbXB8ZW58MHx8fHwxNzcyMjI1ODg4fDA&ixlib=rb-4.1.0&q=80&w=1080?utm_source=sse554_capstone&utm_medium=referral,Premium LED Desk Lamp,Horizon Tech,"The Premium LED Desk Lamp 602 by Horizon Tech delivers dependable performance with quality materials and thoughtful design. It is well suited for everyday use in the electronics category, offering a strong balance of value and functionality.",Electronics,"Limited Edition, Rechargeable, Ergonomic, Waterproof, Giftable",289.28,3.3,814,992,2023-03-02,"""h[H/>.}'fyb",Monty Allen,https://unsplash.com/@monty_a?utm_source=sse554_capstone&utm_medium=referral
https://images.unsplash.com/photo-1659297396001-fa8d15dcad1a?crop=entropy&cs=tinysrgb&fit=max&fm=jpg&ixid=M3w4NzQxNTN8MHwxfHNlYXJjaHwxfHxBZHZhbmNlZCUyMDRLJTIwTW9uaXRvcnxlbnwwfHx8fDE3NzIyMjU4Njd8MA&ixlib=rb-4.1.0&q=80&w=1080?utm_source=sse554_capstone&utm_medium=referral,Advanced 4K Monitor,Summit Gear Co.,"The Advanced 4K Monitor 456 by Summit Gear Co. delivers dependable performance with quality materials and thoughtful design. It is well suited for everyday use in the sports & outdoors category, offering a strong balance of value and functionality.",Sports & Outdoors,"Bestseller, Portable, Essential, Waterproof, Compact",404.82,3.3,6474,1049,2018-04-07,"F66,CZ(U3+&*",Tai Bui,https://unsplash.com/@agforl24?utm_source=sse554_capstone&utm_medium=referral
https://images.unsplash.com/photo-1726133731374-31f3ab7d29d9?crop=entropy&cs=tinysrgb&fit=max&fm=jpg&ixid=M3w4NzQxNTN8MHwxfHNlYXJjaHwxfHxXaXJlbGVzcyUyMFJ1bm5pbmclMjBTaG9lc3xlbnwwfHx8fDE3NzIyMjU4NTB8MA&ixlib=rb-4.1.0&q=80&w=1080?utm_source=sse554_capstone&utm_medium=referral,Wireless Running Shoes,NorthPeak,"The Wireless Running Shoes 230 by NorthPeak delivers dependable performance with quality materials and thoughtful design. It is well suited for everyday use in the office supplies category, offering a strong balance of value and functionality.",Office Supplies,"Wireless, Limited Edition, Premium, Waterproof, Portable",248.59,3.0,6433,467,2025-12-30,"xdu!=]j#V,1h",Rohit Sharma,https://unsplash.com/@rohitsharma1785?utm_source=sse554_capstone&utm_medium=referral
https://images.unsplash.com/photo-1592999641298-434e28c11d14?crop=entropy&cs=tinysrgb&fit=max&fm=jpg&ixid=M3w4NzQxNTN8MHwxfHNlYXJjaHwxfHxVbHRyYSUyMFN0YWlubGVzcyUyMFN0ZWVsJTIwV2F0ZXIlMjBCb3R0bGV8ZW58MHx8fHwxNzcyMjI1ODQwfDA&ixlib=rb-4.1.0&q=80&w=1080?utm_source=sse554_capstone&utm_medium=referral,Ultra Stainless Steel Water Bottle,NorthPeak,"The Ultra Stainless Steel Water Bottle 349 by NorthPeak delivers dependable performance with quality materials and thoughtful design. It is well suited for everyday use in the clothing category, offering a strong balance of value and functionality.",Clothing,"New Arrival, Lightweight, Wireless, Versatile, Limited Edition",305.95,2.5,2930,1784,2024-03-14,z~=NBX42y[jE,Filip Baotić,https://unsplash.com/@filipbaotic?utm_source=sse554_capstone&utm_medium=referral
https://images.unsplash.com/photo-1566286378558-5d52a6710b6e?crop=entropy&cs=tinysrgb&fit=max&fm=jpg&ixid=M3w4NzQxNTN8MHwxfHNlYXJjaHwxfHxBZHZhbmNlZCUyME5vaXNlJTIwQ2FuY2VsbGluZyUyMEhlYWRwaG9uZXN8ZW58MHx8fHwxNzcyMjI1ODQ5fDA&ixlib=rb-4.1.0&q=80&w=1080?utm_source=sse554_capstone&utm_medium=referral,Advanced Noise Cancelling Headphones,Summit Gear Co.,"The Advanced Noise Cancelling Headphones 212 by Summit Gear Co. delivers dependable performance with quality materials and thoughtful design. It is well suited for everyday use in the office supplies category, offering a strong balance of value and functionality.",Office Supplies,"Giftable, Versatile, Premium, Durable, Compact",139.81,1.2,9500,1488,2019-05-17,]97f5n5My=.~,Maulik Sutariya,https://unsplash.com/@truemaulik?utm_source=sse554_capstone&utm_medium=referral
https://images.unsplash.com/photo-1718210719917-c6e1cd5be085?crop=entropy&cs=tinysrgb&fit=max&fm=jpg&ixid=M3w4NzQxNTN8MHwxfHNlYXJjaHwxfHxDb21wYWN0JTIwU3RhaW5sZXNzJTIwU3RlZWwlMjBXYXRlciUyMEJvdHRsZXxlbnwwfHx8fDE3NzIyMjU4NjZ8MA&ixlib=rb-4.1.0&q=80&w=1080?utm_source=sse554_capstone&utm_medium=referral,Compact Stainless Steel Water Bottle,BlueRiver Outfitters,"The Compact Stainless Steel Water Bottle 349 by BlueRiver Outfitters delivers dependable performance with quality materials and thoughtful design. It is well suited for everyday use in the clothing category, offering a strong balance of value and functionality.",Clothing,"Essential, Limited Edition, Versatile, Compact, Bestseller",681.71,2.8,2729,466,2021-04-08,-.IVo.xfbfC5,Kedibone Isaac Makhumisane,https://unsplash.com/@isaax_the_artist?utm_source=sse554_capstone&utm_medium=referral
https://images.unsplash.com/photo-1708513427809-728a7913fc9f?crop=entropy&cs=tinysrgb&fit=max&fm=jpg&ixid=M3w4NzQxNTN8MHwxfHNlYXJjaHwxfHxTbWFydCUyMExFRCUyMERlc2slMjBMYW1wfGVufDB8fHx8MTc3MjIyNTg4OHww&ixlib=rb-4.1.0&q=80&w=1080?utm_source=sse554_capstone&utm_medium=referral,Smart LED Desk Lamp,Maple Street Press,"The Smart LED Desk Lamp 590 by Maple Street Press delivers dependable performance with quality materials and thoughtful design. It is well suited for everyday use in the home & kitchen category, offering a strong balance of value and functionality.",Home & Kitchen,"Versatile, Compact, Waterproof, Bestseller, Wireless",633.48,2.2,7325,1064,2022-01-11,"%qZ`oyD67,L8",Uwukuri Emery,https://unsplash.com/@uwukuriemery?utm_source=sse554_capstone&utm_medium=referral
https://images.unsplash.com/photo-1624948384140-e48e47087fad?crop=entropy&cs=tinysrgb&fit=max&fm=jpg&ixid=M3w4NzQxNTN8MHwxfHNlYXJjaHwxfHxTbWFydCUyMDRLJTIwTW9uaXRvcnxlbnwwfHx8fDE3NzIyMjU4Nzh8MA&ixlib=rb-4.1.0&q=80&w=1080?utm_source=sse554_capstone&utm_medium=referral,Smart 4K Monitor,SilverLine Electronics,"The Smart 4K Monitor 264 by SilverLine Electronics delivers dependable performance with quality materials and thoughtful design. It is well suited for everyday use in the clothing category, offering a strong balance of value and functionality.",Clothing,"Waterproof, New Arrival, Giftable, Rechargeable, Modern",700.37,5.0,9452,909,2023-01-05,umHbP3\Mz6\X,Dennis Irorere,https://unsplash.com/@denironyx?utm_source=sse554_capstone&utm_medium=referral
https://images.unsplash.com/photo-1718210719917-c6e1cd5be085?crop=entropy&cs=tinysrgb&fit=max&fm=jpg&ixid=M3w4NzQxNTN8MHwxfHNlYXJjaHwxfHxQcm9mZXNzaW9uYWwlMjBTdGFpbmxlc3MlMjBTdGVlbCUyMFdhdGVyJTIwQm90dGxlfGVufDB8fHx8MTc3MjIyNTgyOXww&ixlib=rb-4.1.0&q=80&w=1080?utm_source=sse554_capstone&utm_medium=referral,Professional Stainless Steel Water Bottle,Summit Gear Co.,"The Professional Stainless Steel Water Bottle 228 by Summit Gear Co. delivers dependable performance with quality materials and thoughtful design. It is well suited for everyday use in the home & kitchen category, offering a strong balance of value and functionality.",Home & Kitchen,"Portable, Compact, Limited Edition, Durable, Lightweight",265.98,4.4,9735,691,2022-06-20,W%2BQ;;i9eHR,Kedibone Isaac Makhumisane,https://unsplash.com/@isaax_the_artist?utm_source=sse554_capstone&utm_medium=referral
https://images.unsplash.com/photo-1511499008188-de491bbbae98?crop=entropy&cs=tinysrgb&fit=max&fm=jpg&ixid=M3w4NzQxNTN8MHwxfHNlYXJjaHwxfHxVbHRyYSUyMFJ1bm5pbmclMjBTaG9lc3xlbnwwfHx8fDE3NzIyMjU4NTN8MA&ixlib=rb-4.1.0&q=80&w=1080?utm_source=sse554_capstone&utm_medium=referral,Ultra Running Shoes,BrightLeaf Publishing,"The Ultra Running Shoes 655 by BrightLeaf Publishing delivers dependable performance with quality materials and thoughtful design. It is well suited for everyday use in the books category, offering a strong balance of value and functionality.",Books,"Lightweight, Durable, Giftable, Premium, Rechargeable",778.41,3.0,7081,1033,2022-02-03,"?_u^).,#lM@|",Charlesdeluvio,https://unsplash.com/@charlesdeluvio?utm_source=sse554_capstone&utm_medium=referral
https://images.unsplash.com/photo-1557349964-34f68e722d29?crop=entropy&cs=tinysrgb&fit=max&fm=jpg&ixid=M3w4NzQxNTN8MHwxfHNlYXJjaHwxfHxQcm9mZXNzaW9uYWwlMjBDb29rYm9va3xlbnwwfHx8fDE3NzIyMjU4NDF8MA&ixlib=rb-4.1.0&q=80&w=1080?utm_source=sse554_capstone&utm_medium=referral,Professional Cookbook,Maple Street Press,"The Professional Cookbook 468 by Maple Street Press delivers dependable performance with quality materials and thoughtful design. It is well suited for everyday use in the books category, offering a strong balance of value and functionality.",Books,"Premium, Versatile, New Arrival, Giftable, Rechargeable",302.28,4.5,8265,1006,2018-10-10,?1fG%iyakR~j,Hartai Klaudia,https://unsplash.com/@hartaiklaudia?utm_source=sse554_capstone&utm_medium=referral
https://images.unsplash.com/photo-1762341107834-a3437dd0ae62?crop=entropy&cs=tinysrgb&fit=max&fm=jpg&ixid=M3w4NzQxNTN8MHwxfHNlYXJjaHwxfHxQcm9mZXNzaW9uYWwlMjBPZmZpY2UlMjBDaGFpcnxlbnwwfHx8fDE3NzIyMjU4Njh8MA&ixlib=rb-4.1.0&q=80&w=1080?utm_source=sse554_capstone&utm_medium=referral,Professional Office Chair,Horizon Tech,"The Professional Office Chair 253 by Horizon Tech delivers dependable performance with quality materials and thoughtful design. It is well suited for everyday use in the electronics category, offering a strong balance of value and functionality.",Electronics,"Portable, Waterproof, Giftable, Essential, Ergonomic",396.88,2.5,3679,1062,2024-11-25,ixevkT<\Cmah,Zulfugar Karimov,https://unsplash.com/@zulfugarkarimov?utm_source=sse554_capstone&utm_medium=referral
https://images.unsplash.com/photo-1592999641298-434e28c11d14?crop=entropy&cs=tinysrgb&fit=max&fm=jpg&ixid=M3w4NzQxNTN8MHwxfHNlYXJjaHwxfHxQb3J0YWJsZSUyMFN0YWlubGVzcyUyMFN0ZWVsJTIwV2F0ZXIlMjBCb3R0bGV8ZW58MHx8fHwxNzcyMjI1ODI5fDA&ixlib=rb-4.1.0&q=80&w=1080?utm_source=sse554_capstone&utm_medium=referral,Portable Stainless Steel Water Bottle,BrightLeaf Publishing,"The Portable Stainless Steel Water Bottle 317 by BrightLeaf Publishing delivers dependable performance with quality materials and thoughtful design. It is well suited for everyday use in the home & kitchen category, offering a strong balance of value and functionality.",Home & Kitchen,"Compact, Bestseller, Rechargeable, Portable, Essential",469.97,3.6,5880,1529,2025-05-15,`M>H3?s+%Ee!,Filip Baotić,https://unsplash.com/@filipbaotic?utm_source=sse554_capstone&utm_medium=referral
https://images.unsplash.com/photo-1738241000762-42e0c54c3d30?crop=entropy&cs=tinysrgb&fit=max&fm=jpg&ixid=M3w4NzQxNTN8MHwxfHNlYXJjaHwxfHxDbGFzc2ljJTIwRml0bmVzcyUyMFRyYWNrZXJ8ZW58MHx8fHwxNzcyMjI1ODU3fDA&ixlib=rb-4.1.0&q=80&w=1080?utm_source=sse554_capstone&utm_medium=referral,Classic Fitness Tracker,NorthPeak,"The Classic Fitness Tracker 522 by NorthPeak delivers dependable performance with quality materials and thoughtful design. It is well suited for everyday use in the electronics category, offering a strong balance of value and functionality.",Electronics,"Versatile, Wireless, Modern, Essential, Waterproof",438.52,2.1,2085,1886,2022-05-08,3"Hi^7~*[naB,Pearl Drums,https://unsplash.com/@pearldrums?utm_source=sse554_capstone&utm_medium=referral
https://images.unsplash.com/photo-1658524202348-8bdff4d4a194?crop=entropy&cs=tinysrgb&fit=max&fm=jpg&ixid=M3w4NzQxNTN8MHwxfHNlYXJjaHwxfHxQb3J0YWJsZSUyMENvb2t3YXJlJTIwU2V0fGVufDB8fHx8MTc3MjIyNTg4OHww&ixlib=rb-4.1.0&q=80&w=1080?utm_source=sse554_capstone&utm_medium=referral,Portable Cookware Set,SilverLine Electronics,"The Portable Cookware Set 147 by SilverLine Electronics delivers dependable performance with quality materials and thoughtful design. It is well suited for everyday use in the office supplies category, offering a strong balance of value and functionality.",Office Supplies,"Compact, Durable, Ergonomic, Bestseller, Wireless",698.55,4.1,1595,880,2020-01-26,#%s5jzbSX>K],Pedro Fleitas,https://unsplash.com/@pedroooo?utm_source=sse554_capstone&utm_medium=referral
https://images.unsplash.com/photo-1766411503497-911658181192?crop=entropy&cs=tinysrgb&fit=max&fm=jpg&ixid=M3w4NzQxNTN8MHwxfHNlYXJjaHwxfHxQb3J0YWJsZSUyMExFRCUyMERlc2slMjBMYW1wfGVufDB8fHx8MTc3MjIyNTg4Nnww&ixlib=rb-4.1.0&q=80&w=1080?utm_source=sse554_capstone&utm_medium=referral,Portable LED Desk Lamp,Summit Gear Co.,"The Portable LED Desk Lamp 248 by Summit Gear Co. delivers dependable performance with quality materials and thoughtful design. It is well suited for everyday use in the electronics category, offering a strong balance of value and functionality.",Electronics,"Giftable, Waterproof, Portable, Compact, Essential",554.74,1.1,9273,580,2025-04-23,4$M1<suTG?]8,Puscas Adryan,https://unsplash.com/@adryan_studio?utm_source=sse554_capstone&utm_medium=referral
https://images.unsplash.com/photo-1680810003781-49d9210bb064?crop=entropy&cs=tinysrgb&fit=max&fm=jpg&ixid=M3w4NzQxNTN8MHwxfHNlYXJjaHwxfHxDb21wYWN0JTIwU2NpZW5jZSUyMEZpY3Rpb24lMjBOb3ZlbHxlbnwwfHx8fDE3NzIyMjU4NDN8MA&ixlib=rb-4.1.0&q=80&w=1080?utm_source=sse554_capstone&utm_medium=referral,Compact Science Fiction Novel,Maple Street Press,"The Compact Science Fiction Novel 259 by Maple Street Press delivers dependable performance with quality materials and thoughtful design. It is well suited for everyday use in the clothing category, offering a strong balance of value and functionality.",Clothing,"Giftable, Durable, Essential, Modern, Compact",675.5,3.5,5397,715,2023-10-13,<c.-.Ub!>K+X,Myles Bloomfield,https://unsplash.com/@loomydoons?utm_source=sse554_capstone&utm_medium=referral
https://images.unsplash.com/photo-1743862558324-64de6d680fbb?crop=entropy&cs=tinysrgb&fit=max&fm=jpg&ixid=M3w4NzQxNTN8MHwxfHNlYXJjaHwxfHxQb3J0YWJsZSUyME1lY2hhbmljYWwlMjBLZXlib2FyZHxlbnwwfHx8fDE3NzIyMjU4NzZ8MA&ixlib=rb-4.1.0&q=80&w=1080?utm_source=sse554_capstone&utm_medium=referral,Portable Mechanical Keyboard,Summit Gear Co.,"The Portable Mechanical Keyboard 198 by Summit Gear Co. delivers dependable performance with quality materials and thoughtful design. It is well suited for everyday use in the sports & outdoors category, offering a strong balance of value and functionality.",Sports & Outdoors,"Essential, Limited Edition, Premium, Durable, Portable",341.22,3.2,1618,1145,2020-09-18,"+dY1.4:bSP1,",Huy Phan,https://unsplash.com/@huyphan2602?utm_source=sse554_capstone&utm_medium=referral
https://images.unsplash.com/photo-1695712551608-b118cc5a39e4?crop=entropy&cs=tinysrgb&fit=max&fm=jpg&ixid=M3w4NzQxNTN8MHwxfHNlYXJjaHwxfHxFY28lMjBCbHVldG9vdGglMjBTcGVha2VyfGVufDB8fHx8MTc3MjIyNTgzNXww&ixlib=rb-4.1.0&q=80&w=1080?utm_source=sse554_capstone&utm_medium=referral,Eco Bluetooth Speaker,SilverLine Electronics,"The Eco Bluetooth Speaker 596 by SilverLine Electronics delivers dependable performance with quality materials and thoughtful design. It is well suited for everyday use in the office supplies category, offering a strong balance of value and functionality.",Office Supplies,"Lightweight, Bestseller, Compact, Waterproof, Rechargeable",331.56,4.7,4075,1877,2016-12-13,cO%Noyd(f7l_,Gomi,https://unsplash.com/@gomi_design?utm_source=sse554_capstone&utm_medium=referral
https://images.unsplash.com/photo-1757038490134-7131b8ba57f3?crop=entropy&cs=tinysrgb&fit=max&fm=jpg&ixid=M3w4NzQxNTN8MHwxfHNlYXJjaHwxfHxTbWFydCUyMEVsZWN0cmljJTIwS2V0dGxlfGVufDB8fHx8MTc3MjIyNTg4OXww&ixlib=rb-4.1.0&q=80&w=1080?utm_source=sse554_capstone&utm_medium=referral,Smart Electric Kettle,Summit Gear Co.,"The Smart Electric Kettle 193 by Summit Gear Co. delivers dependable performance with quality materials and thoughtful design. It is well suited for everyday use in the electronics category, offering a strong balance of value and functionality.",Electronics,"Rechargeable, Lightweight, Limited Edition, Versatile, Portable",145.91,3.2,8100,908,2023-12-30,"AR""Fk$pL:g,o",Vertex Designs,https://unsplash.com/@vertex_800?utm_source=sse554_capstone&utm_medium=referral
https://images.unsplash.com/photo-1601220363009-f7e66d095649?crop=entropy&cs=tinysrgb&fit=max&fm=jpg&ixid=M3w4NzQxNTN8MHwxfHNlYXJjaHwxfHxFY28lMjBTbWFydHBob25lJTIwU3RhbmR8ZW58MHx8fHwxNzcyMjI1ODU3fDA&ixlib=rb-4.1.0&q=80&w=1080?utm_source=sse554_capstone&utm_medium=referral,Eco Smartphone Stand,SilverLine Electronics,"The Eco Smartphone Stand 237 by SilverLine Electronics delivers dependable performance with quality materials and thoughtful design. It is well suited for everyday use in the electronics category, offering a strong balance of value and functionality.",Electronics,"Premium, Compact, Limited Edition, Portable, Bestseller",747.09,4.6,6589,880,2017-05-01,u2)Z'wHB'uI4,Hugo Sesma,https://unsplash.com/@h_u_g_e?utm_source=sse554_capstone&utm_medium=referral
https://images.unsplash.com/photo-1658700054661-84feecc48f84?crop=entropy&cs=tinysrgb&fit=max&fm=jpg&ixid=M3w4NzQxNTN8MHwxfHNlYXJjaHwxfHxDbGFzc2ljJTIwTWVjaGFuaWNhbCUyMEtleWJvYXJkfGVufDB8fHx8MTc3MjIyNTg2OXww&ixlib=rb-4.1.0&q=80&w=1080?utm_source=sse554_capstone&utm_medium=referral,Classic Mechanical Keyboard,BlueRiver Outfitters,"The Classic Mechanical Keyboard 187 by BlueRiver Outfitters delivers dependable performance with quality materials and thoughtful design. It is well suited for everyday use in the office supplies category, offering a strong balance of value and functionality.",Office Supplies,"Limited Edition, Durable, New Arrival, Premium, Ergonomic",324.76,4.1,9251,828,2020-10-01,A&f}6W\h7.!+,76,https://unsplash.com/@abishvijayan?utm_source=sse554_capstone&utm_medium=referral
https://images.unsplash.com/photo-1689610349731-94ae0e4c3892?crop=entropy&cs=tinysrgb&fit=max&fm=jpg&ixid=M3w4NzQxNTN8MHwxfHNlYXJjaHwxfHxDbGFzc2ljJTIwRWxlY3RyaWMlMjBLZXR0bGV8ZW58MHx8fHwxNzcyMjI1ODY3fDA&ixlib=rb-4.1.0&q=80&w=1080?utm_source=sse554_capstone&utm_medium=referral,Classic Electric Kettle,BlueRiver Outfitters,"The Classic Electric Kettle 571 by BlueRiver Outfitters delivers dependable performance with quality materials and thoughtful design. It is well suited for everyday use in the office supplies category, offering a strong balance of value and functionality.",Office Supplies,"Durable, Waterproof, Rechargeable, Modern, Ergonomic",113.9,1.1,7898,564,2019-06-19,>5Q0VS5i^"#U,Büşra Salkım,https://unsplash.com/@busgram?utm_source=sse554_capstone&utm_medium=referral
https://images.unsplash.com/photo-1733218430878-902cc0cff502?crop=entropy&cs=tinysrgb&fit=max&fm=jpg&ixid=M3w4NzQxNTN8MHwxfHNlYXJjaHwxfHxXaXJlbGVzcyUyMEFjdGlvbiUyMENhbWVyYXxlbnwwfHx8fDE3NzIyMjU4Njh8MA&ixlib=rb-4.1.0&q=80&w=1080?utm_source=sse554_capstone&utm_medium=referral,Wireless Action Camera,UrbanNest,"The Wireless Action Camera 279 by UrbanNest delivers dependable performance with quality materials and thoughtful design. It is well suited for everyday use in the office supplies category, offering a strong balance of value and functionality.",Office Supplies,"Compact, Essential, Portable, Bestseller, Versatile",572.09,3.0,5890,1383,2019-04-02,"^;Ot?2,)'3$f",Duc Van,https://unsplash.com/@duke91?utm_source=sse554_capstone&utm_medium=referral
https://images.unsplash.com/photo-1760443728230-b84a87381f8f?crop=entropy&cs=tinysrgb&fit=max&fm=jpg&ixid=M3w4NzQxNTN8MHwxfHNlYXJjaHwxfHxXaXJlbGVzcyUyMFNtYXJ0cGhvbmUlMjBTdGFuZHxlbnwwfHx8fDE3NzIyMjU4NjN8MA&ixlib=rb-4.1.0&q=80&w=1080?utm_source=sse554_capstone&utm_medium=referral,Wireless Smartphone Stand,UrbanNest,"The Wireless Smartphone Stand 539 by UrbanNest delivers dependable performance with quality materials and thoughtful design. It is well suited for everyday use in the electronics category, offering a strong balance of value and functionality.",Electronics,"Lightweight, Waterproof, Ergonomic, Giftable, Modern",74.58,3.8,4665,1946,2025-05-31,C=bDgO0?nVBO,Todd Jiang,https://unsplash.com/@toddjiang?utm_source=sse554_capstone&utm_medium=referral
https://images.unsplash.com/photo-1739001411231-4fc0f4140259?crop=entropy&cs=tinysrgb&fit=max&fm=jpg&ixid=M3w4NzQxNTN8MHwxfHNlYXJjaHwxfHxQb3J0YWJsZSUyMEdyYXBoaWMlMjBULVNoaXJ0fGVufDB8fHx8MTc3MjIyNTg2NXww&ixlib=rb-4.1.0&q=80&w=1080?utm_source=sse554_capstone&utm_medium=referral,Portable Graphic T-Shirt,SilverLine Electronics,"The Portable Graphic T-Shirt 750 by SilverLine Electronics delivers dependable performance with quality materials and thoughtful design. It is well suited for everyday use in the office supplies category, offering a strong balance of value and functionality.",Office Supplies,"New Arrival, Portable, Ergonomic, Giftable, Premium",366.04,4.1,41,1476,2024-08-26,"qX?^6Bqn,?@~",Jay Soundo,https://unsplash.com/@jaysoundo?utm_source=sse554_capstone&utm_medium=referral
https://images.unsplash.com/photo-1643385958950-8f0b8852171a?crop=entropy&cs=tinysrgb&fit=max&fm=jpg&ixid=M3w4NzQxNTN8MHwxfHNlYXJjaHwxfHxVbHRyYSUyMEJsdWV0b290aCUyMFNwZWFrZXJ8ZW58MHx8fHwxNzcyMjI1ODMzfDA&ixlib=rb-4.1.0&q=80&w=1080?utm_source=sse554_capstone&utm_medium=referral,Ultra Bluetooth Speaker,Horizon Tech,"The Ultra Bluetooth Speaker 234 by Horizon Tech delivers dependable performance with quality materials and thoughtful design. It is well suited for everyday use in the home & kitchen category, offering a strong balance of value and functionality.",Home & Kitchen,"Compact, Essential, Limited Edition, Portable, Ergonomic",786.9,2.6,8370,819,2018-06-22,zCt3!L)Xc'Y9,Suraj Kumar,https://unsplash.com/@surajjnv?utm_source=sse554_capstone&utm_medium=referral
https://images.unsplash.com/photo-1658423594131-870bc585a9f2?crop=entropy&cs=tinysrgb&fit=max&fm=jpg&ixid=M3w4NzQxNTN8MHwxfHNlYXJjaHwxfHxQcmVtaXVtJTIwTWVjaGFuaWNhbCUyMEtleWJvYXJkfGVufDB8fHx8MTc3MjIyNTg4NHww&ixlib=rb-4.1.0&q=80&w=1080?utm_source=sse554_capstone&utm_medium=referral,Premium Mechanical Keyboard,Summit Gear Co.,"The Premium Mechanical Keyboard 667 by Summit Gear Co. delivers dependable performance with quality materials and thoughtful design. It is well suited for everyday use in the sports & outdoors category, offering a strong balance of value and functionality.",Sports & Outdoors,"Bestseller, Compact, Lightweight, Portable, Waterproof",353.9,3.6,863,1344,2017-05-07,W{7S\*|2hAk),Leon-pascal Jc,https://unsplash.com/@themaker?utm_source=sse554_capstone&utm_medium=referral
https://images.unsplash.com/photo-1589256469067-ea99122bbdc4?crop=entropy&cs=tinysrgb&fit=max&fm=jpg&ixid=M3w4NzQxNTN8MHwxfHNlYXJjaHwxfHxQb3J0YWJsZSUyMEJsdWV0b290aCUyMFNwZWFrZXJ8ZW58MHx8fHwxNzcyMjI1ODI1fDA&ixlib=rb-4.1.0&q=80&w=1080?utm_source=sse554_capstone&utm_medium=referral,Portable Bluetooth Speaker,BrightLeaf Publishing,"The Portable Bluetooth Speaker 310 by BrightLeaf Publishing delivers dependable performance with quality materials and thoughtful design. It is well suited for everyday use in the home & kitchen category, offering a strong balance of value and functionality.",Home & Kitchen,"Rechargeable, Durable, Wireless, Bestseller, Premium",586.6,1.9,1199,1928,2019-02-15,53<|;}l9ujby,Habib Dadkhah,https://unsplash.com/@habibdadkhah?utm_source=sse554_capstone&utm_medium=referral
https://images.unsplash.com/photo-1766713993296-4b7ce61e9ace?crop=entropy&cs=tinysrgb&fit=max&fm=jpg&ixid=M3w4NzQxNTN8MHwxfHNlYXJjaHwxfHxQcmVtaXVtJTIwR2FtaW5nJTIwTW91c2V8ZW58MHx8fHwxNzcyMjI1ODQ2fDA&ixlib=rb-4.1.0&q=80&w=1080?utm_source=sse554_capstone&utm_medium=referral,Premium Gaming Mouse,Horizon Tech,"The Premium Gaming Mouse 785 by Horizon Tech delivers dependable performance with quality materials and thoughtful design. It is well suited for everyday use in the office supplies category, offering a strong balance of value and functionality.",Office Supplies,"Limited Edition, Bestseller, Ergonomic, Premium, Modern",378.57,3.3,623,902,2021-07-05,Mf8y2[7@6N7E,Dou Buhiu,https://unsplash.com/@doubuhi?utm_source=sse554_capstone&utm_medium=referral
https://images.unsplash.com/photo-1762341121032-510ad9df0ba6?crop=entropy&cs=tinysrgb&fit=max&fm=jpg&ixid=M3w4NzQxNTN8MHwxfHNlYXJjaHwxfHxBZHZhbmNlZCUyME9mZmljZSUyMENoYWlyfGVufDB8fHx8MTc3MjIyNTg4MXww&ixlib=rb-4.1.0&q=80&w=1080?utm_source=sse554_capstone&utm_medium=referral,Advanced Office Chair,NorthPeak,"The Advanced Office Chair 805 by NorthPeak delivers dependable performance with quality materials and thoughtful design. It is well suited for everyday use in the sports & outdoors category, offering a strong balance of value and functionality.",Sports & Outdoors,"Portable, Ergonomic, Rechargeable, Versatile, Giftable",385.49,1.6,5817,1359,2022-02-22,no?0A=Q!e]M*,Zulfugar Karimov,https://unsplash.com/@zulfugarkarimov?utm_source=sse554_capstone&utm_medium=referral
https://images.unsplash.com/photo-1762328498684-e597f4ceaa43?crop=entropy&cs=tinysrgb&fit=max&fm=jpg&ixid=M3w4NzQxNTN8MHwxfHNlYXJjaHwxfHxDb21wYWN0JTIwQmx1ZXRvb3RoJTIwU3BlYWtlcnxlbnwwfHx8fDE3NzIyMjU4NzV8MA&ixlib=rb-4.1.0&q=80&w=1080?utm_source=sse554_capstone&utm_medium=referral,Compact Bluetooth Speaker,UrbanNest,"The Compact Bluetooth Speaker 998 by UrbanNest delivers dependable performance with quality materials and thoughtful design. It is well suited for everyday use in the home & kitchen category, offering a strong balance of value and functionality.",Home & Kitchen,"Modern, Limited Edition, Premium, Rechargeable, Lightweight",259.28,3.7,9869,1940,2025-07-19,6zqw'__ggVE*,Zulfugar Karimov,https://unsplash.com/@zulfugarkarimov?utm_source=sse554_capstone&utm_medium=referral
https://images.unsplash.com/photo-1665525639666-33a0cc1f6ab0?crop=entropy&cs=tinysrgb&fit=max&fm=jpg&ixid=M3w4NzQxNTN8MHwxfHNlYXJjaHwxfHxQcm9mZXNzaW9uYWwlMjBOb2lzZSUyMENhbmNlbGxpbmclMjBIZWFkcGhvbmVzfGVufDB8fHx8MTc3MjIyNTg3Nnww&ixlib=rb-4.1.0&q=80&w=1080?utm_source=sse554_capstone&utm_medium=referral,Professional Noise Cancelling Headphones,BrightLeaf Publishing,"The Professional Noise Cancelling Headphones 620 by BrightLeaf Publishing delivers dependable performance with quality materials and thoughtful design. It is well suited for everyday use in the sports & outdoors category, offering a strong balance of value and functionality.",Sports & Outdoors,"Wireless, Rechargeable, Lightweight, Durable, Giftable",445.74,1.7,7006,1671,2018-07-10,p]i;5sV^/d];,Amr Taha™,https://unsplash.com/@amr_taha?utm_source=sse554_capstone&utm_medium=referral
https://images.unsplash.com/photo-1602539471306-66df545710e9?crop=entropy&cs=tinysrgb&fit=max&fm=jpg&ixid=M3w4NzQxNTN8MHwxfHNlYXJjaHwxfHxFY28lMjBDb29rYm9va3xlbnwwfHx8fDE3NzIyMjU4NzJ8MA&ixlib=rb-4.1.0&q=80&w=1080?utm_source=sse554_capstone&utm_medium=referral,Eco Cookbook,UrbanNest,"The Eco Cookbook 943 by UrbanNest delivers dependable performance with quality materials and thoughtful design. It is well suited for everyday use in the books category, offering a strong balance of value and functionality.",Books,"Versatile, Essential, Premium, Compact, Portable",568.41,4.0,7375,1214,2020-10-11,TKr3R>@Z}WA[,Paulina,https://unsplash.com/@cookbookdesigner?utm_source=sse554_capstone&utm_medium=referral
https://images.unsplash.com/photo-1616268198462-50a80c4785d0?crop=entropy&cs=tinysrgb&fit=max&fm=jpg&ixid=M3w4NzQxNTN8MHwxfHNlYXJjaHwxfHxDbGFzc2ljJTIwU3RhaW5sZXNzJTIwU3RlZWwlMjBXYXRlciUyMEJvdHRsZXxlbnwwfHx8fDE3NzIyMjU4NzF8MA&ixlib=rb-4.1.0&q=80&w=1080?utm_source=sse554_capstone&utm_medium=referral,Classic Stainless Steel Water Bottle,Maple Street Press,"The Classic Stainless Steel Water Bottle 679 by Maple Street Press delivers dependable performance with quality materials and thoughtful design. It is well suited for everyday use in the home & kitchen category, offering a strong balance of value and functionality.",Home & Kitchen,"Ergonomic, Waterproof, Modern, Limited Edition, Essential",189.59,4.4,9421,556,2020-01-20,O_5gBWz.GT)Y,Claudio Poggio,https://unsplash.com/@claudiopoggio?utm_source=sse554_capstone&utm_medium=referral
https://images.unsplash.com/photo-1586187543706-b43086b30978?crop=entropy&cs=tinysrgb&fit=max&fm=jpg&ixid=M3w4NzQxNTN8MHwxfHNlYXJjaHwxfHxFY28lMjBFeHRlcm5hbCUyMEhhcmQlMjBEcml2ZXxlbnwwfHx8fDE3NzIyMjU4ODN8MA&ixlib=rb-4.1.0&q=80&w=1080?utm_source=sse554_capstone&utm_medium=referral,Eco External Hard Drive,BlueRiver Outfitters,"The Eco External Hard Drive 138 by BlueRiver Outfitters delivers dependable performance with quality materials and thoughtful design. It is well suited for everyday use in the office supplies category, offering a strong balance of value and functionality.",Office Supplies,"Wireless, Giftable, Ergonomic, Portable, Modern",750.27,2.4,6394,1562,2025-01-15,St7ps]SNop<#,Everyday Basics,https://unsplash.com/@zanardi?utm_source=sse554_capstone&utm_medium=referral
https://images.unsplash.com/photo-1708513427809-728a7913fc9f?crop=entropy&cs=tinysrgb&fit=max&fm=jpg&ixid=M3w4NzQxNTN8MHwxfHNlYXJjaHwxfHxQcm9mZXNzaW9uYWwlMjBMRUQlMjBEZXNrJTIwTGFtcHxlbnwwfHx8fDE3NzIyMjU4Mjd8MA&ixlib=rb-4.1.0&q=80&w=1080?utm_source=sse554_capstone&utm_medium=referral,Professional LED Desk Lamp,Maple Street Press,"The Professional LED Desk Lamp 794 by Maple Street Press delivers dependable performance with quality materials and thoughtful design. It is well suited for everyday use in the books category, offering a strong balance of value and functionality.",Books,"Compact, Ergonomic, Bestseller, Giftable, Lightweight",68.32,1.8,9354,195,2025-09-07,DL*nN:/e$cq|,Uwukuri Emery,https://unsplash.com/@uwukuriemery?utm_source=sse554_capstone&utm_medium=referral
https://images.unsplash.com/photo-1758577515333-e71b713059f1?crop=entropy&cs=tinysrgb&fit=max&fm=jpg&ixid=M3w4NzQxNTN8MHwxfHNlYXJjaHwxfHxDb21wYWN0JTIwRml0bmVzcyUyMFRyYWNrZXJ8ZW58MHx8fHwxNzcyMjI1ODQxfDA&ixlib=rb-4.1.0&q=80&w=1080?utm_source=sse554_capstone&utm_medium=referral,Compact Fitness Tracker,Summit Gear Co.,"The Compact Fitness Tracker 780 by Summit Gear Co. delivers dependable performance with quality materials and thoughtful design. It is well suited for everyday use in the sports & outdoors category, offering a strong balance of value and functionality.",Sports & Outdoors,"Waterproof, Modern, New Arrival, Compact, Ergonomic",685.96,2.2,3832,88,2017-05-13,B}liibqC@I'y,Andrey Matveev,https://unsplash.com/@zelebb?utm_source=sse554_capstone&utm_medium=referral
https://images.unsplash.com/photo-1741190745018-52958e1bbdd8?crop=entropy&cs=tinysrgb&fit=max&fm=jpg&ixid=M3w4NzQxNTN8MHwxfHNlYXJjaHwxfHxXaXJlbGVzcyUyMEV4dGVybmFsJTIwSGFyZCUyMERyaXZlfGVufDB8fHx8MTc3MjIyNTg4Mnww&ixlib=rb-4.1.0&q=80&w=1080?utm_source=sse554_capstone&utm_medium=referral,Wireless External Hard Drive,UrbanNest,"The Wireless External Hard Drive 961 by UrbanNest delivers dependable performance with quality materials and thoughtful design. It is well suited for everyday use in the sports & outdoors category, offering a strong balance of value and functionality.",Sports & Outdoors,"Portable, Giftable, Waterproof, Ergonomic, Rechargeable",66.95,4.2,6655,563,2019-03-30,z|`J-$<d7qJ0,Mert Yüce,https://unsplash.com/@mcyce?utm_source=sse554_capstone&utm_medium=referral
https://images.unsplash.com/photo-1601220363009-f7e66d095649?crop=entropy&cs=tinysrgb&fit=max&fm=jpg&ixid=M3w4NzQxNTN8MHwxfHNlYXJjaHwxfHxFY28lMjBTbWFydHBob25lJTIwU3RhbmR8ZW58MHx8fHwxNzcyMjI1ODU3fDA&ixlib=rb-4.1.0&q=80&w=1080?utm_source=sse554_capstone&utm_medium=referral,Eco Smartphone Stand,SilverLine Electronics,"The Eco Smartphone Stand 949 by SilverLine Electronics delivers dependable performance with quality materials and thoughtful design. It is well suited for everyday use in the clothing category, offering a strong balance of value and functionality.",Clothing,"Giftable, Bestseller, Compact, Limited Edition, Lightweight",140.76,1.9,8288,591,2020-02-01,)31G.DWyU>3b,Hugo Sesma,https://unsplash.com/@h_u_g_e?utm_source=sse554_capstone&utm_medium=referral
https://images.unsplash.com/photo-1495563125611-fa99f0cd529f?crop=entropy&cs=tinysrgb&fit=max&fm=jpg&ixid=M3w4NzQxNTN8MHwxfHNlYXJjaHwxfHxQcmVtaXVtJTIwNEslMjBNb25pdG9yfGVufDB8fHx8MTc3MjIyNTgzOHww&ixlib=rb-4.1.0&q=80&w=1080?utm_source=sse554_capstone&utm_medium=referral,Premium 4K Monitor,BrightLeaf Publishing,"The Premium 4K Monitor 367 by BrightLeaf Publishing delivers dependable performance with quality materials and thoughtful design. It is well suited for everyday use in the clothing category, offering a strong balance of value and functionality.",Clothing,"Bestseller, Essential, Giftable, Ergonomic, Limited Edition",240.13,3.5,9472,967,2020-06-08,"V!7a^PI,O;gu",Julian O'hayon,https://unsplash.com/@anckor?utm_source=sse554_capstone&utm_medium=referral
https://images.unsplash.com/photo-1523730647456-cc896ae6243a?crop=entropy&cs=tinysrgb&fit=max&fm=jpg&ixid=M3w4NzQxNTN8MHwxfHNlYXJjaHwxfHxDbGFzc2ljJTIwUnVubmluZyUyMFNob2VzfGVufDB8fHx8MTc3MjIyNTg2Nnww&ixlib=rb-4.1.0&q=80&w=1080?utm_source=sse554_capstone&utm_medium=referral,Classic Running Shoes,Horizon Tech,"The Classic Running Shoes 137 by Horizon Tech delivers dependable performance with quality materials and thoughtful design. It is well suited for everyday use in the sports & outdoors category, offering a strong balance of value and functionality.",Sports & Outdoors,"Rechargeable, Premium, Versatile, Compact, Durable",410.04,4.2,4095,1380,2018-01-11,4cL"Tpfbay!{,Jeroen Den Otter,https://unsplash.com/@jeroendenotter?utm_source=sse554_capstone&utm_medium=referral
https://images.unsplash.com/photo-1579528542333-4148f1769c35?crop=entropy&cs=tinysrgb&fit=max&fm=jpg&ixid=M3w4NzQxNTN8MHwxfHNlYXJjaHwxfHxQcm9mZXNzaW9uYWwlMjBSdW5uaW5nJTIwU2hvZXN8ZW58MHx8fHwxNzcyMjI1ODMyfDA&ixlib=rb-4.1.0&q=80&w=1080?utm_source=sse554_capstone&utm_medium=referral,Professional Running Shoes,BrightLeaf Publishing,"The Professional Running Shoes 661 by BrightLeaf Publishing delivers dependable performance with quality materials and thoughtful design. It is well suited for everyday use in the clothing category, offering a strong balance of value and functionality.",Clothing,"Wireless, Limited Edition, Premium, Compact, Bestseller",560.59,1.1,7449,108,2018-06-18,>1"p8NHs+[DO,Carl Barcelo,https://unsplash.com/@barcelocarl?utm_source=sse554_capstone&utm_medium=referral
https://images.unsplash.com/photo-1758348844371-dfbae2780bd3?crop=entropy&cs=tinysrgb&fit=max&fm=jpg&ixid=M3w4NzQxNTN8MHwxfHNlYXJjaHwxfHxVbHRyYSUyMEZpdG5lc3MlMjBUcmFja2VyfGVufDB8fHx8MTc3MjIyNTg2MXww&ixlib=rb-4.1.0&q=80&w=1080?utm_source=sse554_capstone&utm_medium=referral,Ultra Fitness Tracker,NorthPeak,"The Ultra Fitness Tracker 132 by NorthPeak delivers dependable performance with quality materials and thoughtful design. It is well suited for everyday use in the electronics category, offering a strong balance of value and functionality.",Electronics,"Modern, Waterproof, Premium, New Arrival, Portable",155.1,1.3,3120,1143,2020-10-11,"M*/482KRI[^,",Sam Grozyan,https://unsplash.com/@ijeunes?utm_source=sse554_capstone&utm_medium=referral
https://images.unsplash.com/photo-1689610349731-94ae0e4c3892?crop=entropy&cs=tinysrgb&fit=max&fm=jpg&ixid=M3w4NzQxNTN8MHwxfHNlYXJjaHwxfHxDbGFzc2ljJTIwRWxlY3RyaWMlMjBLZXR0bGV8ZW58MHx8fHwxNzcyMjI1ODY3fDA&ixlib=rb-4.1.0&q=80&w=1080?utm_source=sse554_capstone&utm_medium=referral,Classic Electric Kettle,BrightLeaf Publishing,"The Classic Electric Kettle 697 by BrightLeaf Publishing delivers dependable performance with quality materials and thoughtful design. It is well suited for everyday use in the sports & outdoors category, offering a strong balance of value and functionality.",Sports & Outdoors,"Essential, Compact, New Arrival, Bestseller, Durable",717.93,3.3,322,704,2016-02-17,W*At@3=iP697,Büşra Salkım,https://unsplash.com/@busgram?utm_source=sse554_capstone&utm_medium=referral
https://images.unsplash.com/photo-1566533893210-134327eb8967?crop=entropy&cs=tinysrgb&fit=max&fm=jpg&ixid=M3w4NzQxNTN8MHwxfHNlYXJjaHwxfHxDbGFzc2ljJTIwTm9pc2UlMjBDYW5jZWxsaW5nJTIwSGVhZHBob25lc3xlbnwwfHx8fDE3NzIyMjU4ODN8MA&ixlib=rb-4.1.0&q=80&w=1080?utm_source=sse554_capstone&utm_medium=referral,Classic Noise Cancelling Headphones,SilverLine Electronics,"The Classic Noise Cancelling Headphones 997 by SilverLine Electronics delivers dependable performance with quality materials and thoughtful design. It is well suited for everyday use in the home & kitchen category, offering a strong balance of value and functionality.",Home & Kitchen,"Rechargeable, Waterproof, Durable, Portable, Ergonomic",443.41,2.4,1270,535,2025-05-16,0Q+ig}Og}/];,Dev Asangbam,https://unsplash.com/@devasangbam?utm_source=sse554_capstone&utm_medium=referral
https://images.unsplash.com/photo-1522844123782-9547a63eb28b?crop=entropy&cs=tinysrgb&fit=max&fm=jpg&ixid=M3w4NzQxNTN8MHwxfHNlYXJjaHwxfHxXaXJlbGVzcyUyMFlvZ2ElMjBNYXR8ZW58MHx8fHwxNzcyMjI1ODc1fDA&ixlib=rb-4.1.0&q=80&w=1080?utm_source=sse554_capstone&utm_medium=referral,Wireless Yoga Mat,NorthPeak,"The Wireless Yoga Mat 659 by NorthPeak delivers dependable performance with quality materials and thoughtful design. It is well suited for everyday use in the books category, offering a strong balance of value and functionality.",Books,"Bestseller, Limited Edition, Giftable, Modern, Portable",483.17,3.7,3809,1992,2017-08-11,R`QqR`[T;Ewd,Alan Ko,https://unsplash.com/@iyunmai?utm_source=sse554_capstone&utm_medium=referral
https://images.unsplash.com/photo-1633450083431-a111627f6df2?crop=entropy&cs=tinysrgb&fit=max&fm=jpg&ixid=M3w4NzQxNTN8MHwxfHNlYXJjaHwxfHxQcmVtaXVtJTIwRWxlY3RyaWMlMjBLZXR0bGV8ZW58MHx8fHwxNzcyMjI1ODgwfDA&ixlib=rb-4.1.0&q=80&w=1080?utm_source=sse554_capstone&utm_medium=referral,Premium Electric Kettle,BlueRiver Outfitters,"The Premium Electric Kettle 255 by BlueRiver Outfitters delivers dependable performance with quality materials and thoughtful design. It is well suited for everyday use in the home & kitchen category, offering a strong balance of value and functionality.",Home & Kitchen,"Premium, Waterproof, Durable, Portable, Giftable",312.49,1.1,2471,944,2022-03-06,L5u.Ic<a;tsV,Hassan Esfahani,https://unsplash.com/@hassanesfahani?utm_source=sse554_capstone&utm_medium=referral
https://images.unsplash.com/photo-1760278041943-8b2ccec1e9e2?crop=entropy&cs=tinysrgb&fit=max&fm=jpg&ixid=M3w4NzQxNTN8MHwxfHNlYXJjaHwxfHxTbWFydCUyMEdhbWluZyUyME1vdXNlfGVufDB8fHx8MTc3MjIyNTgyNnww&ixlib=rb-4.1.0&q=80&w=1080?utm_source=sse554_capstone&utm_medium=referral,Smart Gaming Mouse,UrbanNest,"The Smart Gaming Mouse 815 by UrbanNest delivers dependable performance with quality materials and thoughtful design. It is well suited for everyday use in the office supplies category, offering a strong balance of value and functionality.",Office Supplies,"Modern, Bestseller, Durable, Portable, Ergonomic",672.5,2.8,8139,1744,2024-06-12,mofc]C&;DGJC,Matúš Gocman,https://unsplash.com/@matgocman?utm_source=sse554_capstone&utm_medium=referral
https://images.unsplash.com/photo-1701318134643-89f62a0d78f9?crop=entropy&cs=tinysrgb&fit=max&fm=jpg&ixid=M3w4NzQxNTN8MHwxfHNlYXJjaHwxfHxFY28lMjA0SyUyME1vbml0b3J8ZW58MHx8fHwxNzcyMjI1ODMxfDA&ixlib=rb-4.1.0&q=80&w=1080?utm_source=sse554_capstone&utm_medium=referral,Eco 4K Monitor,Horizon Tech,"The Eco 4K Monitor 954 by Horizon Tech delivers dependable performance with quality materials and thoughtful design. It is well suited for everyday use in the books category, offering a strong balance of value and functionality.",Books,"Premium, Waterproof, Lightweight, Bestseller, Modern",326.56,1.0,8074,856,2019-03-10,T;gs_#t[D-K?,Trần Quang Phú,https://unsplash.com/@tranquangphu?utm_source=sse554_capstone&utm_medium=referral
https://images.unsplash.com/photo-1567787758801-42c8b5e28e01?crop=entropy&cs=tinysrgb&fit=max&fm=jpg&ixid=M3w4NzQxNTN8MHwxfHNlYXJjaHwxfHxVbHRyYSUyME5vaXNlJTIwQ2FuY2VsbGluZyUyMEhlYWRwaG9uZXN8ZW58MHx8fHwxNzcyMjI1ODU3fDA&ixlib=rb-4.1.0&q=80&w=1080?utm_source=sse554_capstone&utm_medium=referral,Ultra Noise Cancelling Headphones,Horizon Tech,"The Ultra Noise Cancelling Headphones 884 by Horizon Tech delivers dependable performance with quality materials and thoughtful design. It is well suited for everyday use in the home & kitchen category, offering a strong balance of value and functionality.",Home & Kitchen,"Compact, Versatile, Giftable, New Arrival, Rechargeable",111.86,2.9,6103,299,2020-07-29,"S_&UL,j$5=QZ",Pacha パチャ Shot’s,https://unsplash.com/@pacha_raw?utm_source=sse554_capstone&utm_medium=referral
https://images.unsplash.com/photo-1738101001619-f0fd42ceafb0?crop=entropy&cs=tinysrgb&fit=max&fm=jpg&ixid=M3w4NzQxNTN8MHwxfHNlYXJjaHwxfHxFY28lMjBFbGVjdHJpYyUyMEtldHRsZXxlbnwwfHx8fDE3NzIyMjU4NTV8MA&ixlib=rb-4.1.0&q=80&w=1080?utm_source=sse554_capstone&utm_medium=referral,Eco Electric Kettle,SilverLine Electronics,"The Eco Electric Kettle 687 by SilverLine Electronics delivers dependable performance with quality materials and thoughtful design. It is well suited for everyday use in the home & kitchen category, offering a strong balance of value and functionality.",Home & Kitchen,"Bestseller, Waterproof, Modern, Durable, Essential",121.84,3.2,8813,194,2019-01-28,1[3`54[\JR3i,Haberdoedas,https://unsplash.com/@haberdoedas?utm_source=sse554_capstone&utm_medium=referral
https://images.unsplash.com/photo-1758577515333-e71b713059f1?crop=entropy&cs=tinysrgb&fit=max&fm=jpg&ixid=M3w4NzQxNTN8MHwxfHNlYXJjaHwxfHxDb21wYWN0JTIwRml0bmVzcyUyMFRyYWNrZXJ8ZW58MHx8fHwxNzcyMjI1ODQxfDA&ixlib=rb-4.1.0&q=80&w=1080?utm_source=sse554_capstone&utm_medium=referral,Compact Fitness Tracker,NorthPeak,"The Compact Fitness Tracker 478 by NorthPeak delivers dependable performance with quality materials and thoughtful design. It is well suited for everyday use in the home & kitchen category, offering a strong balance of value and functionality.",Home & Kitchen,"Wireless, Giftable, Durable, Premium, Lightweight",244.09,2.1,4425,504,2025-01-14,5(fsM['`=c[X,Andrey Matveev,https://unsplash.com/@zelebb?utm_source=sse554_capstone&utm_medium=referral
https://images.unsplash.com/photo-1754821305530-8e3c7b8deda2?crop=entropy&cs=tinysrgb&fit=max&fm=jpg&ixid=M3w4NzQxNTN8MHwxfHNlYXJjaHwxfHxXaXJlbGVzcyUyMEZpdG5lc3MlMjBUcmFja2VyfGVufDB8fHx8MTc3MjIyNTg0Nnww&ixlib=rb-4.1.0&q=80&w=1080?utm_source=sse554_capstone&utm_medium=referral,Wireless Fitness Tracker,BlueRiver Outfitters,"The Wireless Fitness Tracker 537 by BlueRiver Outfitters delivers dependable performance with quality materials and thoughtful design. It is well suited for everyday use in the sports & outdoors category, offering a strong balance of value and functionality.",Sports & Outdoors,"Giftable, Compact, New Arrival, Limited Edition, Portable",444.28,1.3,3470,1458,2021-09-27,YR1e*R^tEOrH,Andrey Matveev,https://unsplash.com/@zelebb?utm_source=sse554_capstone&utm_medium=referral
https://images.unsplash.com/photo-1765914448164-de1e22b7fa02?crop=entropy&cs=tinysrgb&fit=max&fm=jpg&ixid=M3w4NzQxNTN8MHwxfHNlYXJjaHwxfHxBZHZhbmNlZCUyMFJ1bm5pbmclMjBTaG9lc3xlbnwwfHx8fDE3NzIyMjU4NDd8MA&ixlib=rb-4.1.0&q=80&w=1080?utm_source=sse554_capstone&utm_medium=referral,Advanced Running Shoes,NorthPeak,"The Advanced Running Shoes 272 by NorthPeak delivers dependable performance with quality materials and thoughtful design. It is well suited for everyday use in the home & kitchen category, offering a strong balance of value and functionality.",Home & Kitchen,"Compact, Portable, Modern, Essential, Giftable",439.92,3.5,774,1998,2021-01-17,"###K&#./,2mS",Taylor Friehl,https://unsplash.com/@taylor_friehl?utm_source=sse554_capstone&utm_medium=referral
https://images.unsplash.com/photo-1660084161327-84cb724beae5?crop=entropy&cs=tinysrgb&fit=max&fm=jpg&ixid=M3w4NzQxNTN8MHwxfHNlYXJjaHwxfHxDbGFzc2ljJTIwQmx1ZXRvb3RoJTIwU3BlYWtlcnxlbnwwfHx8fDE3NzIyMjU4MzR8MA&ixlib=rb-4.1.0&q=80&w=1080?utm_source=sse554_capstone&utm_medium=referral,Classic Bluetooth Speaker,BrightLeaf Publishing,"The Classic Bluetooth Speaker 860 by BrightLeaf Publishing delivers dependable performance with quality materials and thoughtful design. It is well suited for everyday use in the sports & outdoors category, offering a strong balance of value and functionality.",Sports & Outdoors,"Lightweight, Bestseller, Wireless, Modern, Premium",47.61,4.5,1826,1487,2018-03-03,-2bKM>P"pid(,Bridecka Hughes,https://unsplash.com/@brideckahughes?utm_source=sse554_capstone&utm_medium=referral
https://images.unsplash.com/photo-1767570867725-8e172fe718bf?crop=entropy&cs=tinysrgb&fit=max&fm=jpg&ixid=M3w4NzQxNTN8MHwxfHNlYXJjaHwxfHxQcmVtaXVtJTIwR3JhcGhpYyUyMFQtU2hpcnR8ZW58MHx8fHwxNzcyMjI1ODg2fDA&ixlib=rb-4.1.0&q=80&w=1080?utm_source=sse554_capstone&utm_medium=referral,Premium Graphic T-Shirt,BrightLeaf Publishing,"The Premium Graphic T-Shirt 196 by BrightLeaf Publishing delivers dependable performance with quality materials and thoughtful design. It is well suited for everyday use in the books category, offering a strong balance of value and functionality.",Books,"New Arrival, Rechargeable, Limited Edition, Essential, Versatile",230.75,1.8,4963,1446,2020-09-11,#w1&FI{w)7;",Ace Maxwell,https://unsplash.com/@acemaxwell?utm_source=sse554_capstone&utm_medium=referral
https://images.unsplash.com/photo-1523730647456-cc896ae6243a?crop=entropy&cs=tinysrgb&fit=max&fm=jpg&ixid=M3w4NzQxNTN8MHwxfHNlYXJjaHwxfHxDbGFzc2ljJTIwUnVubmluZyUyMFNob2VzfGVufDB8fHx8MTc3MjIyNTg2Nnww&ixlib=rb-4.1.0&q=80&w=1080?utm_source=sse554_capstone&utm_medium=referral,Classic Running Shoes,BrightLeaf Publishing,"The Classic Running Shoes 814 by BrightLeaf Publishing delivers dependable performance with quality materials and thoughtful design. It is well suited for everyday use in the home & kitchen category, offering a strong balance of value and functionality.",Home & Kitchen,"Compact, Wireless, Rechargeable, Premium, Limited Edition",502.49,4.2,24,696,2025-10-21,]%eoWb%Ewx.l,Jeroen Den Otter,https://unsplash.com/@jeroendenotter?utm_source=sse554_capstone&utm_medium=referral
https://images.unsplash.com/photo-1760730965577-64d5c3c5a29e?crop=entropy&cs=tinysrgb&fit=max&fm=jpg&ixid=M3w4NzQxNTN8MHwxfHNlYXJjaHwxfHxBZHZhbmNlZCUyMEdyYXBoaWMlMjBULVNoaXJ0fGVufDB8fHx8MTc3MjIyNTgzOXww&ixlib=rb-4.1.0&q=80&w=1080?utm_source=sse554_capstone&utm_medium=referral,Advanced Graphic T-Shirt,BrightLeaf Publishing,"The Advanced Graphic T-Shirt 875 by BrightLeaf Publishing delivers dependable performance with quality materials and thoughtful design. It is well suited for everyday use in the sports & outdoors category, offering a strong balance of value and functionality.",Sports & Outdoors,"Premium, Bestseller, Lightweight, Portable, Ergonomic",187.16,2.6,4423,1124,2024-02-01,N<H]^doP3jsF,Lhon Karwan,https://unsplash.com/@lhonkarwanhamasalih?utm_source=sse554_capstone&utm_medium=referral
https://images.unsplash.com/photo-1745256375848-1d599594635d?crop=entropy&cs=tinysrgb&fit=max&fm=jpg&ixid=M3w4NzQxNTN8MHwxfHNlYXJjaHwxfHxTbWFydCUyMEZpdG5lc3MlMjBUcmFja2VyfGVufDB8fHx8MTc3MjIyNTg3OHww&ixlib=rb-4.1.0&q=80&w=1080?utm_source=sse554_capstone&utm_medium=referral,Smart Fitness Tracker,SilverLine Electronics,"The Smart Fitness Tracker 920 by SilverLine Electronics delivers dependable performance with quality materials and thoughtful design. It is well suited for everyday use in the office supplies category, offering a strong balance of value and functionality.",Office Supplies,"Durable, New Arrival, Rechargeable, Essential, Ergonomic",195.84999,2.8,1080,400,2024-01-10,":+c2l7,*&x'T",Kelsey Todd,https://unsplash.com/@sparkledump?utm_source=sse554_capstone&utm_medium=referral
https://images.unsplash.com/photo-1665525639666-33a0cc1f6ab0?crop=entropy&cs=tinysrgb&fit=max&fm=jpg&ixid=M3w4NzQxNTN8MHwxfHNlYXJjaHwxfHxQcm9mZXNzaW9uYWwlMjBOb2lzZSUyMENhbmNlbGxpbmclMjBIZWFkcGhvbmVzfGVufDB8fHx8MTc3MjIyNTg3Nnww&ixlib=rb-4.1.0&q=80&w=1080?utm_source=sse554_capstone&utm_medium=referral,Professional Noise Cancelling Headphones,SilverLine Electronics,"The Professional Noise Cancelling Headphones 812 by SilverLine Electronics delivers dependable performance with quality materials and thoughtful design. It is well suited for everyday use in the home & kitchen category, offering a strong balance of value and functionality.",Home & Kitchen,"Giftable, Portable, Durable, Ergonomic, Compact",322.32,3.6,6068,1393,2017-05-11,N`c\v%MVdcw%,Amr Taha™,https://unsplash.com/@amr_taha?utm_source=sse554_capstone&utm_medium=referral
https://images.unsplash.com/photo-1768332487888-326fa7dabbf2?crop=entropy&cs=tinysrgb&fit=max&fm=jpg&ixid=M3w4NzQxNTN8MHwxfHNlYXJjaHwxfHxQcmVtaXVtJTIwQ29va2Jvb2t8ZW58MHx8fHwxNzcyMjI1ODQ3fDA&ixlib=rb-4.1.0&q=80&w=1080?utm_source=sse554_capstone&utm_medium=referral,Premium Cookbook,BrightLeaf Publishing,"The Premium Cookbook 412 by BrightLeaf Publishing delivers dependable performance with quality materials and thoughtful design. It is well suited for everyday use in the home & kitchen category, offering a strong balance of value and functionality.",Home & Kitchen,"Giftable, Portable, Essential, Durable, Wireless",435.8,4.5,1633,732,2023-06-05,?ao-$?I@a>@4,Kamilla Isalieva,https://unsplash.com/@kamillaisalieva?utm_source=sse554_capstone&utm_medium=referral
https://images.unsplash.com/photo-1765332374240-5743e37e0341?crop=entropy&cs=tinysrgb&fit=max&fm=jpg&ixid=M3w4NzQxNTN8MHwxfHNlYXJjaHwxfHxFY28lMjBHYW1pbmclMjBNb3VzZXxlbnwwfHx8fDE3NzIyMjU4Njl8MA&ixlib=rb-4.1.0&q=80&w=1080?utm_source=sse554_capstone&utm_medium=referral,Eco Gaming Mouse,BlueRiver Outfitters,"The Eco Gaming Mouse 677 by BlueRiver Outfitters delivers dependable performance with quality materials and thoughtful design. It is well suited for everyday use in the books category, offering a strong balance of value and functionality.",Books,"Limited Edition, Waterproof, New Arrival, Portable, Essential",393.16,1.1,3031,695,2016-01-13,Kog%lIC42rcu,Mo B.h,https://unsplash.com/@moha_95?utm_source=sse554_capstone&utm_medium=referral
https://images.unsplash.com/photo-1690455422058-156a39f18a0a?crop=entropy&cs=tinysrgb&fit=max&fm=jpg&ixid=M3w4NzQxNTN8MHwxfHNlYXJjaHwxfHxQcmVtaXVtJTIwQmx1ZXRvb3RoJTIwU3BlYWtlcnxlbnwwfHx8fDE3NzIyMjU4NDN8MA&ixlib=rb-4.1.0&q=80&w=1080?utm_source=sse554_capstone&utm_medium=referral,Premium Bluetooth Speaker,NorthPeak,"The Premium Bluetooth Speaker 564 by NorthPeak delivers dependable performance with quality materials and thoughtful design. It is well suited for everyday use in the clothing category, offering a strong balance of value and functionality.",Clothing,"Lightweight, Modern, New Arrival, Bestseller, Giftable",360.91,3.4,5499,924,2016-07-22,@giMd@dEi1h(,Sayan Majhi,https://unsplash.com/@minimalsayan?utm_source=sse554_capstone&utm_medium=referral
https://images.unsplash.com/photo-1748017185912-c2a467989758?crop=entropy&cs=tinysrgb&fit=max&fm=jpg&ixid=M3w4NzQxNTN8MHwxfHNlYXJjaHwxfHxDb21wYWN0JTIwQ29va2Jvb2t8ZW58MHx8fHwxNzcyMjI1ODMyfDA&ixlib=rb-4.1.0&q=80&w=1080?utm_source=sse554_capstone&utm_medium=referral,Compact Cookbook,Summit Gear Co.,"The Compact Cookbook 683 by Summit Gear Co. delivers dependable performance with quality materials and thoughtful design. It is well suited for everyday use in the sports & outdoors category, offering a strong balance of value and functionality.",Sports & Outdoors,"Premium, Essential, Durable, Lightweight, Waterproof",239.54,2.9,6912,1302,2020-02-28,6d9]}{Sw2fOm,Harrison Chang,https://unsplash.com/@harrisonchang?utm_source=sse554_capstone&utm_medium=referral
https://images.unsplash.com/photo-1646614871839-881108ea8407?crop=entropy&cs=tinysrgb&fit=max&fm=jpg&ixid=M3w4NzQxNTN8MHwxfHNlYXJjaHwxfHxDbGFzc2ljJTIwU2NpZW5jZSUyMEZpY3Rpb24lMjBOb3ZlbHxlbnwwfHx8fDE3NzIyMjU4Mzl8MA&ixlib=rb-4.1.0&q=80&w=1080?utm_source=sse554_capstone&utm_medium=referral,Classic Science Fiction Novel,BlueRiver Outfitters,"The Classic Science Fiction Novel 823 by BlueRiver Outfitters delivers dependable performance with quality materials and thoughtful design. It is well suited for everyday use in the home & kitchen category, offering a strong balance of value and functionality.",Home & Kitchen,"Ergonomic, Premium, Compact, Essential, New Arrival",600.56,4.5,8360,756,2018-01-05,8[k97XpK)/ig,And Machines,https://unsplash.com/@and_machines?utm_source=sse554_capstone&utm_medium=referral
https://images.unsplash.com/photo-1651599732956-88af9a1f2810?crop=entropy&cs=tinysrgb&fit=max&fm=jpg&ixid=M3w4NzQxNTN8MHwxfHNlYXJjaHwxfHxBZHZhbmNlZCUyMEdhbWluZyUyME1vdXNlfGVufDB8fHx8MTc3MjIyNTgyNXww&ixlib=rb-4.1.0&q=80&w=1080?utm_source=sse554_capstone&utm_medium=referral,Advanced Gaming Mouse,BrightLeaf Publishing,"The Advanced Gaming Mouse 996 by BrightLeaf Publishing delivers dependable performance with quality materials and thoughtful design. It is well suited for everyday use in the home & kitchen category, offering a strong balance of value and functionality.",Home & Kitchen,"Compact, New Arrival, Rechargeable, Waterproof, Limited Edition",333.55,2.2,2236,418,2024-12-20,0j_*8e{Q!g-|,Fitnish Media,https://unsplash.com/@fitnish?utm_source=sse554_capstone&utm_medium=referral
https://images.unsplash.com/photo-1766713993296-4b7ce61e9ace?crop=entropy&cs=tinysrgb&fit=max&fm=jpg&ixid=M3w4NzQxNTN8MHwxfHNlYXJjaHwxfHxQcmVtaXVtJTIwR2FtaW5nJTIwTW91c2V8ZW58MHx8fHwxNzcyMjI1ODQ2fDA&ixlib=rb-4.1.0&q=80&w=1080?utm_source=sse554_capstone&utm_medium=referral,Premium Gaming Mouse,BrightLeaf Publishing,"The Premium Gaming Mouse 911 by BrightLeaf Publishing delivers dependable performance with quality materials and thoughtful design. It is well suited for everyday use in the clothing category, offering a strong balance of value and functionality.",Clothing,"Essential, Rechargeable, Wireless, Compact, New Arrival",293.88,4.8,7403,1581,2021-11-30,=^AmJ"#6~qNO,Dou Buhiu,https://unsplash.com/@doubuhi?utm_source=sse554_capstone&utm_medium=referral
https://images.unsplash.com/photo-1674303324806-7018a739ed11?crop=entropy&cs=tinysrgb&fit=max&fm=jpg&ixid=M3w4NzQxNTN8MHwxfHNlYXJjaHwxfHxXaXJlbGVzcyUyMEJsdWV0b290aCUyMFNwZWFrZXJ8ZW58MHx8fHwxNzcyMjI1ODQ2fDA&ixlib=rb-4.1.0&q=80&w=1080?utm_source=sse554_capstone&utm_medium=referral,Wireless Bluetooth Speaker,SilverLine Electronics,"The Wireless Bluetooth Speaker 890 by SilverLine Electronics delivers dependable performance with quality materials and thoughtful design. It is well suited for everyday use in the books category, offering a strong balance of value and functionality.",Books,"Waterproof, Durable, Essential, Modern, Lightweight",147.43,3.5,9663,437,2024-10-02,%hk)Ihg4m]&O,Andrey Matveev,https://unsplash.com/@zelebb?utm_source=sse554_capstone&utm_medium=referral
https://images.unsplash.com/photo-1766713993296-4b7ce61e9ace?crop=entropy&cs=tinysrgb&fit=max&fm=jpg&ixid=M3w4NzQxNTN8MHwxfHNlYXJjaHwxfHxQb3J0YWJsZSUyMEdhbWluZyUyME1vdXNlfGVufDB8fHx8MTc3MjIyNTgyNXww&ixlib=rb-4.1.0&q=80&w=1080?utm_source=sse554_capstone&utm_medium=referral,Portable Gaming Mouse,BrightLeaf Publishing,"The Portable Gaming Mouse 316 by BrightLeaf Publishing delivers dependable performance with quality materials and thoughtful design. It is well suited for everyday use in the home & kitchen category, offering a strong balance of value and functionality.",Home & Kitchen,"Modern, New Arrival, Essential, Limited Edition, Wireless",643.23,2.3,9345,650,2023-06-06,-C^AEa.Ar{E?,Dou Buhiu,https://unsplash.com/@doubuhi?utm_source=sse554_capstone&utm_medium=referral
https://images.unsplash.com/photo-1637437411826-bab0dc76a310?crop=entropy&cs=tinysrgb&fit=max&fm=jpg&ixid=M3w4NzQxNTN8MHwxfHNlYXJjaHwxfHxQcmVtaXVtJTIwUnVubmluZyUyMFNob2VzfGVufDB8fHx8MTc3MjIyNTgzMHww&ixlib=rb-4.1.0&q=80&w=1080?utm_source=sse554_capstone&utm_medium=referral,Premium Running Shoes,BrightLeaf Publishing,"The Premium Running Shoes 928 by BrightLeaf Publishing delivers dependable performance with quality materials and thoughtful design. It is well suited for everyday use in the clothing category, offering a strong balance of value and functionality.",Clothing,"Versatile, New Arrival, Durable, Giftable, Bestseller",531.06,4.5,1085,1722,2018-10-19,"6PA{*vh]!,GJ",Mostafa Mahmoudi,https://unsplash.com/@mostafa_mahmoudi24?utm_source=sse554_capstone&utm_medium=referral
https://images.unsplash.com/photo-1745256375848-1d599594635d?crop=entropy&cs=tinysrgb&fit=max&fm=jpg&ixid=M3w4NzQxNTN8MHwxfHNlYXJjaHwxfHxTbWFydCUyMEZpdG5lc3MlMjBUcmFja2VyfGVufDB8fHx8MTc3MjIyNTg3OHww&ixlib=rb-4.1.0&q=80&w=1080?utm_source=sse554_capstone&utm_medium=referral,Smart Fitness Tracker,BlueRiver Outfitters,"The Smart Fitness Tracker 883 by BlueRiver Outfitters delivers dependable performance with quality materials and thoughtful design. It is well suited for everyday use in the home & kitchen category, offering a strong balance of value and functionality.",Home & Kitchen,"Durable, Bestseller, Essential, Ergonomic, Wireless",706.63,1.0,5544,163,2016-10-08,%nJ3Xi([pU4l,Kelsey Todd,https://unsplash.com/@sparkledump?utm_source=sse554_capstone&utm_medium=referral
https://images.unsplash.com/photo-1690455422058-156a39f18a0a?crop=entropy&cs=tinysrgb&fit=max&fm=jpg&ixid=M3w4NzQxNTN8MHwxfHNlYXJjaHwxfHxQcmVtaXVtJTIwQmx1ZXRvb3RoJTIwU3BlYWtlcnxlbnwwfHx8fDE3NzIyMjU4NDN8MA&ixlib=rb-4.1.0&q=80&w=1080?utm_source=sse554_capstone&utm_medium=referral,Premium Bluetooth Speaker,Horizon Tech,"The Premium Bluetooth Speaker 752 by Horizon Tech delivers dependable performance with quality materials and thoughtful design. It is well suited for everyday use in the books category, offering a strong balance of value and functionality.",Books,"Bestseller, Rechargeable, New Arrival, Waterproof, Modern",743.17,5.0,9686,916,2020-08-04,`8M&.y4cVE"[,Sayan Majhi,https://unsplash.com/@minimalsayan?utm_source=sse554_capstone&utm_medium=referral
https://images.unsplash.com/photo-1522844123782-9547a63eb28b?crop=entropy&cs=tinysrgb&fit=max&fm=jpg&ixid=M3w4NzQxNTN8MHwxfHNlYXJjaHwxfHxQb3J0YWJsZSUyMFlvZ2ElMjBNYXR8ZW58MHx8fHwxNzcyMjI1ODU0fDA&ixlib=rb-4.1.0&q=80&w=1080?utm_source=sse554_capstone&utm_medium=referral,Portable Yoga Mat,NorthPeak,"The Portable Yoga Mat 395 by NorthPeak delivers dependable performance with quality materials and thoughtful design. It is well suited for everyday use in the electronics category, offering a strong balance of value and functionality.",Electronics,"Rechargeable, Wireless, Limited Edition, Lightweight, Premium",72.24,3.1,3820,332,2016-01-14,;Z-b+=Li@v|-,Alan Ko,https://unsplash.com/@iyunmai?utm_source=sse554_capstone&utm_medium=referral
https://images.unsplash.com/photo-1768056583420-a01f649f5088?crop=entropy&cs=tinysrgb&fit=max&fm=jpg&ixid=M3w4NzQxNTN8MHwxfHNlYXJjaHwxfHxVbHRyYSUyMEdyYXBoaWMlMjBULVNoaXJ0fGVufDB8fHx8MTc3MjIyNTg3MXww&ixlib=rb-4.1.0&q=80&w=1080?utm_source=sse554_capstone&utm_medium=referral,Ultra Graphic T-Shirt,BrightLeaf Publishing,"The Ultra Graphic T-Shirt 913 by BrightLeaf Publishing delivers dependable performance with quality materials and thoughtful design. It is well suited for everyday use in the home & kitchen category, offering a strong balance of value and functionality.",Home & Kitchen,"Waterproof, Premium, Ergonomic, Limited Edition, New Arrival",297.76,2.9,474,1739,2022-03-20,\O7?#:ZJ`*wE,Lhar Capili,https://unsplash.com/@lhardeleon?utm_source=sse554_capstone&utm_medium=referral
https://images.unsplash.com/photo-1564859227552-81fde4a1df0b?crop=entropy&cs=tinysrgb&fit=max&fm=jpg&ixid=M3w4NzQxNTN8MHwxfHNlYXJjaHwxfHxDbGFzc2ljJTIwR3JhcGhpYyUyMFQtU2hpcnR8ZW58MHx8fHwxNzcyMjI1ODUyfDA&ixlib=rb-4.1.0&q=80&w=1080?utm_source=sse554_capstone&utm_medium=referral,Classic Graphic T-Shirt,Summit Gear Co.,"The Classic Graphic T-Shirt 221 by Summit Gear Co. delivers dependable performance with quality materials and thoughtful design. It is well suited for everyday use in the home & kitchen category, offering a strong balance of value and functionality.",Home & Kitchen,"Portable, Bestseller, Versatile, Limited Edition, Essential",311.78,2.6,8015,572,2016-01-25,\HxEj3<"D?b7,Sincerely Media,https://unsplash.com/@sincerelymedia?utm_source=sse554_capstone&utm_medium=referral
https://images.unsplash.com/photo-1758599879693-9e06f55a4ded?crop=entropy&cs=tinysrgb&fit=max&fm=jpg&ixid=M3w4NzQxNTN8MHwxfHNlYXJjaHwxfHxFY28lMjBZb2dhJTIwTWF0fGVufDB8fHx8MTc3MjIyNTg2MXww&ixlib=rb-4.1.0&q=80&w=1080?utm_source=sse554_capstone&utm_medium=referral,Eco Yoga Mat,BlueRiver Outfitters,"The Eco Yoga Mat 396 by BlueRiver Outfitters delivers dependable performance with quality materials and thoughtful design. It is well suited for everyday use in the books category, offering a strong balance of value and functionality.",Books,"Giftable, Essential, Lightweight, Wireless, Waterproof",274.86,2.7,6282,1295,2022-08-30,`XnoClUe>6I?,Vitaly Gariev,https://unsplash.com/@silverkblack?utm_source=sse554_capstone&utm_medium=referral
https://images.unsplash.com/photo-1652262135789-e6cec614eea5?crop=entropy&cs=tinysrgb&fit=max&fm=jpg&ixid=M3w4NzQxNTN8MHwxfHNlYXJjaHwxfHxTbWFydCUyMEJhY2twYWNrfGVufDB8fHx8MTc3MjIyNTg0N3ww&ixlib=rb-4.1.0&q=80&w=1080?utm_source=sse554_capstone&utm_medium=referral,Smart Backpack,NorthPeak,"The Smart Backpack 180 by NorthPeak delivers dependable performance with quality materials and thoughtful design. It is well suited for everyday use in the electronics category, offering a strong balance of value and functionality.",Electronics,"Versatile, Durable, Limited Edition, Portable, Wireless",527.65,1.6,585,1638,2024-01-29,"xI:e:Y@K5N,h",Artem Kniaz,https://unsplash.com/@artem_kniaz?utm_source=sse554_capstone&utm_medium=referral
https://images.unsplash.com/photo-1760443728230-b84a87381f8f?crop=entropy&cs=tinysrgb&fit=max&fm=jpg&ixid=M3w4NzQxNTN8MHwxfHNlYXJjaHwxfHxQb3J0YWJsZSUyMFNtYXJ0cGhvbmUlMjBTdGFuZHxlbnwwfHx8fDE3NzIyMjU4NTh8MA&ixlib=rb-4.1.0&q=80&w=1080?utm_source=sse554_capstone&utm_medium=referral,Portable Smartphone Stand,BlueRiver Outfitters,"The Portable Smartphone Stand 587 by BlueRiver Outfitters delivers dependable performance with quality materials and thoughtful design. It is well suited for everyday use in the office supplies category, offering a strong balance of value and functionality.",Office Supplies,"Portable, Lightweight, Premium, Wireless, Essential",48.8,3.7,9507,760,2016-09-16,SRvOi."Ki|Y$,Todd Jiang,https://unsplash.com/@toddjiang?utm_source=sse554_capstone&utm_medium=referral
https://images.unsplash.com/photo-1718210719917-c6e1cd5be085?crop=entropy&cs=tinysrgb&fit=max&fm=jpg&ixid=M3w4NzQxNTN8MHwxfHNlYXJjaHwxfHxTbWFydCUyMFN0YWlubGVzcyUyMFN0ZWVsJTIwV2F0ZXIlMjBCb3R0bGV8ZW58MHx8fHwxNzcyMjI1ODQ1fDA&ixlib=rb-4.1.0&q=80&w=1080?utm_source=sse554_capstone&utm_medium=referral,Smart Stainless Steel Water Bottle,BlueRiver Outfitters,"The Smart Stainless Steel Water Bottle 180 by BlueRiver Outfitters delivers dependable performance with quality materials and thoughtful design. It is well suited for everyday use in the office supplies category, offering a strong balance of value and functionality.",Office Supplies,"Limited Edition, Modern, Rechargeable, Durable, Versatile",476.87,2.7,4789,1777,2018-04-16,D/?D;nSF|Ocx,Kedibone Isaac Makhumisane,https://unsplash.com/@isaax_the_artist?utm_source=sse554_capstone&utm_medium=referral
https://images.unsplash.com/photo-1700168333927-023e01cc748f?crop=entropy&cs=tinysrgb&fit=max&fm=jpg&ixid=M3w4NzQxNTN8MHwxfHNlYXJjaHwxfHxDb21wYWN0JTIwT2ZmaWNlJTIwQ2hhaXJ8ZW58MHx8fHwxNzcyMjI1ODc3fDA&ixlib=rb-4.1.0&q=80&w=1080?utm_source=sse554_capstone&utm_medium=referral,Compact Office Chair,UrbanNest,"The Compact Office Chair 737 by UrbanNest delivers dependable performance with quality materials and thoughtful design. It is well suited for everyday use in the clothing category, offering a strong balance of value and functionality.",Clothing,"Rechargeable, Premium, Durable, Wireless, Portable",778.67,1.2,980,1842,2024-07-21,5(dN>lt?&#=$,Jonathan Castañeda,https://unsplash.com/@jonathecreator?utm_source=sse554_capstone&utm_medium=referral
https://images.unsplash.com/photo-1745256375848-1d599594635d?crop=entropy&cs=tinysrgb&fit=max&fm=jpg&ixid=M3w4NzQxNTN8MHwxfHNlYXJjaHwxfHxTbWFydCUyMEZpdG5lc3MlMjBUcmFja2VyfGVufDB8fHx8MTc3MjIyNTg3OHww&ixlib=rb-4.1.0&q=80&w=1080?utm_source=sse554_capstone&utm_medium=referral,Smart Fitness Tracker,Summit Gear Co.,"The Smart Fitness Tracker 724 by Summit Gear Co. delivers dependable performance with quality materials and thoughtful design. It is well suited for everyday use in the books category, offering a strong balance of value and functionality.",Books,"Ergonomic, Waterproof, New Arrival, Portable, Premium",796.47,2.1,5727,1821,2019-09-27,10=@dZHePtaG,Kelsey Todd,https://unsplash.com/@sparkledump?utm_source=sse554_capstone&utm_medium=referral
https://images.unsplash.com/photo-1758577515333-e71b713059f1?crop=entropy&cs=tinysrgb&fit=max&fm=jpg&ixid=M3w4NzQxNTN8MHwxfHNlYXJjaHwxfHxDb21wYWN0JTIwRml0bmVzcyUyMFRyYWNrZXJ8ZW58MHx8fHwxNzcyMjI1ODQxfDA&ixlib=rb-4.1.0&q=80&w=1080?utm_source=sse554_capstone&utm_medium=referral,Compact Fitness Tracker,BlueRiver Outfitters,"The Compact Fitness Tracker 819 by BlueRiver Outfitters delivers dependable performance with quality materials and thoughtful design. It is well suited for everyday use in the sports & outdoors category, offering a strong balance of value and functionality.",Sports & Outdoors,"Versatile, New Arrival, Essential, Rechargeable, Giftable",600.76,4.6,4049,1854,2022-04-14,Uk!0?<F73b8P,Andrey Matveev,https://unsplash.com/@zelebb?utm_source=sse554_capstone&utm_medium=referral
https://images.unsplash.com/photo-1665525639666-33a0cc1f6ab0?crop=entropy&cs=tinysrgb&fit=max&fm=jpg&ixid=M3w4NzQxNTN8MHwxfHNlYXJjaHwxfHxQcm9mZXNzaW9uYWwlMjBOb2lzZSUyMENhbmNlbGxpbmclMjBIZWFkcGhvbmVzfGVufDB8fHx8MTc3MjIyNTg3Nnww&ixlib=rb-4.1.0&q=80&w=1080?utm_source=sse554_capstone&utm_medium=referral,Professional Noise Cancelling Headphones,UrbanNest,"The Professional Noise Cancelling Headphones 672 by UrbanNest delivers dependable performance with quality materials and thoughtful design. It is well suited for everyday use in the electronics category, offering a strong balance of value and functionality.",Electronics,"Lightweight, Premium, Waterproof, Ergonomic, Versatile",795.88,1.5,3633,387,2023-12-23,[&ho>N.`!}vp,Amr Taha™,https://unsplash.com/@amr_taha?utm_source=sse554_capstone&utm_medium=referral
https://images.unsplash.com/photo-1758577515333-e71b713059f1?crop=entropy&cs=tinysrgb&fit=max&fm=jpg&ixid=M3w4NzQxNTN8MHwxfHNlYXJjaHwxfHxDb21wYWN0JTIwRml0bmVzcyUyMFRyYWNrZXJ8ZW58MHx8fHwxNzcyMjI1ODQxfDA&ixlib=rb-4.1.0&q=80&w=1080?utm_source=sse554_capstone&utm_medium=referral,Compact Fitness Tracker,Summit Gear Co.,"The Compact Fitness Tracker 788 by Summit Gear Co. delivers dependable performance with quality materials and thoughtful design. It is well suited for everyday use in the books category, offering a strong balance of value and functionality.",Books,"Portable, Ergonomic, Rechargeable, Modern, Giftable",615.81,1.1,7307,1813,2017-11-21,q`[#X0kf>/kF,Andrey Matveev,https://unsplash.com/@zelebb?utm_source=sse554_capstone&utm_medium=referral
https://images.unsplash.com/photo-1592289924034-c423dd2f1c5d?crop=entropy&cs=tinysrgb&fit=max&fm=jpg&ixid=M3w4NzQxNTN8MHwxfHNlYXJjaHwxfHxVbHRyYSUyMEJhY2twYWNrfGVufDB8fHx8MTc3MjIyNTgyOXww&ixlib=rb-4.1.0&q=80&w=1080?utm_source=sse554_capstone&utm_medium=referral,Ultra Backpack,Horizon Tech,"The Ultra Backpack 358 by Horizon Tech delivers dependable performance with quality materials and thoughtful design. It is well suited for everyday use in the electronics category, offering a strong balance of value and functionality.",Electronics,"Lightweight, Durable, New Arrival, Limited Edition, Ergonomic",550.22,2.1,7681,869,2023-07-04,"""NzLNC@jmEo\",Hitoshi Namura,https://unsplash.com/@namu_photograph?utm_source=sse554_capstone&utm_medium=referral
https://images.unsplash.com/photo-1586187543706-b43086b30978?crop=entropy&cs=tinysrgb&fit=max&fm=jpg&ixid=M3w4NzQxNTN8MHwxfHNlYXJjaHwxfHxDb21wYWN0JTIwRXh0ZXJuYWwlMjBIYXJkJTIwRHJpdmV8ZW58MHx8fHwxNzcyMjI1ODI4fDA&ixlib=rb-4.1.0&q=80&w=1080?utm_source=sse554_capstone&utm_medium=referral,Compact External Hard Drive,BlueRiver Outfitters,"The Compact External Hard Drive 319 by BlueRiver Outfitters delivers dependable performance with quality materials and thoughtful design. It is well suited for everyday use in the electronics category, offering a strong balance of value and functionality.",Electronics,"Portable, Waterproof, Giftable, Bestseller, Versatile",126.56,4.6,5177,1692,2017-08-15,"v""g,UJJ^xV[B",Everyday Basics,https://unsplash.com/@zanardi?utm_source=sse554_capstone&utm_medium=referral
https://images.unsplash.com/photo-1754821305530-8e3c7b8deda2?crop=entropy&cs=tinysrgb&fit=max&fm=jpg&ixid=M3w4NzQxNTN8MHwxfHNlYXJjaHwxfHxXaXJlbGVzcyUyMEZpdG5lc3MlMjBUcmFja2VyfGVufDB8fHx8MTc3MjIyNTg0Nnww&ixlib=rb-4.1.0&q=80&w=1080?utm_source=sse554_capstone&utm_medium=referral,Wireless Fitness Tracker,NorthPeak,"The Wireless Fitness Tracker 253 by NorthPeak delivers dependable performance with quality materials and thoughtful design. It is well suited for everyday use in the electronics category, offering a strong balance of value and functionality.",Electronics,"Wireless, Compact, Giftable, Bestseller, Rechargeable",157.8,1.1,7349,455,2016-10-01,m-P2|zE*k%;_,Andrey Matveev,https://unsplash.com/@zelebb?utm_source=sse554_capstone&utm_medium=referral
https://images.unsplash.com/photo-1761311985262-d0a342290b56?crop=entropy&cs=tinysrgb&fit=max&fm=jpg&ixid=M3w4NzQxNTN8MHwxfHNlYXJjaHwxfHxTbWFydCUyMFNtYXJ0cGhvbmUlMjBTdGFuZHxlbnwwfHx8fDE3NzIyMjU4NjB8MA&ixlib=rb-4.1.0&q=80&w=1080?utm_source=sse554_capstone&utm_medium=referral,Smart Smartphone Stand,Horizon Tech,"The Smart Smartphone Stand 290 by Horizon Tech delivers dependable performance with quality materials and thoughtful design. It is well suited for everyday use in the sports & outdoors category, offering a strong balance of value and functionality.",Sports & Outdoors,"Durable, Compact, Essential, Limited Edition, Premium",9.72,2.7,4372,1177,2025-04-06,3<BKxc]ZS<&+,Matúš Gocman,https://unsplash.com/@matgocman?utm_source=sse554_capstone&utm_medium=referral
https://images.unsplash.com/photo-1686386271712-183bcc0e256f?crop=entropy&cs=tinysrgb&fit=max&fm=jpg&ixid=M3w4NzQxNTN8MHwxfHNlYXJjaHwxfHxVbHRyYSUyMFlvZ2ElMjBNYXR8ZW58MHx8fHwxNzcyMjI1ODI0fDA&ixlib=rb-4.1.0&q=80&w=1080?utm_source=sse554_capstone&utm_medium=referral,Ultra Yoga Mat,NorthPeak,"The Ultra Yoga Mat 582 by NorthPeak delivers dependable performance with quality materials and thoughtful design. It is well suited for everyday use in the home & kitchen category, offering a strong balance of value and functionality.",Home & Kitchen,"Versatile, Portable, Bestseller, Compact, Wireless",453.8,1.7,6849,1968,2016-07-08,zzu&y)u@`[=t,Gurpreet Singh,https://unsplash.com/@ajay_gill8054?utm_source=sse554_capstone&utm_medium=referral
https://images.unsplash.com/photo-1758273237903-f176384eadbb?crop=entropy&cs=tinysrgb&fit=max&fm=jpg&ixid=M3w4NzQxNTN8MHwxfHNlYXJjaHwxfHxXaXJlbGVzcyUyMEJhY2twYWNrfGVufDB8fHx8MTc3MjIyNTg4NXww&ixlib=rb-4.1.0&q=80&w=1080?utm_source=sse554_capstone&utm_medium=referral,Wireless Backpack,SilverLine Electronics,"The Wireless Backpack 118 by SilverLine Electronics delivers dependable performance with quality materials and thoughtful design. It is well suited for everyday use in the office supplies category, offering a strong balance of value and functionality.",Office Supplies,"Modern, Wireless, Rechargeable, Waterproof, New Arrival",235.78,3.3,969,266,2024-07-09,6uZ/K'RmO1+;,Vitaly Gariev,https://unsplash.com/@silverkblack?utm_source=sse554_capstone&utm_medium=referral
https://images.unsplash.com/photo-1759395162739-84190996783c?crop=entropy&cs=tinysrgb&fit=max&fm=jpg&ixid=M3w4NzQxNTN8MHwxfHNlYXJjaHwxfHxTbWFydCUyMFNjaWVuY2UlMjBGaWN0aW9uJTIwTm92ZWx8ZW58MHx8fHwxNzcyMjI1ODI4fDA&ixlib=rb-4.1.0&q=80&w=1080?utm_source=sse554_capstone&utm_medium=referral,Smart Science Fiction Novel,NorthPeak,"The Smart Science Fiction Novel 700 by NorthPeak delivers dependable performance with quality materials and thoughtful design. It is well suited for everyday use in the clothing category, offering a strong balance of value and functionality.",Clothing,"Bestseller, Modern, Wireless, Versatile, Limited Edition",66.92,4.2,350,1058,2017-02-24,Z-5QHtWEfy>[,Declan Sun,https://unsplash.com/@declansun?utm_source=sse554_capstone&utm_medium=referral
https://images.unsplash.com/photo-1765914448164-de1e22b7fa02?crop=entropy&cs=tinysrgb&fit=max&fm=jpg&ixid=M3w4NzQxNTN8MHwxfHNlYXJjaHwxfHxBZHZhbmNlZCUyMFJ1bm5pbmclMjBTaG9lc3xlbnwwfHx8fDE3NzIyMjU4NDd8MA&ixlib=rb-4.1.0&q=80&w=1080?utm_source=sse554_capstone&utm_medium=referral,Advanced Running Shoes,SilverLine Electronics,"The Advanced Running Shoes 218 by SilverLine Electronics delivers dependable performance with quality materials and thoughtful design. It is well suited for everyday use in the electronics category, offering a strong balance of value and functionality.",Electronics,"Versatile, Essential, Portable, Premium, Ergonomic",402.84,4.1,9663,212,2023-08-09,"|z;*pr2&=,FZ",Taylor Friehl,https://unsplash.com/@taylor_friehl?utm_source=sse554_capstone&utm_medium=referral
https://images.unsplash.com/photo-1619590530232-da98a822baa5?crop=entropy&cs=tinysrgb&fit=max&fm=jpg&ixid=M3w4NzQxNTN8MHwxfHNlYXJjaHwxfHxDb21wYWN0JTIwNEslMjBNb25pdG9yfGVufDB8fHx8MTc3MjIyNTg0NHww&ixlib=rb-4.1.0&q=80&w=1080?utm_source=sse554_capstone&utm_medium=referral,Compact 4K Monitor,BrightLeaf Publishing,"The Compact 4K Monitor 197 by BrightLeaf Publishing delivers dependable performance with quality materials and thoughtful design. It is well suited for everyday use in the sports & outdoors category, offering a strong balance of value and functionality.",Sports & Outdoors,"Compact, Versatile, Premium, Waterproof, Giftable",485.96,2.8,4494,814,2019-06-02,^mahYU+U)Ci$,Stebilex Systems,https://unsplash.com/@stebilexsystems?utm_source=sse554_capstone&utm_medium=referral
https://images.unsplash.com/photo-1601220363009-f7e66d095649?crop=entropy&cs=tinysrgb&fit=max&fm=jpg&ixid=M3w4NzQxNTN8MHwxfHNlYXJjaHwxfHxDb21wYWN0JTIwU21hcnRwaG9uZSUyMFN0YW5kfGVufDB8fHx8MTc3MjIyNTg0MXww&ixlib=rb-4.1.0&q=80&w=1080?utm_source=sse554_capstone&utm_medium=referral,Compact Smartphone Stand,BlueRiver Outfitters,"The Compact Smartphone Stand 740 by BlueRiver Outfitters delivers dependable performance with quality materials and thoughtful design. It is well suited for everyday use in the office supplies category, offering a strong balance of value and functionality.",Office Supplies,"Limited Edition, Lightweight, Giftable, Versatile, Premium",736.11,1.2,8077,1161,2022-05-13,fC*U6nE6f`y),Hugo Sesma,https://unsplash.com/@h_u_g_e?utm_source=sse554_capstone&utm_medium=referral
https://images.unsplash.com/photo-1579528542333-4148f1769c35?crop=entropy&cs=tinysrgb&fit=max&fm=jpg&ixid=M3w4NzQxNTN8MHwxfHNlYXJjaHwxfHxQcm9mZXNzaW9uYWwlMjBSdW5uaW5nJTIwU2hvZXN8ZW58MHx8fHwxNzcyMjI1ODMyfDA&ixlib=rb-4.1.0&q=80&w=1080?utm_source=sse554_capstone&utm_medium=referral,Professional Running Shoes,NorthPeak,"The Professional Running Shoes 516 by NorthPeak delivers dependable performance with quality materials and thoughtful design. It is well suited for everyday use in the sports & outdoors category, offering a strong balance of value and functionality.",Sports & Outdoors,"Giftable, Limited Edition, Lightweight, Waterproof, Essential",398.04,4.6,2981,1768,2020-09-20,9MEf2r~fp7_0,Carl Barcelo,https://unsplash.com/@barcelocarl?utm_source=sse554_capstone&utm_medium=referral
https://images.unsplash.com/photo-1658423594131-870bc585a9f2?crop=entropy&cs=tinysrgb&fit=max&fm=jpg&ixid=M3w4NzQxNTN8MHwxfHNlYXJjaHwxfHxQcmVtaXVtJTIwTWVjaGFuaWNhbCUyMEtleWJvYXJkfGVufDB8fHx8MTc3MjIyNTg4NHww&ixlib=rb-4.1.0&q=80&w=1080?utm_source=sse554_capstone&utm_medium=referral,Premium Mechanical Keyboard,Summit Gear Co.,"The Premium Mechanical Keyboard 731 by Summit Gear Co. delivers dependable performance with quality materials and thoughtful design. It is well suited for everyday use in the electronics category, offering a strong balance of value and functionality.",Electronics,"Lightweight, Giftable, New Arrival, Portable, Durable",669.01,3.8,3965,1366,2018-04-20,B^kO{fNia:@{,Leon-pascal Jc,https://unsplash.com/@themaker?utm_source=sse554_capstone&utm_medium=referral
https://images.unsplash.com/photo-1567787758801-42c8b5e28e01?crop=entropy&cs=tinysrgb&fit=max&fm=jpg&ixid=M3w4NzQxNTN8MHwxfHNlYXJjaHwxfHxVbHRyYSUyME5vaXNlJTIwQ2FuY2VsbGluZyUyMEhlYWRwaG9uZXN8ZW58MHx8fHwxNzcyMjI1ODU3fDA&ixlib=rb-4.1.0&q=80&w=1080?utm_source=sse554_capstone&utm_medium=referral,Ultra Noise Cancelling Headphones,NorthPeak,"The Ultra Noise Cancelling Headphones 833 by NorthPeak delivers dependable performance with quality materials and thoughtful design. It is well suited for everyday use in the books category, offering a strong balance of value and functionality.",Books,"Bestseller, Ergonomic, Durable, Wireless, Essential",442.33,1.1,3998,221,2022-04-12,03dXB#/gFied,Pacha パチャ Shot’s,https://unsplash.com/@pacha_raw?utm_source=sse554_capstone&utm_medium=referral
https://images.unsplash.com/photo-1637437411826-bab0dc76a310?crop=entropy&cs=tinysrgb&fit=max&fm=jpg&ixid=M3w4NzQxNTN8MHwxfHNlYXJjaHwxfHxQcmVtaXVtJTIwUnVubmluZyUyMFNob2VzfGVufDB8fHx8MTc3MjIyNTgzMHww&ixlib=rb-4.1.0&q=80&w=1080?utm_source=sse554_capstone&utm_medium=referral,Premium Running Shoes,UrbanNest,"The Premium Running Shoes 141 by UrbanNest delivers dependable performance with quality materials and thoughtful design. It is well suited for everyday use in the electronics category, offering a strong balance of value and functionality.",Electronics,"Premium, New Arrival, Portable, Limited Edition, Wireless",82.12,2.4,2434,776,2018-07-04,SC7&~H8O$-nC,Mostafa Mahmoudi,https://unsplash.com/@mostafa_mahmoudi24?utm_source=sse554_capstone&utm_medium=referral
https://images.unsplash.com/photo-1766051666522-9cfa12675f5b?crop=entropy&cs=tinysrgb&fit=max&fm=jpg&ixid=M3w4NzQxNTN8MHwxfHNlYXJjaHwxfHxBZHZhbmNlZCUyMExFRCUyMERlc2slMjBMYW1wfGVufDB8fHx8MTc3MjIyNTg3M3ww&ixlib=rb-4.1.0&q=80&w=1080?utm_source=sse554_capstone&utm_medium=referral,Advanced LED Desk Lamp,BlueRiver Outfitters,"The Advanced LED Desk Lamp 414 by BlueRiver Outfitters delivers dependable performance with quality materials and thoughtful design. It is well suited for everyday use in the clothing category, offering a strong balance of value and functionality.",Clothing,"Giftable, Rechargeable, Essential, Wireless, Portable",478.76,1.5,3385,1250,2016-07-17,LzxzkyXykM0x,Fisnik Murtezi,https://unsplash.com/@fisnikmurtezi?utm_source=sse554_capstone&utm_medium=referral
https://images.unsplash.com/photo-1509098681029-b45e9c845022?crop=entropy&cs=tinysrgb&fit=max&fm=jpg&ixid=M3w4NzQxNTN8MHwxfHNlYXJjaHwxfHxTbWFydCUyME5vaXNlJTIwQ2FuY2VsbGluZyUyMEhlYWRwaG9uZXN8ZW58MHx8fHwxNzcyMjI1ODMxfDA&ixlib=rb-4.1.0&q=80&w=1080?utm_source=sse554_capstone&utm_medium=referral,Smart Noise Cancelling Headphones,NorthPeak,"The Smart Noise Cancelling Headphones 949 by NorthPeak delivers dependable performance with quality materials and thoughtful design. It is well suited for everyday use in the office supplies category, offering a strong balance of value and functionality.",Office Supplies,"Compact, Essential, Giftable, Durable, Versatile",560.83,4.3,696,916,2017-12-04,I*{yV1B"oQR~,Mubariz Mehdizadeh,https://unsplash.com/@mehdizadeh?utm_source=sse554_capstone&utm_medium=referral
https://images.unsplash.com/photo-1760553120955-b67aa3662355?crop=entropy&cs=tinysrgb&fit=max&fm=jpg&ixid=M3w4NzQxNTN8MHwxfHNlYXJjaHwxfHxBZHZhbmNlZCUyME1lY2hhbmljYWwlMjBLZXlib2FyZHxlbnwwfHx8fDE3NzIyMjU4OTB8MA&ixlib=rb-4.1.0&q=80&w=1080?utm_source=sse554_capstone&utm_medium=referral,Advanced Mechanical Keyboard,BlueRiver Outfitters,"The Advanced Mechanical Keyboard 219 by BlueRiver Outfitters delivers dependable performance with quality materials and thoughtful design. It is well suited for everyday use in the office supplies category, offering a strong balance of value and functionality.",Office Supplies,"Lightweight, Versatile, Compact, Ergonomic, Rechargeable",627.94,4.0,9016,853,2022-11-17,"]#Wny,$<:'So",Anoof C,https://unsplash.com/@anoofc?utm_source=sse554_capstone&utm_medium=referral
https://images.unsplash.com/photo-1571406487954-dc11b0c0767d?crop=entropy&cs=tinysrgb&fit=max&fm=jpg&ixid=M3w4NzQxNTN8MHwxfHNlYXJjaHwxfHxQcmVtaXVtJTIwTEVEJTIwRGVzayUyMExhbXB8ZW58MHx8fHwxNzcyMjI1ODg4fDA&ixlib=rb-4.1.0&q=80&w=1080?utm_source=sse554_capstone&utm_medium=referral,Premium LED Desk Lamp,BlueRiver Outfitters,"The Premium LED Desk Lamp 885 by BlueRiver Outfitters delivers dependable performance with quality materials and thoughtful design. It is well suited for everyday use in the electronics category, offering a strong balance of value and functionality.",Electronics,"Rechargeable, Limited Edition, Lightweight, New Arrival, Wireless",386.24,1.3,6520,381,2017-03-20,VdDQZ7_L8Nai,Monty Allen,https://unsplash.com/@monty_a?utm_source=sse554_capstone&utm_medium=referral
https://images.unsplash.com/photo-1511499008188-de491bbbae98?crop=entropy&cs=tinysrgb&fit=max&fm=jpg&ixid=M3w4NzQxNTN8MHwxfHNlYXJjaHwxfHxVbHRyYSUyMFJ1bm5pbmclMjBTaG9lc3xlbnwwfHx8fDE3NzIyMjU4NTN8MA&ixlib=rb-4.1.0&q=80&w=1080?utm_source=sse554_capstone&utm_medium=referral,Ultra Running Shoes,Summit Gear Co.,"The Ultra Running Shoes 203 by Summit Gear Co. delivers dependable performance with quality materials and thoughtful design. It is well suited for everyday use in the clothing category, offering a strong balance of value and functionality.",Clothing,"Waterproof, Bestseller, Limited Edition, Lightweight, New Arrival",112.96,3.3,298,608,2017-12-24,[~UaW=x(|#Pr,Charlesdeluvio,https://unsplash.com/@charlesdeluvio?utm_source=sse554_capstone&utm_medium=referral
https://images.unsplash.com/photo-1557349964-34f68e722d29?crop=entropy&cs=tinysrgb&fit=max&fm=jpg&ixid=M3w4NzQxNTN8MHwxfHNlYXJjaHwxfHxBZHZhbmNlZCUyMENvb2tib29rfGVufDB8fHx8MTc3MjIyNTg3M3ww&ixlib=rb-4.1.0&q=80&w=1080?utm_source=sse554_capstone&utm_medium=referral,Advanced Cookbook,NorthPeak,"The Advanced Cookbook 250 by NorthPeak delivers dependable performance with quality materials and thoughtful design. It is well suited for everyday use in the clothing category, offering a strong balance of value and functionality.",Clothing,"Wireless, Premium, Lightweight, Limited Edition, Rechargeable",692.29,2.2,2919,498,2025-02-18,x-@aq6^z.'v<,Hartai Klaudia,https://unsplash.com/@hartaiklaudia?utm_source=sse554_capstone&utm_medium=referral
https://images.unsplash.com/photo-1718210719917-c6e1cd5be085?crop=entropy&cs=tinysrgb&fit=max&fm=jpg&ixid=M3w4NzQxNTN8MHwxfHNlYXJjaHwxfHxDb21wYWN0JTIwU3RhaW5sZXNzJTIwU3RlZWwlMjBXYXRlciUyMEJvdHRsZXxlbnwwfHx8fDE3NzIyMjU4NjZ8MA&ixlib=rb-4.1.0&q=80&w=1080?utm_source=sse554_capstone&utm_medium=referral,Compact Stainless Steel Water Bottle,Summit Gear Co.,"The Compact Stainless Steel Water Bottle 784 by Summit Gear Co. delivers dependable performance with quality materials and thoughtful design. It is well suited for everyday use in the clothing category, offering a strong balance of value and functionality.",Clothing,"Limited Edition, Premium, Lightweight, Portable, Rechargeable",166.02,4.8,3851,1167,2020-02-27,"`tr,`W)N2\;*",Kedibone Isaac Makhumisane,https://unsplash.com/@isaax_the_artist?utm_source=sse554_capstone&utm_medium=referral
https://images.unsplash.com/photo-1559329389-0a5042e65c29?crop=entropy&cs=tinysrgb&fit=max&fm=jpg&ixid=M3w4NzQxNTN8MHwxfHNlYXJjaHwxfHxQcmVtaXVtJTIwU2NpZW5jZSUyMEZpY3Rpb24lMjBOb3ZlbHxlbnwwfHx8fDE3NzIyMjU4OTB8MA&ixlib=rb-4.1.0&q=80&w=1080?utm_source=sse554_capstone&utm_medium=referral,Premium Science Fiction Novel,Maple Street Press,"The Premium Science Fiction Novel 382 by Maple Street Press delivers dependable performance with quality materials and thoughtful design. It is well suited for everyday use in the books category, offering a strong balance of value and functionality.",Books,"Compact, Bestseller, Lightweight, Portable, Wireless",606.82,3.8,2107,1843,2023-03-31,s|VBAmdIr`%\,K8,https://unsplash.com/@_k8_?utm_source=sse554_capstone&utm_medium=referral
https://images.unsplash.com/photo-1602539471306-66df545710e9?crop=entropy&cs=tinysrgb&fit=max&fm=jpg&ixid=M3w4NzQxNTN8MHwxfHNlYXJjaHwxfHxFY28lMjBDb29rYm9va3xlbnwwfHx8fDE3NzIyMjU4NzJ8MA&ixlib=rb-4.1.0&q=80&w=1080?utm_source=sse554_capstone&utm_medium=referral,Eco Cookbook,Maple Street Press,"The Eco Cookbook 902 by Maple Street Press delivers dependable performance with quality materials and thoughtful design. It is well suited for everyday use in the electronics category, offering a strong balance of value and functionality.",Electronics,"Waterproof, Wireless, Essential, Ergonomic, Compact",489.21,2.6,5237,92,2016-12-23,n5xhtdW<OA@:,Paulina,https://unsplash.com/@cookbookdesigner?utm_source=sse554_capstone&utm_medium=referral
https://images.unsplash.com/photo-1768566626252-53f0fdeaba82?crop=entropy&cs=tinysrgb&fit=max&fm=jpg&ixid=M3w4NzQxNTN8MHwxfHNlYXJjaHwxfHxFY28lMjBCYWNrcGFja3xlbnwwfHx8fDE3NzIyMjU4OTF8MA&ixlib=rb-4.1.0&q=80&w=1080?utm_source=sse554_capstone&utm_medium=referral,Eco Backpack,BlueRiver Outfitters,"The Eco Backpack 712 by BlueRiver Outfitters delivers dependable performance with quality materials and thoughtful design. It is well suited for everyday use in the home & kitchen category, offering a strong balance of value and functionality.",Home & Kitchen,"Modern, Compact, Ergonomic, Lightweight, Waterproof",444.16,3.9,515,205,2021-06-19,Gm8R7s}6Q>@7,雙 Film,https://unsplash.com/@film002?utm_source=sse554_capstone&utm_medium=referral
https://images.unsplash.com/photo-1760712491426-ef0e797b8c52?crop=entropy&cs=tinysrgb&fit=max&fm=jpg&ixid=M3w4NzQxNTN8MHwxfHNlYXJjaHwxfHxQcm9mZXNzaW9uYWwlMjBNZWNoYW5pY2FsJTIwS2V5Ym9hcmR8ZW58MHx8fHwxNzcyMjI1ODkxfDA&ixlib=rb-4.1.0&q=80&w=1080?utm_source=sse554_capstone&utm_medium=referral,Professional Mechanical Keyboard,NorthPeak,"The Professional Mechanical Keyboard 721 by NorthPeak delivers dependable performance with quality materials and thoughtful design. It is well suited for everyday use in the office supplies category, offering a strong balance of value and functionality.",Office Supplies,"Ergonomic, New Arrival, Portable, Giftable, Wireless",105.09,2.8,514,1113,2017-11-05,*do6@Tm-l=g(,Vista Wei,https://unsplash.com/@weista?utm_source=sse554_capstone&utm_medium=referral
https://images.unsplash.com/photo-1743862558324-64de6d680fbb?crop=entropy&cs=tinysrgb&fit=max&fm=jpg&ixid=M3w4NzQxNTN8MHwxfHNlYXJjaHwxfHxQb3J0YWJsZSUyME1lY2hhbmljYWwlMjBLZXlib2FyZHxlbnwwfHx8fDE3NzIyMjU4NzZ8MA&ixlib=rb-4.1.0&q=80&w=1080?utm_source=sse554_capstone&utm_medium=referral,Portable Mechanical Keyboard,BlueRiver Outfitters,"The Portable Mechanical Keyboard 969 by BlueRiver Outfitters delivers dependable performance with quality materials and thoughtful design. It is well suited for everyday use in the books category, offering a strong balance of value and functionality.",Books,"Durable, Essential, Portable, Bestseller, Rechargeable",314.2,4.4,2531,10,2017-02-17,{HOXJ5k?B>@W,Huy Phan,https://unsplash.com/@huyphan2602?utm_source=sse554_capstone&utm_medium=referral
https://images.unsplash.com/photo-1738958668282-4c7446241e9e?crop=entropy&cs=tinysrgb&fit=max&fm=jpg&ixid=M3w4NzQxNTN8MHwxfHNlYXJjaHwxfHxDb21wYWN0JTIwUnVubmluZyUyMFNob2VzfGVufDB8fHx8MTc3MjIyNTg2Mnww&ixlib=rb-4.1.0&q=80&w=1080?utm_source=sse554_capstone&utm_medium=referral,Compact Running Shoes,Summit Gear Co.,"The Compact Running Shoes 346 by Summit Gear Co. delivers dependable performance with quality materials and thoughtful design. It is well suited for everyday use in the books category, offering a strong balance of value and functionality.",Books,"Versatile, Durable, Rechargeable, Bestseller, Lightweight",213.5,4.8,9825,49,2022-02-02,_c_yY~?zVGpx,Archer Allstars,https://unsplash.com/@archerallstars?utm_source=sse554_capstone&utm_medium=referral
https://images.unsplash.com/photo-1733218430878-902cc0cff502?crop=entropy&cs=tinysrgb&fit=max&fm=jpg&ixid=M3w4NzQxNTN8MHwxfHNlYXJjaHwxfHxXaXJlbGVzcyUyMEFjdGlvbiUyMENhbWVyYXxlbnwwfHx8fDE3NzIyMjU4Njh8MA&ixlib=rb-4.1.0&q=80&w=1080?utm_source=sse554_capstone&utm_medium=referral,Wireless Action Camera,BrightLeaf Publishing,"The Wireless Action Camera 204 by BrightLeaf Publishing delivers dependable performance with quality materials and thoughtful design. It is well suited for everyday use in the home & kitchen category, offering a strong balance of value and functionality.",Home & Kitchen,"Modern, Bestseller, Waterproof, Lightweight, Essential",712.45,1.5,9556,683,2024-07-23,UV*x=e63my:l,Duc Van,https://unsplash.com/@duke91?utm_source=sse554_capstone&utm_medium=referral
https://images.unsplash.com/photo-1616268198462-50a80c4785d0?crop=entropy&cs=tinysrgb&fit=max&fm=jpg&ixid=M3w4NzQxNTN8MHwxfHNlYXJjaHwxfHxDbGFzc2ljJTIwU3RhaW5sZXNzJTIwU3RlZWwlMjBXYXRlciUyMEJvdHRsZXxlbnwwfHx8fDE3NzIyMjU4NzF8MA&ixlib=rb-4.1.0&q=80&w=1080?utm_source=sse554_capstone&utm_medium=referral,Classic Stainless Steel Water Bottle,BrightLeaf Publishing,"The Classic Stainless Steel Water Bottle 408 by BrightLeaf Publishing delivers dependable performance with quality materials and thoughtful design. It is well suited for everyday use in the electronics category, offering a strong balance of value and functionality.",Electronics,"Premium, Compact, New Arrival, Ergonomic, Waterproof",639.37,3.1,8125,1070,2025-03-10,=(a55BV$a36B,Claudio Poggio,https://unsplash.com/@claudiopoggio?utm_source=sse554_capstone&utm_medium=referral
https://images.unsplash.com/photo-1760443728230-b84a87381f8f?crop=entropy&cs=tinysrgb&fit=max&fm=jpg&ixid=M3w4NzQxNTN8MHwxfHNlYXJjaHwxfHxXaXJlbGVzcyUyMFNtYXJ0cGhvbmUlMjBTdGFuZHxlbnwwfHx8fDE3NzIyMjU4NjN8MA&ixlib=rb-4.1.0&q=80&w=1080?utm_source=sse554_capstone&utm_medium=referral,Wireless Smartphone Stand,BlueRiver Outfitters,"The Wireless Smartphone Stand 909 by BlueRiver Outfitters delivers dependable performance with quality materials and thoughtful design. It is well suited for everyday use in the electronics category, offering a strong balance of value and functionality.",Electronics,"Essential, Durable, Compact, Lightweight, Giftable",645.01,1.2,3221,1518,2025-04-02,]F?}j3m5G#~",Todd Jiang,https://unsplash.com/@toddjiang?utm_source=sse554_capstone&utm_medium=referral
https://images.unsplash.com/photo-1706180484689-223b2822ec7d?crop=entropy&cs=tinysrgb&fit=max&fm=jpg&ixid=M3w4NzQxNTN8MHwxfHNlYXJjaHwxfHxXaXJlbGVzcyUyME9mZmljZSUyMENoYWlyfGVufDB8fHx8MTc3MjIyNTg5MXww&ixlib=rb-4.1.0&q=80&w=1080?utm_source=sse554_capstone&utm_medium=referral,Wireless Office Chair,Maple Street Press,"The Wireless Office Chair 580 by Maple Street Press delivers dependable performance with quality materials and thoughtful design. It is well suited for everyday use in the office supplies category, offering a strong balance of value and functionality.",Office Supplies,"Compact, Ergonomic, Giftable, New Arrival, Waterproof",553.95,3.0,8082,352,2022-11-15,!#P2#iCN`W{^,Engin Akyurt,https://unsplash.com/@enginakyurt?utm_source=sse554_capstone&utm_medium=referral
https://images.unsplash.com/photo-1761311985262-d0a342290b56?crop=entropy&cs=tinysrgb&fit=max&fm=jpg&ixid=M3w4NzQxNTN8MHwxfHNlYXJjaHwxfHxTbWFydCUyMFNtYXJ0cGhvbmUlMjBTdGFuZHxlbnwwfHx8fDE3NzIyMjU4NjB8MA&ixlib=rb-4.1.0&q=80&w=1080?utm_source=sse554_capstone&utm_medium=referral,Smart Smartphone Stand,Horizon Tech,"The Smart Smartphone Stand 533 by Horizon Tech delivers dependable performance with quality materials and thoughtful design. It is well suited for everyday use in the books category, offering a strong balance of value and functionality.",Books,"Portable, Premium, Giftable, Wireless, Waterproof",398.58,2.2,547,7,2025-08-22,?PPeIu3`8b--,Matúš Gocman,https://unsplash.com/@matgocman?utm_source=sse554_capstone&utm_medium=referral
https://images.unsplash.com/photo-1664714628878-9d2aa898b9e3?crop=entropy&cs=tinysrgb&fit=max&fm=jpg&ixid=M3w4NzQxNTN8MHwxfHNlYXJjaHwxfHxXaXJlbGVzcyUyMFN0YWlubGVzcyUyMFN0ZWVsJTIwV2F0ZXIlMjBCb3R0bGV8ZW58MHx8fHwxNzcyMjI1ODY1fDA&ixlib=rb-4.1.0&q=80&w=1080?utm_source=sse554_capstone&utm_medium=referral,Wireless Stainless Steel Water Bottle,Maple Street Press,"The Wireless Stainless Steel Water Bottle 742 by Maple Street Press delivers dependable performance with quality materials and thoughtful design. It is well suited for everyday use in the home & kitchen category, offering a strong balance of value and functionality.",Home & Kitchen,"Wireless, New Arrival, Ergonomic, Modern, Giftable",71.88,2.4,6318,760,2019-04-25,!z-=b$HWTO1B,Personalgraphic.com,https://unsplash.com/@personal_graphic?utm_source=sse554_capstone&utm_medium=referral
https://images.unsplash.com/photo-1522844123782-9547a63eb28b?crop=entropy&cs=tinysrgb&fit=max&fm=jpg&ixid=M3w4NzQxNTN8MHwxfHNlYXJjaHwxfHxDbGFzc2ljJTIwWW9nYSUyME1hdHxlbnwwfHx8fDE3NzIyMjU4ODB8MA&ixlib=rb-4.1.0&q=80&w=1080?utm_source=sse554_capstone&utm_medium=referral,Classic Yoga Mat,Summit Gear Co.,"The Classic Yoga Mat 236 by Summit Gear Co. delivers dependable performance with quality materials and thoughtful design. It is well suited for everyday use in the home & kitchen category, offering a strong balance of value and functionality.",Home & Kitchen,"Premium, Versatile, Modern, New Arrival, Essential",600.79,1.3,7683,1678,2019-09-01,`Bk*?E-nc.vc,Alan Ko,https://unsplash.com/@iyunmai?utm_source=sse554_capstone&utm_medium=referral
https://images.unsplash.com/photo-1658524202348-8bdff4d4a194?crop=entropy&cs=tinysrgb&fit=max&fm=jpg&ixid=M3w4NzQxNTN8MHwxfHNlYXJjaHwxfHxQb3J0YWJsZSUyMENvb2t3YXJlJTIwU2V0fGVufDB8fHx8MTc3MjIyNTg4OHww&ixlib=rb-4.1.0&q=80&w=1080?utm_source=sse554_capstone&utm_medium=referral,Portable Cookware Set,Horizon Tech,"The Portable Cookware Set 685 by Horizon Tech delivers dependable performance with quality materials and thoughtful design. It is well suited for everyday use in the home & kitchen category, offering a strong balance of value and functionality.",Home & Kitchen,"Essential, Bestseller, Modern, Giftable, Rechargeable",455.23,1.3,7743,1227,2021-03-09,p+v(?$;Gnp=`,Pedro Fleitas,https://unsplash.com/@pedroooo?utm_source=sse554_capstone&utm_medium=referral
https://images.unsplash.com/photo-1770560437948-a7492488dab8?crop=entropy&cs=tinysrgb&fit=max&fm=jpg&ixid=M3w4NzQxNTN8MHwxfHNlYXJjaHwxfHxFY28lMjBBY3Rpb24lMjBDYW1lcmF8ZW58MHx8fHwxNzcyMjI1ODcxfDA&ixlib=rb-4.1.0&q=80&w=1080?utm_source=sse554_capstone&utm_medium=referral,Eco Action Camera,BlueRiver Outfitters,"The Eco Action Camera 964 by BlueRiver Outfitters delivers dependable performance with quality materials and thoughtful design. It is well suited for everyday use in the office supplies category, offering a strong balance of value and functionality.",Office Supplies,"Limited Edition, Essential, Wireless, Rechargeable, Compact",520.92,4.0,7860,1282,2023-07-22,x+K4TM<&.<$`,Rynco Maekawa,https://unsplash.com/@lynzrand?utm_source=sse554_capstone&utm_medium=referral
https://images.unsplash.com/photo-1738101001619-f0fd42ceafb0?crop=entropy&cs=tinysrgb&fit=max&fm=jpg&ixid=M3w4NzQxNTN8MHwxfHNlYXJjaHwxfHxFY28lMjBFbGVjdHJpYyUyMEtldHRsZXxlbnwwfHx8fDE3NzIyMjU4NTV8MA&ixlib=rb-4.1.0&q=80&w=1080?utm_source=sse554_capstone&utm_medium=referral,Eco Electric Kettle,Summit Gear Co.,"The Eco Electric Kettle 467 by Summit Gear Co. delivers dependable performance with quality materials and thoughtful design. It is well suited for everyday use in the sports & outdoors category, offering a strong balance of value and functionality.",Sports & Outdoors,"Premium, Compact, Waterproof, Lightweight, New Arrival",419.27,1.2,948,247,2021-08-25,Q~DGu(pVAY_v,Haberdoedas,https://unsplash.com/@haberdoedas?utm_source=sse554_capstone&utm_medium=referral
https://images.unsplash.com/photo-1754821305530-8e3c7b8deda2?crop=entropy&cs=tinysrgb&fit=max&fm=jpg&ixid=M3w4NzQxNTN8MHwxfHNlYXJjaHwxfHxXaXJlbGVzcyUyMEZpdG5lc3MlMjBUcmFja2VyfGVufDB8fHx8MTc3MjIyNTg0Nnww&ixlib=rb-4.1.0&q=80&w=1080?utm_source=sse554_capstone&utm_medium=referral,Wireless Fitness Tracker,BlueRiver Outfitters,"The Wireless Fitness Tracker 967 by BlueRiver Outfitters delivers dependable performance with quality materials and thoughtful design. It is well suited for everyday use in the books category, offering a strong balance of value and functionality.",Books,"Wireless, Modern, Premium, Durable, Versatile",701.13,3.7,5605,1519,2022-10-03,"Qn!OV)$jU,]H",Andrey Matveev,https://unsplash.com/@zelebb?utm_source=sse554_capstone&utm_medium=referral
https://images.unsplash.com/photo-1738241000762-42e0c54c3d30?crop=entropy&cs=tinysrgb&fit=max&fm=jpg&ixid=M3w4NzQxNTN8MHwxfHNlYXJjaHwxfHxDbGFzc2ljJTIwRml0bmVzcyUyMFRyYWNrZXJ8ZW58MHx8fHwxNzcyMjI1ODU3fDA&ixlib=rb-4.1.0&q=80&w=1080?utm_source=sse554_capstone&utm_medium=referral,Classic Fitness Tracker,SilverLine Electronics,"The Classic Fitness Tracker 977 by SilverLine Electronics delivers dependable performance with quality materials and thoughtful design. It is well suited for everyday use in the office supplies category, offering a strong balance of value and functionality.",Office Supplies,"Portable, Limited Edition, Durable, Versatile, Wireless",762.94,2.1,9368,1891,2022-10-28,"""%|V88tOCyZ4",Pearl Drums,https://unsplash.com/@pearldrums?utm_source=sse554_capstone&utm_medium=referral
https://images.unsplash.com/photo-1763369521070-11b994aa6d7e?crop=entropy&cs=tinysrgb&fit=max&fm=jpg&ixid=M3w4NzQxNTN8MHwxfHNlYXJjaHwxfHxQcm9mZXNzaW9uYWwlMjBHcmFwaGljJTIwVC1TaGlydHxlbnwwfHx8fDE3NzIyMjU4Mjd8MA&ixlib=rb-4.1.0&q=80&w=1080?utm_source=sse554_capstone&utm_medium=referral,Professional Graphic T-Shirt,BrightLeaf Publishing,"The Professional Graphic T-Shirt 527 by BrightLeaf Publishing delivers dependable performance with quality materials and thoughtful design. It is well suited for everyday use in the office supplies category, offering a strong balance of value and functionality.",Office Supplies,"Rechargeable, Waterproof, Essential, Giftable, Compact",30.23,2.3,1271,1859,2019-03-20,rkr}^+}pXYf&,Igor Shalyminov,https://unsplash.com/@ishalyminov?utm_source=sse554_capstone&utm_medium=referral
https://images.unsplash.com/photo-1759398430338-8057876edf61?crop=entropy&cs=tinysrgb&fit=max&fm=jpg&ixid=M3w4NzQxNTN8MHwxfHNlYXJjaHwxfHxDb21wYWN0JTIwRWxlY3RyaWMlMjBLZXR0bGV8ZW58MHx8fHwxNzcyMjI1ODkxfDA&ixlib=rb-4.1.0&q=80&w=1080?utm_source=sse554_capstone&utm_medium=referral,Compact Electric Kettle,Summit Gear Co.,"The Compact Electric Kettle 181 by Summit Gear Co. delivers dependable performance with quality materials and thoughtful design. It is well suited for everyday use in the electronics category, offering a strong balance of value and functionality.",Electronics,"Ergonomic, Versatile, Limited Edition, Modern, Premium",665.05,1.6,1252,919,2022-07-07,mxS9-cYDz]^%,Oksana Beseda,https://unsplash.com/@sanasana_bebe?utm_source=sse554_capstone&utm_medium=referral
https://images.unsplash.com/photo-1631749352020-b8ce2d86727e?crop=entropy&cs=tinysrgb&fit=max&fm=jpg&ixid=M3w4NzQxNTN8MHwxfHNlYXJjaHwxfHxVbHRyYSUyMEdhbWluZyUyME1vdXNlfGVufDB8fHx8MTc3MjIyNTg0Mnww&ixlib=rb-4.1.0&q=80&w=1080?utm_source=sse554_capstone&utm_medium=referral,Ultra Gaming Mouse,BrightLeaf Publishing,"The Ultra Gaming Mouse 321 by BrightLeaf Publishing delivers dependable performance with quality materials and thoughtful design. It is well suited for everyday use in the home & kitchen category, offering a strong balance of value and functionality.",Home & Kitchen,"Wireless, Bestseller, Giftable, Waterproof, Rechargeable",143.4,4.2,7929,1897,2023-01-14,It]\TD3wNnhH,Bruno Yamazaky,https://unsplash.com/@mryamazukino?utm_source=sse554_capstone&utm_medium=referral
https://images.unsplash.com/photo-1619590530232-da98a822baa5?crop=entropy&cs=tinysrgb&fit=max&fm=jpg&ixid=M3w4NzQxNTN8MHwxfHNlYXJjaHwxfHxDb21wYWN0JTIwNEslMjBNb25pdG9yfGVufDB8fHx8MTc3MjIyNTg0NHww&ixlib=rb-4.1.0&q=80&w=1080?utm_source=sse554_capstone&utm_medium=referral,Compact 4K Monitor,Maple Street Press,"The Compact 4K Monitor 257 by Maple Street Press delivers dependable performance with quality materials and thoughtful design. It is well suited for everyday use in the clothing category, offering a strong balance of value and functionality.",Clothing,"Limited Edition, Compact, Premium, Modern, Durable",509.22,4.0,7294,1224,2016-08-14,`]31VI1|U>/m,Stebilex Systems,https://unsplash.com/@stebilexsystems?utm_source=sse554_capstone&utm_medium=referral
https://images.unsplash.com/photo-1759395162739-84190996783c?crop=entropy&cs=tinysrgb&fit=max&fm=jpg&ixid=M3w4NzQxNTN8MHwxfHNlYXJjaHwxfHxTbWFydCUyMFNjaWVuY2UlMjBGaWN0aW9uJTIwTm92ZWx8ZW58MHx8fHwxNzcyMjI1ODI4fDA&ixlib=rb-4.1.0&q=80&w=1080?utm_source=sse554_capstone&utm_medium=referral,Smart Science Fiction Novel,SilverLine Electronics,"The Smart Science Fiction Novel 185 by SilverLine Electronics delivers dependable performance with quality materials and thoughtful design. It is well suited for everyday use in the home & kitchen category, offering a strong balance of value and functionality.",Home & Kitchen,"Durable, Wireless, Rechargeable, Compact, Portable",341.49,4.4,6401,460,2020-02-10,gGBX%1"Z%t)],Declan Sun,https://unsplash.com/@declansun?utm_source=sse554_capstone&utm_medium=referral
https://images.unsplash.com/photo-1653823815301-faf2f30db0bd?crop=entropy&cs=tinysrgb&fit=max&fm=jpg&ixid=M3w4NzQxNTN8MHwxfHNlYXJjaHwxfHxQcm9mZXNzaW9uYWwlMjA0SyUyME1vbml0b3J8ZW58MHx8fHwxNzcyMjI1ODM3fDA&ixlib=rb-4.1.0&q=80&w=1080?utm_source=sse554_capstone&utm_medium=referral,Professional 4K Monitor,SilverLine Electronics,"The Professional 4K Monitor 582 by SilverLine Electronics delivers dependable performance with quality materials and thoughtful design. It is well suited for everyday use in the office supplies category, offering a strong balance of value and functionality.",Office Supplies,"Bestseller, Premium, Limited Edition, Giftable, Versatile",292.14,2.9,4698,806,2024-10-03,&/Ea]v_1*nFp,Karthik Chinu,https://unsplash.com/@karthikchinu?utm_source=sse554_capstone&utm_medium=referral
https://images.unsplash.com/photo-1671764673184-740ebf2cd637?crop=entropy&cs=tinysrgb&fit=max&fm=jpg&ixid=M3w4NzQxNTN8MHwxfHNlYXJjaHwxfHxDb21wYWN0JTIwQmFja3BhY2t8ZW58MHx8fHwxNzcyMjI1ODY5fDA&ixlib=rb-4.1.0&q=80&w=1080?utm_source=sse554_capstone&utm_medium=referral,Compact Backpack,Maple Street Press,"The Compact Backpack 354 by Maple Street Press delivers dependable performance with quality materials and thoughtful design. It is well suited for everyday use in the books category, offering a strong balance of value and functionality.",Books,"Versatile, Bestseller, Waterproof, Modern, New Arrival",315.85,3.9,9139,23,2023-01-13,cAMvdTK?K]f',Baguette Knight,https://unsplash.com/@baguette_knight?utm_source=sse554_capstone&utm_medium=referral
https://images.unsplash.com/photo-1700168333927-023e01cc748f?crop=entropy&cs=tinysrgb&fit=max&fm=jpg&ixid=M3w4NzQxNTN8MHwxfHNlYXJjaHwxfHxDb21wYWN0JTIwT2ZmaWNlJTIwQ2hhaXJ8ZW58MHx8fHwxNzcyMjI1ODc3fDA&ixlib=rb-4.1.0&q=80&w=1080?utm_source=sse554_capstone&utm_medium=referral,Compact Office Chair,NorthPeak,"The Compact Office Chair 599 by NorthPeak delivers dependable performance with quality materials and thoughtful design. It is well suited for everyday use in the sports & outdoors category, offering a strong balance of value and functionality.",Sports & Outdoors,"Ergonomic, Limited Edition, Modern, Wireless, Lightweight",534.6,3.4,3149,1684,2016-10-16,"T!c>fmL,}<RX",Jonathan Castañeda,https://unsplash.com/@jonathecreator?utm_source=sse554_capstone&utm_medium=referral
https://images.unsplash.com/photo-1495563125611-fa99f0cd529f?crop=entropy&cs=tinysrgb&fit=max&fm=jpg&ixid=M3w4NzQxNTN8MHwxfHNlYXJjaHwxfHxQcmVtaXVtJTIwNEslMjBNb25pdG9yfGVufDB8fHx8MTc3MjIyNTgzOHww&ixlib=rb-4.1.0&q=80&w=1080?utm_source=sse554_capstone&utm_medium=referral,Premium 4K Monitor,BlueRiver Outfitters,"The Premium 4K Monitor 578 by BlueRiver Outfitters delivers dependable performance with quality materials and thoughtful design. It is well suited for everyday use in the books category, offering a strong balance of value and functionality.",Books,"Durable, Rechargeable, Essential, Ergonomic, Portable",140.2,3.0,2939,1458,2023-08-27,{W2)owoSA|it,Julian O'hayon,https://unsplash.com/@anckor?utm_source=sse554_capstone&utm_medium=referral
https://images.unsplash.com/photo-1596273501899-336404ed1701?crop=entropy&cs=tinysrgb&fit=max&fm=jpg&ixid=M3w4NzQxNTN8MHwxfHNlYXJjaHwxfHxQcmVtaXVtJTIwQmFja3BhY2t8ZW58MHx8fHwxNzcyMjI1ODkyfDA&ixlib=rb-4.1.0&q=80&w=1080?utm_source=sse554_capstone&utm_medium=referral,Premium Backpack,Maple Street Press,"The Premium Backpack 725 by Maple Street Press delivers dependable performance with quality materials and thoughtful design. It is well suited for everyday use in the sports & outdoors category, offering a strong balance of value and functionality.",Sports & Outdoors,"Bestseller, Versatile, Lightweight, Wireless, Modern",274.77,3.1,76,586,2017-04-17,(wj~:/_u0kzH,K8,https://unsplash.com/@_k8_?utm_source=sse554_capstone&utm_medium=referral
https://images.unsplash.com/photo-1637714409323-d5e6e9731252?crop=entropy&cs=tinysrgb&fit=max&fm=jpg&ixid=M3w4NzQxNTN8MHwxfHNlYXJjaHwxfHxFY28lMjBGaXRuZXNzJTIwVHJhY2tlcnxlbnwwfHx8fDE3NzIyMjU4MzN8MA&ixlib=rb-4.1.0&q=80&w=1080?utm_source=sse554_capstone&utm_medium=referral,Eco Fitness Tracker,SilverLine Electronics,"The Eco Fitness Tracker 729 by SilverLine Electronics delivers dependable performance with quality materials and thoughtful design. It is well suited for everyday use in the books category, offering a strong balance of value and functionality.",Books,"Portable, Premium, Wireless, Compact, Modern",601.11,4.8,7600,376,2016-09-30,o{nwUt`Gc%1[,Intenza Fitness,https://unsplash.com/@intenzafitness?utm_source=sse554_capstone&utm_medium=referral
https://images.unsplash.com/photo-1586187543706-b43086b30978?crop=entropy&cs=tinysrgb&fit=max&fm=jpg&ixid=M3w4NzQxNTN8MHwxfHNlYXJjaHwxfHxQcmVtaXVtJTIwRXh0ZXJuYWwlMjBIYXJkJTIwRHJpdmV8ZW58MHx8fHwxNzcyMjI1ODQ0fDA&ixlib=rb-4.1.0&q=80&w=1080?utm_source=sse554_capstone&utm_medium=referral,Premium External Hard Drive,Maple Street Press,"The Premium External Hard Drive 684 by Maple Street Press delivers dependable performance with quality materials and thoughtful design. It is well suited for everyday use in the electronics category, offering a strong balance of value and functionality.",Electronics,"Durable, Lightweight, Essential, Compact, Portable",486.17,1.4,4368,1086,2023-07-12,"\gZDg^',9ff}",Everyday Basics,https://unsplash.com/@zanardi?utm_source=sse554_capstone&utm_medium=referral
https://images.unsplash.com/photo-1762341124796-530c0085f7d8?crop=entropy&cs=tinysrgb&fit=max&fm=jpg&ixid=M3w4NzQxNTN8MHwxfHNlYXJjaHwxfHxTbWFydCUyME9mZmljZSUyMENoYWlyfGVufDB8fHx8MTc3MjIyNTg1OHww&ixlib=rb-4.1.0&q=80&w=1080?utm_source=sse554_capstone&utm_medium=referral,Smart Office Chair,SilverLine Electronics,"The Smart Office Chair 297 by SilverLine Electronics delivers dependable performance with quality materials and thoughtful design. It is well suited for everyday use in the home & kitchen category, offering a strong balance of value and functionality.",Home & Kitchen,"Durable, Lightweight, Bestseller, Wireless, New Arrival",54.08,1.0,7628,1517,2019-06-29,zwVjy/QoeUY9,Zulfugar Karimov,https://unsplash.com/@zulfugarkarimov?utm_source=sse554_capstone&utm_medium=referral
https://images.unsplash.com/photo-1624948384140-e48e47087fad?crop=entropy&cs=tinysrgb&fit=max&fm=jpg&ixid=M3w4NzQxNTN8MHwxfHNlYXJjaHwxfHxTbWFydCUyMDRLJTIwTW9uaXRvcnxlbnwwfHx8fDE3NzIyMjU4Nzh8MA&ixlib=rb-4.1.0&q=80&w=1080?utm_source=sse554_capstone&utm_medium=referral,Smart 4K Monitor,Summit Gear Co.,"The Smart 4K Monitor 149 by Summit Gear Co. delivers dependable performance with quality materials and thoughtful design. It is well suited for everyday use in the office supplies category, offering a strong balance of value and functionality.",Office Supplies,"Durable, Essential, Compact, Lightweight, New Arrival",282.04,4.8,1733,490,2025-05-21,~Jn1HBT'GxQJ,Dennis Irorere,https://unsplash.com/@denironyx?utm_source=sse554_capstone&utm_medium=referral
https://images.unsplash.com/photo-1579528542333-4148f1769c35?crop=entropy&cs=tinysrgb&fit=max&fm=jpg&ixid=M3w4NzQxNTN8MHwxfHNlYXJjaHwxfHxQcm9mZXNzaW9uYWwlMjBSdW5uaW5nJTIwU2hvZXN8ZW58MHx8fHwxNzcyMjI1ODMyfDA&ixlib=rb-4.1.0&q=80&w=1080?utm_source=sse554_capstone&utm_medium=referral,Professional Running Shoes,NorthPeak,"The Professional Running Shoes 967 by NorthPeak delivers dependable performance with quality materials and thoughtful design. It is well suited for everyday use in the office supplies category, offering a strong balance of value and functionality.",Office Supplies,"Rechargeable, Giftable, Essential, Bestseller, New Arrival",339.57,3.1,7273,385,2025-05-20,Vj]Z5;kWtiw',Carl Barcelo,https://unsplash.com/@barcelocarl?utm_source=sse554_capstone&utm_medium=referral
https://images.unsplash.com/photo-1693596936248-8fab255a3de1?crop=entropy&cs=tinysrgb&fit=max&fm=jpg&ixid=M3w4NzQxNTN8MHwxfHNlYXJjaHwxfHxXaXJlbGVzcyUyMExFRCUyMERlc2slMjBMYW1wfGVufDB8fHx8MTc3MjIyNTgzNHww&ixlib=rb-4.1.0&q=80&w=1080?utm_source=sse554_capstone&utm_medium=referral,Wireless LED Desk Lamp,BrightLeaf Publishing,"The Wireless LED Desk Lamp 447 by BrightLeaf Publishing delivers dependable performance with quality materials and thoughtful design. It is well suited for everyday use in the clothing category, offering a strong balance of value and functionality.",Clothing,"Durable, Limited Edition, Wireless, Waterproof, Ergonomic",491.08,3.0,6016,1039,2025-02-19,xA+:EFvWO_gq,Darius Cotoi,https://unsplash.com/@dariuscotoi?utm_source=sse554_capstone&utm_medium=referral
https://images.unsplash.com/photo-1735777192373-68b35aec219d?crop=entropy&cs=tinysrgb&fit=max&fm=jpg&ixid=M3w4NzQxNTN8MHwxfHNlYXJjaHwxfHxQcm9mZXNzaW9uYWwlMjBTY2llbmNlJTIwRmljdGlvbiUyME5vdmVsfGVufDB8fHx8MTc3MjIyNTg0Mnww&ixlib=rb-4.1.0&q=80&w=1080?utm_source=sse554_capstone&utm_medium=referral,Professional Science Fiction Novel,BrightLeaf Publishing,"The Professional Science Fiction Novel 163 by BrightLeaf Publishing delivers dependable performance with quality materials and thoughtful design. It is well suited for everyday use in the home & kitchen category, offering a strong balance of value and functionality.",Home & Kitchen,"Limited Edition, Premium, Rechargeable, Bestseller, Modern",733.42,2.1,5470,67,2019-12-19,|J3IsKG)]`ud,Cemrecan Yurtman,https://unsplash.com/@cmrcn_?utm_source=sse554_capstone&utm_medium=referral
https://images.unsplash.com/photo-1616268198462-50a80c4785d0?crop=entropy&cs=tinysrgb&fit=max&fm=jpg&ixid=M3w4NzQxNTN8MHwxfHNlYXJjaHwxfHxDbGFzc2ljJTIwU3RhaW5sZXNzJTIwU3RlZWwlMjBXYXRlciUyMEJvdHRsZXxlbnwwfHx8fDE3NzIyMjU4NzF8MA&ixlib=rb-4.1.0&q=80&w=1080?utm_source=sse554_capstone&utm_medium=referral,Classic Stainless Steel Water Bottle,BlueRiver Outfitters,"The Classic Stainless Steel Water Bottle 255 by BlueRiver Outfitters delivers dependable performance with quality materials and thoughtful design. It is well suited for everyday use in the home & kitchen category, offering a strong balance of value and functionality.",Home & Kitchen,"Ergonomic, Compact, Portable, Modern, Essential",194.84,1.2,7128,237,2022-11-15,2s=~#!!aBuz2,Claudio Poggio,https://unsplash.com/@claudiopoggio?utm_source=sse554_capstone&utm_medium=referral
https://images.unsplash.com/photo-1586187543706-b43086b30978?crop=entropy&cs=tinysrgb&fit=max&fm=jpg&ixid=M3w4NzQxNTN8MHwxfHNlYXJjaHwxfHxDb21wYWN0JTIwRXh0ZXJuYWwlMjBIYXJkJTIwRHJpdmV8ZW58MHx8fHwxNzcyMjI1ODI4fDA&ixlib=rb-4.1.0&q=80&w=1080?utm_source=sse554_capstone&utm_medium=referral,Compact External Hard Drive,Horizon Tech,"The Compact External Hard Drive 567 by Horizon Tech delivers dependable performance with quality materials and thoughtful design. It is well suited for everyday use in the books category, offering a strong balance of value and functionality.",Books,"Wireless, Rechargeable, Lightweight, New Arrival, Durable",56.0,1.3,2069,1342,2021-07-24,ZzSs8RLE&P\\,Everyday Basics,https://unsplash.com/@zanardi?utm_source=sse554_capstone&utm_medium=referral
https://images.unsplash.com/photo-1708513427809-728a7913fc9f?crop=entropy&cs=tinysrgb&fit=max&fm=jpg&ixid=M3w4NzQxNTN8MHwxfHNlYXJjaHwxfHxQcm9mZXNzaW9uYWwlMjBMRUQlMjBEZXNrJTIwTGFtcHxlbnwwfHx8fDE3NzIyMjU4Mjd8MA&ixlib=rb-4.1.0&q=80&w=1080?utm_source=sse554_capstone&utm_medium=referral,Professional LED Desk Lamp,BrightLeaf Publishing,"The Professional LED Desk Lamp 297 by BrightLeaf Publishing delivers dependable performance with quality materials and thoughtful design. It is well suited for everyday use in the clothing category, offering a strong balance of value and functionality.",Clothing,"Limited Edition, Premium, Wireless, Portable, Giftable",319.88,3.6,9960,647,2025-08-14,xo`(Ze&p#"-B,Uwukuri Emery,https://unsplash.com/@uwukuriemery?utm_source=sse554_capstone&utm_medium=referral
https://images.unsplash.com/photo-1624948384140-e48e47087fad?crop=entropy&cs=tinysrgb&fit=max&fm=jpg&ixid=M3w4NzQxNTN8MHwxfHNlYXJjaHwxfHxTbWFydCUyMDRLJTIwTW9uaXRvcnxlbnwwfHx8fDE3NzIyMjU4Nzh8MA&ixlib=rb-4.1.0&q=80&w=1080?utm_source=sse554_capstone&utm_medium=referral,Smart 4K Monitor,SilverLine Electronics,"The Smart 4K Monitor 641 by SilverLine Electronics delivers dependable performance with quality materials and thoughtful design. It is well suited for everyday use in the clothing category, offering a strong balance of value and functionality.",Clothing,"Waterproof, Premium, Modern, Limited Edition, Rechargeable",789.37,4.8,4663,1698,2021-12-24,"2G@CGQ\_L,.d",Dennis Irorere,https://unsplash.com/@denironyx?utm_source=sse554_capstone&utm_medium=referral
https://images.unsplash.com/photo-1757038490134-7131b8ba57f3?crop=entropy&cs=tinysrgb&fit=max&fm=jpg&ixid=M3w4NzQxNTN8MHwxfHNlYXJjaHwxfHxTbWFydCUyMEVsZWN0cmljJTIwS2V0dGxlfGVufDB8fHx8MTc3MjIyNTg4OXww&ixlib=rb-4.1.0&q=80&w=1080?utm_source=sse554_capstone&utm_medium=referral,Smart Electric Kettle,BlueRiver Outfitters,"The Smart Electric Kettle 317 by BlueRiver Outfitters delivers dependable performance with quality materials and thoughtful design. It is well suited for everyday use in the sports & outdoors category, offering a strong balance of value and functionality.",Sports & Outdoors,"Waterproof, Ergonomic, Portable, Premium, Durable",129.41,3.1,1190,1888,2017-01-22,DGr#~JgkQ0^A,Vertex Designs,https://unsplash.com/@vertex_800?utm_source=sse554_capstone&utm_medium=referral
https://images.unsplash.com/photo-1643385958950-8f0b8852171a?crop=entropy&cs=tinysrgb&fit=max&fm=jpg&ixid=M3w4NzQxNTN8MHwxfHNlYXJjaHwxfHxVbHRyYSUyMEJsdWV0b290aCUyMFNwZWFrZXJ8ZW58MHx8fHwxNzcyMjI1ODMzfDA&ixlib=rb-4.1.0&q=80&w=1080?utm_source=sse554_capstone&utm_medium=referral,Ultra Bluetooth Speaker,SilverLine Electronics,"The Ultra Bluetooth Speaker 111 by SilverLine Electronics delivers dependable performance with quality materials and thoughtful design. It is well suited for everyday use in the clothing category, offering a strong balance of value and functionality.",Clothing,"Waterproof, Versatile, Compact, Lightweight, Premium",257.65,2.0,9173,1991,2025-07-04,P=rr1l/$LvpK,Suraj Kumar,https://unsplash.com/@surajjnv?utm_source=sse554_capstone&utm_medium=referral
https://images.unsplash.com/photo-1637437411826-bab0dc76a310?crop=entropy&cs=tinysrgb&fit=max&fm=jpg&ixid=M3w4NzQxNTN8MHwxfHNlYXJjaHwxfHxQcmVtaXVtJTIwUnVubmluZyUyMFNob2VzfGVufDB8fHx8MTc3MjIyNTgzMHww&ixlib=rb-4.1.0&q=80&w=1080?utm_source=sse554_capstone&utm_medium=referral,Premium Running Shoes,UrbanNest,"The Premium Running Shoes 538 by UrbanNest delivers dependable performance with quality materials and thoughtful design. It is well suited for everyday use in the office supplies category, offering a strong balance of value and functionality.",Office Supplies,"New Arrival, Giftable, Wireless, Portable, Limited Edition",534.69,4.7,1184,157,2023-03-28,d5!AoO(0Ip7a,Mostafa Mahmoudi,https://unsplash.com/@mostafa_mahmoudi24?utm_source=sse554_capstone&utm_medium=referral
https://images.unsplash.com/photo-1522844123782-9547a63eb28b?crop=entropy&cs=tinysrgb&fit=max&fm=jpg&ixid=M3w4NzQxNTN8MHwxfHNlYXJjaHwxfHxDbGFzc2ljJTIwWW9nYSUyME1hdHxlbnwwfHx8fDE3NzIyMjU4ODB8MA&ixlib=rb-4.1.0&q=80&w=1080?utm_source=sse554_capstone&utm_medium=referral,Classic Yoga Mat,Horizon Tech,"The Classic Yoga Mat 566 by Horizon Tech delivers dependable performance with quality materials and thoughtful design. It is well suited for everyday use in the office supplies category, offering a strong balance of value and functionality.",Office Supplies,"Limited Edition, Rechargeable, Giftable, Ergonomic, Lightweight",238.79,2.4,6706,1228,2017-07-18,~;gj4UF"~P2m,Alan Ko,https://unsplash.com/@iyunmai?utm_source=sse554_capstone&utm_medium=referral
https://images.unsplash.com/photo-1523730647456-cc896ae6243a?crop=entropy&cs=tinysrgb&fit=max&fm=jpg&ixid=M3w4NzQxNTN8MHwxfHNlYXJjaHwxfHxDbGFzc2ljJTIwUnVubmluZyUyMFNob2VzfGVufDB8fHx8MTc3MjIyNTg2Nnww&ixlib=rb-4.1.0&q=80&w=1080?utm_source=sse554_capstone&utm_medium=referral,Classic Running Shoes,SilverLine Electronics,"The Classic Running Shoes 201 by SilverLine Electronics delivers dependable performance with quality materials and thoughtful design. It is well suited for everyday use in the books category, offering a strong balance of value and functionality.",Books,"Portable, Rechargeable, Giftable, Wireless, Compact",369.52,2.6,4798,90,2025-12-24,MsB7FxAAEoW%,Jeroen Den Otter,https://unsplash.com/@jeroendenotter?utm_source=sse554_capstone&utm_medium=referral
https://images.unsplash.com/photo-1554175940-c7d7ede2ecb9?crop=entropy&cs=tinysrgb&fit=max&fm=jpg&ixid=M3w4NzQxNTN8MHwxfHNlYXJjaHwxfHxFY28lMjBNZWNoYW5pY2FsJTIwS2V5Ym9hcmR8ZW58MHx8fHwxNzcyMjI1ODQ4fDA&ixlib=rb-4.1.0&q=80&w=1080?utm_source=sse554_capstone&utm_medium=referral,Eco Mechanical Keyboard,UrbanNest,"The Eco Mechanical Keyboard 491 by UrbanNest delivers dependable performance with quality materials and thoughtful design. It is well suited for everyday use in the clothing category, offering a strong balance of value and functionality.",Clothing,"Rechargeable, Essential, Modern, Bestseller, Compact",672.62,3.2,4521,150,2024-06-13,(I=b&]lLD.yq,H&co,https://unsplash.com/@hngstrm?utm_source=sse554_capstone&utm_medium=referral
https://images.unsplash.com/photo-1733218430878-902cc0cff502?crop=entropy&cs=tinysrgb&fit=max&fm=jpg&ixid=M3w4NzQxNTN8MHwxfHNlYXJjaHwxfHxBZHZhbmNlZCUyMEFjdGlvbiUyMENhbWVyYXxlbnwwfHx8fDE3NzIyMjU4NTZ8MA&ixlib=rb-4.1.0&q=80&w=1080?utm_source=sse554_capstone&utm_medium=referral,Advanced Action Camera,Summit Gear Co.,"The Advanced Action Camera 722 by Summit Gear Co. delivers dependable performance with quality materials and thoughtful design. It is well suited for everyday use in the books category, offering a strong balance of value and functionality.",Books,"Versatile, Compact, Waterproof, Limited Edition, Rechargeable",652.78,2.9,7513,1679,2016-11-06,h&!vH4J<3EK0,Duc Van,https://unsplash.com/@duke91?utm_source=sse554_capstone&utm_medium=referral
https://images.unsplash.com/photo-1754821305530-8e3c7b8deda2?crop=entropy&cs=tinysrgb&fit=max&fm=jpg&ixid=M3w4NzQxNTN8MHwxfHNlYXJjaHwxfHxQcm9mZXNzaW9uYWwlMjBGaXRuZXNzJTIwVHJhY2tlcnxlbnwwfHx8fDE3NzIyMjU4OTN8MA&ixlib=rb-4.1.0&q=80&w=1080?utm_source=sse554_capstone&utm_medium=referral,Professional Fitness Tracker,Summit Gear Co.,"The Professional Fitness Tracker 628 by Summit Gear Co. delivers dependable performance with quality materials and thoughtful design. It is well suited for everyday use in the clothing category, offering a strong balance of value and functionality.",Clothing,"Wireless, Waterproof, Bestseller, Premium, Giftable",306.2,2.2,478,1019,2016-09-19,qvLk+p@0cL.H,Andrey Matveev,https://unsplash.com/@zelebb?utm_source=sse554_capstone&utm_medium=referral
https://images.unsplash.com/photo-1586187543706-b43086b30978?crop=entropy&cs=tinysrgb&fit=max&fm=jpg&ixid=M3w4NzQxNTN8MHwxfHNlYXJjaHwxfHxDb21wYWN0JTIwRXh0ZXJuYWwlMjBIYXJkJTIwRHJpdmV8ZW58MHx8fHwxNzcyMjI1ODI4fDA&ixlib=rb-4.1.0&q=80&w=1080?utm_source=sse554_capstone&utm_medium=referral,Compact External Hard Drive,Summit Gear Co.,"The Compact External Hard Drive 472 by Summit Gear Co. delivers dependable performance with quality materials and thoughtful design. It is well suited for everyday use in the electronics category, offering a strong balance of value and functionality.",Electronics,"Bestseller, Modern, Lightweight, Portable, Essential",249.8,2.3,6525,1756,2024-10-06,mn~L"/jP'r6n,Everyday Basics,https://unsplash.com/@zanardi?utm_source=sse554_capstone&utm_medium=referral
https://images.unsplash.com/photo-1738101001619-f0fd42ceafb0?crop=entropy&cs=tinysrgb&fit=max&fm=jpg&ixid=M3w4NzQxNTN8MHwxfHNlYXJjaHwxfHxFY28lMjBFbGVjdHJpYyUyMEtldHRsZXxlbnwwfHx8fDE3NzIyMjU4NTV8MA&ixlib=rb-4.1.0&q=80&w=1080?utm_source=sse554_capstone&utm_medium=referral,Eco Electric Kettle,UrbanNest,"The Eco Electric Kettle 739 by UrbanNest delivers dependable performance with quality materials and thoughtful design. It is well suited for everyday use in the electronics category, offering a strong balance of value and functionality.",Electronics,"Portable, Ergonomic, Essential, Bestseller, Giftable",788.23,3.7,6934,1478,2021-03-05,FeXKn2=K(y%!,Haberdoedas,https://unsplash.com/@haberdoedas?utm_source=sse554_capstone&utm_medium=referral
https://images.unsplash.com/photo-1658524202348-8bdff4d4a194?crop=entropy&cs=tinysrgb&fit=max&fm=jpg&ixid=M3w4NzQxNTN8MHwxfHNlYXJjaHwxfHxQb3J0YWJsZSUyMENvb2t3YXJlJTIwU2V0fGVufDB8fHx8MTc3MjIyNTg4OHww&ixlib=rb-4.1.0&q=80&w=1080?utm_source=sse554_capstone&utm_medium=referral,Portable Cookware Set,UrbanNest,"The Portable Cookware Set 476 by UrbanNest delivers dependable performance with quality materials and thoughtful design. It is well suited for everyday use in the clothing category, offering a strong balance of value and functionality.",Clothing,"Premium, Versatile, Bestseller, Ergonomic, Essential",469.68,2.5,6943,1724,2021-05-24,]+{}{YX5!P(%,Pedro Fleitas,https://unsplash.com/@pedroooo?utm_source=sse554_capstone&utm_medium=referral
https://images.unsplash.com/photo-1658700054661-84feecc48f84?crop=entropy&cs=tinysrgb&fit=max&fm=jpg&ixid=M3w4NzQxNTN8MHwxfHNlYXJjaHwxfHxDbGFzc2ljJTIwTWVjaGFuaWNhbCUyMEtleWJvYXJkfGVufDB8fHx8MTc3MjIyNTg2OXww&ixlib=rb-4.1.0&q=80&w=1080?utm_source=sse554_capstone&utm_medium=referral,Classic Mechanical Keyboard,BlueRiver Outfitters,"The Classic Mechanical Keyboard 114 by BlueRiver Outfitters delivers dependable performance with quality materials and thoughtful design. It is well suited for everyday use in the sports & outdoors category, offering a strong balance of value and functionality.",Sports & Outdoors,"Versatile, Wireless, Ergonomic, Bestseller, Portable",397.53,3.4,6835,246,2021-03-02,\7=!-=\~q{9-,76,https://unsplash.com/@abishvijayan?utm_source=sse554_capstone&utm_medium=referral
https://images.unsplash.com/photo-1694405145070-e58cc29771fa?crop=entropy&cs=tinysrgb&fit=max&fm=jpg&ixid=M3w4NzQxNTN8MHwxfHNlYXJjaHwxfHxXaXJlbGVzcyUyME1lY2hhbmljYWwlMjBLZXlib2FyZHxlbnwwfHx8fDE3NzIyMjU4Mzd8MA&ixlib=rb-4.1.0&q=80&w=1080?utm_source=sse554_capstone&utm_medium=referral,Wireless Mechanical Keyboard,Summit Gear Co.,"The Wireless Mechanical Keyboard 597 by Summit Gear Co. delivers dependable performance with quality materials and thoughtful design. It is well suited for everyday use in the sports & outdoors category, offering a strong balance of value and functionality.",Sports & Outdoors,"Giftable, Versatile, Rechargeable, Essential, Modern",461.94,3.5,4576,485,2025-03-08,",O4tw-:e5Tmi",Padraig Treanor,https://unsplash.com/@padraigo?utm_source=sse554_capstone&utm_medium=referral
https://images.unsplash.com/photo-1557349964-34f68e722d29?crop=entropy&cs=tinysrgb&fit=max&fm=jpg&ixid=M3w4NzQxNTN8MHwxfHNlYXJjaHwxfHxXaXJlbGVzcyUyMENvb2tib29rfGVufDB8fHx8MTc3MjIyNTg5M3ww&ixlib=rb-4.1.0&q=80&w=1080?utm_source=sse554_capstone&utm_medium=referral,Wireless Cookbook,SilverLine Electronics,"The Wireless Cookbook 735 by SilverLine Electronics delivers dependable performance with quality materials and thoughtful design. It is well suited for everyday use in the home & kitchen category, offering a strong balance of value and functionality.",Home & Kitchen,"Wireless, Essential, New Arrival, Premium, Limited Edition",499.03,4.1,527,1055,2024-06-04,q`gi1k0nksA*,Hartai Klaudia,https://unsplash.com/@hartaiklaudia?utm_source=sse554_capstone&utm_medium=referral
https://images.unsplash.com/photo-1754479125079-b5b48318547e?crop=entropy&cs=tinysrgb&fit=max&fm=jpg&ixid=M3w4NzQxNTN8MHwxfHNlYXJjaHwxfHxDbGFzc2ljJTIwQmFja3BhY2t8ZW58MHx8fHwxNzcyMjI1ODI0fDA&ixlib=rb-4.1.0&q=80&w=1080?utm_source=sse554_capstone&utm_medium=referral,Classic Backpack,BrightLeaf Publishing,"The Classic Backpack 390 by BrightLeaf Publishing delivers dependable performance with quality materials and thoughtful design. It is well suited for everyday use in the office supplies category, offering a strong balance of value and functionality.",Office Supplies,"Giftable, Bestseller, Versatile, Essential, Limited Edition",545.16,3.5,1376,515,2017-04-04,^(Ga:>Feiz{G,Johan Mouchet,https://unsplash.com/@johanmouchet?utm_source=sse554_capstone&utm_medium=referral
https://images.unsplash.com/photo-1733218430878-902cc0cff502?crop=entropy&cs=tinysrgb&fit=max&fm=jpg&ixid=M3w4NzQxNTN8MHwxfHNlYXJjaHwxfHxXaXJlbGVzcyUyMEFjdGlvbiUyMENhbWVyYXxlbnwwfHx8fDE3NzIyMjU4Njh8MA&ixlib=rb-4.1.0&q=80&w=1080?utm_source=sse554_capstone&utm_medium=referral,Wireless Action Camera,Horizon Tech,"The Wireless Action Camera 452 by Horizon Tech delivers dependable performance with quality materials and thoughtful design. It is well suited for everyday use in the sports & outdoors category, offering a strong balance of value and functionality.",Sports & Outdoors,"Giftable, Compact, Waterproof, Modern, Portable",109.58,2.2,9359,1150,2019-06-15,t[ivTUc|*O+t,Duc Van,https://unsplash.com/@duke91?utm_source=sse554_capstone&utm_medium=referral
https://images.unsplash.com/photo-1601220363009-f7e66d095649?crop=entropy&cs=tinysrgb&fit=max&fm=jpg&ixid=M3w4NzQxNTN8MHwxfHNlYXJjaHwxfHxDbGFzc2ljJTIwU21hcnRwaG9uZSUyMFN0YW5kfGVufDB8fHx8MTc3MjIyNTg4NXww&ixlib=rb-4.1.0&q=80&w=1080?utm_source=sse554_capstone&utm_medium=referral,Classic Smartphone Stand,BrightLeaf Publishing,"The Classic Smartphone Stand 603 by BrightLeaf Publishing delivers dependable performance with quality materials and thoughtful design. It is well suited for everyday use in the home & kitchen category, offering a strong balance of value and functionality.",Home & Kitchen,"Premium, New Arrival, Portable, Lightweight, Essential",784.99,2.6,3158,1957,2024-08-02,M#zcVF|A[re`,Hugo Sesma,https://unsplash.com/@h_u_g_e?utm_source=sse554_capstone&utm_medium=referral
https://images.unsplash.com/photo-1752854048645-15ab5d246bd4?crop=entropy&cs=tinysrgb&fit=max&fm=jpg&ixid=M3w4NzQxNTN8MHwxfHNlYXJjaHwxfHxFY28lMjBTY2llbmNlJTIwRmljdGlvbiUyME5vdmVsfGVufDB8fHx8MTc3MjIyNTg1M3ww&ixlib=rb-4.1.0&q=80&w=1080?utm_source=sse554_capstone&utm_medium=referral,Eco Science Fiction Novel,NorthPeak,"The Eco Science Fiction Novel 571 by NorthPeak delivers dependable performance with quality materials and thoughtful design. It is well suited for everyday use in the electronics category, offering a strong balance of value and functionality.",Electronics,"Modern, Giftable, Bestseller, Ergonomic, Durable",113.48,4.8,9294,1676,2016-08-29,C%jR:{R~EJGl,Hanna Lazar,https://unsplash.com/@potokvarte?utm_source=sse554_capstone&utm_medium=referral
https://images.unsplash.com/photo-1766713993296-4b7ce61e9ace?crop=entropy&cs=tinysrgb&fit=max&fm=jpg&ixid=M3w4NzQxNTN8MHwxfHNlYXJjaHwxfHxQb3J0YWJsZSUyMEdhbWluZyUyME1vdXNlfGVufDB8fHx8MTc3MjIyNTgyNXww&ixlib=rb-4.1.0&q=80&w=1080?utm_source=sse554_capstone&utm_medium=referral,Portable Gaming Mouse,UrbanNest,"The Portable Gaming Mouse 562 by UrbanNest delivers dependable performance with quality materials and thoughtful design. It is well suited for everyday use in the clothing category, offering a strong balance of value and functionality.",Clothing,"Durable, Premium, Ergonomic, Giftable, Limited Edition",463.96,4.8,3027,75,2021-05-30,m&\0V%fn?fbG,Dou Buhiu,https://unsplash.com/@doubuhi?utm_source=sse554_capstone&utm_medium=referral
https://images.unsplash.com/photo-1557349964-34f68e722d29?crop=entropy&cs=tinysrgb&fit=max&fm=jpg&ixid=M3w4NzQxNTN8MHwxfHNlYXJjaHwxfHxQcm9mZXNzaW9uYWwlMjBDb29rYm9va3xlbnwwfHx8fDE3NzIyMjU4NDF8MA&ixlib=rb-4.1.0&q=80&w=1080?utm_source=sse554_capstone&utm_medium=referral,Professional Cookbook,Horizon Tech,"The Professional Cookbook 497 by Horizon Tech delivers dependable performance with quality materials and thoughtful design. It is well suited for everyday use in the home & kitchen category, offering a strong balance of value and functionality.",Home & Kitchen,"Waterproof, Lightweight, Premium, Rechargeable, Wireless",395.91,2.3,7392,1899,2024-04-26,Jdh-f+/m0wYi,Hartai Klaudia,https://unsplash.com/@hartaiklaudia?utm_source=sse554_capstone&utm_medium=referral
https://images.unsplash.com/photo-1527800792452-506aacb2101f?crop=entropy&cs=tinysrgb&fit=max&fm=jpg&ixid=M3w4NzQxNTN8MHwxfHNlYXJjaHwxfHxVbHRyYSUyMDRLJTIwTW9uaXRvcnxlbnwwfHx8fDE3NzIyMjU4NTl8MA&ixlib=rb-4.1.0&q=80&w=1080?utm_source=sse554_capstone&utm_medium=referral,Ultra 4K Monitor,Maple Street Press,"The Ultra 4K Monitor 965 by Maple Street Press delivers dependable performance with quality materials and thoughtful design. It is well suited for everyday use in the books category, offering a strong balance of value and functionality.",Books,"Giftable, Wireless, Ergonomic, Durable, Compact",773.06,3.7,8070,212,2023-07-04,&+(wBSM}T"JF,Alexandru Acea,https://unsplash.com/@alexacea?utm_source=sse554_capstone&utm_medium=referral
https://images.unsplash.com/photo-1761653457980-21b9f7fd3a04?crop=entropy&cs=tinysrgb&fit=max&fm=jpg&ixid=M3w4NzQxNTN8MHwxfHNlYXJjaHwxfHxQb3J0YWJsZSUyMEJhY2twYWNrfGVufDB8fHx8MTc3MjIyNTg5M3ww&ixlib=rb-4.1.0&q=80&w=1080?utm_source=sse554_capstone&utm_medium=referral,Portable Backpack,UrbanNest,"The Portable Backpack 698 by UrbanNest delivers dependable performance with quality materials and thoughtful design. It is well suited for everyday use in the books category, offering a strong balance of value and functionality.",Books,"Waterproof, Bestseller, Modern, New Arrival, Durable",510.63,1.2,48,1485,2023-11-28,6yh!K8>'q.v!,Carl Tronders,https://unsplash.com/@allvar?utm_source=sse554_capstone&utm_medium=referral
https://images.unsplash.com/photo-1748017185912-c2a467989758?crop=entropy&cs=tinysrgb&fit=max&fm=jpg&ixid=M3w4NzQxNTN8MHwxfHNlYXJjaHwxfHxDb21wYWN0JTIwQ29va2Jvb2t8ZW58MHx8fHwxNzcyMjI1ODMyfDA&ixlib=rb-4.1.0&q=80&w=1080?utm_source=sse554_capstone&utm_medium=referral,Compact Cookbook,UrbanNest,"The Compact Cookbook 108 by UrbanNest delivers dependable performance with quality materials and thoughtful design. It is well suited for everyday use in the electronics category, offering a strong balance of value and functionality.",Electronics,"New Arrival, Lightweight, Essential, Premium, Giftable",724.47,4.1,3953,1026,2016-01-05,l`Why6?9*Q(F,Harrison Chang,https://unsplash.com/@harrisonchang?utm_source=sse554_capstone&utm_medium=referral
https://images.unsplash.com/photo-1701318134632-7cda18e7c487?crop=entropy&cs=tinysrgb&fit=max&fm=jpg&ixid=M3w4NzQxNTN8MHwxfHNlYXJjaHwxfHxQb3J0YWJsZSUyMDRLJTIwTW9uaXRvcnxlbnwwfHx8fDE3NzIyMjU4Nzl8MA&ixlib=rb-4.1.0&q=80&w=1080?utm_source=sse554_capstone&utm_medium=referral,Portable 4K Monitor,SilverLine Electronics,"The Portable 4K Monitor 443 by SilverLine Electronics delivers dependable performance with quality materials and thoughtful design. It is well suited for everyday use in the clothing category, offering a strong balance of value and functionality.",Clothing,"Compact, Lightweight, Premium, Limited Edition, New Arrival",666.67,1.0,9354,1818,2025-12-26,bS6X:dsd^C(M,Trần Quang Phú,https://unsplash.com/@tranquangphu?utm_source=sse554_capstone&utm_medium=referral
https://images.unsplash.com/photo-1554175940-c7d7ede2ecb9?crop=entropy&cs=tinysrgb&fit=max&fm=jpg&ixid=M3w4NzQxNTN8MHwxfHNlYXJjaHwxfHxFY28lMjBNZWNoYW5pY2FsJTIwS2V5Ym9hcmR8ZW58MHx8fHwxNzcyMjI1ODQ4fDA&ixlib=rb-4.1.0&q=80&w=1080?utm_source=sse554_capstone&utm_medium=referral,Eco Mechanical Keyboard,UrbanNest,"The Eco Mechanical Keyboard 543 by UrbanNest delivers dependable performance with quality materials and thoughtful design. It is well suited for everyday use in the home & kitchen category, offering a strong balance of value and functionality.",Home & Kitchen,"Portable, New Arrival, Rechargeable, Bestseller, Compact",402.43,1.8,8454,474,2019-06-10,hGj[~!\b[@Bw,H&co,https://unsplash.com/@hngstrm?utm_source=sse554_capstone&utm_medium=referral
https://images.unsplash.com/photo-1616268198462-50a80c4785d0?crop=entropy&cs=tinysrgb&fit=max&fm=jpg&ixid=M3w4NzQxNTN8MHwxfHNlYXJjaHwxfHxDbGFzc2ljJTIwU3RhaW5sZXNzJTIwU3RlZWwlMjBXYXRlciUyMEJvdHRsZXxlbnwwfHx8fDE3NzIyMjU4NzF8MA&ixlib=rb-4.1.0&q=80&w=1080?utm_source=sse554_capstone&utm_medium=referral,Classic Stainless Steel Water Bottle,Horizon Tech,"The Classic Stainless Steel Water Bottle 232 by Horizon Tech delivers dependable performance with quality materials and thoughtful design. It is well suited for everyday use in the electronics category, offering a strong balance of value and functionality.",Electronics,"Giftable, Modern, Compact, Premium, Essential",687.71,4.9,6928,1797,2016-05-08,X(d%~dcX0Ti),Claudio Poggio,https://unsplash.com/@claudiopoggio?utm_source=sse554_capstone&utm_medium=referral
https://images.unsplash.com/photo-1695712551608-b118cc5a39e4?crop=entropy&cs=tinysrgb&fit=max&fm=jpg&ixid=M3w4NzQxNTN8MHwxfHNlYXJjaHwxfHxFY28lMjBCbHVldG9vdGglMjBTcGVha2VyfGVufDB8fHx8MTc3MjIyNTgzNXww&ixlib=rb-4.1.0&q=80&w=1080?utm_source=sse554_capstone&utm_medium=referral,Eco Bluetooth Speaker,UrbanNest,"The Eco Bluetooth Speaker 618 by UrbanNest delivers dependable performance with quality materials and thoughtful design. It is well suited for everyday use in the office supplies category, offering a strong balance of value and functionality.",Office Supplies,"Giftable, Portable, Compact, Modern, Essential",425.78,4.1,2358,1344,2017-06-09,"d,{0Ph~,/IX*",Gomi,https://unsplash.com/@gomi_design?utm_source=sse554_capstone&utm_medium=referral
https://images.unsplash.com/photo-1586187543706-b43086b30978?crop=entropy&cs=tinysrgb&fit=max&fm=jpg&ixid=M3w4NzQxNTN8MHwxfHNlYXJjaHwxfHxDbGFzc2ljJTIwRXh0ZXJuYWwlMjBIYXJkJTIwRHJpdmV8ZW58MHx8fHwxNzcyMjI1ODM3fDA&ixlib=rb-4.1.0&q=80&w=1080?utm_source=sse554_capstone&utm_medium=referral,Classic External Hard Drive,UrbanNest,"The Classic External Hard Drive 960 by UrbanNest delivers dependable performance with quality materials and thoughtful design. It is well suited for everyday use in the electronics category, offering a strong balance of value and functionality.",Electronics,"Premium, Rechargeable, Essential, Durable, Ergonomic",103.91,4.1,8378,1574,2025-05-25,"b(N`;q#\>^G,",Everyday Basics,https://unsplash.com/@zanardi?utm_source=sse554_capstone&utm_medium=referral
https://images.unsplash.com/photo-1733218430878-902cc0cff502?crop=entropy&cs=tinysrgb&fit=max&fm=jpg&ixid=M3w4NzQxNTN8MHwxfHNlYXJjaHwxfHxTbWFydCUyMEFjdGlvbiUyMENhbWVyYXxlbnwwfHx8fDE3NzIyMjU4NzJ8MA&ixlib=rb-4.1.0&q=80&w=1080?utm_source=sse554_capstone&utm_medium=referral,Smart Action Camera,UrbanNest,"The Smart Action Camera 251 by UrbanNest delivers dependable performance with quality materials and thoughtful design. It is well suited for everyday use in the sports & outdoors category, offering a strong balance of value and functionality.",Sports & Outdoors,"Wireless, Versatile, Waterproof, Ergonomic, Portable",49.45,4.3,5341,923,2018-01-07,_3=f=>*cmb0g,Duc Van,https://unsplash.com/@duke91?utm_source=sse554_capstone&utm_medium=referral
https://images.unsplash.com/photo-1765914448164-de1e22b7fa02?crop=entropy&cs=tinysrgb&fit=max&fm=jpg&ixid=M3w4NzQxNTN8MHwxfHNlYXJjaHwxfHxBZHZhbmNlZCUyMFJ1bm5pbmclMjBTaG9lc3xlbnwwfHx8fDE3NzIyMjU4NDd8MA&ixlib=rb-4.1.0&q=80&w=1080?utm_source=sse554_capstone&utm_medium=referral,Advanced Running Shoes,UrbanNest,"The Advanced Running Shoes 700 by UrbanNest delivers dependable performance with quality materials and thoughtful design. It is well suited for everyday use in the books category, offering a strong balance of value and functionality.",Books,"Limited Edition, Ergonomic, Wireless, Essential, Premium",765.02,4.2,4914,792,2021-03-08,2.g`5^miDsT\,Taylor Friehl,https://unsplash.com/@taylor_friehl?utm_source=sse554_capstone&utm_medium=referral
https://images.unsplash.com/photo-1605274280925-9dd1baacb97b?crop=entropy&cs=tinysrgb&fit=max&fm=jpg&ixid=M3w4NzQxNTN8MHwxfHNlYXJjaHwxfHxFY28lMjBTdGFpbmxlc3MlMjBTdGVlbCUyMFdhdGVyJTIwQm90dGxlfGVufDB8fHx8MTc3MjIyNTg3Nnww&ixlib=rb-4.1.0&q=80&w=1080?utm_source=sse554_capstone&utm_medium=referral,Eco Stainless Steel Water Bottle,UrbanNest,"The Eco Stainless Steel Water Bottle 510 by UrbanNest delivers dependable performance with quality materials and thoughtful design. It is well suited for everyday use in the sports & outdoors category, offering a strong balance of value and functionality.",Sports & Outdoors,"Modern, New Arrival, Durable, Wireless, Compact",562.47,4.0,9875,1020,2021-09-03,%!vQYB.>Fs#:,Bluewater Sweden,https://unsplash.com/@bluewaterglobe?utm_source=sse554_capstone&utm_medium=referral
https://images.unsplash.com/photo-1662659642792-d241f53b0582?crop=entropy&cs=tinysrgb&fit=max&fm=jpg&ixid=M3w4NzQxNTN8MHwxfHNlYXJjaHwxfHxQcm9mZXNzaW9uYWwlMjBFbGVjdHJpYyUyMEtldHRsZXxlbnwwfHx8fDE3NzIyMjU4NjF8MA&ixlib=rb-4.1.0&q=80&w=1080?utm_source=sse554_capstone&utm_medium=referral,Professional Electric Kettle,Maple Street Press,"The Professional Electric Kettle 450 by Maple Street Press delivers dependable performance with quality materials and thoughtful design. It is well suited for everyday use in the home & kitchen category, offering a strong balance of value and functionality.",Home & Kitchen,"Bestseller, Premium, Wireless, New Arrival, Modern",314.67,3.5,7014,1429,2022-08-22,5&3GAcl|<n\s,Guillermo Latorre,https://unsplash.com/@superwillyfoc?utm_source=sse554_capstone&utm_medium=referral
https://images.unsplash.com/photo-1768618506508-2575a80f4461?crop=entropy&cs=tinysrgb&fit=max&fm=jpg&ixid=M3w4NzQxNTN8MHwxfHNlYXJjaHwxfHxQcm9mZXNzaW9uYWwlMjBCbHVldG9vdGglMjBTcGVha2VyfGVufDB8fHx8MTc3MjIyNTg2Mnww&ixlib=rb-4.1.0&q=80&w=1080?utm_source=sse554_capstone&utm_medium=referral,Professional Bluetooth Speaker,Maple Street Press,"The Professional Bluetooth Speaker 469 by Maple Street Press delivers dependable performance with quality materials and thoughtful design. It is well suited for everyday use in the office supplies category, offering a strong balance of value and functionality.",Office Supplies,"Premium, Modern, Essential, Portable, Waterproof",478.96,1.3,4257,261,2025-09-16,[z|"k~C:<@TU,Cao Minh Đức,https://unsplash.com/@duck0505?utm_source=sse554_capstone&utm_medium=referral
https://images.unsplash.com/photo-1771764760606-e654772df7d2?crop=entropy&cs=tinysrgb&fit=max&fm=jpg&ixid=M3w4NzQxNTN8MHwxfHNlYXJjaHwxfHxQcm9mZXNzaW9uYWwlMjBFeHRlcm5hbCUyMEhhcmQlMjBEcml2ZXxlbnwwfHx8fDE3NzIyMjU4NDl8MA&ixlib=rb-4.1.0&q=80&w=1080?utm_source=sse554_capstone&utm_medium=referral,Professional External Hard Drive,Maple Street Press,"The Professional External Hard Drive 154 by Maple Street Press delivers dependable performance with quality materials and thoughtful design. It is well suited for everyday use in the clothing category, offering a strong balance of value and functionality.",Clothing,"Ergonomic, Compact, Modern, Limited Edition, Rechargeable",100.31,2.2,5772,423,2017-01-29,[eY`._\fv1Vq,Ahmadreza Rezaie,https://unsplash.com/@ahmdrzarzai?utm_source=sse554_capstone&utm_medium=referral
https://images.unsplash.com/photo-1700168333927-023e01cc748f?crop=entropy&cs=tinysrgb&fit=max&fm=jpg&ixid=M3w4NzQxNTN8MHwxfHNlYXJjaHwxfHxDb21wYWN0JTIwT2ZmaWNlJTIwQ2hhaXJ8ZW58MHx8fHwxNzcyMjI1ODc3fDA&ixlib=rb-4.1.0&q=80&w=1080?utm_source=sse554_capstone&utm_medium=referral,Compact Office Chair,BrightLeaf Publishing,"The Compact Office Chair 464 by BrightLeaf Publishing delivers dependable performance with quality materials and thoughtful design. It is well suited for everyday use in the clothing category, offering a strong balance of value and functionality.",Clothing,"New Arrival, Giftable, Premium, Lightweight, Essential",120.01,1.7,5798,773,2016-10-12,vm<B{rVe&SvB,Jonathan Castañeda,https://unsplash.com/@jonathecreator?utm_source=sse554_capstone&utm_medium=referral
https://images.unsplash.com/photo-1693155257465-f29b58ecadaa?crop=entropy&cs=tinysrgb&fit=max&fm=jpg&ixid=M3w4NzQxNTN8MHwxfHNlYXJjaHwxfHxQb3J0YWJsZSUyMFNjaWVuY2UlMjBGaWN0aW9uJTIwTm92ZWx8ZW58MHx8fHwxNzcyMjI1ODQ4fDA&ixlib=rb-4.1.0&q=80&w=1080?utm_source=sse554_capstone&utm_medium=referral,Portable Science Fiction Novel,Summit Gear Co.,"The Portable Science Fiction Novel 668 by Summit Gear Co. delivers dependable performance with quality materials and thoughtful design. It is well suited for everyday use in the electronics category, offering a strong balance of value and functionality.",Electronics,"Lightweight, Premium, Limited Edition, Rechargeable, Waterproof",575.74,1.8,2518,793,2018-03-04,.fcCHI2ZAgp`,Rahul Chakraborty,https://unsplash.com/@hckmstrrahul?utm_source=sse554_capstone&utm_medium=referral
https://images.unsplash.com/photo-1771370580887-d41ae6d1d6ed?crop=entropy&cs=tinysrgb&fit=max&fm=jpg&ixid=M3w4NzQxNTN8MHwxfHNlYXJjaHwxfHxDb21wYWN0JTIwTWVjaGFuaWNhbCUyMEtleWJvYXJkfGVufDB8fHx8MTc3MjIyNTg1NHww&ixlib=rb-4.1.0&q=80&w=1080?utm_source=sse554_capstone&utm_medium=referral,Compact Mechanical Keyboard,Summit Gear Co.,"The Compact Mechanical Keyboard 135 by Summit Gear Co. delivers dependable performance with quality materials and thoughtful design. It is well suited for everyday use in the clothing category, offering a strong balance of value and functionality.",Clothing,"Lightweight, Wireless, Versatile, Portable, Limited Edition",390.5,4.2,5827,1092,2021-04-24,tC("N;ZnB)Yn,Marcus Richardson,https://unsplash.com/@marcusrichardson?utm_source=sse554_capstone&utm_medium=referral
https://images.unsplash.com/photo-1690455422058-156a39f18a0a?crop=entropy&cs=tinysrgb&fit=max&fm=jpg&ixid=M3w4NzQxNTN8MHwxfHNlYXJjaHwxfHxQcmVtaXVtJTIwQmx1ZXRvb3RoJTIwU3BlYWtlcnxlbnwwfHx8fDE3NzIyMjU4NDN8MA&ixlib=rb-4.1.0&q=80&w=1080?utm_source=sse554_capstone&utm_medium=referral,Premium Bluetooth Speaker,UrbanNest,"The Premium Bluetooth Speaker 690 by UrbanNest delivers dependable performance with quality materials and thoughtful design. It is well suited for everyday use in the home & kitchen category, offering a strong balance of value and functionality.",Home & Kitchen,"Essential, Limited Edition, Bestseller, New Arrival, Versatile",790.71,2.4,4674,1942,2020-02-22,xy9".P1uiHuK,Sayan Majhi,https://unsplash.com/@minimalsayan?utm_source=sse554_capstone&utm_medium=referral
https://images.unsplash.com/photo-1708513427809-728a7913fc9f?crop=entropy&cs=tinysrgb&fit=max&fm=jpg&ixid=M3w4NzQxNTN8MHwxfHNlYXJjaHwxfHxTbWFydCUyMExFRCUyMERlc2slMjBMYW1wfGVufDB8fHx8MTc3MjIyNTg4OHww&ixlib=rb-4.1.0&q=80&w=1080?utm_source=sse554_capstone&utm_medium=referral,Smart LED Desk Lamp,BlueRiver Outfitters,"The Smart LED Desk Lamp 290 by BlueRiver Outfitters delivers dependable performance with quality materials and thoughtful design. It is well suited for everyday use in the books category, offering a strong balance of value and functionality.",Books,"Wireless, Lightweight, Waterproof, New Arrival, Rechargeable",142.76,2.4,8139,1442,2022-04-21,M~gAFs>5M.Y?,Uwukuri Emery,https://unsplash.com/@uwukuriemery?utm_source=sse554_capstone&utm_medium=referral
https://images.unsplash.com/photo-1767570867725-8e172fe718bf?crop=entropy&cs=tinysrgb&fit=max&fm=jpg&ixid=M3w4NzQxNTN8MHwxfHNlYXJjaHwxfHxQcmVtaXVtJTIwR3JhcGhpYyUyMFQtU2hpcnR8ZW58MHx8fHwxNzcyMjI1ODg2fDA&ixlib=rb-4.1.0&q=80&w=1080?utm_source=sse554_capstone&utm_medium=referral,Premium Graphic T-Shirt,NorthPeak,"The Premium Graphic T-Shirt 932 by NorthPeak delivers dependable performance with quality materials and thoughtful design. It is well suited for everyday use in the office supplies category, offering a strong balance of value and functionality.",Office Supplies,"Versatile, Compact, Ergonomic, Waterproof, Giftable",37.75,1.4,1411,1024,2024-09-11,(71/!G0.;vDz,Ace Maxwell,https://unsplash.com/@acemaxwell?utm_source=sse554_capstone&utm_medium=referral
https://images.unsplash.com/photo-1699419936948-d63709c01a8b?crop=entropy&cs=tinysrgb&fit=max&fm=jpg&ixid=M3w4NzQxNTN8MHwxfHNlYXJjaHwxfHxVbHRyYSUyMFNtYXJ0cGhvbmUlMjBTdGFuZHxlbnwwfHx8fDE3NzIyMjU4Njl8MA&ixlib=rb-4.1.0&q=80&w=1080?utm_source=sse554_capstone&utm_medium=referral,Ultra Smartphone Stand,NorthPeak,"The Ultra Smartphone Stand 743 by NorthPeak delivers dependable performance with quality materials and thoughtful design. It is well suited for everyday use in the office supplies category, offering a strong balance of value and functionality.",Office Supplies,"Portable, Ergonomic, Compact, Rechargeable, Essential",55.72,3.7,2395,1066,2020-12-01,[7:R;/oK7qk_,Sunil Kumar,https://unsplash.com/@designbyhelios?utm_source=sse554_capstone&utm_medium=referral
https://images.unsplash.com/photo-1758348844371-dfbae2780bd3?crop=entropy&cs=tinysrgb&fit=max&fm=jpg&ixid=M3w4NzQxNTN8MHwxfHNlYXJjaHwxfHxVbHRyYSUyMEZpdG5lc3MlMjBUcmFja2VyfGVufDB8fHx8MTc3MjIyNTg2MXww&ixlib=rb-4.1.0&q=80&w=1080?utm_source=sse554_capstone&utm_medium=referral,Ultra Fitness Tracker,Summit Gear Co.,"The Ultra Fitness Tracker 553 by Summit Gear Co. delivers dependable performance with quality materials and thoughtful design. It is well suited for everyday use in the clothing category, offering a strong balance of value and functionality.",Clothing,"Limited Edition, Essential, Giftable, New Arrival, Wireless",162.68,4.2,5030,1032,2025-05-26,QJ0Ez4Gs"(5y,Sam Grozyan,https://unsplash.com/@ijeunes?utm_source=sse554_capstone&utm_medium=referral
https://images.unsplash.com/photo-1598845685288-98d5e7128987?crop=entropy&cs=tinysrgb&fit=max&fm=jpg&ixid=M3w4NzQxNTN8MHwxfHNlYXJjaHwxfHxBZHZhbmNlZCUyMFNjaWVuY2UlMjBGaWN0aW9uJTIwTm92ZWx8ZW58MHx8fHwxNzcyMjI1ODg3fDA&ixlib=rb-4.1.0&q=80&w=1080?utm_source=sse554_capstone&utm_medium=referral,Advanced Science Fiction Novel,BrightLeaf Publishing,"The Advanced Science Fiction Novel 394 by BrightLeaf Publishing delivers dependable performance with quality materials and thoughtful design. It is well suited for everyday use in the books category, offering a strong balance of value and functionality.",Books,"Limited Edition, Durable, Giftable, Rechargeable, Portable",356.95,2.7,2692,1009,2022-07-25,A;qeO{4zHsi1,Laura Ockel,https://unsplash.com/@viazavier?utm_source=sse554_capstone&utm_medium=referral
https://images.unsplash.com/photo-1664714628878-9d2aa898b9e3?crop=entropy&cs=tinysrgb&fit=max&fm=jpg&ixid=M3w4NzQxNTN8MHwxfHNlYXJjaHwxfHxXaXJlbGVzcyUyMFN0YWlubGVzcyUyMFN0ZWVsJTIwV2F0ZXIlMjBCb3R0bGV8ZW58MHx8fHwxNzcyMjI1ODY1fDA&ixlib=rb-4.1.0&q=80&w=1080?utm_source=sse554_capstone&utm_medium=referral,Wireless Stainless Steel Water Bottle,NorthPeak,"The Wireless Stainless Steel Water Bottle 880 by NorthPeak delivers dependable performance with quality materials and thoughtful design. It is well suited for everyday use in the clothing category, offering a strong balance of value and functionality.",Clothing,"Modern, Rechargeable, Essential, Lightweight, Wireless",687.16,2.8,1748,1941,2022-01-18,fCpo1|q/`L)T,Personalgraphic.com,https://unsplash.com/@personal_graphic?utm_source=sse554_capstone&utm_medium=referral
https://images.unsplash.com/photo-1624948384140-e48e47087fad?crop=entropy&cs=tinysrgb&fit=max&fm=jpg&ixid=M3w4NzQxNTN8MHwxfHNlYXJjaHwxfHxTbWFydCUyMDRLJTIwTW9uaXRvcnxlbnwwfHx8fDE3NzIyMjU4Nzh8MA&ixlib=rb-4.1.0&q=80&w=1080?utm_source=sse554_capstone&utm_medium=referral,Smart 4K Monitor,BrightLeaf Publishing,"The Smart 4K Monitor 977 by BrightLeaf Publishing delivers dependable performance with quality materials and thoughtful design. It is well suited for everyday use in the home & kitchen category, offering a strong balance of value and functionality.",Home & Kitchen,"Rechargeable, Compact, Ergonomic, Modern, Premium",11.39,2.7,3711,1219,2016-04-20,(wAy_-o4PZH>,Dennis Irorere,https://unsplash.com/@denironyx?utm_source=sse554_capstone&utm_medium=referral
https://images.unsplash.com/photo-1757038490134-7131b8ba57f3?crop=entropy&cs=tinysrgb&fit=max&fm=jpg&ixid=M3w4NzQxNTN8MHwxfHNlYXJjaHwxfHxTbWFydCUyMEVsZWN0cmljJTIwS2V0dGxlfGVufDB8fHx8MTc3MjIyNTg4OXww&ixlib=rb-4.1.0&q=80&w=1080?utm_source=sse554_capstone&utm_medium=referral,Smart Electric Kettle,Horizon Tech,"The Smart Electric Kettle 214 by Horizon Tech delivers dependable performance with quality materials and thoughtful design. It is well suited for everyday use in the home & kitchen category, offering a strong balance of value and functionality.",Home & Kitchen,"Waterproof, Essential, Premium, Lightweight, Compact",768.46,1.3,5247,1467,2020-04-09,vh84>Zcajp"A,Vertex Designs,https://unsplash.com/@vertex_800?utm_source=sse554_capstone&utm_medium=referral
https://images.unsplash.com/photo-1738958668282-4c7446241e9e?crop=entropy&cs=tinysrgb&fit=max&fm=jpg&ixid=M3w4NzQxNTN8MHwxfHNlYXJjaHwxfHxTbWFydCUyMFJ1bm5pbmclMjBTaG9lc3xlbnwwfHx8fDE3NzIyMjU4ODV8MA&ixlib=rb-4.1.0&q=80&w=1080?utm_source=sse554_capstone&utm_medium=referral,Smart Running Shoes,Horizon Tech,"The Smart Running Shoes 724 by Horizon Tech delivers dependable performance with quality materials and thoughtful design. It is well suited for everyday use in the clothing category, offering a strong balance of value and functionality.",Clothing,"Limited Edition, Ergonomic, Giftable, New Arrival, Portable",242.7,3.9,5837,846,2017-04-17,aC*p}qeb?y"8,Archer Allstars,https://unsplash.com/@archerallstars?utm_source=sse554_capstone&utm_medium=referral
https://images.unsplash.com/photo-1603376575925-467d14313a60?crop=entropy&cs=tinysrgb&fit=max&fm=jpg&ixid=M3w4NzQxNTN8MHwxfHNlYXJjaHwxfHxQb3J0YWJsZSUyME9mZmljZSUyMENoYWlyfGVufDB8fHx8MTc3MjIyNTgyNnww&ixlib=rb-4.1.0&q=80&w=1080?utm_source=sse554_capstone&utm_medium=referral,Portable Office Chair,Maple Street Press,"The Portable Office Chair 720 by Maple Street Press delivers dependable performance with quality materials and thoughtful design. It is well suited for everyday use in the electronics category, offering a strong balance of value and functionality.",Electronics,"Wireless, Compact, New Arrival, Modern, Durable",744.05,3.1,2222,1927,2021-07-20,V_XO{lNV"BAK,Hanliang,https://unsplash.com/@hanliang?utm_source=sse554_capstone&utm_medium=referral
https://images.unsplash.com/photo-1592999641298-434e28c11d14?crop=entropy&cs=tinysrgb&fit=max&fm=jpg&ixid=M3w4NzQxNTN8MHwxfHNlYXJjaHwxfHxVbHRyYSUyMFN0YWlubGVzcyUyMFN0ZWVsJTIwV2F0ZXIlMjBCb3R0bGV8ZW58MHx8fHwxNzcyMjI1ODQwfDA&ixlib=rb-4.1.0&q=80&w=1080?utm_source=sse554_capstone&utm_medium=referral,Ultra Stainless Steel Water Bottle,NorthPeak,"The Ultra Stainless Steel Water Bottle 940 by NorthPeak delivers dependable performance with quality materials and thoughtful design. It is well suited for everyday use in the sports & outdoors category, offering a strong balance of value and functionality.",Sports & Outdoors,"Ergonomic, Giftable, Lightweight, Bestseller, New Arrival",488.07,1.9,3445,1718,2020-08-25,ko~-W&4@%AK;,Filip Baotić,https://unsplash.com/@filipbaotic?utm_source=sse554_capstone&utm_medium=referral
https://images.unsplash.com/photo-1680810003781-49d9210bb064?crop=entropy&cs=tinysrgb&fit=max&fm=jpg&ixid=M3w4NzQxNTN8MHwxfHNlYXJjaHwxfHxDb21wYWN0JTIwU2NpZW5jZSUyMEZpY3Rpb24lMjBOb3ZlbHxlbnwwfHx8fDE3NzIyMjU4NDN8MA&ixlib=rb-4.1.0&q=80&w=1080?utm_source=sse554_capstone&utm_medium=referral,Compact Science Fiction Novel,Summit Gear Co.,"The Compact Science Fiction Novel 261 by Summit Gear Co. delivers dependable performance with quality materials and thoughtful design. It is well suited for everyday use in the electronics category, offering a strong balance of value and functionality.",Electronics,"Portable, Lightweight, Limited Edition, Essential, Ergonomic",28.35,1.0,8499,1543,2022-12-29,fE[wbs}{[!1[,Myles Bloomfield,https://unsplash.com/@loomydoons?utm_source=sse554_capstone&utm_medium=referral
https://images.unsplash.com/photo-1658524202348-8bdff4d4a194?crop=entropy&cs=tinysrgb&fit=max&fm=jpg&ixid=M3w4NzQxNTN8MHwxfHNlYXJjaHwxfHxXaXJlbGVzcyUyMENvb2t3YXJlJTIwU2V0fGVufDB8fHx8MTc3MjIyNTgzOXww&ixlib=rb-4.1.0&q=80&w=1080?utm_source=sse554_capstone&utm_medium=referral,Wireless Cookware Set,Maple Street Press,"The Wireless Cookware Set 239 by Maple Street Press delivers dependable performance with quality materials and thoughtful design. It is well suited for everyday use in the sports & outdoors category, offering a strong balance of value and functionality.",Sports & Outdoors,"Essential, Limited Edition, Wireless, New Arrival, Waterproof",80.26,4.5,7974,751,2019-11-17,rQ[&S|st@:fD,Pedro Fleitas,https://unsplash.com/@pedroooo?utm_source=sse554_capstone&utm_medium=referral
https://images.unsplash.com/photo-1671764673184-740ebf2cd637?crop=entropy&cs=tinysrgb&fit=max&fm=jpg&ixid=M3w4NzQxNTN8MHwxfHNlYXJjaHwxfHxDb21wYWN0JTIwQmFja3BhY2t8ZW58MHx8fHwxNzcyMjI1ODY5fDA&ixlib=rb-4.1.0&q=80&w=1080?utm_source=sse554_capstone&utm_medium=referral,Compact Backpack,BrightLeaf Publishing,"The Compact Backpack 986 by BrightLeaf Publishing delivers dependable performance with quality materials and thoughtful design. It is well suited for everyday use in the books category, offering a strong balance of value and functionality.",Books,"Bestseller, Versatile, Waterproof, Wireless, Rechargeable",19.53,4.6,8537,971,2025-07-01,!pJo#u.8*Ww",Baguette Knight,https://unsplash.com/@baguette_knight?utm_source=sse554_capstone&utm_medium=referral
https://images.unsplash.com/photo-1674303324806-7018a739ed11?crop=entropy&cs=tinysrgb&fit=max&fm=jpg&ixid=M3w4NzQxNTN8MHwxfHNlYXJjaHwxfHxXaXJlbGVzcyUyMEJsdWV0b290aCUyMFNwZWFrZXJ8ZW58MHx8fHwxNzcyMjI1ODQ2fDA&ixlib=rb-4.1.0&q=80&w=1080?utm_source=sse554_capstone&utm_medium=referral,Wireless Bluetooth Speaker,Horizon Tech,"The Wireless Bluetooth Speaker 576 by Horizon Tech delivers dependable performance with quality materials and thoughtful design. It is well suited for everyday use in the home & kitchen category, offering a strong balance of value and functionality.",Home & Kitchen,"Wireless, Modern, Essential, Waterproof, New Arrival",29.09,2.4,1660,478,2022-03-06,-BV4'v;g/Q-F,Andrey Matveev,https://unsplash.com/@zelebb?utm_source=sse554_capstone&utm_medium=referral
https://images.unsplash.com/photo-1718210719917-c6e1cd5be085?crop=entropy&cs=tinysrgb&fit=max&fm=jpg&ixid=M3w4NzQxNTN8MHwxfHNlYXJjaHwxfHxQcmVtaXVtJTIwU3RhaW5sZXNzJTIwU3RlZWwlMjBXYXRlciUyMEJvdHRsZXxlbnwwfHx8fDE3NzIyMjU4Njd8MA&ixlib=rb-4.1.0&q=80&w=1080?utm_source=sse554_capstone&utm_medium=referral,Premium Stainless Steel Water Bottle,UrbanNest,"The Premium Stainless Steel Water Bottle 901 by UrbanNest delivers dependable performance with quality materials and thoughtful design. It is well suited for everyday use in the clothing category, offering a strong balance of value and functionality.",Clothing,"Waterproof, Limited Edition, Modern, Lightweight, Premium",273.67,3.1,9478,757,2018-12-14,L9cD]6115!dl,Kedibone Isaac Makhumisane,https://unsplash.com/@isaax_the_artist?utm_source=sse554_capstone&utm_medium=referral
https://images.unsplash.com/photo-1754479125079-b5b48318547e?crop=entropy&cs=tinysrgb&fit=max&fm=jpg&ixid=M3w4NzQxNTN8MHwxfHNlYXJjaHwxfHxDbGFzc2ljJTIwQmFja3BhY2t8ZW58MHx8fHwxNzcyMjI1ODI0fDA&ixlib=rb-4.1.0&q=80&w=1080?utm_source=sse554_capstone&utm_medium=referral,Classic Backpack,Summit Gear Co.,"The Classic Backpack 197 by Summit Gear Co. delivers dependable performance with quality materials and thoughtful design. It is well suited for everyday use in the office supplies category, offering a strong balance of value and functionality.",Office Supplies,"Waterproof, Giftable, Durable, Essential, New Arrival",691.17,4.6,8865,1057,2024-03-04,ibxFRVHeujaa,Johan Mouchet,https://unsplash.com/@johanmouchet?utm_source=sse554_capstone&utm_medium=referral
https://images.unsplash.com/photo-1601220363009-f7e66d095649?crop=entropy&cs=tinysrgb&fit=max&fm=jpg&ixid=M3w4NzQxNTN8MHwxfHNlYXJjaHwxfHxDbGFzc2ljJTIwU21hcnRwaG9uZSUyMFN0YW5kfGVufDB8fHx8MTc3MjIyNTg4NXww&ixlib=rb-4.1.0&q=80&w=1080?utm_source=sse554_capstone&utm_medium=referral,Classic Smartphone Stand,Horizon Tech,"The Classic Smartphone Stand 339 by Horizon Tech delivers dependable performance with quality materials and thoughtful design. It is well suited for everyday use in the sports & outdoors category, offering a strong balance of value and functionality.",Sports & Outdoors,"Wireless, Durable, Essential, Premium, New Arrival",655.87,2.6,6184,576,2019-11-18,s~!xc$N2aE/c,Hugo Sesma,https://unsplash.com/@h_u_g_e?utm_source=sse554_capstone&utm_medium=referral
https://images.unsplash.com/photo-1598845685288-98d5e7128987?crop=entropy&cs=tinysrgb&fit=max&fm=jpg&ixid=M3w4NzQxNTN8MHwxfHNlYXJjaHwxfHxBZHZhbmNlZCUyMFNjaWVuY2UlMjBGaWN0aW9uJTIwTm92ZWx8ZW58MHx8fHwxNzcyMjI1ODg3fDA&ixlib=rb-4.1.0&q=80&w=1080?utm_source=sse554_capstone&utm_medium=referral,Advanced Science Fiction Novel,SilverLine Electronics,"The Advanced Science Fiction Novel 201 by SilverLine Electronics delivers dependable performance with quality materials and thoughtful design. It is well suited for everyday use in the sports & outdoors category, offering a strong balance of value and functionality.",Sports & Outdoors,"Durable, Wireless, Portable, Ergonomic, Versatile",179.43,2.1,9387,1011,2025-12-29,=}-!x:'.\;(W,Laura Ockel,https://unsplash.com/@viazavier?utm_source=sse554_capstone&utm_medium=referral
https://images.unsplash.com/photo-1735777192373-68b35aec219d?crop=entropy&cs=tinysrgb&fit=max&fm=jpg&ixid=M3w4NzQxNTN8MHwxfHNlYXJjaHwxfHxQcm9mZXNzaW9uYWwlMjBTY2llbmNlJTIwRmljdGlvbiUyME5vdmVsfGVufDB8fHx8MTc3MjIyNTg0Mnww&ixlib=rb-4.1.0&q=80&w=1080?utm_source=sse554_capstone&utm_medium=referral,Professional Science Fiction Novel,Summit Gear Co.,"The Professional Science Fiction Novel 151 by Summit Gear Co. delivers dependable performance with quality materials and thoughtful design. It is well suited for everyday use in the sports & outdoors category, offering a strong balance of value and functionality.",Sports & Outdoors,"Lightweight, Rechargeable, Bestseller, Durable, Modern",209.67,3.7,7641,1730,2018-12-31,gr.>jenycWC=,Cemrecan Yurtman,https://unsplash.com/@cmrcn_?utm_source=sse554_capstone&utm_medium=referral
https://images.unsplash.com/photo-1768056583420-a01f649f5088?crop=entropy&cs=tinysrgb&fit=max&fm=jpg&ixid=M3w4NzQxNTN8MHwxfHNlYXJjaHwxfHxVbHRyYSUyMEdyYXBoaWMlMjBULVNoaXJ0fGVufDB8fHx8MTc3MjIyNTg3MXww&ixlib=rb-4.1.0&q=80&w=1080?utm_source=sse554_capstone&utm_medium=referral,Ultra Graphic T-Shirt,NorthPeak,"The Ultra Graphic T-Shirt 663 by NorthPeak delivers dependable performance with quality materials and thoughtful design. It is well suited for everyday use in the electronics category, offering a strong balance of value and functionality.",Electronics,"Premium, Versatile, Modern, New Arrival, Bestseller",529.0,2.0,1483,1875,2022-09-01,Q]dg4|-hU<Cx,Lhar Capili,https://unsplash.com/@lhardeleon?utm_source=sse554_capstone&utm_medium=referral
https://images.unsplash.com/photo-1511499008188-de491bbbae98?crop=entropy&cs=tinysrgb&fit=max&fm=jpg&ixid=M3w4NzQxNTN8MHwxfHNlYXJjaHwxfHxVbHRyYSUyMFJ1bm5pbmclMjBTaG9lc3xlbnwwfHx8fDE3NzIyMjU4NTN8MA&ixlib=rb-4.1.0&q=80&w=1080?utm_source=sse554_capstone&utm_medium=referral,Ultra Running Shoes,BrightLeaf Publishing,"The Ultra Running Shoes 285 by BrightLeaf Publishing delivers dependable performance with quality materials and thoughtful design. It is well suited for everyday use in the office supplies category, offering a strong balance of value and functionality.",Office Supplies,"Waterproof, Premium, Giftable, Wireless, Ergonomic",761.77,3.6,5167,1027,2018-04-16,"a`A5,[A4`~8b",Charlesdeluvio,https://unsplash.com/@charlesdeluvio?utm_source=sse554_capstone&utm_medium=referral
https://images.unsplash.com/photo-1579528542333-4148f1769c35?crop=entropy&cs=tinysrgb&fit=max&fm=jpg&ixid=M3w4NzQxNTN8MHwxfHNlYXJjaHwxfHxQcm9mZXNzaW9uYWwlMjBSdW5uaW5nJTIwU2hvZXN8ZW58MHx8fHwxNzcyMjI1ODMyfDA&ixlib=rb-4.1.0&q=80&w=1080?utm_source=sse554_capstone&utm_medium=referral,Professional Running Shoes,NorthPeak,"The Professional Running Shoes 356 by NorthPeak delivers dependable performance with quality materials and thoughtful design. It is well suited for everyday use in the books category, offering a strong balance of value and functionality.",Books,"Ergonomic, Modern, Versatile, Rechargeable, Waterproof",23.18,2.6,1213,128,2017-07-24,OfBL[x4W2`bw,Carl Barcelo,https://unsplash.com/@barcelocarl?utm_source=sse554_capstone&utm_medium=referral
https://images.unsplash.com/photo-1754821305530-8e3c7b8deda2?crop=entropy&cs=tinysrgb&fit=max&fm=jpg&ixid=M3w4NzQxNTN8MHwxfHNlYXJjaHwxfHxQcm9mZXNzaW9uYWwlMjBGaXRuZXNzJTIwVHJhY2tlcnxlbnwwfHx8fDE3NzIyMjU4OTN8MA&ixlib=rb-4.1.0&q=80&w=1080?utm_source=sse554_capstone&utm_medium=referral,Professional Fitness Tracker,BrightLeaf Publishing,"The Professional Fitness Tracker 950 by BrightLeaf Publishing delivers dependable performance with quality materials and thoughtful design. It is well suited for everyday use in the home & kitchen category, offering a strong balance of value and functionality.",Home & Kitchen,"Essential, New Arrival, Versatile, Giftable, Modern",200.02,1.3,998,1840,2023-05-30,a'}e..*hQAnz,Andrey Matveev,https://unsplash.com/@zelebb?utm_source=sse554_capstone&utm_medium=referral
https://images.unsplash.com/photo-1763822085725-0b065668d7b0?crop=entropy&cs=tinysrgb&fit=max&fm=jpg&ixid=M3w4NzQxNTN8MHwxfHNlYXJjaHwxfHxQb3J0YWJsZSUyME5vaXNlJTIwQ2FuY2VsbGluZyUyMEhlYWRwaG9uZXN8ZW58MHx8fHwxNzcyMjI1ODc5fDA&ixlib=rb-4.1.0&q=80&w=1080?utm_source=sse554_capstone&utm_medium=referral,Portable Noise Cancelling Headphones,BlueRiver Outfitters,"The Portable Noise Cancelling Headphones 987 by BlueRiver Outfitters delivers dependable performance with quality materials and thoughtful design. It is well suited for everyday use in the home & kitchen category, offering a strong balance of value and functionality.",Home & Kitchen,"Portable, Giftable, Premium, Bestseller, Durable",16.23,4.9,4518,696,2016-10-02,Cj:[bB_&_5OC,Georgiy Lyamin,https://unsplash.com/@glyamin?utm_source=sse554_capstone&utm_medium=referral
https://images.unsplash.com/photo-1769686420474-3c1f242aa64f?crop=entropy&cs=tinysrgb&fit=max&fm=jpg&ixid=M3w4NzQxNTN8MHwxfHNlYXJjaHwxfHxXaXJlbGVzcyUyMFNjaWVuY2UlMjBGaWN0aW9uJTIwTm92ZWx8ZW58MHx8fHwxNzcyMjI1ODczfDA&ixlib=rb-4.1.0&q=80&w=1080?utm_source=sse554_capstone&utm_medium=referral,Wireless Science Fiction Novel,Maple Street Press,"The Wireless Science Fiction Novel 939 by Maple Street Press delivers dependable performance with quality materials and thoughtful design. It is well suited for everyday use in the home & kitchen category, offering a strong balance of value and functionality.",Home & Kitchen,"Versatile, Giftable, Rechargeable, Limited Edition, Durable",256.6,2.0,6096,616,2019-03-24,~V)xgu{wRA$Q,Georgiy Lyamin,https://unsplash.com/@glyamin?utm_source=sse554_capstone&utm_medium=referral
https://images.unsplash.com/photo-1523730647456-cc896ae6243a?crop=entropy&cs=tinysrgb&fit=max&fm=jpg&ixid=M3w4NzQxNTN8MHwxfHNlYXJjaHwxfHxDbGFzc2ljJTIwUnVubmluZyUyMFNob2VzfGVufDB8fHx8MTc3MjIyNTg2Nnww&ixlib=rb-4.1.0&q=80&w=1080?utm_source=sse554_capstone&utm_medium=referral,Classic Running Shoes,UrbanNest,"The Classic Running Shoes 653 by UrbanNest delivers dependable performance with quality materials and thoughtful design. It is well suited for everyday use in the home & kitchen category, offering a strong balance of value and functionality.",Home & Kitchen,"New Arrival, Premium, Lightweight, Bestseller, Waterproof",411.87,1.2,1287,234,2020-03-13,LU<`Ye!l8o7S,Jeroen Den Otter,https://unsplash.com/@jeroendenotter?utm_source=sse554_capstone&utm_medium=referral
https://images.unsplash.com/photo-1733218430878-902cc0cff502?crop=entropy&cs=tinysrgb&fit=max&fm=jpg&ixid=M3w4NzQxNTN8MHwxfHNlYXJjaHwxfHxBZHZhbmNlZCUyMEFjdGlvbiUyMENhbWVyYXxlbnwwfHx8fDE3NzIyMjU4NTZ8MA&ixlib=rb-4.1.0&q=80&w=1080?utm_source=sse554_capstone&utm_medium=referral,Advanced Action Camera,NorthPeak,"The Advanced Action Camera 825 by NorthPeak delivers dependable performance with quality materials and thoughtful design. It is well suited for everyday use in the clothing category, offering a strong balance of value and functionality.",Clothing,"New Arrival, Rechargeable, Premium, Ergonomic, Portable",730.19,4.9,4563,156,2017-09-23,"[cMg,,_XTao(",Duc Van,https://unsplash.com/@duke91?utm_source=sse554_capstone&utm_medium=referral
https://images.unsplash.com/photo-1664441156356-574882b11b6a?crop=entropy&cs=tinysrgb&fit=max&fm=jpg&ixid=M3w4NzQxNTN8MHwxfHNlYXJjaHwxfHxVbHRyYSUyME1lY2hhbmljYWwlMjBLZXlib2FyZHxlbnwwfHx8fDE3NzIyMjU4NzB8MA&ixlib=rb-4.1.0&q=80&w=1080?utm_source=sse554_capstone&utm_medium=referral,Ultra Mechanical Keyboard,UrbanNest,"The Ultra Mechanical Keyboard 276 by UrbanNest delivers dependable performance with quality materials and thoughtful design. It is well suited for everyday use in the electronics category, offering a strong balance of value and functionality.",Electronics,"Versatile, New Arrival, Compact, Giftable, Modern",577.89,1.1,4499,592,2020-11-03,K\Vm`Exfnw_4,Reza Shahmoradi,https://unsplash.com/@rzxsh?utm_source=sse554_capstone&utm_medium=referral
https://images.unsplash.com/photo-1758774019261-e11c8aadacb2?crop=entropy&cs=tinysrgb&fit=max&fm=jpg&ixid=M3w4NzQxNTN8MHwxfHNlYXJjaHwxfHxQcmVtaXVtJTIwQWN0aW9uJTIwQ2FtZXJhfGVufDB8fHx8MTc3MjIyNTg1NXww&ixlib=rb-4.1.0&q=80&w=1080?utm_source=sse554_capstone&utm_medium=referral,Premium Action Camera,Summit Gear Co.,"The Premium Action Camera 944 by Summit Gear Co. delivers dependable performance with quality materials and thoughtful design. It is well suited for everyday use in the home & kitchen category, offering a strong balance of value and functionality.",Home & Kitchen,"Essential, Versatile, Lightweight, Bestseller, Compact",39.27,2.9,1180,1024,2024-04-19,[mrw)F}'%tO/,David Liceaga,https://unsplash.com/@liceagadavid?utm_source=sse554_capstone&utm_medium=referral
https://images.unsplash.com/photo-1733218430878-902cc0cff502?crop=entropy&cs=tinysrgb&fit=max&fm=jpg&ixid=M3w4NzQxNTN8MHwxfHNlYXJjaHwxfHxXaXJlbGVzcyUyMEFjdGlvbiUyMENhbWVyYXxlbnwwfHx8fDE3NzIyMjU4Njh8MA&ixlib=rb-4.1.0&q=80&w=1080?utm_source=sse554_capstone&utm_medium=referral,Wireless Action Camera,Horizon Tech,"The Wireless Action Camera 721 by Horizon Tech delivers dependable performance with quality materials and thoughtful design. It is well suited for everyday use in the electronics category, offering a strong balance of value and functionality.",Electronics,"Versatile, Lightweight, Wireless, Ergonomic, Premium",107.39,4.4,4121,142,2017-07-14,K=*p2cy!FD*h,Duc Van,https://unsplash.com/@duke91?utm_source=sse554_capstone&utm_medium=referral
https://images.unsplash.com/photo-1759398430338-8057876edf61?crop=entropy&cs=tinysrgb&fit=max&fm=jpg&ixid=M3w4NzQxNTN8MHwxfHNlYXJjaHwxfHxDb21wYWN0JTIwRWxlY3RyaWMlMjBLZXR0bGV8ZW58MHx8fHwxNzcyMjI1ODkxfDA&ixlib=rb-4.1.0&q=80&w=1080?utm_source=sse554_capstone&utm_medium=referral,Compact Electric Kettle,Horizon Tech,"The Compact Electric Kettle 379 by Horizon Tech delivers dependable performance with quality materials and thoughtful design. It is well suited for everyday use in the books category, offering a strong balance of value and functionality.",Books,"Wireless, Modern, Lightweight, Rechargeable, Premium",74.34,1.8,7011,1120,2020-11-15,lP0F@A?;LgmQ,Oksana Beseda,https://unsplash.com/@sanasana_bebe?utm_source=sse554_capstone&utm_medium=referral
https://images.unsplash.com/photo-1566533893210-134327eb8967?crop=entropy&cs=tinysrgb&fit=max&fm=jpg&ixid=M3w4NzQxNTN8MHwxfHNlYXJjaHwxfHxDb21wYWN0JTIwTm9pc2UlMjBDYW5jZWxsaW5nJTIwSGVhZHBob25lc3xlbnwwfHx8fDE3NzIyMjU4NjR8MA&ixlib=rb-4.1.0&q=80&w=1080?utm_source=sse554_capstone&utm_medium=referral,Compact Noise Cancelling Headphones,NorthPeak,"The Compact Noise Cancelling Headphones 957 by NorthPeak delivers dependable performance with quality materials and thoughtful design. It is well suited for everyday use in the electronics category, offering a strong balance of value and functionality.",Electronics,"Giftable, Ergonomic, Essential, Versatile, Rechargeable",58.77,2.8,9683,879,2023-06-12,&|6QE(?ii[FF,Dev Asangbam,https://unsplash.com/@devasangbam?utm_source=sse554_capstone&utm_medium=referral
https://images.unsplash.com/photo-1571406487954-dc11b0c0767d?crop=entropy&cs=tinysrgb&fit=max&fm=jpg&ixid=M3w4NzQxNTN8MHwxfHNlYXJjaHwxfHxQcmVtaXVtJTIwTEVEJTIwRGVzayUyMExhbXB8ZW58MHx8fHwxNzcyMjI1ODg4fDA&ixlib=rb-4.1.0&q=80&w=1080?utm_source=sse554_capstone&utm_medium=referral,Premium LED Desk Lamp,SilverLine Electronics,"The Premium LED Desk Lamp 165 by SilverLine Electronics delivers dependable performance with quality materials and thoughtful design. It is well suited for everyday use in the home & kitchen category, offering a strong balance of value and functionality.",Home & Kitchen,"Portable, Modern, Premium, Durable, Giftable",780.51,1.4,5804,797,2022-08-11,rL0q^HX2WX}[,Monty Allen,https://unsplash.com/@monty_a?utm_source=sse554_capstone&utm_medium=referral
https://images.unsplash.com/photo-1658423594131-870bc585a9f2?crop=entropy&cs=tinysrgb&fit=max&fm=jpg&ixid=M3w4NzQxNTN8MHwxfHNlYXJjaHwxfHxQcmVtaXVtJTIwTWVjaGFuaWNhbCUyMEtleWJvYXJkfGVufDB8fHx8MTc3MjIyNTg4NHww&ixlib=rb-4.1.0&q=80&w=1080?utm_source=sse554_capstone&utm_medium=referral,Premium Mechanical Keyboard,Maple Street Press,"The Premium Mechanical Keyboard 289 by Maple Street Press delivers dependable performance with quality materials and thoughtful design. It is well suited for everyday use in the books category, offering a strong balance of value and functionality.",Books,"Premium, Wireless, Bestseller, Limited Edition, Essential",752.89,1.3,711,441,2023-05-21,"74f,:Rfi95Y7",Leon-pascal Jc,https://unsplash.com/@themaker?utm_source=sse554_capstone&utm_medium=referral
https://images.unsplash.com/photo-1689610349731-94ae0e4c3892?crop=entropy&cs=tinysrgb&fit=max&fm=jpg&ixid=M3w4NzQxNTN8MHwxfHNlYXJjaHwxfHxDbGFzc2ljJTIwRWxlY3RyaWMlMjBLZXR0bGV8ZW58MHx8fHwxNzcyMjI1ODY3fDA&ixlib=rb-4.1.0&q=80&w=1080?utm_source=sse554_capstone&utm_medium=referral,Classic Electric Kettle,NorthPeak,"The Classic Electric Kettle 271 by NorthPeak delivers dependable performance with quality materials and thoughtful design. It is well suited for everyday use in the home & kitchen category, offering a strong balance of value and functionality.",Home & Kitchen,"Modern, Waterproof, Durable, Wireless, Compact",654.6,2.3,9591,1671,2022-09-25,30!~{u9T<Pn?,Büşra Salkım,https://unsplash.com/@busgram?utm_source=sse554_capstone&utm_medium=referral
https://images.unsplash.com/photo-1757038490134-7131b8ba57f3?crop=entropy&cs=tinysrgb&fit=max&fm=jpg&ixid=M3w4NzQxNTN8MHwxfHNlYXJjaHwxfHxTbWFydCUyMEVsZWN0cmljJTIwS2V0dGxlfGVufDB8fHx8MTc3MjIyNTg4OXww&ixlib=rb-4.1.0&q=80&w=1080?utm_source=sse554_capstone&utm_medium=referral,Smart Electric Kettle,BlueRiver Outfitters,"The Smart Electric Kettle 309 by BlueRiver Outfitters delivers dependable performance with quality materials and thoughtful design. It is well suited for everyday use in the books category, offering a strong balance of value and functionality.",Books,"Waterproof, Versatile, Essential, Bestseller, Giftable",81.15,4.0,2270,1805,2017-05-10,3]r]Qet"%PP5,Vertex Designs,https://unsplash.com/@vertex_800?utm_source=sse554_capstone&utm_medium=referral
https://images.unsplash.com/photo-1613091252604-dd0746e2f358?crop=entropy&cs=tinysrgb&fit=max&fm=jpg&ixid=M3w4NzQxNTN8MHwxfHNlYXJjaHwxfHxDbGFzc2ljJTIwR2FtaW5nJTIwTW91c2V8ZW58MHx8fHwxNzcyMjI1ODc3fDA&ixlib=rb-4.1.0&q=80&w=1080?utm_source=sse554_capstone&utm_medium=referral,Classic Gaming Mouse,Summit Gear Co.,"The Classic Gaming Mouse 639 by Summit Gear Co. delivers dependable performance with quality materials and thoughtful design. It is well suited for everyday use in the electronics category, offering a strong balance of value and functionality.",Electronics,"Premium, Versatile, Durable, Essential, Wireless",12.61,1.9,1326,1686,2022-10-11,1QG_@ro'8[/},Sirisvisual,https://unsplash.com/@sirisvisual?utm_source=sse554_capstone&utm_medium=referral
https://images.unsplash.com/photo-1658423594131-870bc585a9f2?crop=entropy&cs=tinysrgb&fit=max&fm=jpg&ixid=M3w4NzQxNTN8MHwxfHNlYXJjaHwxfHxQcmVtaXVtJTIwTWVjaGFuaWNhbCUyMEtleWJvYXJkfGVufDB8fHx8MTc3MjIyNTg4NHww&ixlib=rb-4.1.0&q=80&w=1080?utm_source=sse554_capstone&utm_medium=referral,Premium Mechanical Keyboard,Maple Street Press,"The Premium Mechanical Keyboard 881 by Maple Street Press delivers dependable performance with quality materials and thoughtful design. It is well suited for everyday use in the office supplies category, offering a strong balance of value and functionality.",Office Supplies,"Bestseller, Ergonomic, Rechargeable, Lightweight, Essential",706.35,1.6,5606,1124,2020-10-24,75ZVccK?W!HT,Leon-pascal Jc,https://unsplash.com/@themaker?utm_source=sse554_capstone&utm_medium=referral
https://images.unsplash.com/photo-1588279102558-dabc7b32d9b1?crop=entropy&cs=tinysrgb&fit=max&fm=jpg&ixid=M3w4NzQxNTN8MHwxfHNlYXJjaHwxfHxBZHZhbmNlZCUyMENvb2t3YXJlJTIwU2V0fGVufDB8fHx8MTc3MjIyNTg2NHww&ixlib=rb-4.1.0&q=80&w=1080?utm_source=sse554_capstone&utm_medium=referral,Advanced Cookware Set,BlueRiver Outfitters,"The Advanced Cookware Set 744 by BlueRiver Outfitters delivers dependable performance with quality materials and thoughtful design. It is well suited for everyday use in the clothing category, offering a strong balance of value and functionality.",Clothing,"Limited Edition, Lightweight, Wireless, Waterproof, Durable",284.87,1.3,4513,1839,2018-07-23,|Zb[cyZmnzct,Cooker King,https://unsplash.com/@cookerking?utm_source=sse554_capstone&utm_medium=referral
https://images.unsplash.com/photo-1763907478821-1c1386fb16b2?crop=entropy&cs=tinysrgb&fit=max&fm=jpg&ixid=M3w4NzQxNTN8MHwxfHNlYXJjaHwxfHxDb21wYWN0JTIwQWN0aW9uJTIwQ2FtZXJhfGVufDB8fHx8MTc3MjIyNTg5NHww&ixlib=rb-4.1.0&q=80&w=1080?utm_source=sse554_capstone&utm_medium=referral,Compact Action Camera,Summit Gear Co.,"The Compact Action Camera 881 by Summit Gear Co. delivers dependable performance with quality materials and thoughtful design. It is well suited for everyday use in the office supplies category, offering a strong balance of value and functionality.",Office Supplies,"Limited Edition, Durable, Ergonomic, Waterproof, Essential",710.9,4.5,4287,266,2018-07-12,)H?0jEin8hi&,Omar Ramadan,https://unsplash.com/@omarvellous14?utm_source=sse554_capstone&utm_medium=referral
https://images.unsplash.com/photo-1708513427809-728a7913fc9f?crop=entropy&cs=tinysrgb&fit=max&fm=jpg&ixid=M3w4NzQxNTN8MHwxfHNlYXJjaHwxfHxTbWFydCUyMExFRCUyMERlc2slMjBMYW1wfGVufDB8fHx8MTc3MjIyNTg4OHww&ixlib=rb-4.1.0&q=80&w=1080?utm_source=sse554_capstone&utm_medium=referral,Smart LED Desk Lamp,NorthPeak,"The Smart LED Desk Lamp 882 by NorthPeak delivers dependable performance with quality materials and thoughtful design. It is well suited for everyday use in the books category, offering a strong balance of value and functionality.",Books,"Versatile, Waterproof, Bestseller, Limited Edition, Durable",91.58,1.3,9562,1284,2024-09-24,bA`dxo-YAaG],Uwukuri Emery,https://unsplash.com/@uwukuriemery?utm_source=sse554_capstone&utm_medium=referral
https://images.unsplash.com/photo-1745256375848-1d599594635d?crop=entropy&cs=tinysrgb&fit=max&fm=jpg&ixid=M3w4NzQxNTN8MHwxfHNlYXJjaHwxfHxTbWFydCUyMEZpdG5lc3MlMjBUcmFja2VyfGVufDB8fHx8MTc3MjIyNTg3OHww&ixlib=rb-4.1.0&q=80&w=1080?utm_source=sse554_capstone&utm_medium=referral,Smart Fitness Tracker,Maple Street Press,"The Smart Fitness Tracker 456 by Maple Street Press delivers dependable performance with quality materials and thoughtful design. It is well suited for everyday use in the books category, offering a strong balance of value and functionality.",Books,"Lightweight, Waterproof, Portable, Giftable, Premium",131.19,2.1,3686,835,2021-11-15,}-w[1ZXM@{H*,Kelsey Todd,https://unsplash.com/@sparkledump?utm_source=sse554_capstone&utm_medium=referral
https://images.unsplash.com/photo-1509098681029-b45e9c845022?crop=entropy&cs=tinysrgb&fit=max&fm=jpg&ixid=M3w4NzQxNTN8MHwxfHNlYXJjaHwxfHxTbWFydCUyME5vaXNlJTIwQ2FuY2VsbGluZyUyMEhlYWRwaG9uZXN8ZW58MHx8fHwxNzcyMjI1ODMxfDA&ixlib=rb-4.1.0&q=80&w=1080?utm_source=sse554_capstone&utm_medium=referral,Smart Noise Cancelling Headphones,NorthPeak,"The Smart Noise Cancelling Headphones 292 by NorthPeak delivers dependable performance with quality materials and thoughtful design. It is well suited for everyday use in the office supplies category, offering a strong balance of value and functionality.",Office Supplies,"Lightweight, Limited Edition, Wireless, Compact, Essential",790.49,2.9,8276,1084,2022-09-20,^0E^TZj=z>|`,Mubariz Mehdizadeh,https://unsplash.com/@mehdizadeh?utm_source=sse554_capstone&utm_medium=referral
https://images.unsplash.com/photo-1762341121032-510ad9df0ba6?crop=entropy&cs=tinysrgb&fit=max&fm=jpg&ixid=M3w4NzQxNTN8MHwxfHNlYXJjaHwxfHxBZHZhbmNlZCUyME9mZmljZSUyMENoYWlyfGVufDB8fHx8MTc3MjIyNTg4MXww&ixlib=rb-4.1.0&q=80&w=1080?utm_source=sse554_capstone&utm_medium=referral,Advanced Office Chair,Horizon Tech,"The Advanced Office Chair 916 by Horizon Tech delivers dependable performance with quality materials and thoughtful design. It is well suited for everyday use in the sports & outdoors category, offering a strong balance of value and functionality.",Sports & Outdoors,"Wireless, Lightweight, New Arrival, Compact, Limited Edition",85.14,2.1,6734,154,2022-01-28,4-xtaIb-^:ep,Zulfugar Karimov,https://unsplash.com/@zulfugarkarimov?utm_source=sse554_capstone&utm_medium=referral
https://images.unsplash.com/photo-1763822085725-0b065668d7b0?crop=entropy&cs=tinysrgb&fit=max&fm=jpg&ixid=M3w4NzQxNTN8MHwxfHNlYXJjaHwxfHxQb3J0YWJsZSUyME5vaXNlJTIwQ2FuY2VsbGluZyUyMEhlYWRwaG9uZXN8ZW58MHx8fHwxNzcyMjI1ODc5fDA&ixlib=rb-4.1.0&q=80&w=1080?utm_source=sse554_capstone&utm_medium=referral,Portable Noise Cancelling Headphones,NorthPeak,"The Portable Noise Cancelling Headphones 836 by NorthPeak delivers dependable performance with quality materials and thoughtful design. It is well suited for everyday use in the electronics category, offering a strong balance of value and functionality.",Electronics,"Wireless, Ergonomic, Essential, Portable, Durable",31.08,3.7,982,834,2017-12-20,KHXG1PFpQWD",Georgiy Lyamin,https://unsplash.com/@glyamin?utm_source=sse554_capstone&utm_medium=referral
https://images.unsplash.com/photo-1766713993296-4b7ce61e9ace?crop=entropy&cs=tinysrgb&fit=max&fm=jpg&ixid=M3w4NzQxNTN8MHwxfHNlYXJjaHwxfHxQcmVtaXVtJTIwR2FtaW5nJTIwTW91c2V8ZW58MHx8fHwxNzcyMjI1ODQ2fDA&ixlib=rb-4.1.0&q=80&w=1080?utm_source=sse554_capstone&utm_medium=referral,Premium Gaming Mouse,BrightLeaf Publishing,"The Premium Gaming Mouse 597 by BrightLeaf Publishing delivers dependable performance with quality materials and thoughtful design. It is well suited for everyday use in the office supplies category, offering a strong balance of value and functionality.",Office Supplies,"Portable, Versatile, Modern, New Arrival, Lightweight",644.59,3.9,2175,1022,2020-01-28,1HF+|{@'I1i4,Dou Buhiu,https://unsplash.com/@doubuhi?utm_source=sse554_capstone&utm_medium=referral
https://images.unsplash.com/photo-1760152581335-5b5c50f85e75?crop=entropy&cs=tinysrgb&fit=max&fm=jpg&ixid=M3w4NzQxNTN8MHwxfHNlYXJjaHwxfHxFY28lMjBMRUQlMjBEZXNrJTIwTGFtcHxlbnwwfHx8fDE3NzIyMjU4ODF8MA&ixlib=rb-4.1.0&q=80&w=1080?utm_source=sse554_capstone&utm_medium=referral,Eco LED Desk Lamp,Summit Gear Co.,"The Eco LED Desk Lamp 645 by Summit Gear Co. delivers dependable performance with quality materials and thoughtful design. It is well suited for everyday use in the home & kitchen category, offering a strong balance of value and functionality.",Home & Kitchen,"Modern, Versatile, Portable, New Arrival, Lightweight",456.11,1.7,8990,1863,2017-04-18,jrmwYi;O5&{+,Jw K,https://unsplash.com/@kootograph?utm_source=sse554_capstone&utm_medium=referral
https://images.unsplash.com/photo-1764557159396-419b85356035?crop=entropy&cs=tinysrgb&fit=max&fm=jpg&ixid=M3w4NzQxNTN8MHwxfHNlYXJjaHwxfHxQcmVtaXVtJTIwTm9pc2UlMjBDYW5jZWxsaW5nJTIwSGVhZHBob25lc3xlbnwwfHx8fDE3NzIyMjU4MzV8MA&ixlib=rb-4.1.0&q=80&w=1080?utm_source=sse554_capstone&utm_medium=referral,Premium Noise Cancelling Headphones,SilverLine Electronics,"The Premium Noise Cancelling Headphones 643 by SilverLine Electronics delivers dependable performance with quality materials and thoughtful design. It is well suited for everyday use in the sports & outdoors category, offering a strong balance of value and functionality.",Sports & Outdoors,"Versatile, Portable, Lightweight, Premium, Rechargeable",723.31,3.0,4061,836,2020-11-20,`;spZ5I6m^JN,Jj Rocha,https://unsplash.com/@that_person?utm_source=sse554_capstone&utm_medium=referral
https://images.unsplash.com/photo-1766713993296-4b7ce61e9ace?crop=entropy&cs=tinysrgb&fit=max&fm=jpg&ixid=M3w4NzQxNTN8MHwxfHNlYXJjaHwxfHxQb3J0YWJsZSUyMEdhbWluZyUyME1vdXNlfGVufDB8fHx8MTc3MjIyNTgyNXww&ixlib=rb-4.1.0&q=80&w=1080?utm_source=sse554_capstone&utm_medium=referral,Portable Gaming Mouse,Horizon Tech,"The Portable Gaming Mouse 323 by Horizon Tech delivers dependable performance with quality materials and thoughtful design. It is well suited for everyday use in the electronics category, offering a strong balance of value and functionality.",Electronics,"Portable, Giftable, Versatile, Durable, Compact",524.08,4.0,4063,1577,2022-07-20,O+xGfGl{4i-f,Dou Buhiu,https://unsplash.com/@doubuhi?utm_source=sse554_capstone&utm_medium=referral
https://images.unsplash.com/photo-1646614871839-881108ea8407?crop=entropy&cs=tinysrgb&fit=max&fm=jpg&ixid=M3w4NzQxNTN8MHwxfHNlYXJjaHwxfHxDbGFzc2ljJTIwU2NpZW5jZSUyMEZpY3Rpb24lMjBOb3ZlbHxlbnwwfHx8fDE3NzIyMjU4Mzl8MA&ixlib=rb-4.1.0&q=80&w=1080?utm_source=sse554_capstone&utm_medium=referral,Classic Science Fiction Novel,BrightLeaf Publishing,"The Classic Science Fiction Novel 491 by BrightLeaf Publishing delivers dependable performance with quality materials and thoughtful design. It is well suited for everyday use in the books category, offering a strong balance of value and functionality.",Books,"Lightweight, Bestseller, Versatile, Portable, Giftable",138.71,3.0,6026,249,2021-09-06,g&'y#U+5w`.p,And Machines,https://unsplash.com/@and_machines?utm_source=sse554_capstone&utm_medium=referral
https://images.unsplash.com/photo-1633236065050-e96a5afa0207?crop=entropy&cs=tinysrgb&fit=max&fm=jpg&ixid=M3w4NzQxNTN8MHwxfHNlYXJjaHwxfHxXaXJlbGVzcyUyMDRLJTIwTW9uaXRvcnxlbnwwfHx8fDE3NzIyMjU4Mzl8MA&ixlib=rb-4.1.0&q=80&w=1080?utm_source=sse554_capstone&utm_medium=referral,Wireless 4K Monitor,Summit Gear Co.,"The Wireless 4K Monitor 395 by Summit Gear Co. delivers dependable performance with quality materials and thoughtful design. It is well suited for everyday use in the clothing category, offering a strong balance of value and functionality.",Clothing,"Rechargeable, New Arrival, Portable, Lightweight, Wireless",493.55,3.9,1415,636,2024-05-21,"SUhC[{,nQE|{",Kadyn Pierce,https://unsplash.com/@gymxratpapii?utm_source=sse554_capstone&utm_medium=referral
https://images.unsplash.com/photo-1759398430338-8057876edf61?crop=entropy&cs=tinysrgb&fit=max&fm=jpg&ixid=M3w4NzQxNTN8MHwxfHNlYXJjaHwxfHxDb21wYWN0JTIwRWxlY3RyaWMlMjBLZXR0bGV8ZW58MHx8fHwxNzcyMjI1ODkxfDA&ixlib=rb-4.1.0&q=80&w=1080?utm_source=sse554_capstone&utm_medium=referral,Compact Electric Kettle,BrightLeaf Publishing,"The Compact Electric Kettle 253 by BrightLeaf Publishing delivers dependable performance with quality materials and thoughtful design. It is well suited for everyday use in the home & kitchen category, offering a strong balance of value and functionality.",Home & Kitchen,"Portable, Giftable, Durable, Essential, Compact",33.19,4.1,7999,1523,2021-02-16,:#`S=hof^9*],Oksana Beseda,https://unsplash.com/@sanasana_bebe?utm_source=sse554_capstone&utm_medium=referral
https://images.unsplash.com/photo-1733218430878-902cc0cff502?crop=entropy&cs=tinysrgb&fit=max&fm=jpg&ixid=M3w4NzQxNTN8MHwxfHNlYXJjaHwxfHxXaXJlbGVzcyUyMEFjdGlvbiUyMENhbWVyYXxlbnwwfHx8fDE3NzIyMjU4Njh8MA&ixlib=rb-4.1.0&q=80&w=1080?utm_source=sse554_capstone&utm_medium=referral,Wireless Action Camera,SilverLine Electronics,"The Wireless Action Camera 915 by SilverLine Electronics delivers dependable performance with quality materials and thoughtful design. It is well suited for everyday use in the home & kitchen category, offering a strong balance of value and functionality.",Home & Kitchen,"Giftable, Premium, Limited Edition, Durable, Modern",729.15,3.3,9596,1363,2024-12-15,{tpnopwA!HWF,Duc Van,https://unsplash.com/@duke91?utm_source=sse554_capstone&utm_medium=referral
https://images.unsplash.com/photo-1592999641298-434e28c11d14?crop=entropy&cs=tinysrgb&fit=max&fm=jpg&ixid=M3w4NzQxNTN8MHwxfHNlYXJjaHwxfHxVbHRyYSUyMFN0YWlubGVzcyUyMFN0ZWVsJTIwV2F0ZXIlMjBCb3R0bGV8ZW58MHx8fHwxNzcyMjI1ODQwfDA&ixlib=rb-4.1.0&q=80&w=1080?utm_source=sse554_capstone&utm_medium=referral,Ultra Stainless Steel Water Bottle,NorthPeak,"The Ultra Stainless Steel Water Bottle 573 by NorthPeak delivers dependable performance with quality materials and thoughtful design. It is well suited for everyday use in the office supplies category, offering a strong balance of value and functionality.",Office Supplies,"Essential, Wireless, Waterproof, Modern, Ergonomic",161.51,1.3,4410,1276,2021-09-10,uv<@kGHsn{4V,Filip Baotić,https://unsplash.com/@filipbaotic?utm_source=sse554_capstone&utm_medium=referral
https://images.unsplash.com/photo-1596273501899-336404ed1701?crop=entropy&cs=tinysrgb&fit=max&fm=jpg&ixid=M3w4NzQxNTN8MHwxfHNlYXJjaHwxfHxQcmVtaXVtJTIwQmFja3BhY2t8ZW58MHx8fHwxNzcyMjI1ODkyfDA&ixlib=rb-4.1.0&q=80&w=1080?utm_source=sse554_capstone&utm_medium=referral,Premium Backpack,Maple Street Press,"The Premium Backpack 185 by Maple Street Press delivers dependable performance with quality materials and thoughtful design. It is well suited for everyday use in the clothing category, offering a strong balance of value and functionality.",Clothing,"Modern, Bestseller, Versatile, Waterproof, Wireless",719.81,4.4,9971,220,2022-08-20,q^Gbd:\*|Z2S,K8,https://unsplash.com/@_k8_?utm_source=sse554_capstone&utm_medium=referral
https://images.unsplash.com/photo-1566533893210-134327eb8967?crop=entropy&cs=tinysrgb&fit=max&fm=jpg&ixid=M3w4NzQxNTN8MHwxfHNlYXJjaHwxfHxFY28lMjBOb2lzZSUyMENhbmNlbGxpbmclMjBIZWFkcGhvbmVzfGVufDB8fHx8MTc3MjIyNTg0NHww&ixlib=rb-4.1.0&q=80&w=1080?utm_source=sse554_capstone&utm_medium=referral,Eco Noise Cancelling Headphones,Maple Street Press,"The Eco Noise Cancelling Headphones 181 by Maple Street Press delivers dependable performance with quality materials and thoughtful design. It is well suited for everyday use in the books category, offering a strong balance of value and functionality.",Books,"Giftable, Limited Edition, Portable, Versatile, Durable",428.18,4.2,659,552,2022-10-21,674i72";!8y/,Dev Asangbam,https://unsplash.com/@devasangbam?utm_source=sse554_capstone&utm_medium=referral
https://images.unsplash.com/photo-1708513427809-728a7913fc9f?crop=entropy&cs=tinysrgb&fit=max&fm=jpg&ixid=M3w4NzQxNTN8MHwxfHNlYXJjaHwxfHxTbWFydCUyMExFRCUyMERlc2slMjBMYW1wfGVufDB8fHx8MTc3MjIyNTg4OHww&ixlib=rb-4.1.0&q=80&w=1080?utm_source=sse554_capstone&utm_medium=referral,Smart LED Desk Lamp,SilverLine Electronics,"The Smart LED Desk Lamp 306 by SilverLine Electronics delivers dependable performance with quality materials and thoughtful design. It is well suited for everyday use in the clothing category, offering a strong balance of value and functionality.",Clothing,"Limited Edition, Waterproof, Rechargeable, Modern, Premium",454.81,2.5,2193,646,2016-03-25,]5*AapboS|E@,Uwukuri Emery,https://unsplash.com/@uwukuriemery?utm_source=sse554_capstone&utm_medium=referral
https://images.unsplash.com/photo-1708513427809-728a7913fc9f?crop=entropy&cs=tinysrgb&fit=max&fm=jpg&ixid=M3w4NzQxNTN8MHwxfHNlYXJjaHwxfHxVbHRyYSUyMExFRCUyMERlc2slMjBMYW1wfGVufDB8fHx8MTc3MjIyNTg5NXww&ixlib=rb-4.1.0&q=80&w=1080?utm_source=sse554_capstone&utm_medium=referral,Ultra LED Desk Lamp,Horizon Tech,"The Ultra LED Desk Lamp 486 by Horizon Tech delivers dependable performance with quality materials and thoughtful design. It is well suited for everyday use in the sports & outdoors category, offering a strong balance of value and functionality.",Sports & Outdoors,"Bestseller, Modern, Versatile, Essential, Portable",59.21,3.0,6988,755,2019-01-21,""";`K^Jl)LE^b",Uwukuri Emery,https://unsplash.com/@uwukuriemery?utm_source=sse554_capstone&utm_medium=referral
https://images.unsplash.com/photo-1554175940-c7d7ede2ecb9?crop=entropy&cs=tinysrgb&fit=max&fm=jpg&ixid=M3w4NzQxNTN8MHwxfHNlYXJjaHwxfHxFY28lMjBNZWNoYW5pY2FsJTIwS2V5Ym9hcmR8ZW58MHx8fHwxNzcyMjI1ODQ4fDA&ixlib=rb-4.1.0&q=80&w=1080?utm_source=sse554_capstone&utm_medium=referral,Eco Mechanical Keyboard,BrightLeaf Publishing,"The Eco Mechanical Keyboard 470 by BrightLeaf Publishing delivers dependable performance with quality materials and thoughtful design. It is well suited for everyday use in the electronics category, offering a strong balance of value and functionality.",Electronics,"Durable, Rechargeable, New Arrival, Premium, Versatile",715.87,2.2,7789,46,2021-11-22,Ky~/=!+TEx=h,H&co,https://unsplash.com/@hngstrm?utm_source=sse554_capstone&utm_medium=referral
https://images.unsplash.com/photo-1769686420474-3c1f242aa64f?crop=entropy&cs=tinysrgb&fit=max&fm=jpg&ixid=M3w4NzQxNTN8MHwxfHNlYXJjaHwxfHxXaXJlbGVzcyUyMFNjaWVuY2UlMjBGaWN0aW9uJTIwTm92ZWx8ZW58MHx8fHwxNzcyMjI1ODczfDA&ixlib=rb-4.1.0&q=80&w=1080?utm_source=sse554_capstone&utm_medium=referral,Wireless Science Fiction Novel,Maple Street Press,"The Wireless Science Fiction Novel 268 by Maple Street Press delivers dependable performance with quality materials and thoughtful design. It is well suited for everyday use in the electronics category, offering a strong balance of value and functionality.",Electronics,"New Arrival, Waterproof, Rechargeable, Wireless, Limited Edition",698.06,1.3,2699,401,2022-11-22,W`@EsF33\E"i,Georgiy Lyamin,https://unsplash.com/@glyamin?utm_source=sse554_capstone&utm_medium=referral
https://images.unsplash.com/photo-1770560437948-a7492488dab8?crop=entropy&cs=tinysrgb&fit=max&fm=jpg&ixid=M3w4NzQxNTN8MHwxfHNlYXJjaHwxfHxFY28lMjBBY3Rpb24lMjBDYW1lcmF8ZW58MHx8fHwxNzcyMjI1ODcxfDA&ixlib=rb-4.1.0&q=80&w=1080?utm_source=sse554_capstone&utm_medium=referral,Eco Action Camera,NorthPeak,"The Eco Action Camera 956 by NorthPeak delivers dependable performance with quality materials and thoughtful design. It is well suited for everyday use in the books category, offering a strong balance of value and functionality.",Books,"Ergonomic, New Arrival, Versatile, Rechargeable, Giftable",653.7,1.0,7391,384,2019-08-24,"RXn+2d(|-,g:",Rynco Maekawa,https://unsplash.com/@lynzrand?utm_source=sse554_capstone&utm_medium=referral
https://images.unsplash.com/photo-1656428813604-6225efa90782?crop=entropy&cs=tinysrgb&fit=max&fm=jpg&ixid=M3w4NzQxNTN8MHwxfHNlYXJjaHwxfHxQcm9mZXNzaW9uYWwlMjBCYWNrcGFja3xlbnwwfHx8fDE3NzIyMjU4NDJ8MA&ixlib=rb-4.1.0&q=80&w=1080?utm_source=sse554_capstone&utm_medium=referral,Professional Backpack,Summit Gear Co.,"The Professional Backpack 711 by Summit Gear Co. delivers dependable performance with quality materials and thoughtful design. It is well suited for everyday use in the sports & outdoors category, offering a strong balance of value and functionality.",Sports & Outdoors,"Modern, Bestseller, Durable, Limited Edition, Compact",344.31,1.2,5734,1791,2021-02-25,Z\W|sZ7j_Uu(,Danielle Stein,https://unsplash.com/@daniellestein?utm_source=sse554_capstone&utm_medium=referral
https://images.unsplash.com/photo-1758774019261-e11c8aadacb2?crop=entropy&cs=tinysrgb&fit=max&fm=jpg&ixid=M3w4NzQxNTN8MHwxfHNlYXJjaHwxfHxQcmVtaXVtJTIwQWN0aW9uJTIwQ2FtZXJhfGVufDB8fHx8MTc3MjIyNTg1NXww&ixlib=rb-4.1.0&q=80&w=1080?utm_source=sse554_capstone&utm_medium=referral,Premium Action Camera,BrightLeaf Publishing,"The Premium Action Camera 857 by BrightLeaf Publishing delivers dependable performance with quality materials and thoughtful design. It is well suited for everyday use in the home & kitchen category, offering a strong balance of value and functionality.",Home & Kitchen,"Rechargeable, Essential, Limited Edition, Waterproof, Bestseller",191.62,1.1,5658,1025,2021-09-17,_Y-TeDWzcA0),David Liceaga,https://unsplash.com/@liceagadavid?utm_source=sse554_capstone&utm_medium=referral
https://images.unsplash.com/photo-1572341396754-c8b300b56292?crop=entropy&cs=tinysrgb&fit=max&fm=jpg&ixid=M3w4NzQxNTN8MHwxfHNlYXJjaHwxfHxDb21wYWN0JTIwWW9nYSUyME1hdHxlbnwwfHx8fDE3NzIyMjU4MzN8MA&ixlib=rb-4.1.0&q=80&w=1080?utm_source=sse554_capstone&utm_medium=referral,Compact Yoga Mat,BrightLeaf Publishing,"The Compact Yoga Mat 677 by BrightLeaf Publishing delivers dependable performance with quality materials and thoughtful design. It is well suited for everyday use in the home & kitchen category, offering a strong balance of value and functionality.",Home & Kitchen,"Durable, Premium, Portable, Bestseller, Versatile",309.08,2.5,9265,95,2021-07-10,=v\[LZ/Z8tu#,Klara Kulikova,https://unsplash.com/@kkalerry?utm_source=sse554_capstone&utm_medium=referral
https://images.unsplash.com/photo-1559645147-bbd3634fcd8f?crop=entropy&cs=tinysrgb&fit=max&fm=jpg&ixid=M3w4NzQxNTN8MHwxfHNlYXJjaHwxfHxDbGFzc2ljJTIwQWN0aW9uJTIwQ2FtZXJhfGVufDB8fHx8MTc3MjIyNTg4NXww&ixlib=rb-4.1.0&q=80&w=1080?utm_source=sse554_capstone&utm_medium=referral,Classic Action Camera,Horizon Tech,"The Classic Action Camera 928 by Horizon Tech delivers dependable performance with quality materials and thoughtful design. It is well suited for everyday use in the clothing category, offering a strong balance of value and functionality.",Clothing,"Durable, Limited Edition, Bestseller, Compact, Waterproof",227.6,2.5,3640,995,2020-03-07,W4[mvLxN5V:?,Keszthelyi Timi,https://unsplash.com/@keszthelyit?utm_source=sse554_capstone&utm_medium=referral
https://images.unsplash.com/photo-1567787758801-42c8b5e28e01?crop=entropy&cs=tinysrgb&fit=max&fm=jpg&ixid=M3w4NzQxNTN8MHwxfHNlYXJjaHwxfHxVbHRyYSUyME5vaXNlJTIwQ2FuY2VsbGluZyUyMEhlYWRwaG9uZXN8ZW58MHx8fHwxNzcyMjI1ODU3fDA&ixlib=rb-4.1.0&q=80&w=1080?utm_source=sse554_capstone&utm_medium=referral,Ultra Noise Cancelling Headphones,BrightLeaf Publishing,"The Ultra Noise Cancelling Headphones 775 by BrightLeaf Publishing delivers dependable performance with quality materials and thoughtful design. It is well suited for everyday use in the books category, offering a strong balance of value and functionality.",Books,"Lightweight, Giftable, Wireless, Waterproof, Essential",67.95,5.0,2424,1109,2017-03-03,q~Oy{'}[LH}R,Pacha パチャ Shot’s,https://unsplash.com/@pacha_raw?utm_source=sse554_capstone&utm_medium=referral
https://images.unsplash.com/photo-1738101001619-f0fd42ceafb0?crop=entropy&cs=tinysrgb&fit=max&fm=jpg&ixid=M3w4NzQxNTN8MHwxfHNlYXJjaHwxfHxFY28lMjBFbGVjdHJpYyUyMEtldHRsZXxlbnwwfHx8fDE3NzIyMjU4NTV8MA&ixlib=rb-4.1.0&q=80&w=1080?utm_source=sse554_capstone&utm_medium=referral,Eco Electric Kettle,BlueRiver Outfitters,"The Eco Electric Kettle 962 by BlueRiver Outfitters delivers dependable performance with quality materials and thoughtful design. It is well suited for everyday use in the sports & outdoors category, offering a strong balance of value and functionality.",Sports & Outdoors,"Versatile, Portable, Lightweight, Giftable, Compact",509.45,3.4,315,1596,2016-11-10,PtPR=RqYK@tB,Haberdoedas,https://unsplash.com/@haberdoedas?utm_source=sse554_capstone&utm_medium=referral
https://images.unsplash.com/photo-1760443728230-b84a87381f8f?crop=entropy&cs=tinysrgb&fit=max&fm=jpg&ixid=M3w4NzQxNTN8MHwxfHNlYXJjaHwxfHxQb3J0YWJsZSUyMFNtYXJ0cGhvbmUlMjBTdGFuZHxlbnwwfHx8fDE3NzIyMjU4NTh8MA&ixlib=rb-4.1.0&q=80&w=1080?utm_source=sse554_capstone&utm_medium=referral,Portable Smartphone Stand,Summit Gear Co.,"The Portable Smartphone Stand 884 by Summit Gear Co. delivers dependable performance with quality materials and thoughtful design. It is well suited for everyday use in the office supplies category, offering a strong balance of value and functionality.",Office Supplies,"Rechargeable, Compact, New Arrival, Wireless, Essential",550.62,1.7,6582,389,2024-08-27,_XOW2q7{0tOL,Todd Jiang,https://unsplash.com/@toddjiang?utm_source=sse554_capstone&utm_medium=referral
https://images.unsplash.com/photo-1718210719917-c6e1cd5be085?crop=entropy&cs=tinysrgb&fit=max&fm=jpg&ixid=M3w4NzQxNTN8MHwxfHNlYXJjaHwxfHxQcm9mZXNzaW9uYWwlMjBTdGFpbmxlc3MlMjBTdGVlbCUyMFdhdGVyJTIwQm90dGxlfGVufDB8fHx8MTc3MjIyNTgyOXww&ixlib=rb-4.1.0&q=80&w=1080?utm_source=sse554_capstone&utm_medium=referral,Professional Stainless Steel Water Bottle,SilverLine Electronics,"The Professional Stainless Steel Water Bottle 763 by SilverLine Electronics delivers dependable performance with quality materials and thoughtful design. It is well suited for everyday use in the sports & outdoors category, offering a strong balance of value and functionality.",Sports & Outdoors,"Durable, Giftable, Waterproof, Ergonomic, Limited Edition",669.11,1.9,5833,350,2025-06-07,"7KRN9z,|R=6!",Kedibone Isaac Makhumisane,https://unsplash.com/@isaax_the_artist?utm_source=sse554_capstone&utm_medium=referral
https://images.unsplash.com/photo-1760553120955-b67aa3662355?crop=entropy&cs=tinysrgb&fit=max&fm=jpg&ixid=M3w4NzQxNTN8MHwxfHNlYXJjaHwxfHxBZHZhbmNlZCUyME1lY2hhbmljYWwlMjBLZXlib2FyZHxlbnwwfHx8fDE3NzIyMjU4OTB8MA&ixlib=rb-4.1.0&q=80&w=1080?utm_source=sse554_capstone&utm_medium=referral,Advanced Mechanical Keyboard,Summit Gear Co.,"The Advanced Mechanical Keyboard 825 by Summit Gear Co. delivers dependable performance with quality materials and thoughtful design. It is well suited for everyday use in the office supplies category, offering a strong balance of value and functionality.",Office Supplies,"Rechargeable, Modern, Portable, Giftable, New Arrival",476.73,1.1,8971,116,2017-12-22,DK1^Yn>P$k_;,Anoof C,https://unsplash.com/@anoofc?utm_source=sse554_capstone&utm_medium=referral
https://images.unsplash.com/photo-1631749352020-b8ce2d86727e?crop=entropy&cs=tinysrgb&fit=max&fm=jpg&ixid=M3w4NzQxNTN8MHwxfHNlYXJjaHwxfHxVbHRyYSUyMEdhbWluZyUyME1vdXNlfGVufDB8fHx8MTc3MjIyNTg0Mnww&ixlib=rb-4.1.0&q=80&w=1080?utm_source=sse554_capstone&utm_medium=referral,Ultra Gaming Mouse,BrightLeaf Publishing,"The Ultra Gaming Mouse 663 by BrightLeaf Publishing delivers dependable performance with quality materials and thoughtful design. It is well suited for everyday use in the electronics category, offering a strong balance of value and functionality.",Electronics,"Durable, Versatile, Giftable, Wireless, Limited Edition",156.73,3.2,3985,132,2017-02-10,6QSN3m\5R;\B,Bruno Yamazaky,https://unsplash.com/@mryamazukino?utm_source=sse554_capstone&utm_medium=referral
https://images.unsplash.com/photo-1564859227552-81fde4a1df0b?crop=entropy&cs=tinysrgb&fit=max&fm=jpg&ixid=M3w4NzQxNTN8MHwxfHNlYXJjaHwxfHxDbGFzc2ljJTIwR3JhcGhpYyUyMFQtU2hpcnR8ZW58MHx8fHwxNzcyMjI1ODUyfDA&ixlib=rb-4.1.0&q=80&w=1080?utm_source=sse554_capstone&utm_medium=referral,Classic Graphic T-Shirt,Horizon Tech,"The Classic Graphic T-Shirt 175 by Horizon Tech delivers dependable performance with quality materials and thoughtful design. It is well suited for everyday use in the clothing category, offering a strong balance of value and functionality.",Clothing,"Versatile, Bestseller, Limited Edition, Durable, Compact",573.9,1.3,3126,894,2020-01-13,ekg\WL|rQuoB,Sincerely Media,https://unsplash.com/@sincerelymedia?utm_source=sse554_capstone&utm_medium=referral
https://images.unsplash.com/photo-1706180484689-223b2822ec7d?crop=entropy&cs=tinysrgb&fit=max&fm=jpg&ixid=M3w4NzQxNTN8MHwxfHNlYXJjaHwxfHxXaXJlbGVzcyUyME9mZmljZSUyMENoYWlyfGVufDB8fHx8MTc3MjIyNTg5MXww&ixlib=rb-4.1.0&q=80&w=1080?utm_source=sse554_capstone&utm_medium=referral,Wireless Office Chair,Maple Street Press,"The Wireless Office Chair 998 by Maple Street Press delivers dependable performance with quality materials and thoughtful design. It is well suited for everyday use in the electronics category, offering a strong balance of value and functionality.",Electronics,"Compact, Rechargeable, Essential, Limited Edition, Giftable",153.59,2.0,7243,1729,2019-09-19,r.1wYR66:CA6,Engin Akyurt,https://unsplash.com/@enginakyurt?utm_source=sse554_capstone&utm_medium=referral
https://images.unsplash.com/photo-1522844123782-9547a63eb28b?crop=entropy&cs=tinysrgb&fit=max&fm=jpg&ixid=M3w4NzQxNTN8MHwxfHNlYXJjaHwxfHxDbGFzc2ljJTIwWW9nYSUyME1hdHxlbnwwfHx8fDE3NzIyMjU4ODB8MA&ixlib=rb-4.1.0&q=80&w=1080?utm_source=sse554_capstone&utm_medium=referral,Classic Yoga Mat,Horizon Tech,"The Classic Yoga Mat 241 by Horizon Tech delivers dependable performance with quality materials and thoughtful design. It is well suited for everyday use in the home & kitchen category, offering a strong balance of value and functionality.",Home & Kitchen,"Waterproof, Modern, Wireless, Durable, Lightweight",366.18,2.7,5505,1979,2025-01-16,n@>NOkGH+jp-,Alan Ko,https://unsplash.com/@iyunmai?utm_source=sse554_capstone&utm_medium=referral
https://images.unsplash.com/photo-1495563125611-fa99f0cd529f?crop=entropy&cs=tinysrgb&fit=max&fm=jpg&ixid=M3w4NzQxNTN8MHwxfHNlYXJjaHwxfHxQcmVtaXVtJTIwNEslMjBNb25pdG9yfGVufDB8fHx8MTc3MjIyNTgzOHww&ixlib=rb-4.1.0&q=80&w=1080?utm_source=sse554_capstone&utm_medium=referral,Premium 4K Monitor,NorthPeak,"The Premium 4K Monitor 419 by NorthPeak delivers dependable performance with quality materials and thoughtful design. It is well suited for everyday use in the sports & outdoors category, offering a strong balance of value and functionality.",Sports & Outdoors,"Limited Edition, Premium, Lightweight, Giftable, New Arrival",625.75,2.8,9426,587,2019-04-07,n1pN=s\@WEcr,Julian O'hayon,https://unsplash.com/@anckor?utm_source=sse554_capstone&utm_medium=referral
https://images.unsplash.com/photo-1633236065050-e96a5afa0207?crop=entropy&cs=tinysrgb&fit=max&fm=jpg&ixid=M3w4NzQxNTN8MHwxfHNlYXJjaHwxfHxXaXJlbGVzcyUyMDRLJTIwTW9uaXRvcnxlbnwwfHx8fDE3NzIyMjU4Mzl8MA&ixlib=rb-4.1.0&q=80&w=1080?utm_source=sse554_capstone&utm_medium=referral,Wireless 4K Monitor,Horizon Tech,"The Wireless 4K Monitor 354 by Horizon Tech delivers dependable performance with quality materials and thoughtful design. It is well suited for everyday use in the electronics category, offering a strong balance of value and functionality.",Electronics,"Rechargeable, Portable, Waterproof, Lightweight, Versatile",115.74,2.9,5137,1963,2020-04-29,(7z7(5oc2/{f,Kadyn Pierce,https://unsplash.com/@gymxratpapii?utm_source=sse554_capstone&utm_medium=referral
https://images.unsplash.com/photo-1758273237903-f176384eadbb?crop=entropy&cs=tinysrgb&fit=max&fm=jpg&ixid=M3w4NzQxNTN8MHwxfHNlYXJjaHwxfHxXaXJlbGVzcyUyMEJhY2twYWNrfGVufDB8fHx8MTc3MjIyNTg4NXww&ixlib=rb-4.1.0&q=80&w=1080?utm_source=sse554_capstone&utm_medium=referral,Wireless Backpack,SilverLine Electronics,"The Wireless Backpack 257 by SilverLine Electronics delivers dependable performance with quality materials and thoughtful design. It is well suited for everyday use in the office supplies category, offering a strong balance of value and functionality.",Office Supplies,"Portable, Rechargeable, Limited Edition, Giftable, Bestseller",473.59,1.0,9010,1773,2020-07-10,y;znIUGhnF{B,Vitaly Gariev,https://unsplash.com/@silverkblack?utm_source=sse554_capstone&utm_medium=referral
https://images.unsplash.com/photo-1643136108890-c079a7cd08cc?crop=entropy&cs=tinysrgb&fit=max&fm=jpg&ixid=M3w4NzQxNTN8MHwxfHNlYXJjaHwxfHxDbGFzc2ljJTIwNEslMjBNb25pdG9yfGVufDB8fHx8MTc3MjIyNTg2Nnww&ixlib=rb-4.1.0&q=80&w=1080?utm_source=sse554_capstone&utm_medium=referral,Classic 4K Monitor,NorthPeak,"The Classic 4K Monitor 358 by NorthPeak delivers dependable performance with quality materials and thoughtful design. It is well suited for everyday use in the office supplies category, offering a strong balance of value and functionality.",Office Supplies,"Durable, New Arrival, Bestseller, Waterproof, Modern",527.24,4.6,446,1892,2025-06-05,"7]7F+e{,C'~a",Neli Cerquetella,https://unsplash.com/@nelibird?utm_source=sse554_capstone&utm_medium=referral
https://images.unsplash.com/photo-1695712551608-b118cc5a39e4?crop=entropy&cs=tinysrgb&fit=max&fm=jpg&ixid=M3w4NzQxNTN8MHwxfHNlYXJjaHwxfHxFY28lMjBCbHVldG9vdGglMjBTcGVha2VyfGVufDB8fHx8MTc3MjIyNTgzNXww&ixlib=rb-4.1.0&q=80&w=1080?utm_source=sse554_capstone&utm_medium=referral,Eco Bluetooth Speaker,BlueRiver Outfitters,"The Eco Bluetooth Speaker 866 by BlueRiver Outfitters delivers dependable performance with quality materials and thoughtful design. It is well suited for everyday use in the office supplies category, offering a strong balance of value and functionality.",Office Supplies,"Portable, Modern, Wireless, Rechargeable, Premium",98.83,3.4,9363,1382,2017-12-15,Ki+;dZcT8Ibl,Gomi,https://unsplash.com/@gomi_design?utm_source=sse554_capstone&utm_medium=referral
https://images.unsplash.com/photo-1588279102558-dabc7b32d9b1?crop=entropy&cs=tinysrgb&fit=max&fm=jpg&ixid=M3w4NzQxNTN8MHwxfHNlYXJjaHwxfHxDbGFzc2ljJTIwQ29va3dhcmUlMjBTZXR8ZW58MHx8fHwxNzcyMjI1ODQ1fDA&ixlib=rb-4.1.0&q=80&w=1080?utm_source=sse554_capstone&utm_medium=referral,Classic Cookware Set,NorthPeak,"The Classic Cookware Set 613 by NorthPeak delivers dependable performance with quality materials and thoughtful design. It is well suited for everyday use in the books category, offering a strong balance of value and functionality.",Books,"Durable, Premium, Ergonomic, Versatile, Essential",440.1,1.1,2501,579,2018-11-28,eafIct@e!FuT,Cooker King,https://unsplash.com/@cookerking?utm_source=sse554_capstone&utm_medium=referral
https://images.unsplash.com/photo-1557349964-34f68e722d29?crop=entropy&cs=tinysrgb&fit=max&fm=jpg&ixid=M3w4NzQxNTN8MHwxfHNlYXJjaHwxfHxBZHZhbmNlZCUyMENvb2tib29rfGVufDB8fHx8MTc3MjIyNTg3M3ww&ixlib=rb-4.1.0&q=80&w=1080?utm_source=sse554_capstone&utm_medium=referral,Advanced Cookbook,SilverLine Electronics,"The Advanced Cookbook 537 by SilverLine Electronics delivers dependable performance with quality materials and thoughtful design. It is well suited for everyday use in the home & kitchen category, offering a strong balance of value and functionality.",Home & Kitchen,"Waterproof, Limited Edition, Essential, Modern, Giftable",523.68,1.8,9304,1658,2020-08-10,cHj}I.?/BvCz,Hartai Klaudia,https://unsplash.com/@hartaiklaudia?utm_source=sse554_capstone&utm_medium=referral
https://images.unsplash.com/photo-1586187543706-b43086b30978?crop=entropy&cs=tinysrgb&fit=max&fm=jpg&ixid=M3w4NzQxNTN8MHwxfHNlYXJjaHwxfHxDbGFzc2ljJTIwRXh0ZXJuYWwlMjBIYXJkJTIwRHJpdmV8ZW58MHx8fHwxNzcyMjI1ODM3fDA&ixlib=rb-4.1.0&q=80&w=1080?utm_source=sse554_capstone&utm_medium=referral,Classic External Hard Drive,NorthPeak,"The Classic External Hard Drive 655 by NorthPeak delivers dependable performance with quality materials and thoughtful design. It is well suited for everyday use in the electronics category, offering a strong balance of value and functionality.",Electronics,"Modern, Waterproof, Ergonomic, Lightweight, Rechargeable",692.85,3.3,8574,1946,2022-08-06,|Rz/^A.rKd$m,Everyday Basics,https://unsplash.com/@zanardi?utm_source=sse554_capstone&utm_medium=referral
https://images.unsplash.com/photo-1758348844371-dfbae2780bd3?crop=entropy&cs=tinysrgb&fit=max&fm=jpg&ixid=M3w4NzQxNTN8MHwxfHNlYXJjaHwxfHxVbHRyYSUyMEZpdG5lc3MlMjBUcmFja2VyfGVufDB8fHx8MTc3MjIyNTg2MXww&ixlib=rb-4.1.0&q=80&w=1080?utm_source=sse554_capstone&utm_medium=referral,Ultra Fitness Tracker,SilverLine Electronics,"The Ultra Fitness Tracker 240 by SilverLine Electronics delivers dependable performance with quality materials and thoughtful design. It is well suited for everyday use in the home & kitchen category, offering a strong balance of value and functionality.",Home & Kitchen,"Portable, Modern, Lightweight, Giftable, Ergonomic",505.18,2.2,8400,1971,2022-11-12,]mGk'[<HO7!I,Sam Grozyan,https://unsplash.com/@ijeunes?utm_source=sse554_capstone&utm_medium=referral
https://images.unsplash.com/photo-1718210719917-c6e1cd5be085?crop=entropy&cs=tinysrgb&fit=max&fm=jpg&ixid=M3w4NzQxNTN8MHwxfHNlYXJjaHwxfHxTbWFydCUyMFN0YWlubGVzcyUyMFN0ZWVsJTIwV2F0ZXIlMjBCb3R0bGV8ZW58MHx8fHwxNzcyMjI1ODQ1fDA&ixlib=rb-4.1.0&q=80&w=1080?utm_source=sse554_capstone&utm_medium=referral,Smart Stainless Steel Water Bottle,Horizon Tech,"The Smart Stainless Steel Water Bottle 923 by Horizon Tech delivers dependable performance with quality materials and thoughtful design. It is well suited for everyday use in the office supplies category, offering a strong balance of value and functionality.",Office Supplies,"Limited Edition, Premium, Waterproof, Ergonomic, New Arrival",618.38,4.0,4273,176,2025-04-02,tcynF7jwV#da,Kedibone Isaac Makhumisane,https://unsplash.com/@isaax_the_artist?utm_source=sse554_capstone&utm_medium=referral
https://images.unsplash.com/photo-1693596936248-8fab255a3de1?crop=entropy&cs=tinysrgb&fit=max&fm=jpg&ixid=M3w4NzQxNTN8MHwxfHNlYXJjaHwxfHxXaXJlbGVzcyUyMExFRCUyMERlc2slMjBMYW1wfGVufDB8fHx8MTc3MjIyNTgzNHww&ixlib=rb-4.1.0&q=80&w=1080?utm_source=sse554_capstone&utm_medium=referral,Wireless LED Desk Lamp,Horizon Tech,"The Wireless LED Desk Lamp 128 by Horizon Tech delivers dependable performance with quality materials and thoughtful design. It is well suited for everyday use in the clothing category, offering a strong balance of value and functionality.",Clothing,"Portable, Modern, Wireless, Limited Edition, Premium",698.0,3.6,2207,1282,2021-09-29,V[uQ!igVz9w_,Darius Cotoi,https://unsplash.com/@dariuscotoi?utm_source=sse554_capstone&utm_medium=referral
https://images.unsplash.com/photo-1730578726048-b8f118d227e4?crop=entropy&cs=tinysrgb&fit=max&fm=jpg&ixid=M3w4NzQxNTN8MHwxfHNlYXJjaHwxfHxVbHRyYSUyMEV4dGVybmFsJTIwSGFyZCUyMERyaXZlfGVufDB8fHx8MTc3MjIyNTg5NXww&ixlib=rb-4.1.0&q=80&w=1080?utm_source=sse554_capstone&utm_medium=referral,Ultra External Hard Drive,Summit Gear Co.,"The Ultra External Hard Drive 129 by Summit Gear Co. delivers dependable performance with quality materials and thoughtful design. It is well suited for everyday use in the home & kitchen category, offering a strong balance of value and functionality.",Home & Kitchen,"Lightweight, Limited Edition, Giftable, Durable, Compact",188.34,1.9,4134,1804,2024-06-18,q*#u61pWcs*W,Jason Leung,https://unsplash.com/@ninjason?utm_source=sse554_capstone&utm_medium=referral
https://images.unsplash.com/photo-1754821305530-8e3c7b8deda2?crop=entropy&cs=tinysrgb&fit=max&fm=jpg&ixid=M3w4NzQxNTN8MHwxfHNlYXJjaHwxfHxQcm9mZXNzaW9uYWwlMjBGaXRuZXNzJTIwVHJhY2tlcnxlbnwwfHx8fDE3NzIyMjU4OTN8MA&ixlib=rb-4.1.0&q=80&w=1080?utm_source=sse554_capstone&utm_medium=referral,Professional Fitness Tracker,NorthPeak,"The Professional Fitness Tracker 957 by NorthPeak delivers dependable performance with quality materials and thoughtful design. It is well suited for everyday use in the sports & outdoors category, offering a strong balance of value and functionality.",Sports & Outdoors,"Ergonomic, Wireless, Durable, Giftable, Compact",92.54,4.4,6033,494,2020-10-03,|w`/554JR$'L,Andrey Matveev,https://unsplash.com/@zelebb?utm_source=sse554_capstone&utm_medium=referral
https://images.unsplash.com/photo-1613091252604-dd0746e2f358?crop=entropy&cs=tinysrgb&fit=max&fm=jpg&ixid=M3w4NzQxNTN8MHwxfHNlYXJjaHwxfHxDb21wYWN0JTIwR2FtaW5nJTIwTW91c2V8ZW58MHx8fHwxNzcyMjI1ODU5fDA&ixlib=rb-4.1.0&q=80&w=1080?utm_source=sse554_capstone&utm_medium=referral,Compact Gaming Mouse,BrightLeaf Publishing,"The Compact Gaming Mouse 613 by BrightLeaf Publishing delivers dependable performance with quality materials and thoughtful design. It is well suited for everyday use in the books category, offering a strong balance of value and functionality.",Books,"Compact, Ergonomic, Portable, Bestseller, Modern",236.65,2.0,7303,1309,2017-02-15,rf/QqP6amsGb,Sirisvisual,https://unsplash.com/@sirisvisual?utm_source=sse554_capstone&utm_medium=referral
https://images.unsplash.com/photo-1758599879792-d6d5d4e3289c?crop=entropy&cs=tinysrgb&fit=max&fm=jpg&ixid=M3w4NzQxNTN8MHwxfHNlYXJjaHwxfHxTbWFydCUyMFlvZ2ElMjBNYXR8ZW58MHx8fHwxNzcyMjI1ODI2fDA&ixlib=rb-4.1.0&q=80&w=1080?utm_source=sse554_capstone&utm_medium=referral,Smart Yoga Mat,Summit Gear Co.,"The Smart Yoga Mat 366 by Summit Gear Co. delivers dependable performance with quality materials and thoughtful design. It is well suited for everyday use in the clothing category, offering a strong balance of value and functionality.",Clothing,"Modern, Essential, Ergonomic, Durable, Premium",311.62,2.4,1318,1679,2021-12-03,"J8hw&7D()%^,",Vitaly Gariev,https://unsplash.com/@silverkblack?utm_source=sse554_capstone&utm_medium=referral
https://images.unsplash.com/photo-1768332487888-326fa7dabbf2?crop=entropy&cs=tinysrgb&fit=max&fm=jpg&ixid=M3w4NzQxNTN8MHwxfHNlYXJjaHwxfHxQcmVtaXVtJTIwQ29va2Jvb2t8ZW58MHx8fHwxNzcyMjI1ODQ3fDA&ixlib=rb-4.1.0&q=80&w=1080?utm_source=sse554_capstone&utm_medium=referral,Premium Cookbook,Horizon Tech,"The Premium Cookbook 178 by Horizon Tech delivers dependable performance with quality materials and thoughtful design. It is well suited for everyday use in the clothing category, offering a strong balance of value and functionality.",Clothing,"Compact, Bestseller, Portable, Waterproof, Premium",232.25,1.3,6057,38,2021-11-06,_[_7<:Fg'7W7,Kamilla Isalieva,https://unsplash.com/@kamillaisalieva?utm_source=sse554_capstone&utm_medium=referral
https://images.unsplash.com/photo-1763369521070-11b994aa6d7e?crop=entropy&cs=tinysrgb&fit=max&fm=jpg&ixid=M3w4NzQxNTN8MHwxfHNlYXJjaHwxfHxQcm9mZXNzaW9uYWwlMjBHcmFwaGljJTIwVC1TaGlydHxlbnwwfHx8fDE3NzIyMjU4Mjd8MA&ixlib=rb-4.1.0&q=80&w=1080?utm_source=sse554_capstone&utm_medium=referral,Professional Graphic T-Shirt,SilverLine Electronics,"The Professional Graphic T-Shirt 378 by SilverLine Electronics delivers dependable performance with quality materials and thoughtful design. It is well suited for everyday use in the electronics category, offering a strong balance of value and functionality.",Electronics,"Essential, Wireless, Modern, Rechargeable, Premium",352.77,3.1,5997,1006,2025-12-02,B~p?M+vpsLTq,Igor Shalyminov,https://unsplash.com/@ishalyminov?utm_source=sse554_capstone&utm_medium=referral
https://images.unsplash.com/photo-1631749352020-b8ce2d86727e?crop=entropy&cs=tinysrgb&fit=max&fm=jpg&ixid=M3w4NzQxNTN8MHwxfHNlYXJjaHwxfHxVbHRyYSUyMEdhbWluZyUyME1vdXNlfGVufDB8fHx8MTc3MjIyNTg0Mnww&ixlib=rb-4.1.0&q=80&w=1080?utm_source=sse554_capstone&utm_medium=referral,Ultra Gaming Mouse,NorthPeak,"The Ultra Gaming Mouse 827 by NorthPeak delivers dependable performance with quality materials and thoughtful design. It is well suited for everyday use in the home & kitchen category, offering a strong balance of value and functionality.",Home & Kitchen,"Wireless, Modern, Giftable, Durable, Compact",597.73,4.1,7463,662,2016-06-19,eSOq%+eHd7(|,Bruno Yamazaky,https://unsplash.com/@mryamazukino?utm_source=sse554_capstone&utm_medium=referral
https://images.unsplash.com/photo-1674303324806-7018a739ed11?crop=entropy&cs=tinysrgb&fit=max&fm=jpg&ixid=M3w4NzQxNTN8MHwxfHNlYXJjaHwxfHxXaXJlbGVzcyUyMEJsdWV0b290aCUyMFNwZWFrZXJ8ZW58MHx8fHwxNzcyMjI1ODQ2fDA&ixlib=rb-4.1.0&q=80&w=1080?utm_source=sse554_capstone&utm_medium=referral,Wireless Bluetooth Speaker,BrightLeaf Publishing,"The Wireless Bluetooth Speaker 968 by BrightLeaf Publishing delivers dependable performance with quality materials and thoughtful design. It is well suited for everyday use in the sports & outdoors category, offering a strong balance of value and functionality.",Sports & Outdoors,"Premium, Giftable, Rechargeable, Waterproof, Lightweight",362.01,4.1,1268,1313,2021-02-03,9jX=l$f?}pb$,Andrey Matveev,https://unsplash.com/@zelebb?utm_source=sse554_capstone&utm_medium=referral
https://images.unsplash.com/photo-1601220363009-f7e66d095649?crop=entropy&cs=tinysrgb&fit=max&fm=jpg&ixid=M3w4NzQxNTN8MHwxfHNlYXJjaHwxfHxFY28lMjBTbWFydHBob25lJTIwU3RhbmR8ZW58MHx8fHwxNzcyMjI1ODU3fDA&ixlib=rb-4.1.0&q=80&w=1080?utm_source=sse554_capstone&utm_medium=referral,Eco Smartphone Stand,Summit Gear Co.,"The Eco Smartphone Stand 570 by Summit Gear Co. delivers dependable performance with quality materials and thoughtful design. It is well suited for everyday use in the office supplies category, offering a strong balance of value and functionality.",Office Supplies,"Portable, Essential, Limited Edition, Premium, Waterproof",602.95,3.8,3516,1100,2024-10-27,1-*JP#9289MO,Hugo Sesma,https://unsplash.com/@h_u_g_e?utm_source=sse554_capstone&utm_medium=referral
https://images.unsplash.com/photo-1615433366992-1586f3b8fca5?crop=entropy&cs=tinysrgb&fit=max&fm=jpg&ixid=M3w4NzQxNTN8MHwxfHNlYXJjaHwxfHxXaXJlbGVzcyUyME5vaXNlJTIwQ2FuY2VsbGluZyUyMEhlYWRwaG9uZXN8ZW58MHx8fHwxNzcyMjI1ODUzfDA&ixlib=rb-4.1.0&q=80&w=1080?utm_source=sse554_capstone&utm_medium=referral,Wireless Noise Cancelling Headphones,BrightLeaf Publishing,"The Wireless Noise Cancelling Headphones 794 by BrightLeaf Publishing delivers dependable performance with quality materials and thoughtful design. It is well suited for everyday use in the clothing category, offering a strong balance of value and functionality.",Clothing,"Wireless, Durable, Essential, Giftable, Lightweight",29.5,2.7,3847,751,2019-04-25,`ra*L%`+iOyj,Sj 📸,https://unsplash.com/@uxsj_ph?utm_source=sse554_capstone&utm_medium=referral
https://images.unsplash.com/photo-1718210719917-c6e1cd5be085?crop=entropy&cs=tinysrgb&fit=max&fm=jpg&ixid=M3w4NzQxNTN8MHwxfHNlYXJjaHwxfHxQcm9mZXNzaW9uYWwlMjBTdGFpbmxlc3MlMjBTdGVlbCUyMFdhdGVyJTIwQm90dGxlfGVufDB8fHx8MTc3MjIyNTgyOXww&ixlib=rb-4.1.0&q=80&w=1080?utm_source=sse554_capstone&utm_medium=referral,Professional Stainless Steel Water Bottle,NorthPeak,"The Professional Stainless Steel Water Bottle 149 by NorthPeak delivers dependable performance with quality materials and thoughtful design. It is well suited for everyday use in the electronics category, offering a strong balance of value and functionality.",Electronics,"Limited Edition, Bestseller, Essential, Compact, Ergonomic",535.88,3.8,1407,1811,2016-01-26,3k!PvN7U*L*",Kedibone Isaac Makhumisane,https://unsplash.com/@isaax_the_artist?utm_source=sse554_capstone&utm_medium=referral
https://images.unsplash.com/photo-1760443728221-0feabf5a0130?crop=entropy&cs=tinysrgb&fit=max&fm=jpg&ixid=M3w4NzQxNTN8MHwxfHNlYXJjaHwxfHxBZHZhbmNlZCUyMFNtYXJ0cGhvbmUlMjBTdGFuZHxlbnwwfHx8fDE3NzIyMjU4ODJ8MA&ixlib=rb-4.1.0&q=80&w=1080?utm_source=sse554_capstone&utm_medium=referral,Advanced Smartphone Stand,Maple Street Press,"The Advanced Smartphone Stand 877 by Maple Street Press delivers dependable performance with quality materials and thoughtful design. It is well suited for everyday use in the sports & outdoors category, offering a strong balance of value and functionality.",Sports & Outdoors,"Limited Edition, Compact, Portable, Premium, Ergonomic",291.48,3.6,6120,1221,2016-01-26,Kb%3pvtAyPgf,Todd Jiang,https://unsplash.com/@toddjiang?utm_source=sse554_capstone&utm_medium=referral
https://images.unsplash.com/photo-1708513427809-728a7913fc9f?crop=entropy&cs=tinysrgb&fit=max&fm=jpg&ixid=M3w4NzQxNTN8MHwxfHNlYXJjaHwxfHxTbWFydCUyMExFRCUyMERlc2slMjBMYW1wfGVufDB8fHx8MTc3MjIyNTg4OHww&ixlib=rb-4.1.0&q=80&w=1080?utm_source=sse554_capstone&utm_medium=referral,Smart LED Desk Lamp,SilverLine Electronics,"The Smart LED Desk Lamp 886 by SilverLine Electronics delivers dependable performance with quality materials and thoughtful design. It is well suited for everyday use in the office supplies category, offering a strong balance of value and functionality.",Office Supplies,"Versatile, Essential, Limited Edition, Giftable, Portable",724.82,1.6,3492,364,2018-01-24,"j'&l,w66>wH]",Uwukuri Emery,https://unsplash.com/@uwukuriemery?utm_source=sse554_capstone&utm_medium=referral
https://images.unsplash.com/photo-1601220363009-f7e66d095649?crop=entropy&cs=tinysrgb&fit=max&fm=jpg&ixid=M3w4NzQxNTN8MHwxfHNlYXJjaHwxfHxDbGFzc2ljJTIwU21hcnRwaG9uZSUyMFN0YW5kfGVufDB8fHx8MTc3MjIyNTg4NXww&ixlib=rb-4.1.0&q=80&w=1080?utm_source=sse554_capstone&utm_medium=referral,Classic Smartphone Stand,BlueRiver Outfitters,"The Classic Smartphone Stand 136 by BlueRiver Outfitters delivers dependable performance with quality materials and thoughtful design. It is well suited for everyday use in the books category, offering a strong balance of value and functionality.",Books,"Bestseller, Wireless, Giftable, Compact, Lightweight",413.03,4.7,3053,1054,2020-06-21,f/#&-Hn@<?!),Hugo Sesma,https://unsplash.com/@h_u_g_e?utm_source=sse554_capstone&utm_medium=referral
https://images.unsplash.com/photo-1601220363009-f7e66d095649?crop=entropy&cs=tinysrgb&fit=max&fm=jpg&ixid=M3w4NzQxNTN8MHwxfHNlYXJjaHwxfHxFY28lMjBTbWFydHBob25lJTIwU3RhbmR8ZW58MHx8fHwxNzcyMjI1ODU3fDA&ixlib=rb-4.1.0&q=80&w=1080?utm_source=sse554_capstone&utm_medium=referral,Eco Smartphone Stand,NorthPeak,"The Eco Smartphone Stand 589 by NorthPeak delivers dependable performance with quality materials and thoughtful design. It is well suited for everyday use in the electronics category, offering a strong balance of value and functionality.",Electronics,"Premium, Ergonomic, Compact, Versatile, Waterproof",526.89,1.3,2604,1729,2020-02-03,";yc,<m]Rrp1t",Hugo Sesma,https://unsplash.com/@h_u_g_e?utm_source=sse554_capstone&utm_medium=referral
https://images.unsplash.com/photo-1768111514765-99c9bd665461?crop=entropy&cs=tinysrgb&fit=max&fm=jpg&ixid=M3w4NzQxNTN8MHwxfHNlYXJjaHwxfHxQb3J0YWJsZSUyMEVsZWN0cmljJTIwS2V0dGxlfGVufDB8fHx8MTc3MjIyNTg2MHww&ixlib=rb-4.1.0&q=80&w=1080?utm_source=sse554_capstone&utm_medium=referral,Portable Electric Kettle,Summit Gear Co.,"The Portable Electric Kettle 576 by Summit Gear Co. delivers dependable performance with quality materials and thoughtful design. It is well suited for everyday use in the electronics category, offering a strong balance of value and functionality.",Electronics,"Essential, Giftable, Lightweight, Rechargeable, Bestseller",505.76,3.1,3116,336,2016-03-29,"m>,n40Eq+}MA",Tomoki Ozawa,https://unsplash.com/@tomokiozawa?utm_source=sse554_capstone&utm_medium=referral
https://images.unsplash.com/photo-1586187543706-b43086b30978?crop=entropy&cs=tinysrgb&fit=max&fm=jpg&ixid=M3w4NzQxNTN8MHwxfHNlYXJjaHwxfHxDbGFzc2ljJTIwRXh0ZXJuYWwlMjBIYXJkJTIwRHJpdmV8ZW58MHx8fHwxNzcyMjI1ODM3fDA&ixlib=rb-4.1.0&q=80&w=1080?utm_source=sse554_capstone&utm_medium=referral,Classic External Hard Drive,UrbanNest,"The Classic External Hard Drive 418 by UrbanNest delivers dependable performance with quality materials and thoughtful design. It is well suited for everyday use in the books category, offering a strong balance of value and functionality.",Books,"Essential, Wireless, Bestseller, Giftable, Premium",293.45,3.1,6021,712,2017-10-19,",}huM|2{LU\%",Everyday Basics,https://unsplash.com/@zanardi?utm_source=sse554_capstone&utm_medium=referral
https://images.unsplash.com/photo-1766713993296-4b7ce61e9ace?crop=entropy&cs=tinysrgb&fit=max&fm=jpg&ixid=M3w4NzQxNTN8MHwxfHNlYXJjaHwxfHxQcmVtaXVtJTIwR2FtaW5nJTIwTW91c2V8ZW58MHx8fHwxNzcyMjI1ODQ2fDA&ixlib=rb-4.1.0&q=80&w=1080?utm_source=sse554_capstone&utm_medium=referral,Premium Gaming Mouse,UrbanNest,"The Premium Gaming Mouse 550 by UrbanNest delivers dependable performance with quality materials and thoughtful design. It is well suited for everyday use in the electronics category, offering a strong balance of value and functionality.",Electronics,"Compact, Ergonomic, Portable, Limited Edition, Lightweight",165.39,2.1,3534,1671,2025-04-16,"vBuHkum_,lrB",Dou Buhiu,https://unsplash.com/@doubuhi?utm_source=sse554_capstone&utm_medium=referral
https://images.unsplash.com/photo-1658423594131-870bc585a9f2?crop=entropy&cs=tinysrgb&fit=max&fm=jpg&ixid=M3w4NzQxNTN8MHwxfHNlYXJjaHwxfHxQcmVtaXVtJTIwTWVjaGFuaWNhbCUyMEtleWJvYXJkfGVufDB8fHx8MTc3MjIyNTg4NHww&ixlib=rb-4.1.0&q=80&w=1080?utm_source=sse554_capstone&utm_medium=referral,Premium Mechanical Keyboard,Horizon Tech,"The Premium Mechanical Keyboard 464 by Horizon Tech delivers dependable performance with quality materials and thoughtful design. It is well suited for everyday use in the sports & outdoors category, offering a strong balance of value and functionality.",Sports & Outdoors,"Giftable, Bestseller, Versatile, Modern, Durable",499.54,3.4,1245,41,2023-10-25,V'r=iY|9f)a1,Leon-pascal Jc,https://unsplash.com/@themaker?utm_source=sse554_capstone&utm_medium=referral
https://images.unsplash.com/photo-1641998148499-cb6b55a3c0d3?crop=entropy&cs=tinysrgb&fit=max&fm=jpg&ixid=M3w4NzQxNTN8MHwxfHNlYXJjaHwxfHxQcmVtaXVtJTIwT2ZmaWNlJTIwQ2hhaXJ8ZW58MHx8fHwxNzcyMjI1ODY1fDA&ixlib=rb-4.1.0&q=80&w=1080?utm_source=sse554_capstone&utm_medium=referral,Premium Office Chair,Summit Gear Co.,"The Premium Office Chair 874 by Summit Gear Co. delivers dependable performance with quality materials and thoughtful design. It is well suited for everyday use in the clothing category, offering a strong balance of value and functionality.",Clothing,"Modern, Compact, Versatile, Bestseller, Lightweight",386.25,4.5,625,1243,2016-01-23,RNqQ{3WXfYDS,Lotus Design N Print,https://unsplash.com/@lotusdnp?utm_source=sse554_capstone&utm_medium=referral
https://images.unsplash.com/photo-1668649175276-fa4f96beb185?crop=entropy&cs=tinysrgb&fit=max&fm=jpg&ixid=M3w4NzQxNTN8MHwxfHNlYXJjaHwxfHxBZHZhbmNlZCUyMEJsdWV0b290aCUyMFNwZWFrZXJ8ZW58MHx8fHwxNzcyMjI1ODU0fDA&ixlib=rb-4.1.0&q=80&w=1080?utm_source=sse554_capstone&utm_medium=referral,Advanced Bluetooth Speaker,Maple Street Press,"The Advanced Bluetooth Speaker 688 by Maple Street Press delivers dependable performance with quality materials and thoughtful design. It is well suited for everyday use in the home & kitchen category, offering a strong balance of value and functionality.",Home & Kitchen,"Giftable, Compact, New Arrival, Limited Edition, Durable",254.56,2.6,5473,1245,2020-08-09,=(J=zWVc9}dH,James Gibson,https://unsplash.com/@gibson_photographic?utm_source=sse554_capstone&utm_medium=referral
https://images.unsplash.com/photo-1766713993296-4b7ce61e9ace?crop=entropy&cs=tinysrgb&fit=max&fm=jpg&ixid=M3w4NzQxNTN8MHwxfHNlYXJjaHwxfHxQcmVtaXVtJTIwR2FtaW5nJTIwTW91c2V8ZW58MHx8fHwxNzcyMjI1ODQ2fDA&ixlib=rb-4.1.0&q=80&w=1080?utm_source=sse554_capstone&utm_medium=referral,Premium Gaming Mouse,BlueRiver Outfitters,"The Premium Gaming Mouse 948 by BlueRiver Outfitters delivers dependable performance with quality materials and thoughtful design. It is well suited for everyday use in the home & kitchen category, offering a strong balance of value and functionality.",Home & Kitchen,"Modern, Portable, New Arrival, Essential, Rechargeable",112.77,2.9,2251,1033,2021-06-20,w5>\9%<dZ~wD,Dou Buhiu,https://unsplash.com/@doubuhi?utm_source=sse554_capstone&utm_medium=referral
https://images.unsplash.com/photo-1589256469067-ea99122bbdc4?crop=entropy&cs=tinysrgb&fit=max&fm=jpg&ixid=M3w4NzQxNTN8MHwxfHNlYXJjaHwxfHxQb3J0YWJsZSUyMEJsdWV0b290aCUyMFNwZWFrZXJ8ZW58MHx8fHwxNzcyMjI1ODI1fDA&ixlib=rb-4.1.0&q=80&w=1080?utm_source=sse554_capstone&utm_medium=referral,Portable Bluetooth Speaker,Summit Gear Co.,"The Portable Bluetooth Speaker 973 by Summit Gear Co. delivers dependable performance with quality materials and thoughtful design. It is well suited for everyday use in the sports & outdoors category, offering a strong balance of value and functionality.",Sports & Outdoors,"Durable, Giftable, New Arrival, Wireless, Essential",741.94,3.7,7110,675,2023-10-02,bUDOAGHBM'vP,Habib Dadkhah,https://unsplash.com/@habibdadkhah?utm_source=sse554_capstone&utm_medium=referral
https://images.unsplash.com/photo-1766411503497-911658181192?crop=entropy&cs=tinysrgb&fit=max&fm=jpg&ixid=M3w4NzQxNTN8MHwxfHNlYXJjaHwxfHxQb3J0YWJsZSUyMExFRCUyMERlc2slMjBMYW1wfGVufDB8fHx8MTc3MjIyNTg4Nnww&ixlib=rb-4.1.0&q=80&w=1080?utm_source=sse554_capstone&utm_medium=referral,Portable LED Desk Lamp,Summit Gear Co.,"The Portable LED Desk Lamp 522 by Summit Gear Co. delivers dependable performance with quality materials and thoughtful design. It is well suited for everyday use in the electronics category, offering a strong balance of value and functionality.",Electronics,"Lightweight, Waterproof, Modern, Rechargeable, Compact",397.7,2.3,621,138,2021-03-28,K??ttC[x~x@n,Puscas Adryan,https://unsplash.com/@adryan_studio?utm_source=sse554_capstone&utm_medium=referral
https://images.unsplash.com/photo-1557349964-34f68e722d29?crop=entropy&cs=tinysrgb&fit=max&fm=jpg&ixid=M3w4NzQxNTN8MHwxfHNlYXJjaHwxfHxQcm9mZXNzaW9uYWwlMjBDb29rYm9va3xlbnwwfHx8fDE3NzIyMjU4NDF8MA&ixlib=rb-4.1.0&q=80&w=1080?utm_source=sse554_capstone&utm_medium=referral,Professional Cookbook,Maple Street Press,"The Professional Cookbook 990 by Maple Street Press delivers dependable performance with quality materials and thoughtful design. It is well suited for everyday use in the office supplies category, offering a strong balance of value and functionality.",Office Supplies,"New Arrival, Portable, Premium, Bestseller, Giftable",13.46,4.0,4754,181,2024-08-22,q-CIN)lC^4~*,Hartai Klaudia,https://unsplash.com/@hartaiklaudia?utm_source=sse554_capstone&utm_medium=referral
https://images.unsplash.com/photo-1579528542333-4148f1769c35?crop=entropy&cs=tinysrgb&fit=max&fm=jpg&ixid=M3w4NzQxNTN8MHwxfHNlYXJjaHwxfHxQcm9mZXNzaW9uYWwlMjBSdW5uaW5nJTIwU2hvZXN8ZW58MHx8fHwxNzcyMjI1ODMyfDA&ixlib=rb-4.1.0&q=80&w=1080?utm_source=sse554_capstone&utm_medium=referral,Professional Running Shoes,BrightLeaf Publishing,"The Professional Running Shoes 364 by BrightLeaf Publishing delivers dependable performance with quality materials and thoughtful design. It is well suited for everyday use in the home & kitchen category, offering a strong balance of value and functionality.",Home & Kitchen,"Compact, Essential, Giftable, Bestseller, Portable",264.17,4.5,510,1240,2017-03-24,C3|?DI1Zm7}r,Carl Barcelo,https://unsplash.com/@barcelocarl?utm_source=sse554_capstone&utm_medium=referral
https://images.unsplash.com/photo-1758577515333-e71b713059f1?crop=entropy&cs=tinysrgb&fit=max&fm=jpg&ixid=M3w4NzQxNTN8MHwxfHNlYXJjaHwxfHxDb21wYWN0JTIwRml0bmVzcyUyMFRyYWNrZXJ8ZW58MHx8fHwxNzcyMjI1ODQxfDA&ixlib=rb-4.1.0&q=80&w=1080?utm_source=sse554_capstone&utm_medium=referral,Compact Fitness Tracker,UrbanNest,"The Compact Fitness Tracker 986 by UrbanNest delivers dependable performance with quality materials and thoughtful design. It is well suited for everyday use in the clothing category, offering a strong balance of value and functionality.",Clothing,"Limited Edition, Bestseller, Durable, Portable, Premium",129.46,4.1,7749,1285,2025-07-30,+;Rj+r@[s$%',Andrey Matveev,https://unsplash.com/@zelebb?utm_source=sse554_capstone&utm_medium=referral
https://images.unsplash.com/photo-1523730647456-cc896ae6243a?crop=entropy&cs=tinysrgb&fit=max&fm=jpg&ixid=M3w4NzQxNTN8MHwxfHNlYXJjaHwxfHxDbGFzc2ljJTIwUnVubmluZyUyMFNob2VzfGVufDB8fHx8MTc3MjIyNTg2Nnww&ixlib=rb-4.1.0&q=80&w=1080?utm_source=sse554_capstone&utm_medium=referral,Classic Running Shoes,Summit Gear Co.,"The Classic Running Shoes 463 by Summit Gear Co. delivers dependable performance with quality materials and thoughtful design. It is well suited for everyday use in the home & kitchen category, offering a strong balance of value and functionality.",Home & Kitchen,"Limited Edition, Compact, Essential, Rechargeable, Durable",792.98,4.2,4270,1844,2017-01-10,wQG'3@7~e)Rj,Jeroen Den Otter,https://unsplash.com/@jeroendenotter?utm_source=sse554_capstone&utm_medium=referral
https://images.unsplash.com/photo-1615433366992-1586f3b8fca5?crop=entropy&cs=tinysrgb&fit=max&fm=jpg&ixid=M3w4NzQxNTN8MHwxfHNlYXJjaHwxfHxXaXJlbGVzcyUyME5vaXNlJTIwQ2FuY2VsbGluZyUyMEhlYWRwaG9uZXN8ZW58MHx8fHwxNzcyMjI1ODUzfDA&ixlib=rb-4.1.0&q=80&w=1080?utm_source=sse554_capstone&utm_medium=referral,Wireless Noise Cancelling Headphones,Maple Street Press,"The Wireless Noise Cancelling Headphones 579 by Maple Street Press delivers dependable performance with quality materials and thoughtful design. It is well suited for everyday use in the sports & outdoors category, offering a strong balance of value and functionality.",Sports & Outdoors,"Wireless, Lightweight, Durable, Versatile, Giftable",564.64,1.3,6668,63,2025-10-26,m~c3$FMdy8q&,Sj 📸,https://unsplash.com/@uxsj_ph?utm_source=sse554_capstone&utm_medium=referral
https://images.unsplash.com/photo-1613091252604-dd0746e2f358?crop=entropy&cs=tinysrgb&fit=max&fm=jpg&ixid=M3w4NzQxNTN8MHwxfHNlYXJjaHwxfHxDb21wYWN0JTIwR2FtaW5nJTIwTW91c2V8ZW58MHx8fHwxNzcyMjI1ODU5fDA&ixlib=rb-4.1.0&q=80&w=1080?utm_source=sse554_capstone&utm_medium=referral,Compact Gaming Mouse,UrbanNest,"The Compact Gaming Mouse 632 by UrbanNest delivers dependable performance with quality materials and thoughtful design. It is well suited for everyday use in the electronics category, offering a strong balance of value and functionality.",Electronics,"Premium, Giftable, Versatile, Compact, Durable",171.89,3.0,2046,933,2017-12-03,JBam6`H~7/{\,Sirisvisual,https://unsplash.com/@sirisvisual?utm_source=sse554_capstone&utm_medium=referral
https://images.unsplash.com/photo-1586187543706-b43086b30978?crop=entropy&cs=tinysrgb&fit=max&fm=jpg&ixid=M3w4NzQxNTN8MHwxfHNlYXJjaHwxfHxTbWFydCUyMEV4dGVybmFsJTIwSGFyZCUyMERyaXZlfGVufDB8fHx8MTc3MjIyNTgzMHww&ixlib=rb-4.1.0&q=80&w=1080?utm_source=sse554_capstone&utm_medium=referral,Smart External Hard Drive,Maple Street Press,"The Smart External Hard Drive 271 by Maple Street Press delivers dependable performance with quality materials and thoughtful design. It is well suited for everyday use in the home & kitchen category, offering a strong balance of value and functionality.",Home & Kitchen,"Ergonomic, Compact, Rechargeable, Portable, Giftable",123.95,3.0,4750,959,2021-04-27,l:`4MQ]tV+{k,Everyday Basics,https://unsplash.com/@zanardi?utm_source=sse554_capstone&utm_medium=referral
https://images.unsplash.com/photo-1763907478821-1c1386fb16b2?crop=entropy&cs=tinysrgb&fit=max&fm=jpg&ixid=M3w4NzQxNTN8MHwxfHNlYXJjaHwxfHxQb3J0YWJsZSUyMEFjdGlvbiUyMENhbWVyYXxlbnwwfHx8fDE3NzIyMjU4Mzd8MA&ixlib=rb-4.1.0&q=80&w=1080?utm_source=sse554_capstone&utm_medium=referral,Portable Action Camera,SilverLine Electronics,"The Portable Action Camera 431 by SilverLine Electronics delivers dependable performance with quality materials and thoughtful design. It is well suited for everyday use in the sports & outdoors category, offering a strong balance of value and functionality.",Sports & Outdoors,"Modern, Premium, Limited Edition, Wireless, Bestseller",64.31,2.8,6228,1189,2017-10-02,evXPiNa.s`$E,Omar Ramadan,https://unsplash.com/@omarvellous14?utm_source=sse554_capstone&utm_medium=referral
https://images.unsplash.com/photo-1762341121032-510ad9df0ba6?crop=entropy&cs=tinysrgb&fit=max&fm=jpg&ixid=M3w4NzQxNTN8MHwxfHNlYXJjaHwxfHxBZHZhbmNlZCUyME9mZmljZSUyMENoYWlyfGVufDB8fHx8MTc3MjIyNTg4MXww&ixlib=rb-4.1.0&q=80&w=1080?utm_source=sse554_capstone&utm_medium=referral,Advanced Office Chair,NorthPeak,"The Advanced Office Chair 111 by NorthPeak delivers dependable performance with quality materials and thoughtful design. It is well suited for everyday use in the clothing category, offering a strong balance of value and functionality.",Clothing,"Rechargeable, Versatile, Portable, Waterproof, New Arrival",44.51,3.5,8315,896,2021-11-18,0dlBN5UEsI"b,Zulfugar Karimov,https://unsplash.com/@zulfugarkarimov?utm_source=sse554_capstone&utm_medium=referral
https://images.unsplash.com/photo-1658524202348-8bdff4d4a194?crop=entropy&cs=tinysrgb&fit=max&fm=jpg&ixid=M3w4NzQxNTN8MHwxfHNlYXJjaHwxfHxQb3J0YWJsZSUyMENvb2t3YXJlJTIwU2V0fGVufDB8fHx8MTc3MjIyNTg4OHww&ixlib=rb-4.1.0&q=80&w=1080?utm_source=sse554_capstone&utm_medium=referral,Portable Cookware Set,Horizon Tech,"The Portable Cookware Set 784 by Horizon Tech delivers dependable performance with quality materials and thoughtful design. It is well suited for everyday use in the electronics category, offering a strong balance of value and functionality.",Electronics,"Lightweight, Wireless, Premium, Waterproof, Essential",567.28,4.0,6642,637,2024-01-22,zOJ!JqfEW}TG,Pedro Fleitas,https://unsplash.com/@pedroooo?utm_source=sse554_capstone&utm_medium=referral
https://images.unsplash.com/photo-1758577515333-e71b713059f1?crop=entropy&cs=tinysrgb&fit=max&fm=jpg&ixid=M3w4NzQxNTN8MHwxfHNlYXJjaHwxfHxDb21wYWN0JTIwRml0bmVzcyUyMFRyYWNrZXJ8ZW58MHx8fHwxNzcyMjI1ODQxfDA&ixlib=rb-4.1.0&q=80&w=1080?utm_source=sse554_capstone&utm_medium=referral,Compact Fitness Tracker,SilverLine Electronics,"The Compact Fitness Tracker 846 by SilverLine Electronics delivers dependable performance with quality materials and thoughtful design. It is well suited for everyday use in the office supplies category, offering a strong balance of value and functionality.",Office Supplies,"New Arrival, Portable, Compact, Limited Edition, Premium",752.85,2.4,5462,404,2018-08-24,F2H14W\iz$Rh,Andrey Matveev,https://unsplash.com/@zelebb?utm_source=sse554_capstone&utm_medium=referral
https://images.unsplash.com/photo-1758348844355-2ef28345979d?crop=entropy&cs=tinysrgb&fit=max&fm=jpg&ixid=M3w4NzQxNTN8MHwxfHNlYXJjaHwxfHxQcmVtaXVtJTIwRml0bmVzcyUyMFRyYWNrZXJ8ZW58MHx8fHwxNzcyMjI1ODUxfDA&ixlib=rb-4.1.0&q=80&w=1080?utm_source=sse554_capstone&utm_medium=referral,Premium Fitness Tracker,UrbanNest,"The Premium Fitness Tracker 170 by UrbanNest delivers dependable performance with quality materials and thoughtful design. It is well suited for everyday use in the sports & outdoors category, offering a strong balance of value and functionality.",Sports & Outdoors,"Versatile, Wireless, Lightweight, Waterproof, Ergonomic",67.72,1.5,8623,421,2025-06-15,@%1F<.$G>-aJ,Sam Grozyan,https://unsplash.com/@ijeunes?utm_source=sse554_capstone&utm_medium=referral
https://images.unsplash.com/photo-1765332374240-5743e37e0341?crop=entropy&cs=tinysrgb&fit=max&fm=jpg&ixid=M3w4NzQxNTN8MHwxfHNlYXJjaHwxfHxFY28lMjBHYW1pbmclMjBNb3VzZXxlbnwwfHx8fDE3NzIyMjU4Njl8MA&ixlib=rb-4.1.0&q=80&w=1080?utm_source=sse554_capstone&utm_medium=referral,Eco Gaming Mouse,SilverLine Electronics,"The Eco Gaming Mouse 447 by SilverLine Electronics delivers dependable performance with quality materials and thoughtful design. It is well suited for everyday use in the sports & outdoors category, offering a strong balance of value and functionality.",Sports & Outdoors,"Ergonomic, Limited Edition, Rechargeable, Compact, Lightweight",50.0,3.8,3004,1911,2024-06-27,5A63;48j*QT',Mo B.h,https://unsplash.com/@moha_95?utm_source=sse554_capstone&utm_medium=referral
https://images.unsplash.com/photo-1566286378558-5d52a6710b6e?crop=entropy&cs=tinysrgb&fit=max&fm=jpg&ixid=M3w4NzQxNTN8MHwxfHNlYXJjaHwxfHxBZHZhbmNlZCUyME5vaXNlJTIwQ2FuY2VsbGluZyUyMEhlYWRwaG9uZXN8ZW58MHx8fHwxNzcyMjI1ODQ5fDA&ixlib=rb-4.1.0&q=80&w=1080?utm_source=sse554_capstone&utm_medium=referral,Advanced Noise Cancelling Headphones,BrightLeaf Publishing,"The Advanced Noise Cancelling Headphones 214 by BrightLeaf Publishing delivers dependable performance with quality materials and thoughtful design. It is well suited for everyday use in the sports & outdoors category, offering a strong balance of value and functionality.",Sports & Outdoors,"Rechargeable, Ergonomic, Portable, Giftable, Premium",411.65,1.1,5798,79,2017-09-10,/=dtppe2tuK%,Maulik Sutariya,https://unsplash.com/@truemaulik?utm_source=sse554_capstone&utm_medium=referral
https://images.unsplash.com/photo-1641998148499-cb6b55a3c0d3?crop=entropy&cs=tinysrgb&fit=max&fm=jpg&ixid=M3w4NzQxNTN8MHwxfHNlYXJjaHwxfHxQcmVtaXVtJTIwT2ZmaWNlJTIwQ2hhaXJ8ZW58MHx8fHwxNzcyMjI1ODY1fDA&ixlib=rb-4.1.0&q=80&w=1080?utm_source=sse554_capstone&utm_medium=referral,Premium Office Chair,NorthPeak,"The Premium Office Chair 580 by NorthPeak delivers dependable performance with quality materials and thoughtful design. It is well suited for everyday use in the office supplies category, offering a strong balance of value and functionality.",Office Supplies,"Rechargeable, Bestseller, Giftable, Limited Edition, Essential",20.64,4.5,1906,266,2020-02-22,IBF9S`CJpJdH,Lotus Design N Print,https://unsplash.com/@lotusdnp?utm_source=sse554_capstone&utm_medium=referral
https://images.unsplash.com/photo-1693596936248-8fab255a3de1?crop=entropy&cs=tinysrgb&fit=max&fm=jpg&ixid=M3w4NzQxNTN8MHwxfHNlYXJjaHwxfHxXaXJlbGVzcyUyMExFRCUyMERlc2slMjBMYW1wfGVufDB8fHx8MTc3MjIyNTgzNHww&ixlib=rb-4.1.0&q=80&w=1080?utm_source=sse554_capstone&utm_medium=referral,Wireless LED Desk Lamp,Horizon Tech,"The Wireless LED Desk Lamp 138 by Horizon Tech delivers dependable performance with quality materials and thoughtful design. It is well suited for everyday use in the home & kitchen category, offering a strong balance of value and functionality.",Home & Kitchen,"Lightweight, New Arrival, Ergonomic, Modern, Wireless",199.03,4.0,4026,995,2021-06-25,8R'oyw2'Uud\,Darius Cotoi,https://unsplash.com/@dariuscotoi?utm_source=sse554_capstone&utm_medium=referral
https://images.unsplash.com/photo-1771370580887-d41ae6d1d6ed?crop=entropy&cs=tinysrgb&fit=max&fm=jpg&ixid=M3w4NzQxNTN8MHwxfHNlYXJjaHwxfHxDb21wYWN0JTIwTWVjaGFuaWNhbCUyMEtleWJvYXJkfGVufDB8fHx8MTc3MjIyNTg1NHww&ixlib=rb-4.1.0&q=80&w=1080?utm_source=sse554_capstone&utm_medium=referral,Compact Mechanical Keyboard,Horizon Tech,"The Compact Mechanical Keyboard 949 by Horizon Tech delivers dependable performance with quality materials and thoughtful design. It is well suited for everyday use in the sports & outdoors category, offering a strong balance of value and functionality.",Sports & Outdoors,"Compact, New Arrival, Modern, Ergonomic, Durable",417.01,3.0,9948,1313,2024-05-29,"0v,Q(g+<Sm+Z",Marcus Richardson,https://unsplash.com/@marcusrichardson?utm_source=sse554_capstone&utm_medium=referral
https://images.unsplash.com/photo-1690455422058-156a39f18a0a?crop=entropy&cs=tinysrgb&fit=max&fm=jpg&ixid=M3w4NzQxNTN8MHwxfHNlYXJjaHwxfHxQcmVtaXVtJTIwQmx1ZXRvb3RoJTIwU3BlYWtlcnxlbnwwfHx8fDE3NzIyMjU4NDN8MA&ixlib=rb-4.1.0&q=80&w=1080?utm_source=sse554_capstone&utm_medium=referral,Premium Bluetooth Speaker,Summit Gear Co.,"The Premium Bluetooth Speaker 915 by Summit Gear Co. delivers dependable performance with quality materials and thoughtful design. It is well suited for everyday use in the office supplies category, offering a strong balance of value and functionality.",Office Supplies,"Bestseller, Giftable, Lightweight, Ergonomic, Versatile",217.04,4.6,9420,1509,2021-01-28,md>C8[;:Hwx0,Sayan Majhi,https://unsplash.com/@minimalsayan?utm_source=sse554_capstone&utm_medium=referral
https://images.unsplash.com/photo-1664714628878-9d2aa898b9e3?crop=entropy&cs=tinysrgb&fit=max&fm=jpg&ixid=M3w4NzQxNTN8MHwxfHNlYXJjaHwxfHxXaXJlbGVzcyUyMFN0YWlubGVzcyUyMFN0ZWVsJTIwV2F0ZXIlMjBCb3R0bGV8ZW58MHx8fHwxNzcyMjI1ODY1fDA&ixlib=rb-4.1.0&q=80&w=1080?utm_source=sse554_capstone&utm_medium=referral,Wireless Stainless Steel Water Bottle,BlueRiver Outfitters,"The Wireless Stainless Steel Water Bottle 986 by BlueRiver Outfitters delivers dependable performance with quality materials and thoughtful design. It is well suited for everyday use in the office supplies category, offering a strong balance of value and functionality.",Office Supplies,"Lightweight, Premium, Portable, Giftable, Rechargeable",192.48,4.8,3920,1249,2020-08-20,M3)^Y>3|{JI8,Personalgraphic.com,https://unsplash.com/@personal_graphic?utm_source=sse554_capstone&utm_medium=referral
https://images.unsplash.com/photo-1770560437948-a7492488dab8?crop=entropy&cs=tinysrgb&fit=max&fm=jpg&ixid=M3w4NzQxNTN8MHwxfHNlYXJjaHwxfHxFY28lMjBBY3Rpb24lMjBDYW1lcmF8ZW58MHx8fHwxNzcyMjI1ODcxfDA&ixlib=rb-4.1.0&q=80&w=1080?utm_source=sse554_capstone&utm_medium=referral,Eco Action Camera,Horizon Tech,"The Eco Action Camera 788 by Horizon Tech delivers dependable performance with quality materials and thoughtful design. It is well suited for everyday use in the books category, offering a strong balance of value and functionality.",Books,"Durable, Compact, Limited Edition, Lightweight, Bestseller",208.58,1.0,9230,406,2023-05-16,/ndZ{_@5~a:`,Rynco Maekawa,https://unsplash.com/@lynzrand?utm_source=sse554_capstone&utm_medium=referral
https://images.unsplash.com/photo-1658423594131-870bc585a9f2?crop=entropy&cs=tinysrgb&fit=max&fm=jpg&ixid=M3w4NzQxNTN8MHwxfHNlYXJjaHwxfHxQcmVtaXVtJTIwTWVjaGFuaWNhbCUyMEtleWJvYXJkfGVufDB8fHx8MTc3MjIyNTg4NHww&ixlib=rb-4.1.0&q=80&w=1080?utm_source=sse554_capstone&utm_medium=referral,Premium Mechanical Keyboard,UrbanNest,"The Premium Mechanical Keyboard 383 by UrbanNest delivers dependable performance with quality materials and thoughtful design. It is well suited for everyday use in the clothing category, offering a strong balance of value and functionality.",Clothing,"New Arrival, Versatile, Modern, Waterproof, Durable",670.58,1.8,8890,313,2016-07-16,c2vtbOq#wsr#,Leon-pascal Jc,https://unsplash.com/@themaker?utm_source=sse554_capstone&utm_medium=referral
https://images.unsplash.com/photo-1566286378558-5d52a6710b6e?crop=entropy&cs=tinysrgb&fit=max&fm=jpg&ixid=M3w4NzQxNTN8MHwxfHNlYXJjaHwxfHxBZHZhbmNlZCUyME5vaXNlJTIwQ2FuY2VsbGluZyUyMEhlYWRwaG9uZXN8ZW58MHx8fHwxNzcyMjI1ODQ5fDA&ixlib=rb-4.1.0&q=80&w=1080?utm_source=sse554_capstone&utm_medium=referral,Advanced Noise Cancelling Headphones,Horizon Tech,"The Advanced Noise Cancelling Headphones 497 by Horizon Tech delivers dependable performance with quality materials and thoughtful design. It is well suited for everyday use in the electronics category, offering a strong balance of value and functionality.",Electronics,"Bestseller, Waterproof, Limited Edition, Ergonomic, Giftable",704.33,3.0,2896,1364,2021-08-03,5@9D4/-W1"M&,Maulik Sutariya,https://unsplash.com/@truemaulik?utm_source=sse554_capstone&utm_medium=referral
https://images.unsplash.com/photo-1589256469067-ea99122bbdc4?crop=entropy&cs=tinysrgb&fit=max&fm=jpg&ixid=M3w4NzQxNTN8MHwxfHNlYXJjaHwxfHxQb3J0YWJsZSUyMEJsdWV0b290aCUyMFNwZWFrZXJ8ZW58MHx8fHwxNzcyMjI1ODI1fDA&ixlib=rb-4.1.0&q=80&w=1080?utm_source=sse554_capstone&utm_medium=referral,Portable Bluetooth Speaker,UrbanNest,"The Portable Bluetooth Speaker 539 by UrbanNest delivers dependable performance with quality materials and thoughtful design. It is well suited for everyday use in the books category, offering a strong balance of value and functionality.",Books,"Compact, Ergonomic, Portable, Limited Edition, Bestseller",22.36,2.6,5115,1614,2020-12-08,C@%{)%hpBqk1,Habib Dadkhah,https://unsplash.com/@habibdadkhah?utm_source=sse554_capstone&utm_medium=referral
https://images.unsplash.com/photo-1586187543706-b43086b30978?crop=entropy&cs=tinysrgb&fit=max&fm=jpg&ixid=M3w4NzQxNTN8MHwxfHNlYXJjaHwxfHxQcmVtaXVtJTIwRXh0ZXJuYWwlMjBIYXJkJTIwRHJpdmV8ZW58MHx8fHwxNzcyMjI1ODQ0fDA&ixlib=rb-4.1.0&q=80&w=1080?utm_source=sse554_capstone&utm_medium=referral,Premium External Hard Drive,Maple Street Press,"The Premium External Hard Drive 395 by Maple Street Press delivers dependable performance with quality materials and thoughtful design. It is well suited for everyday use in the books category, offering a strong balance of value and functionality.",Books,"Rechargeable, Essential, Limited Edition, Portable, Lightweight",163.41,3.9,2983,1518,2022-02-26,"8~X~,9nU#[)&",Everyday Basics,https://unsplash.com/@zanardi?utm_source=sse554_capstone&utm_medium=referral
https://images.unsplash.com/photo-1760553120955-b67aa3662355?crop=entropy&cs=tinysrgb&fit=max&fm=jpg&ixid=M3w4NzQxNTN8MHwxfHNlYXJjaHwxfHxTbWFydCUyME1lY2hhbmljYWwlMjBLZXlib2FyZHxlbnwwfHx8fDE3NzIyMjU4OTZ8MA&ixlib=rb-4.1.0&q=80&w=1080?utm_source=sse554_capstone&utm_medium=referral,Smart Mechanical Keyboard,Horizon Tech,"The Smart Mechanical Keyboard 821 by Horizon Tech delivers dependable performance with quality materials and thoughtful design. It is well suited for everyday use in the home & kitchen category, offering a strong balance of value and functionality.",Home & Kitchen,"Premium, New Arrival, Lightweight, Ergonomic, Versatile",433.1,1.1,3477,1077,2022-12-18,Q3?Uob=Zv&zH,Anoof C,https://unsplash.com/@anoofc?utm_source=sse554_capstone&utm_medium=referral
https://images.unsplash.com/photo-1766713993296-4b7ce61e9ace?crop=entropy&cs=tinysrgb&fit=max&fm=jpg&ixid=M3w4NzQxNTN8MHwxfHNlYXJjaHwxfHxQcmVtaXVtJTIwR2FtaW5nJTIwTW91c2V8ZW58MHx8fHwxNzcyMjI1ODQ2fDA&ixlib=rb-4.1.0&q=80&w=1080?utm_source=sse554_capstone&utm_medium=referral,Premium Gaming Mouse,NorthPeak,"The Premium Gaming Mouse 682 by NorthPeak delivers dependable performance with quality materials and thoughtful design. It is well suited for everyday use in the electronics category, offering a strong balance of value and functionality.",Electronics,"Compact, Durable, Wireless, Essential, Premium",673.88,2.4,524,363,2024-05-01,"VS+]_|6,3^Mp",Dou Buhiu,https://unsplash.com/@doubuhi?utm_source=sse554_capstone&utm_medium=referral
https://images.unsplash.com/photo-1603376575925-467d14313a60?crop=entropy&cs=tinysrgb&fit=max&fm=jpg&ixid=M3w4NzQxNTN8MHwxfHNlYXJjaHwxfHxQb3J0YWJsZSUyME9mZmljZSUyMENoYWlyfGVufDB8fHx8MTc3MjIyNTgyNnww&ixlib=rb-4.1.0&q=80&w=1080?utm_source=sse554_capstone&utm_medium=referral,Portable Office Chair,Horizon Tech,"The Portable Office Chair 221 by Horizon Tech delivers dependable performance with quality materials and thoughtful design. It is well suited for everyday use in the electronics category, offering a strong balance of value and functionality.",Electronics,"Durable, Waterproof, New Arrival, Giftable, Bestseller",688.75,4.6,2458,830,2016-04-15,TM<=5K"%EA{X,Hanliang,https://unsplash.com/@hanliang?utm_source=sse554_capstone&utm_medium=referral
https://images.unsplash.com/photo-1708513427809-728a7913fc9f?crop=entropy&cs=tinysrgb&fit=max&fm=jpg&ixid=M3w4NzQxNTN8MHwxfHNlYXJjaHwxfHxVbHRyYSUyMExFRCUyMERlc2slMjBMYW1wfGVufDB8fHx8MTc3MjIyNTg5NXww&ixlib=rb-4.1.0&q=80&w=1080?utm_source=sse554_capstone&utm_medium=referral,Ultra LED Desk Lamp,Summit Gear Co.,"The Ultra LED Desk Lamp 824 by Summit Gear Co. delivers dependable performance with quality materials and thoughtful design. It is well suited for everyday use in the books category, offering a strong balance of value and functionality.",Books,"Versatile, Waterproof, Modern, Ergonomic, Compact",365.98,1.6,154,604,2021-11-04,^n<9-BVQ"f!r,Uwukuri Emery,https://unsplash.com/@uwukuriemery?utm_source=sse554_capstone&utm_medium=referral
https://images.unsplash.com/photo-1659297396001-fa8d15dcad1a?crop=entropy&cs=tinysrgb&fit=max&fm=jpg&ixid=M3w4NzQxNTN8MHwxfHNlYXJjaHwxfHxBZHZhbmNlZCUyMDRLJTIwTW9uaXRvcnxlbnwwfHx8fDE3NzIyMjU4Njd8MA&ixlib=rb-4.1.0&q=80&w=1080?utm_source=sse554_capstone&utm_medium=referral,Advanced 4K Monitor,BlueRiver Outfitters,"The Advanced 4K Monitor 594 by BlueRiver Outfitters delivers dependable performance with quality materials and thoughtful design. It is well suited for everyday use in the office supplies category, offering a strong balance of value and functionality.",Office Supplies,"Giftable, Essential, Versatile, Waterproof, Lightweight",204.5,2.8,3233,156,2023-07-16,"4i@PC.KPCqF,",Tai Bui,https://unsplash.com/@agforl24?utm_source=sse554_capstone&utm_medium=referral
https://images.unsplash.com/photo-1694405145070-e58cc29771fa?crop=entropy&cs=tinysrgb&fit=max&fm=jpg&ixid=M3w4NzQxNTN8MHwxfHNlYXJjaHwxfHxXaXJlbGVzcyUyME1lY2hhbmljYWwlMjBLZXlib2FyZHxlbnwwfHx8fDE3NzIyMjU4Mzd8MA&ixlib=rb-4.1.0&q=80&w=1080?utm_source=sse554_capstone&utm_medium=referral,Wireless Mechanical Keyboard,Horizon Tech,"The Wireless Mechanical Keyboard 406 by Horizon Tech delivers dependable performance with quality materials and thoughtful design. It is well suited for everyday use in the sports & outdoors category, offering a strong balance of value and functionality.",Sports & Outdoors,"Essential, Versatile, Lightweight, Waterproof, Compact",345.23,3.8,3627,836,2019-02-04,x9RSSg?%%-F),Padraig Treanor,https://unsplash.com/@padraigo?utm_source=sse554_capstone&utm_medium=referral
https://images.unsplash.com/photo-1726133731374-31f3ab7d29d9?crop=entropy&cs=tinysrgb&fit=max&fm=jpg&ixid=M3w4NzQxNTN8MHwxfHNlYXJjaHwxfHxXaXJlbGVzcyUyMFJ1bm5pbmclMjBTaG9lc3xlbnwwfHx8fDE3NzIyMjU4NTB8MA&ixlib=rb-4.1.0&q=80&w=1080?utm_source=sse554_capstone&utm_medium=referral,Wireless Running Shoes,BlueRiver Outfitters,"The Wireless Running Shoes 218 by BlueRiver Outfitters delivers dependable performance with quality materials and thoughtful design. It is well suited for everyday use in the clothing category, offering a strong balance of value and functionality.",Clothing,"Compact, Giftable, Waterproof, Wireless, Modern",9.62,1.9,1363,1672,2024-10-02,\i'##FpauRFe,Rohit Sharma,https://unsplash.com/@rohitsharma1785?utm_source=sse554_capstone&utm_medium=referral
https://images.unsplash.com/photo-1733218430878-902cc0cff502?crop=entropy&cs=tinysrgb&fit=max&fm=jpg&ixid=M3w4NzQxNTN8MHwxfHNlYXJjaHwxfHxXaXJlbGVzcyUyMEFjdGlvbiUyMENhbWVyYXxlbnwwfHx8fDE3NzIyMjU4Njh8MA&ixlib=rb-4.1.0&q=80&w=1080?utm_source=sse554_capstone&utm_medium=referral,Wireless Action Camera,BrightLeaf Publishing,"The Wireless Action Camera 577 by BrightLeaf Publishing delivers dependable performance with quality materials and thoughtful design. It is well suited for everyday use in the electronics category, offering a strong balance of value and functionality.",Electronics,"Premium, Lightweight, Bestseller, Durable, Limited Edition",409.68,4.4,7274,1803,2020-03-05,ti(}Z#o("P8>,Duc Van,https://unsplash.com/@duke91?utm_source=sse554_capstone&utm_medium=referral
https://images.unsplash.com/photo-1659297396001-fa8d15dcad1a?crop=entropy&cs=tinysrgb&fit=max&fm=jpg&ixid=M3w4NzQxNTN8MHwxfHNlYXJjaHwxfHxBZHZhbmNlZCUyMDRLJTIwTW9uaXRvcnxlbnwwfHx8fDE3NzIyMjU4Njd8MA&ixlib=rb-4.1.0&q=80&w=1080?utm_source=sse554_capstone&utm_medium=referral,Advanced 4K Monitor,Maple Street Press,"The Advanced 4K Monitor 785 by Maple Street Press delivers dependable performance with quality materials and thoughtful design. It is well suited for everyday use in the home & kitchen category, offering a strong balance of value and functionality.",Home & Kitchen,"Ergonomic, Rechargeable, Limited Edition, Wireless, Compact",86.26,3.3,26,967,2019-02-26,*:h^b^u(j}p],Tai Bui,https://unsplash.com/@agforl24?utm_source=sse554_capstone&utm_medium=referral
https://images.unsplash.com/photo-1572341396754-c8b300b56292?crop=entropy&cs=tinysrgb&fit=max&fm=jpg&ixid=M3w4NzQxNTN8MHwxfHNlYXJjaHwxfHxDb21wYWN0JTIwWW9nYSUyME1hdHxlbnwwfHx8fDE3NzIyMjU4MzN8MA&ixlib=rb-4.1.0&q=80&w=1080?utm_source=sse554_capstone&utm_medium=referral,Compact Yoga Mat,BlueRiver Outfitters,"The Compact Yoga Mat 622 by BlueRiver Outfitters delivers dependable performance with quality materials and thoughtful design. It is well suited for everyday use in the books category, offering a strong balance of value and functionality.",Books,"Premium, Bestseller, Compact, New Arrival, Portable",789.92,2.9,7283,1832,2020-12-07,|s/?Vg='m-yl,Klara Kulikova,https://unsplash.com/@kkalerry?utm_source=sse554_capstone&utm_medium=referral
https://images.unsplash.com/photo-1745256375848-1d599594635d?crop=entropy&cs=tinysrgb&fit=max&fm=jpg&ixid=M3w4NzQxNTN8MHwxfHNlYXJjaHwxfHxTbWFydCUyMEZpdG5lc3MlMjBUcmFja2VyfGVufDB8fHx8MTc3MjIyNTg3OHww&ixlib=rb-4.1.0&q=80&w=1080?utm_source=sse554_capstone&utm_medium=referral,Smart Fitness Tracker,SilverLine Electronics,"The Smart Fitness Tracker 157 by SilverLine Electronics delivers dependable performance with quality materials and thoughtful design. It is well suited for everyday use in the books category, offering a strong balance of value and functionality.",Books,"Premium, Essential, Modern, Waterproof, Durable",595.74,2.0,5959,1199,2022-03-29,>]"i2j\j.ikf,Kelsey Todd,https://unsplash.com/@sparkledump?utm_source=sse554_capstone&utm_medium=referral
https://images.unsplash.com/photo-1760730965577-64d5c3c5a29e?crop=entropy&cs=tinysrgb&fit=max&fm=jpg&ixid=M3w4NzQxNTN8MHwxfHNlYXJjaHwxfHxBZHZhbmNlZCUyMEdyYXBoaWMlMjBULVNoaXJ0fGVufDB8fHx8MTc3MjIyNTgzOXww&ixlib=rb-4.1.0&q=80&w=1080?utm_source=sse554_capstone&utm_medium=referral,Advanced Graphic T-Shirt,Horizon Tech,"The Advanced Graphic T-Shirt 703 by Horizon Tech delivers dependable performance with quality materials and thoughtful design. It is well suited for everyday use in the clothing category, offering a strong balance of value and functionality.",Clothing,"Ergonomic, New Arrival, Premium, Waterproof, Durable",117.43,1.2,1651,5,2025-10-22,?ny-]Td"#wlM,Lhon Karwan,https://unsplash.com/@lhonkarwanhamasalih?utm_source=sse554_capstone&utm_medium=referral
https://images.unsplash.com/photo-1760152581335-5b5c50f85e75?crop=entropy&cs=tinysrgb&fit=max&fm=jpg&ixid=M3w4NzQxNTN8MHwxfHNlYXJjaHwxfHxFY28lMjBMRUQlMjBEZXNrJTIwTGFtcHxlbnwwfHx8fDE3NzIyMjU4ODF8MA&ixlib=rb-4.1.0&q=80&w=1080?utm_source=sse554_capstone&utm_medium=referral,Eco LED Desk Lamp,Maple Street Press,"The Eco LED Desk Lamp 696 by Maple Street Press delivers dependable performance with quality materials and thoughtful design. It is well suited for everyday use in the sports & outdoors category, offering a strong balance of value and functionality.",Sports & Outdoors,"Compact, Durable, Ergonomic, Rechargeable, Premium",370.53,1.9,2309,208,2019-05-24,>?UpY4'iWjXX,Jw K,https://unsplash.com/@kootograph?utm_source=sse554_capstone&utm_medium=referral
https://images.unsplash.com/photo-1754821305530-8e3c7b8deda2?crop=entropy&cs=tinysrgb&fit=max&fm=jpg&ixid=M3w4NzQxNTN8MHwxfHNlYXJjaHwxfHxXaXJlbGVzcyUyMEZpdG5lc3MlMjBUcmFja2VyfGVufDB8fHx8MTc3MjIyNTg0Nnww&ixlib=rb-4.1.0&q=80&w=1080?utm_source=sse554_capstone&utm_medium=referral,Wireless Fitness Tracker,UrbanNest,"The Wireless Fitness Tracker 134 by UrbanNest delivers dependable performance with quality materials and thoughtful design. It is well suited for everyday use in the sports & outdoors category, offering a strong balance of value and functionality.",Sports & Outdoors,"Bestseller, Versatile, Giftable, Ergonomic, Compact",449.8,3.7,6241,836,2021-10-12,s~Hpz(s}aa{3,Andrey Matveev,https://unsplash.com/@zelebb?utm_source=sse554_capstone&utm_medium=referral
https://images.unsplash.com/photo-1752854048645-15ab5d246bd4?crop=entropy&cs=tinysrgb&fit=max&fm=jpg&ixid=M3w4NzQxNTN8MHwxfHNlYXJjaHwxfHxFY28lMjBTY2llbmNlJTIwRmljdGlvbiUyME5vdmVsfGVufDB8fHx8MTc3MjIyNTg1M3ww&ixlib=rb-4.1.0&q=80&w=1080?utm_source=sse554_capstone&utm_medium=referral,Eco Science Fiction Novel,NorthPeak,"The Eco Science Fiction Novel 637 by NorthPeak delivers dependable performance with quality materials and thoughtful design. It is well suited for everyday use in the sports & outdoors category, offering a strong balance of value and functionality.",Sports & Outdoors,"Giftable, Versatile, Bestseller, Ergonomic, Limited Edition",717.8,1.5,2563,1998,2019-07-08,x4Lm%+o8"{J!,Hanna Lazar,https://unsplash.com/@potokvarte?utm_source=sse554_capstone&utm_medium=referral
https://images.unsplash.com/photo-1763907478821-1c1386fb16b2?crop=entropy&cs=tinysrgb&fit=max&fm=jpg&ixid=M3w4NzQxNTN8MHwxfHNlYXJjaHwxfHxDb21wYWN0JTIwQWN0aW9uJTIwQ2FtZXJhfGVufDB8fHx8MTc3MjIyNTg5NHww&ixlib=rb-4.1.0&q=80&w=1080?utm_source=sse554_capstone&utm_medium=referral,Compact Action Camera,Horizon Tech,"The Compact Action Camera 599 by Horizon Tech delivers dependable performance with quality materials and thoughtful design. It is well suited for everyday use in the office supplies category, offering a strong balance of value and functionality.",Office Supplies,"Compact, Durable, Wireless, Modern, Waterproof",570.72,3.3,2821,1118,2022-01-29,KE3D}_l!jGLL,Omar Ramadan,https://unsplash.com/@omarvellous14?utm_source=sse554_capstone&utm_medium=referral
https://images.unsplash.com/photo-1761971975962-9cc397e2ba2a?crop=entropy&cs=tinysrgb&fit=max&fm=jpg&ixid=M3w4NzQxNTN8MHwxfHNlYXJjaHwxfHxQcmVtaXVtJTIwWW9nYSUyME1hdHxlbnwwfHx8fDE3NzIyMjU4NDB8MA&ixlib=rb-4.1.0&q=80&w=1080?utm_source=sse554_capstone&utm_medium=referral,Premium Yoga Mat,Maple Street Press,"The Premium Yoga Mat 949 by Maple Street Press delivers dependable performance with quality materials and thoughtful design. It is well suited for everyday use in the office supplies category, offering a strong balance of value and functionality.",Office Supplies,"Limited Edition, Modern, Lightweight, Portable, New Arrival",769.23,2.3,7476,727,2025-10-02,UYRl+*3<5_Ai,Eran Design,https://unsplash.com/@erandesign?utm_source=sse554_capstone&utm_medium=referral
https://images.unsplash.com/photo-1571406487954-dc11b0c0767d?crop=entropy&cs=tinysrgb&fit=max&fm=jpg&ixid=M3w4NzQxNTN8MHwxfHNlYXJjaHwxfHxQcmVtaXVtJTIwTEVEJTIwRGVzayUyMExhbXB8ZW58MHx8fHwxNzcyMjI1ODg4fDA&ixlib=rb-4.1.0&q=80&w=1080?utm_source=sse554_capstone&utm_medium=referral,Premium LED Desk Lamp,Summit Gear Co.,"The Premium LED Desk Lamp 680 by Summit Gear Co. delivers dependable performance with quality materials and thoughtful design. It is well suited for everyday use in the electronics category, offering a strong balance of value and functionality.",Electronics,"Waterproof, New Arrival, Lightweight, Bestseller, Premium",99.98,2.0,7541,363,2017-04-28,/sUc2ULlQWxS,Monty Allen,https://unsplash.com/@monty_a?utm_source=sse554_capstone&utm_medium=referral
https://images.unsplash.com/photo-1571406487954-dc11b0c0767d?crop=entropy&cs=tinysrgb&fit=max&fm=jpg&ixid=M3w4NzQxNTN8MHwxfHNlYXJjaHwxfHxDbGFzc2ljJTIwTEVEJTIwRGVzayUyMExhbXB8ZW58MHx8fHwxNzcyMjI1ODM2fDA&ixlib=rb-4.1.0&q=80&w=1080?utm_source=sse554_capstone&utm_medium=referral,Classic LED Desk Lamp,UrbanNest,"The Classic LED Desk Lamp 992 by UrbanNest delivers dependable performance with quality materials and thoughtful design. It is well suited for everyday use in the home & kitchen category, offering a strong balance of value and functionality.",Home & Kitchen,"Ergonomic, Compact, Giftable, Waterproof, Durable",174.95,4.3,7764,868,2025-04-19,~Gb"sI/RY5u",Monty Allen,https://unsplash.com/@monty_a?utm_source=sse554_capstone&utm_medium=referral
https://images.unsplash.com/photo-1681418659069-eef28d44aeab?crop=entropy&cs=tinysrgb&fit=max&fm=jpg&ixid=M3w4NzQxNTN8MHwxfHNlYXJjaHwxfHxFY28lMjBPZmZpY2UlMjBDaGFpcnxlbnwwfHx8fDE3NzIyMjU4MzV8MA&ixlib=rb-4.1.0&q=80&w=1080?utm_source=sse554_capstone&utm_medium=referral,Eco Office Chair,SilverLine Electronics,"The Eco Office Chair 637 by SilverLine Electronics delivers dependable performance with quality materials and thoughtful design. It is well suited for everyday use in the sports & outdoors category, offering a strong balance of value and functionality.",Sports & Outdoors,"Versatile, Limited Edition, Giftable, Rechargeable, Compact",405.92,3.8,5902,1331,2016-10-24,;)M9w%8}}*^Y,Effydesk,https://unsplash.com/@effydesk?utm_source=sse554_capstone&utm_medium=referral
https://images.unsplash.com/photo-1738958668282-4c7446241e9e?crop=entropy&cs=tinysrgb&fit=max&fm=jpg&ixid=M3w4NzQxNTN8MHwxfHNlYXJjaHwxfHxTbWFydCUyMFJ1bm5pbmclMjBTaG9lc3xlbnwwfHx8fDE3NzIyMjU4ODV8MA&ixlib=rb-4.1.0&q=80&w=1080?utm_source=sse554_capstone&utm_medium=referral,Smart Running Shoes,SilverLine Electronics,"The Smart Running Shoes 939 by SilverLine Electronics delivers dependable performance with quality materials and thoughtful design. It is well suited for everyday use in the office supplies category, offering a strong balance of value and functionality.",Office Supplies,"Essential, New Arrival, Rechargeable, Durable, Bestseller",25.48,4.2,6166,1785,2022-04-12,Td[n'wub~/+%,Archer Allstars,https://unsplash.com/@archerallstars?utm_source=sse554_capstone&utm_medium=referral
https://images.unsplash.com/photo-1738958668282-4c7446241e9e?crop=entropy&cs=tinysrgb&fit=max&fm=jpg&ixid=M3w4NzQxNTN8MHwxfHNlYXJjaHwxfHxDb21wYWN0JTIwUnVubmluZyUyMFNob2VzfGVufDB8fHx8MTc3MjIyNTg2Mnww&ixlib=rb-4.1.0&q=80&w=1080?utm_source=sse554_capstone&utm_medium=referral,Compact Running Shoes,BrightLeaf Publishing,"The Compact Running Shoes 152 by BrightLeaf Publishing delivers dependable performance with quality materials and thoughtful design. It is well suited for everyday use in the clothing category, offering a strong balance of value and functionality.",Clothing,"Premium, Limited Edition, Lightweight, Waterproof, Wireless",567.93,2.6,9491,484,2021-10-19,5*(~Cl1^Z'Fx,Archer Allstars,https://unsplash.com/@archerallstars?utm_source=sse554_capstone&utm_medium=referral
https://images.unsplash.com/photo-1641998148499-cb6b55a3c0d3?crop=entropy&cs=tinysrgb&fit=max&fm=jpg&ixid=M3w4NzQxNTN8MHwxfHNlYXJjaHwxfHxQcmVtaXVtJTIwT2ZmaWNlJTIwQ2hhaXJ8ZW58MHx8fHwxNzcyMjI1ODY1fDA&ixlib=rb-4.1.0&q=80&w=1080?utm_source=sse554_capstone&utm_medium=referral,Premium Office Chair,UrbanNest,"The Premium Office Chair 423 by UrbanNest delivers dependable performance with quality materials and thoughtful design. It is well suited for everyday use in the books category, offering a strong balance of value and functionality.",Books,"Portable, Ergonomic, Versatile, Modern, Premium",662.28,4.1,3933,691,2021-06-28,"|2)Dx8,ln&O6",Lotus Design N Print,https://unsplash.com/@lotusdnp?utm_source=sse554_capstone&utm_medium=referral
https://images.unsplash.com/photo-1495563125611-fa99f0cd529f?crop=entropy&cs=tinysrgb&fit=max&fm=jpg&ixid=M3w4NzQxNTN8MHwxfHNlYXJjaHwxfHxQcmVtaXVtJTIwNEslMjBNb25pdG9yfGVufDB8fHx8MTc3MjIyNTgzOHww&ixlib=rb-4.1.0&q=80&w=1080?utm_source=sse554_capstone&utm_medium=referral,Premium 4K Monitor,BlueRiver Outfitters,"The Premium 4K Monitor 924 by BlueRiver Outfitters delivers dependable performance with quality materials and thoughtful design. It is well suited for everyday use in the sports & outdoors category, offering a strong balance of value and functionality.",Sports & Outdoors,"Lightweight, Essential, New Arrival, Bestseller, Giftable",289.16,3.6,2581,243,2021-12-23,!Ka:83F[2gCo,Julian O'hayon,https://unsplash.com/@anckor?utm_source=sse554_capstone&utm_medium=referral
https://images.unsplash.com/photo-1686386271712-183bcc0e256f?crop=entropy&cs=tinysrgb&fit=max&fm=jpg&ixid=M3w4NzQxNTN8MHwxfHNlYXJjaHwxfHxVbHRyYSUyMFlvZ2ElMjBNYXR8ZW58MHx8fHwxNzcyMjI1ODI0fDA&ixlib=rb-4.1.0&q=80&w=1080?utm_source=sse554_capstone&utm_medium=referral,Ultra Yoga Mat,NorthPeak,"The Ultra Yoga Mat 693 by NorthPeak delivers dependable performance with quality materials and thoughtful design. It is well suited for everyday use in the sports & outdoors category, offering a strong balance of value and functionality.",Sports & Outdoors,"Wireless, Essential, Modern, Bestseller, New Arrival",715.66,3.8,5345,1649,2022-02-10,zurDR5pYQVy!,Gurpreet Singh,https://unsplash.com/@ajay_gill8054?utm_source=sse554_capstone&utm_medium=referral
https://images.unsplash.com/photo-1738101001619-f0fd42ceafb0?crop=entropy&cs=tinysrgb&fit=max&fm=jpg&ixid=M3w4NzQxNTN8MHwxfHNlYXJjaHwxfHxFY28lMjBFbGVjdHJpYyUyMEtldHRsZXxlbnwwfHx8fDE3NzIyMjU4NTV8MA&ixlib=rb-4.1.0&q=80&w=1080?utm_source=sse554_capstone&utm_medium=referral,Eco Electric Kettle,BrightLeaf Publishing,"The Eco Electric Kettle 609 by BrightLeaf Publishing delivers dependable performance with quality materials and thoughtful design. It is well suited for everyday use in the books category, offering a strong balance of value and functionality.",Books,"Compact, Durable, Lightweight, Essential, Waterproof",273.44,2.6,9206,543,2019-06-14,UPEu~k(BALPI,Haberdoedas,https://unsplash.com/@haberdoedas?utm_source=sse554_capstone&utm_medium=referral
https://images.unsplash.com/photo-1622551292636-fc51a35d66fb?crop=entropy&cs=tinysrgb&fit=max&fm=jpg&ixid=M3w4NzQxNTN8MHwxfHNlYXJjaHwxfHxQb3J0YWJsZSUyMENvb2tib29rfGVufDB8fHx8MTc3MjIyNTg1MHww&ixlib=rb-4.1.0&q=80&w=1080?utm_source=sse554_capstone&utm_medium=referral,Portable Cookbook,NorthPeak,"The Portable Cookbook 457 by NorthPeak delivers dependable performance with quality materials and thoughtful design. It is well suited for everyday use in the sports & outdoors category, offering a strong balance of value and functionality.",Sports & Outdoors,"Limited Edition, Lightweight, Durable, Wireless, Rechargeable",112.36,2.3,3107,420,2020-08-01,aR31tw-oHJ&r,Annie Spratt,https://unsplash.com/@anniespratt?utm_source=sse554_capstone&utm_medium=referral
https://images.unsplash.com/photo-1715589249812-327996b73e31?crop=entropy&cs=tinysrgb&fit=max&fm=jpg&ixid=M3w4NzQxNTN8MHwxfHNlYXJjaHwxfHxVbHRyYSUyMEVsZWN0cmljJTIwS2V0dGxlfGVufDB8fHx8MTc3MjIyNTg1MXww&ixlib=rb-4.1.0&q=80&w=1080?utm_source=sse554_capstone&utm_medium=referral,Ultra Electric Kettle,Maple Street Press,"The Ultra Electric Kettle 395 by Maple Street Press delivers dependable performance with quality materials and thoughtful design. It is well suited for everyday use in the office supplies category, offering a strong balance of value and functionality.",Office Supplies,"Durable, Limited Edition, Giftable, Lightweight, Wireless",587.41,1.1,3607,178,2018-09-22,\LLdkW&[=sWr,Samuel Angor,https://unsplash.com/@sammysays___?utm_source=sse554_capstone&utm_medium=referral
https://images.unsplash.com/photo-1763822085725-0b065668d7b0?crop=entropy&cs=tinysrgb&fit=max&fm=jpg&ixid=M3w4NzQxNTN8MHwxfHNlYXJjaHwxfHxQb3J0YWJsZSUyME5vaXNlJTIwQ2FuY2VsbGluZyUyMEhlYWRwaG9uZXN8ZW58MHx8fHwxNzcyMjI1ODc5fDA&ixlib=rb-4.1.0&q=80&w=1080?utm_source=sse554_capstone&utm_medium=referral,Portable Noise Cancelling Headphones,Summit Gear Co.,"The Portable Noise Cancelling Headphones 474 by Summit Gear Co. delivers dependable performance with quality materials and thoughtful design. It is well suited for everyday use in the sports & outdoors category, offering a strong balance of value and functionality.",Sports & Outdoors,"Bestseller, New Arrival, Limited Edition, Waterproof, Premium",646.63,1.3,4757,442,2024-10-23,0#'v1q/yQick,Georgiy Lyamin,https://unsplash.com/@glyamin?utm_source=sse554_capstone&utm_medium=referral
https://images.unsplash.com/photo-1588279102558-dabc7b32d9b1?crop=entropy&cs=tinysrgb&fit=max&fm=jpg&ixid=M3w4NzQxNTN8MHwxfHNlYXJjaHwxfHxDb21wYWN0JTIwQ29va3dhcmUlMjBTZXR8ZW58MHx8fHwxNzcyMjI1ODU5fDA&ixlib=rb-4.1.0&q=80&w=1080?utm_source=sse554_capstone&utm_medium=referral,Compact Cookware Set,BlueRiver Outfitters,"The Compact Cookware Set 965 by BlueRiver Outfitters delivers dependable performance with quality materials and thoughtful design. It is well suited for everyday use in the electronics category, offering a strong balance of value and functionality.",Electronics,"Ergonomic, Compact, Bestseller, Essential, Limited Edition",269.4,1.5,1999,362,2019-05-29,:|\#`IE5M+an,Cooker King,https://unsplash.com/@cookerking?utm_source=sse554_capstone&utm_medium=referral
https://images.unsplash.com/photo-1745256375848-1d599594635d?crop=entropy&cs=tinysrgb&fit=max&fm=jpg&ixid=M3w4NzQxNTN8MHwxfHNlYXJjaHwxfHxTbWFydCUyMEZpdG5lc3MlMjBUcmFja2VyfGVufDB8fHx8MTc3MjIyNTg3OHww&ixlib=rb-4.1.0&q=80&w=1080?utm_source=sse554_capstone&utm_medium=referral,Smart Fitness Tracker,UrbanNest,"The Smart Fitness Tracker 969 by UrbanNest delivers dependable performance with quality materials and thoughtful design. It is well suited for everyday use in the home & kitchen category, offering a strong balance of value and functionality.",Home & Kitchen,"Compact, Lightweight, Modern, Portable, Versatile",121.01,3.9,9102,1979,2017-01-16,d9>U-yPcuy77,Kelsey Todd,https://unsplash.com/@sparkledump?utm_source=sse554_capstone&utm_medium=referral
https://images.unsplash.com/photo-1511499008188-de491bbbae98?crop=entropy&cs=tinysrgb&fit=max&fm=jpg&ixid=M3w4NzQxNTN8MHwxfHNlYXJjaHwxfHxVbHRyYSUyMFJ1bm5pbmclMjBTaG9lc3xlbnwwfHx8fDE3NzIyMjU4NTN8MA&ixlib=rb-4.1.0&q=80&w=1080?utm_source=sse554_capstone&utm_medium=referral,Ultra Running Shoes,Maple Street Press,"The Ultra Running Shoes 110 by Maple Street Press delivers dependable performance with quality materials and thoughtful design. It is well suited for everyday use in the electronics category, offering a strong balance of value and functionality.",Electronics,"Durable, Compact, Giftable, Lightweight, New Arrival",288.46,4.7,3366,486,2021-08-31,"b1X!+4MCiE@,",Charlesdeluvio,https://unsplash.com/@charlesdeluvio?utm_source=sse554_capstone&utm_medium=referral
https://images.unsplash.com/photo-1619590530232-da98a822baa5?crop=entropy&cs=tinysrgb&fit=max&fm=jpg&ixid=M3w4NzQxNTN8MHwxfHNlYXJjaHwxfHxDb21wYWN0JTIwNEslMjBNb25pdG9yfGVufDB8fHx8MTc3MjIyNTg0NHww&ixlib=rb-4.1.0&q=80&w=1080?utm_source=sse554_capstone&utm_medium=referral,Compact 4K Monitor,Summit Gear Co.,"The Compact 4K Monitor 529 by Summit Gear Co. delivers dependable performance with quality materials and thoughtful design. It is well suited for everyday use in the office supplies category, offering a strong balance of value and functionality.",Office Supplies,"Versatile, Giftable, Essential, New Arrival, Compact",535.33,2.9,2544,1719,2018-10-05,rU#A&@h~Z0Tu,Stebilex Systems,https://unsplash.com/@stebilexsystems?utm_source=sse554_capstone&utm_medium=referral
https://images.unsplash.com/photo-1700168333927-023e01cc748f?crop=entropy&cs=tinysrgb&fit=max&fm=jpg&ixid=M3w4NzQxNTN8MHwxfHNlYXJjaHwxfHxDb21wYWN0JTIwT2ZmaWNlJTIwQ2hhaXJ8ZW58MHx8fHwxNzcyMjI1ODc3fDA&ixlib=rb-4.1.0&q=80&w=1080?utm_source=sse554_capstone&utm_medium=referral,Compact Office Chair,NorthPeak,"The Compact Office Chair 496 by NorthPeak delivers dependable performance with quality materials and thoughtful design. It is well suited for everyday use in the clothing category, offering a strong balance of value and functionality.",Clothing,"Versatile, Limited Edition, New Arrival, Lightweight, Modern",148.19,2.2,1015,1224,2020-09-02,dC-;G8y<N?xl,Jonathan Castañeda,https://unsplash.com/@jonathecreator?utm_source=sse554_capstone&utm_medium=referral
https://images.unsplash.com/photo-1566533893210-134327eb8967?crop=entropy&cs=tinysrgb&fit=max&fm=jpg&ixid=M3w4NzQxNTN8MHwxfHNlYXJjaHwxfHxDbGFzc2ljJTIwTm9pc2UlMjBDYW5jZWxsaW5nJTIwSGVhZHBob25lc3xlbnwwfHx8fDE3NzIyMjU4ODN8MA&ixlib=rb-4.1.0&q=80&w=1080?utm_source=sse554_capstone&utm_medium=referral,Classic Noise Cancelling Headphones,UrbanNest,"The Classic Noise Cancelling Headphones 641 by UrbanNest delivers dependable performance with quality materials and thoughtful design. It is well suited for everyday use in the electronics category, offering a strong balance of value and functionality.",Electronics,"Bestseller, New Arrival, Rechargeable, Portable, Lightweight",747.68,3.6,8749,1657,2016-02-02,Xv~*?<&;}dW4,Dev Asangbam,https://unsplash.com/@devasangbam?utm_source=sse554_capstone&utm_medium=referral
https://images.unsplash.com/photo-1763369521070-11b994aa6d7e?crop=entropy&cs=tinysrgb&fit=max&fm=jpg&ixid=M3w4NzQxNTN8MHwxfHNlYXJjaHwxfHxQcm9mZXNzaW9uYWwlMjBHcmFwaGljJTIwVC1TaGlydHxlbnwwfHx8fDE3NzIyMjU4Mjd8MA&ixlib=rb-4.1.0&q=80&w=1080?utm_source=sse554_capstone&utm_medium=referral,Professional Graphic T-Shirt,Horizon Tech,"The Professional Graphic T-Shirt 818 by Horizon Tech delivers dependable performance with quality materials and thoughtful design. It is well suited for everyday use in the electronics category, offering a strong balance of value and functionality.",Electronics,"Premium, Portable, Versatile, Giftable, Bestseller",163.11,4.0,8469,314,2016-03-27,OE|Vr*{mBN{p,Igor Shalyminov,https://unsplash.com/@ishalyminov?utm_source=sse554_capstone&utm_medium=referral
https://images.unsplash.com/photo-1571406487954-dc11b0c0767d?crop=entropy&cs=tinysrgb&fit=max&fm=jpg&ixid=M3w4NzQxNTN8MHwxfHNlYXJjaHwxfHxDb21wYWN0JTIwTEVEJTIwRGVzayUyMExhbXB8ZW58MHx8fHwxNzcyMjI1ODQ5fDA&ixlib=rb-4.1.0&q=80&w=1080?utm_source=sse554_capstone&utm_medium=referral,Compact LED Desk Lamp,BlueRiver Outfitters,"The Compact LED Desk Lamp 742 by BlueRiver Outfitters delivers dependable performance with quality materials and thoughtful design. It is well suited for everyday use in the clothing category, offering a strong balance of value and functionality.",Clothing,"Versatile, Modern, Essential, Giftable, Portable",232.84,4.8,1752,1789,2024-08-10,XAM9h"cp';7F,Monty Allen,https://unsplash.com/@monty_a?utm_source=sse554_capstone&utm_medium=referral
https://images.unsplash.com/photo-1693596936248-8fab255a3de1?crop=entropy&cs=tinysrgb&fit=max&fm=jpg&ixid=M3w4NzQxNTN8MHwxfHNlYXJjaHwxfHxXaXJlbGVzcyUyMExFRCUyMERlc2slMjBMYW1wfGVufDB8fHx8MTc3MjIyNTgzNHww&ixlib=rb-4.1.0&q=80&w=1080?utm_source=sse554_capstone&utm_medium=referral,Wireless LED Desk Lamp,NorthPeak,"The Wireless LED Desk Lamp 353 by NorthPeak delivers dependable performance with quality materials and thoughtful design. It is well suited for everyday use in the home & kitchen category, offering a strong balance of value and functionality.",Home & Kitchen,"Essential, New Arrival, Modern, Wireless, Rechargeable",509.82,4.6,7396,434,2024-07-02,"b,P9;>F6]o6-",Darius Cotoi,https://unsplash.com/@dariuscotoi?utm_source=sse554_capstone&utm_medium=referral
https://images.unsplash.com/photo-1765914448164-de1e22b7fa02?crop=entropy&cs=tinysrgb&fit=max&fm=jpg&ixid=M3w4NzQxNTN8MHwxfHNlYXJjaHwxfHxBZHZhbmNlZCUyMFJ1bm5pbmclMjBTaG9lc3xlbnwwfHx8fDE3NzIyMjU4NDd8MA&ixlib=rb-4.1.0&q=80&w=1080?utm_source=sse554_capstone&utm_medium=referral,Advanced Running Shoes,NorthPeak,"The Advanced Running Shoes 382 by NorthPeak delivers dependable performance with quality materials and thoughtful design. It is well suited for everyday use in the office supplies category, offering a strong balance of value and functionality.",Office Supplies,"Portable, Premium, Rechargeable, Waterproof, Essential",457.35,3.3,1003,846,2023-02-22,"Vf#QX:VP_P@,",Taylor Friehl,https://unsplash.com/@taylor_friehl?utm_source=sse554_capstone&utm_medium=referral
https://images.unsplash.com/photo-1616268198462-50a80c4785d0?crop=entropy&cs=tinysrgb&fit=max&fm=jpg&ixid=M3w4NzQxNTN8MHwxfHNlYXJjaHwxfHxDbGFzc2ljJTIwU3RhaW5sZXNzJTIwU3RlZWwlMjBXYXRlciUyMEJvdHRsZXxlbnwwfHx8fDE3NzIyMjU4NzF8MA&ixlib=rb-4.1.0&q=80&w=1080?utm_source=sse554_capstone&utm_medium=referral,Classic Stainless Steel Water Bottle,BlueRiver Outfitters,"The Classic Stainless Steel Water Bottle 785 by BlueRiver Outfitters delivers dependable performance with quality materials and thoughtful design. It is well suited for everyday use in the books category, offering a strong balance of value and functionality.",Books,"New Arrival, Bestseller, Lightweight, Premium, Ergonomic",386.51,3.3,3425,1562,2020-01-06,DVpj:~EC8M%P,Claudio Poggio,https://unsplash.com/@claudiopoggio?utm_source=sse554_capstone&utm_medium=referral
https://images.unsplash.com/photo-1765332374240-5743e37e0341?crop=entropy&cs=tinysrgb&fit=max&fm=jpg&ixid=M3w4NzQxNTN8MHwxfHNlYXJjaHwxfHxFY28lMjBHYW1pbmclMjBNb3VzZXxlbnwwfHx8fDE3NzIyMjU4Njl8MA&ixlib=rb-4.1.0&q=80&w=1080?utm_source=sse554_capstone&utm_medium=referral,Eco Gaming Mouse,Maple Street Press,"The Eco Gaming Mouse 488 by Maple Street Press delivers dependable performance with quality materials and thoughtful design. It is well suited for everyday use in the home & kitchen category, offering a strong balance of value and functionality.",Home & Kitchen,"Compact, Bestseller, Giftable, Limited Edition, Versatile",334.86,3.2,843,558,2021-03-26,MwThl#*:0]U),Mo B.h,https://unsplash.com/@moha_95?utm_source=sse554_capstone&utm_medium=referral
https://images.unsplash.com/photo-1758348844371-dfbae2780bd3?crop=entropy&cs=tinysrgb&fit=max&fm=jpg&ixid=M3w4NzQxNTN8MHwxfHNlYXJjaHwxfHxVbHRyYSUyMEZpdG5lc3MlMjBUcmFja2VyfGVufDB8fHx8MTc3MjIyNTg2MXww&ixlib=rb-4.1.0&q=80&w=1080?utm_source=sse554_capstone&utm_medium=referral,Ultra Fitness Tracker,Summit Gear Co.,"The Ultra Fitness Tracker 663 by Summit Gear Co. delivers dependable performance with quality materials and thoughtful design. It is well suited for everyday use in the electronics category, offering a strong balance of value and functionality.",Electronics,"Versatile, Waterproof, Wireless, Bestseller, Compact",621.57,4.2,7200,1232,2018-12-30,$41y&NGpO@DC,Sam Grozyan,https://unsplash.com/@ijeunes?utm_source=sse554_capstone&utm_medium=referral
https://images.unsplash.com/photo-1767003259020-140e63496334?crop=entropy&cs=tinysrgb&fit=max&fm=jpg&ixid=M3w4NzQxNTN8MHwxfHNlYXJjaHwxfHxBZHZhbmNlZCUyMEZpdG5lc3MlMjBUcmFja2VyfGVufDB8fHx8MTc3MjIyNTg0OHww&ixlib=rb-4.1.0&q=80&w=1080?utm_source=sse554_capstone&utm_medium=referral,Advanced Fitness Tracker,SilverLine Electronics,"The Advanced Fitness Tracker 840 by SilverLine Electronics delivers dependable performance with quality materials and thoughtful design. It is well suited for everyday use in the books category, offering a strong balance of value and functionality.",Books,"Rechargeable, Ergonomic, Limited Edition, New Arrival, Durable",304.94,1.6,2154,610,2021-05-10,3w_'F;rHVo8x,Lightman Qian,https://unsplash.com/@lightman0215?utm_source=sse554_capstone&utm_medium=referral
https://images.unsplash.com/photo-1674303324806-7018a739ed11?crop=entropy&cs=tinysrgb&fit=max&fm=jpg&ixid=M3w4NzQxNTN8MHwxfHNlYXJjaHwxfHxXaXJlbGVzcyUyMEJsdWV0b290aCUyMFNwZWFrZXJ8ZW58MHx8fHwxNzcyMjI1ODQ2fDA&ixlib=rb-4.1.0&q=80&w=1080?utm_source=sse554_capstone&utm_medium=referral,Wireless Bluetooth Speaker,NorthPeak,"The Wireless Bluetooth Speaker 777 by NorthPeak delivers dependable performance with quality materials and thoughtful design. It is well suited for everyday use in the sports & outdoors category, offering a strong balance of value and functionality.",Sports & Outdoors,"New Arrival, Bestseller, Modern, Limited Edition, Premium",723.67,1.3,4242,1320,2022-04-28,G}fg6+!lU7ug,Andrey Matveev,https://unsplash.com/@zelebb?utm_source=sse554_capstone&utm_medium=referral
https://images.unsplash.com/photo-1763822085725-0b065668d7b0?crop=entropy&cs=tinysrgb&fit=max&fm=jpg&ixid=M3w4NzQxNTN8MHwxfHNlYXJjaHwxfHxQb3J0YWJsZSUyME5vaXNlJTIwQ2FuY2VsbGluZyUyMEhlYWRwaG9uZXN8ZW58MHx8fHwxNzcyMjI1ODc5fDA&ixlib=rb-4.1.0&q=80&w=1080?utm_source=sse554_capstone&utm_medium=referral,Portable Noise Cancelling Headphones,BrightLeaf Publishing,"The Portable Noise Cancelling Headphones 532 by BrightLeaf Publishing delivers dependable performance with quality materials and thoughtful design. It is well suited for everyday use in the books category, offering a strong balance of value and functionality.",Books,"Rechargeable, Ergonomic, Giftable, Compact, Modern",19.87,1.2,5661,591,2022-10-09,jU{!U8(e}65c,Georgiy Lyamin,https://unsplash.com/@glyamin?utm_source=sse554_capstone&utm_medium=referral
https://images.unsplash.com/photo-1571406487954-dc11b0c0767d?crop=entropy&cs=tinysrgb&fit=max&fm=jpg&ixid=M3w4NzQxNTN8MHwxfHNlYXJjaHwxfHxDb21wYWN0JTIwTEVEJTIwRGVzayUyMExhbXB8ZW58MHx8fHwxNzcyMjI1ODQ5fDA&ixlib=rb-4.1.0&q=80&w=1080?utm_source=sse554_capstone&utm_medium=referral,Compact LED Desk Lamp,SilverLine Electronics,"The Compact LED Desk Lamp 758 by SilverLine Electronics delivers dependable performance with quality materials and thoughtful design. It is well suited for everyday use in the sports & outdoors category, offering a strong balance of value and functionality.",Sports & Outdoors,"Wireless, Lightweight, Bestseller, Waterproof, Giftable",232.02,1.3,207,1674,2022-07-14,5LP'C1%+rMFH,Monty Allen,https://unsplash.com/@monty_a?utm_source=sse554_capstone&utm_medium=referral
https://images.unsplash.com/photo-1763369521070-11b994aa6d7e?crop=entropy&cs=tinysrgb&fit=max&fm=jpg&ixid=M3w4NzQxNTN8MHwxfHNlYXJjaHwxfHxQcm9mZXNzaW9uYWwlMjBHcmFwaGljJTIwVC1TaGlydHxlbnwwfHx8fDE3NzIyMjU4Mjd8MA&ixlib=rb-4.1.0&q=80&w=1080?utm_source=sse554_capstone&utm_medium=referral,Professional Graphic T-Shirt,NorthPeak,"The Professional Graphic T-Shirt 900 by NorthPeak delivers dependable performance with quality materials and thoughtful design. It is well suited for everyday use in the home & kitchen category, offering a strong balance of value and functionality.",Home & Kitchen,"Limited Edition, Modern, Premium, Portable, Giftable",346.26,2.9,310,737,2023-01-01,Qg\T|dHW-u[_,Igor Shalyminov,https://unsplash.com/@ishalyminov?utm_source=sse554_capstone&utm_medium=referral
https://images.unsplash.com/photo-1763907478821-1c1386fb16b2?crop=entropy&cs=tinysrgb&fit=max&fm=jpg&ixid=M3w4NzQxNTN8MHwxfHNlYXJjaHwxfHxQb3J0YWJsZSUyMEFjdGlvbiUyMENhbWVyYXxlbnwwfHx8fDE3NzIyMjU4Mzd8MA&ixlib=rb-4.1.0&q=80&w=1080?utm_source=sse554_capstone&utm_medium=referral,Portable Action Camera,UrbanNest,"The Portable Action Camera 786 by UrbanNest delivers dependable performance with quality materials and thoughtful design. It is well suited for everyday use in the clothing category, offering a strong balance of value and functionality.",Clothing,"Portable, Durable, Waterproof, Modern, Lightweight",712.67,2.8,4656,1394,2020-10-11,i/JRG}~FW`OA,Omar Ramadan,https://unsplash.com/@omarvellous14?utm_source=sse554_capstone&utm_medium=referral
https://images.unsplash.com/photo-1602539471306-66df545710e9?crop=entropy&cs=tinysrgb&fit=max&fm=jpg&ixid=M3w4NzQxNTN8MHwxfHNlYXJjaHwxfHxFY28lMjBDb29rYm9va3xlbnwwfHx8fDE3NzIyMjU4NzJ8MA&ixlib=rb-4.1.0&q=80&w=1080?utm_source=sse554_capstone&utm_medium=referral,Eco Cookbook,BlueRiver Outfitters,"The Eco Cookbook 371 by BlueRiver Outfitters delivers dependable performance with quality materials and thoughtful design. It is well suited for everyday use in the home & kitchen category, offering a strong balance of value and functionality.",Home & Kitchen,"Wireless, Versatile, Ergonomic, Compact, Premium",550.83,3.8,6160,1087,2022-08-04,qa-K-1\I7kxn,Paulina,https://unsplash.com/@cookbookdesigner?utm_source=sse554_capstone&utm_medium=referral
https://images.unsplash.com/photo-1733218430878-902cc0cff502?crop=entropy&cs=tinysrgb&fit=max&fm=jpg&ixid=M3w4NzQxNTN8MHwxfHNlYXJjaHwxfHxXaXJlbGVzcyUyMEFjdGlvbiUyMENhbWVyYXxlbnwwfHx8fDE3NzIyMjU4Njh8MA&ixlib=rb-4.1.0&q=80&w=1080?utm_source=sse554_capstone&utm_medium=referral,Wireless Action Camera,BlueRiver Outfitters,"The Wireless Action Camera 929 by BlueRiver Outfitters delivers dependable performance with quality materials and thoughtful design. It is well suited for everyday use in the sports & outdoors category, offering a strong balance of value and functionality.",Sports & Outdoors,"Premium, New Arrival, Rechargeable, Ergonomic, Limited Edition",208.06,4.0,8084,13,2017-10-07,k36gY^#O*w/l,Duc Van,https://unsplash.com/@duke91?utm_source=sse554_capstone&utm_medium=referral
https://images.unsplash.com/photo-1631749352020-b8ce2d86727e?crop=entropy&cs=tinysrgb&fit=max&fm=jpg&ixid=M3w4NzQxNTN8MHwxfHNlYXJjaHwxfHxVbHRyYSUyMEdhbWluZyUyME1vdXNlfGVufDB8fHx8MTc3MjIyNTg0Mnww&ixlib=rb-4.1.0&q=80&w=1080?utm_source=sse554_capstone&utm_medium=referral,Ultra Gaming Mouse,Maple Street Press,"The Ultra Gaming Mouse 314 by Maple Street Press delivers dependable performance with quality materials and thoughtful design. It is well suited for everyday use in the books category, offering a strong balance of value and functionality.",Books,"Giftable, Modern, Portable, Versatile, Rechargeable",676.36,3.2,7368,1213,2025-01-23,"zO,/*qad_8GC",Bruno Yamazaky,https://unsplash.com/@mryamazukino?utm_source=sse554_capstone&utm_medium=referral
https://images.unsplash.com/photo-1522844123782-9547a63eb28b?crop=entropy&cs=tinysrgb&fit=max&fm=jpg&ixid=M3w4NzQxNTN8MHwxfHNlYXJjaHwxfHxXaXJlbGVzcyUyMFlvZ2ElMjBNYXR8ZW58MHx8fHwxNzcyMjI1ODc1fDA&ixlib=rb-4.1.0&q=80&w=1080?utm_source=sse554_capstone&utm_medium=referral,Wireless Yoga Mat,BlueRiver Outfitters,"The Wireless Yoga Mat 107 by BlueRiver Outfitters delivers dependable performance with quality materials and thoughtful design. It is well suited for everyday use in the sports & outdoors category, offering a strong balance of value and functionality.",Sports & Outdoors,"Durable, Versatile, Modern, Lightweight, New Arrival",74.8,2.1,2951,1677,2018-01-06,Od?1%w;B>fZM,Alan Ko,https://unsplash.com/@iyunmai?utm_source=sse554_capstone&utm_medium=referral
https://images.unsplash.com/photo-1760443728230-b84a87381f8f?crop=entropy&cs=tinysrgb&fit=max&fm=jpg&ixid=M3w4NzQxNTN8MHwxfHNlYXJjaHwxfHxXaXJlbGVzcyUyMFNtYXJ0cGhvbmUlMjBTdGFuZHxlbnwwfHx8fDE3NzIyMjU4NjN8MA&ixlib=rb-4.1.0&q=80&w=1080?utm_source=sse554_capstone&utm_medium=referral,Wireless Smartphone Stand,SilverLine Electronics,"The Wireless Smartphone Stand 456 by SilverLine Electronics delivers dependable performance with quality materials and thoughtful design. It is well suited for everyday use in the sports & outdoors category, offering a strong balance of value and functionality.",Sports & Outdoors,"New Arrival, Giftable, Portable, Modern, Limited Edition",383.66,1.1,2873,1929,2022-12-24,folk<FvhhUF;,Todd Jiang,https://unsplash.com/@toddjiang?utm_source=sse554_capstone&utm_medium=referral
https://images.unsplash.com/photo-1693155257465-f29b58ecadaa?crop=entropy&cs=tinysrgb&fit=max&fm=jpg&ixid=M3w4NzQxNTN8MHwxfHNlYXJjaHwxfHxQb3J0YWJsZSUyMFNjaWVuY2UlMjBGaWN0aW9uJTIwTm92ZWx8ZW58MHx8fHwxNzcyMjI1ODQ4fDA&ixlib=rb-4.1.0&q=80&w=1080?utm_source=sse554_capstone&utm_medium=referral,Portable Science Fiction Novel,UrbanNest,"The Portable Science Fiction Novel 553 by UrbanNest delivers dependable performance with quality materials and thoughtful design. It is well suited for everyday use in the office supplies category, offering a strong balance of value and functionality.",Office Supplies,"Premium, Waterproof, New Arrival, Compact, Essential",264.57,4.0,9704,1506,2017-10-21,Z/%FV_Vq'obT,Rahul Chakraborty,https://unsplash.com/@hckmstrrahul?utm_source=sse554_capstone&utm_medium=referral
https://images.unsplash.com/photo-1694405145070-e58cc29771fa?crop=entropy&cs=tinysrgb&fit=max&fm=jpg&ixid=M3w4NzQxNTN8MHwxfHNlYXJjaHwxfHxXaXJlbGVzcyUyME1lY2hhbmljYWwlMjBLZXlib2FyZHxlbnwwfHx8fDE3NzIyMjU4Mzd8MA&ixlib=rb-4.1.0&q=80&w=1080?utm_source=sse554_capstone&utm_medium=referral,Wireless Mechanical Keyboard,BlueRiver Outfitters,"The Wireless Mechanical Keyboard 770 by BlueRiver Outfitters delivers dependable performance with quality materials and thoughtful design. It is well suited for everyday use in the books category, offering a strong balance of value and functionality.",Books,"Versatile, Durable, Premium, Waterproof, New Arrival",95.21,2.7,9633,1146,2020-04-04,3Xtei[.jim1],Padraig Treanor,https://unsplash.com/@padraigo?utm_source=sse554_capstone&utm_medium=referral
https://images.unsplash.com/photo-1668075797959-3477428b82c8?crop=entropy&cs=tinysrgb&fit=max&fm=jpg&ixid=M3w4NzQxNTN8MHwxfHNlYXJjaHwxfHxQcm9mZXNzaW9uYWwlMjBTbWFydHBob25lJTIwU3RhbmR8ZW58MHx8fHwxNzcyMjI1ODU2fDA&ixlib=rb-4.1.0&q=80&w=1080?utm_source=sse554_capstone&utm_medium=referral,Professional Smartphone Stand,Maple Street Press,"The Professional Smartphone Stand 714 by Maple Street Press delivers dependable performance with quality materials and thoughtful design. It is well suited for everyday use in the electronics category, offering a strong balance of value and functionality.",Electronics,"Premium, Waterproof, Modern, Limited Edition, Durable",505.53,1.1,8209,1428,2016-05-18,Gx3%'0dfWj2H,Oswaldo Claro,https://unsplash.com/@oswaldoclaro?utm_source=sse554_capstone&utm_medium=referral
https://images.unsplash.com/photo-1741190745018-52958e1bbdd8?crop=entropy&cs=tinysrgb&fit=max&fm=jpg&ixid=M3w4NzQxNTN8MHwxfHNlYXJjaHwxfHxXaXJlbGVzcyUyMEV4dGVybmFsJTIwSGFyZCUyMERyaXZlfGVufDB8fHx8MTc3MjIyNTg4Mnww&ixlib=rb-4.1.0&q=80&w=1080?utm_source=sse554_capstone&utm_medium=referral,Wireless External Hard Drive,Horizon Tech,"The Wireless External Hard Drive 559 by Horizon Tech delivers dependable performance with quality materials and thoughtful design. It is well suited for everyday use in the electronics category, offering a strong balance of value and functionality.",Electronics,"Versatile, Modern, Premium, Durable, Lightweight",204.0,3.6,7569,836,2019-04-24,"r~Z'}Nuu7_,z",Mert Yüce,https://unsplash.com/@mcyce?utm_source=sse554_capstone&utm_medium=referral
https://images.unsplash.com/photo-1559329389-0a5042e65c29?crop=entropy&cs=tinysrgb&fit=max&fm=jpg&ixid=M3w4NzQxNTN8MHwxfHNlYXJjaHwxfHxQcmVtaXVtJTIwU2NpZW5jZSUyMEZpY3Rpb24lMjBOb3ZlbHxlbnwwfHx8fDE3NzIyMjU4OTB8MA&ixlib=rb-4.1.0&q=80&w=1080?utm_source=sse554_capstone&utm_medium=referral,Premium Science Fiction Novel,Maple Street Press,"The Premium Science Fiction Novel 792 by Maple Street Press delivers dependable performance with quality materials and thoughtful design. It is well suited for everyday use in the clothing category, offering a strong balance of value and functionality.",Clothing,"Modern, Durable, Waterproof, Ergonomic, Versatile",255.09,4.5,5967,80,2025-03-08,2hWJ<z`DS427,K8,https://unsplash.com/@_k8_?utm_source=sse554_capstone&utm_medium=referral
https://images.unsplash.com/photo-1745256375848-1d599594635d?crop=entropy&cs=tinysrgb&fit=max&fm=jpg&ixid=M3w4NzQxNTN8MHwxfHNlYXJjaHwxfHxTbWFydCUyMEZpdG5lc3MlMjBUcmFja2VyfGVufDB8fHx8MTc3MjIyNTg3OHww&ixlib=rb-4.1.0&q=80&w=1080?utm_source=sse554_capstone&utm_medium=referral,Smart Fitness Tracker,BlueRiver Outfitters,"The Smart Fitness Tracker 443 by BlueRiver Outfitters delivers dependable performance with quality materials and thoughtful design. It is well suited for everyday use in the sports & outdoors category, offering a strong balance of value and functionality.",Sports & Outdoors,"Modern, New Arrival, Durable, Bestseller, Versatile",642.88,1.7,608,1976,2017-01-19,5L6-X8delCni,Kelsey Todd,https://unsplash.com/@sparkledump?utm_source=sse554_capstone&utm_medium=referral
https://images.unsplash.com/photo-1674969840285-3f38ce9864a1?crop=entropy&cs=tinysrgb&fit=max&fm=jpg&ixid=M3w4NzQxNTN8MHwxfHNlYXJjaHwxfHxXaXJlbGVzcyUyMEdyYXBoaWMlMjBULVNoaXJ0fGVufDB8fHx8MTc3MjIyNTg1N3ww&ixlib=rb-4.1.0&q=80&w=1080?utm_source=sse554_capstone&utm_medium=referral,Wireless Graphic T-Shirt,UrbanNest,"The Wireless Graphic T-Shirt 798 by UrbanNest delivers dependable performance with quality materials and thoughtful design. It is well suited for everyday use in the books category, offering a strong balance of value and functionality.",Books,"Portable, Lightweight, New Arrival, Modern, Essential",271.12,4.1,7072,108,2023-07-19,"',idW^;t1u%p",Josef Holz,https://unsplash.com/@josefholz?utm_source=sse554_capstone&utm_medium=referral
https://images.unsplash.com/photo-1652262135789-e6cec614eea5?crop=entropy&cs=tinysrgb&fit=max&fm=jpg&ixid=M3w4NzQxNTN8MHwxfHNlYXJjaHwxfHxTbWFydCUyMEJhY2twYWNrfGVufDB8fHx8MTc3MjIyNTg0N3ww&ixlib=rb-4.1.0&q=80&w=1080?utm_source=sse554_capstone&utm_medium=referral,Smart Backpack,Horizon Tech,"The Smart Backpack 786 by Horizon Tech delivers dependable performance with quality materials and thoughtful design. It is well suited for everyday use in the office supplies category, offering a strong balance of value and functionality.",Office Supplies,"Essential, Modern, Limited Edition, New Arrival, Lightweight",493.78,4.6,6002,1589,2024-06-04,Hg3SN;.b-C>8,Artem Kniaz,https://unsplash.com/@artem_kniaz?utm_source=sse554_capstone&utm_medium=referral
https://images.unsplash.com/photo-1658524202348-8bdff4d4a194?crop=entropy&cs=tinysrgb&fit=max&fm=jpg&ixid=M3w4NzQxNTN8MHwxfHNlYXJjaHwxfHxXaXJlbGVzcyUyMENvb2t3YXJlJTIwU2V0fGVufDB8fHx8MTc3MjIyNTgzOXww&ixlib=rb-4.1.0&q=80&w=1080?utm_source=sse554_capstone&utm_medium=referral,Wireless Cookware Set,BrightLeaf Publishing,"The Wireless Cookware Set 436 by BrightLeaf Publishing delivers dependable performance with quality materials and thoughtful design. It is well suited for everyday use in the clothing category, offering a strong balance of value and functionality.",Clothing,"Premium, Essential, Giftable, Portable, Limited Edition",622.38,3.6,2445,330,2024-09-28,!68P#&UL2`Y%,Pedro Fleitas,https://unsplash.com/@pedroooo?utm_source=sse554_capstone&utm_medium=referral
https://images.unsplash.com/photo-1718210719917-c6e1cd5be085?crop=entropy&cs=tinysrgb&fit=max&fm=jpg&ixid=M3w4NzQxNTN8MHwxfHNlYXJjaHwxfHxTbWFydCUyMFN0YWlubGVzcyUyMFN0ZWVsJTIwV2F0ZXIlMjBCb3R0bGV8ZW58MHx8fHwxNzcyMjI1ODQ1fDA&ixlib=rb-4.1.0&q=80&w=1080?utm_source=sse554_capstone&utm_medium=referral,Smart Stainless Steel Water Bottle,BrightLeaf Publishing,"The Smart Stainless Steel Water Bottle 442 by BrightLeaf Publishing delivers dependable performance with quality materials and thoughtful design. It is well suited for everyday use in the office supplies category, offering a strong balance of value and functionality.",Office Supplies,"Limited Edition, Wireless, Waterproof, Portable, Premium",346.65,4.7,1715,1620,2016-08-23,bz?0'06FGAoV,Kedibone Isaac Makhumisane,https://unsplash.com/@isaax_the_artist?utm_source=sse554_capstone&utm_medium=referral
https://images.unsplash.com/photo-1665525639666-33a0cc1f6ab0?crop=entropy&cs=tinysrgb&fit=max&fm=jpg&ixid=M3w4NzQxNTN8MHwxfHNlYXJjaHwxfHxQcm9mZXNzaW9uYWwlMjBOb2lzZSUyMENhbmNlbGxpbmclMjBIZWFkcGhvbmVzfGVufDB8fHx8MTc3MjIyNTg3Nnww&ixlib=rb-4.1.0&q=80&w=1080?utm_source=sse554_capstone&utm_medium=referral,Professional Noise Cancelling Headphones,BrightLeaf Publishing,"The Professional Noise Cancelling Headphones 649 by BrightLeaf Publishing delivers dependable performance with quality materials and thoughtful design. It is well suited for everyday use in the home & kitchen category, offering a strong balance of value and functionality.",Home & Kitchen,"Durable, Compact, Wireless, Premium, Giftable",369.96,1.1,3856,23,2016-11-18,j?2b=%i3`LzJ,Amr Taha™,https://unsplash.com/@amr_taha?utm_source=sse554_capstone&utm_medium=referral
https://images.unsplash.com/photo-1601220363009-f7e66d095649?crop=entropy&cs=tinysrgb&fit=max&fm=jpg&ixid=M3w4NzQxNTN8MHwxfHNlYXJjaHwxfHxQcmVtaXVtJTIwU21hcnRwaG9uZSUyMFN0YW5kfGVufDB8fHx8MTc3MjIyNTg3NHww&ixlib=rb-4.1.0&q=80&w=1080?utm_source=sse554_capstone&utm_medium=referral,Premium Smartphone Stand,Horizon Tech,"The Premium Smartphone Stand 599 by Horizon Tech delivers dependable performance with quality materials and thoughtful design. It is well suited for everyday use in the books category, offering a strong balance of value and functionality.",Books,"Rechargeable, Essential, Lightweight, Waterproof, New Arrival",160.89,1.2,2130,1627,2024-09-17,k3i1j%R7&qTp,Hugo Sesma,https://unsplash.com/@h_u_g_e?utm_source=sse554_capstone&utm_medium=referral
https://images.unsplash.com/photo-1579528542333-4148f1769c35?crop=entropy&cs=tinysrgb&fit=max&fm=jpg&ixid=M3w4NzQxNTN8MHwxfHNlYXJjaHwxfHxQcm9mZXNzaW9uYWwlMjBSdW5uaW5nJTIwU2hvZXN8ZW58MHx8fHwxNzcyMjI1ODMyfDA&ixlib=rb-4.1.0&q=80&w=1080?utm_source=sse554_capstone&utm_medium=referral,Professional Running Shoes,Summit Gear Co.,"The Professional Running Shoes 188 by Summit Gear Co. delivers dependable performance with quality materials and thoughtful design. It is well suited for everyday use in the clothing category, offering a strong balance of value and functionality.",Clothing,"Rechargeable, Bestseller, Durable, Limited Edition, Lightweight",18.35,4.1,7440,434,2018-11-01,":s,Xa0F*'L<r",Carl Barcelo,https://unsplash.com/@barcelocarl?utm_source=sse554_capstone&utm_medium=referral
https://images.unsplash.com/photo-1760553120955-b67aa3662355?crop=entropy&cs=tinysrgb&fit=max&fm=jpg&ixid=M3w4NzQxNTN8MHwxfHNlYXJjaHwxfHxBZHZhbmNlZCUyME1lY2hhbmljYWwlMjBLZXlib2FyZHxlbnwwfHx8fDE3NzIyMjU4OTB8MA&ixlib=rb-4.1.0&q=80&w=1080?utm_source=sse554_capstone&utm_medium=referral,Advanced Mechanical Keyboard,UrbanNest,"The Advanced Mechanical Keyboard 763 by UrbanNest delivers dependable performance with quality materials and thoughtful design. It is well suited for everyday use in the electronics category, offering a strong balance of value and functionality.",Electronics,"Bestseller, Giftable, Versatile, Rechargeable, Limited Edition",193.99,1.9,7499,814,2021-09-10,]mb~D~?BK.MW,Anoof C,https://unsplash.com/@anoofc?utm_source=sse554_capstone&utm_medium=referral
https://images.unsplash.com/photo-1771370580887-d41ae6d1d6ed?crop=entropy&cs=tinysrgb&fit=max&fm=jpg&ixid=M3w4NzQxNTN8MHwxfHNlYXJjaHwxfHxDb21wYWN0JTIwTWVjaGFuaWNhbCUyMEtleWJvYXJkfGVufDB8fHx8MTc3MjIyNTg1NHww&ixlib=rb-4.1.0&q=80&w=1080?utm_source=sse554_capstone&utm_medium=referral,Compact Mechanical Keyboard,BrightLeaf Publishing,"The Compact Mechanical Keyboard 730 by BrightLeaf Publishing delivers dependable performance with quality materials and thoughtful design. It is well suited for everyday use in the home & kitchen category, offering a strong balance of value and functionality.",Home & Kitchen,"Premium, Limited Edition, Versatile, Giftable, Rechargeable",594.62,4.5,4055,319,2019-08-27,"ilxU^:3,SM-9",Marcus Richardson,https://unsplash.com/@marcusrichardson?utm_source=sse554_capstone&utm_medium=referral
https://images.unsplash.com/photo-1738241000762-42e0c54c3d30?crop=entropy&cs=tinysrgb&fit=max&fm=jpg&ixid=M3w4NzQxNTN8MHwxfHNlYXJjaHwxfHxDbGFzc2ljJTIwRml0bmVzcyUyMFRyYWNrZXJ8ZW58MHx8fHwxNzcyMjI1ODU3fDA&ixlib=rb-4.1.0&q=80&w=1080?utm_source=sse554_capstone&utm_medium=referral,Classic Fitness Tracker,Maple Street Press,"The Classic Fitness Tracker 747 by Maple Street Press delivers dependable performance with quality materials and thoughtful design. It is well suited for everyday use in the electronics category, offering a strong balance of value and functionality.",Electronics,"Ergonomic, Premium, Bestseller, Waterproof, Limited Edition",36.22,3.3,5136,184,2019-03-24,"vd,Ju?|C}$dE",Pearl Drums,https://unsplash.com/@pearldrums?utm_source=sse554_capstone&utm_medium=referral
https://images.unsplash.com/photo-1523730647456-cc896ae6243a?crop=entropy&cs=tinysrgb&fit=max&fm=jpg&ixid=M3w4NzQxNTN8MHwxfHNlYXJjaHwxfHxDbGFzc2ljJTIwUnVubmluZyUyMFNob2VzfGVufDB8fHx8MTc3MjIyNTg2Nnww&ixlib=rb-4.1.0&q=80&w=1080?utm_source=sse554_capstone&utm_medium=referral,Classic Running Shoes,Maple Street Press,"The Classic Running Shoes 709 by Maple Street Press delivers dependable performance with quality materials and thoughtful design. It is well suited for everyday use in the home & kitchen category, offering a strong balance of value and functionality.",Home & Kitchen,"Giftable, Portable, Bestseller, Versatile, Ergonomic",418.97,3.5,8471,249,2020-01-07,1*/HB?]lva<S,Jeroen Den Otter,https://unsplash.com/@jeroendenotter?utm_source=sse554_capstone&utm_medium=referral
https://images.unsplash.com/photo-1730578726048-b8f118d227e4?crop=entropy&cs=tinysrgb&fit=max&fm=jpg&ixid=M3w4NzQxNTN8MHwxfHNlYXJjaHwxfHxBZHZhbmNlZCUyMEV4dGVybmFsJTIwSGFyZCUyMERyaXZlfGVufDB8fHx8MTc3MjIyNTg1Nnww&ixlib=rb-4.1.0&q=80&w=1080?utm_source=sse554_capstone&utm_medium=referral,Advanced External Hard Drive,Horizon Tech,"The Advanced External Hard Drive 776 by Horizon Tech delivers dependable performance with quality materials and thoughtful design. It is well suited for everyday use in the office supplies category, offering a strong balance of value and functionality.",Office Supplies,"Portable, Waterproof, Rechargeable, Modern, Essential",33.79,1.6,9139,281,2024-11-20,!jaw{>7SBdAo,Jason Leung,https://unsplash.com/@ninjason?utm_source=sse554_capstone&utm_medium=referral
https://images.unsplash.com/photo-1586187543706-b43086b30978?crop=entropy&cs=tinysrgb&fit=max&fm=jpg&ixid=M3w4NzQxNTN8MHwxfHNlYXJjaHwxfHxQcmVtaXVtJTIwRXh0ZXJuYWwlMjBIYXJkJTIwRHJpdmV8ZW58MHx8fHwxNzcyMjI1ODQ0fDA&ixlib=rb-4.1.0&q=80&w=1080?utm_source=sse554_capstone&utm_medium=referral,Premium External Hard Drive,NorthPeak,"The Premium External Hard Drive 314 by NorthPeak delivers dependable performance with quality materials and thoughtful design. It is well suited for everyday use in the office supplies category, offering a strong balance of value and functionality.",Office Supplies,"Ergonomic, Bestseller, Compact, Portable, Premium",798.06,1.9,7661,1791,2020-08-10,M`[Hf?gZ23Y;,Everyday Basics,https://unsplash.com/@zanardi?utm_source=sse554_capstone&utm_medium=referral
https://images.unsplash.com/photo-1523730647456-cc896ae6243a?crop=entropy&cs=tinysrgb&fit=max&fm=jpg&ixid=M3w4NzQxNTN8MHwxfHNlYXJjaHwxfHxDbGFzc2ljJTIwUnVubmluZyUyMFNob2VzfGVufDB8fHx8MTc3MjIyNTg2Nnww&ixlib=rb-4.1.0&q=80&w=1080?utm_source=sse554_capstone&utm_medium=referral,Classic Running Shoes,Horizon Tech,"The Classic Running Shoes 107 by Horizon Tech delivers dependable performance with quality materials and thoughtful design. It is well suited for everyday use in the home & kitchen category, offering a strong balance of value and functionality.",Home & Kitchen,"Durable, Wireless, Bestseller, Lightweight, Portable",757.86,3.0,4143,343,2022-03-25,Mb'{uy{ECr7],Jeroen Den Otter,https://unsplash.com/@jeroendenotter?utm_source=sse554_capstone&utm_medium=referral
https://images.unsplash.com/photo-1586187543706-b43086b30978?crop=entropy&cs=tinysrgb&fit=max&fm=jpg&ixid=M3w4NzQxNTN8MHwxfHNlYXJjaHwxfHxFY28lMjBFeHRlcm5hbCUyMEhhcmQlMjBEcml2ZXxlbnwwfHx8fDE3NzIyMjU4ODN8MA&ixlib=rb-4.1.0&q=80&w=1080?utm_source=sse554_capstone&utm_medium=referral,Eco External Hard Drive,Summit Gear Co.,"The Eco External Hard Drive 757 by Summit Gear Co. delivers dependable performance with quality materials and thoughtful design. It is well suited for everyday use in the clothing category, offering a strong balance of value and functionality.",Clothing,"New Arrival, Rechargeable, Durable, Compact, Versatile",502.02,3.5,9683,550,2023-02-05,zVY=;6N>qn5#,Everyday Basics,https://unsplash.com/@zanardi?utm_source=sse554_capstone&utm_medium=referral
https://images.unsplash.com/photo-1763907478821-1c1386fb16b2?crop=entropy&cs=tinysrgb&fit=max&fm=jpg&ixid=M3w4NzQxNTN8MHwxfHNlYXJjaHwxfHxQb3J0YWJsZSUyMEFjdGlvbiUyMENhbWVyYXxlbnwwfHx8fDE3NzIyMjU4Mzd8MA&ixlib=rb-4.1.0&q=80&w=1080?utm_source=sse554_capstone&utm_medium=referral,Portable Action Camera,BlueRiver Outfitters,"The Portable Action Camera 991 by BlueRiver Outfitters delivers dependable performance with quality materials and thoughtful design. It is well suited for everyday use in the books category, offering a strong balance of value and functionality.",Books,"Waterproof, Portable, Bestseller, Wireless, Giftable",77.62,3.2,9665,264,2019-12-13,"k4+aY/dDMh,4",Omar Ramadan,https://unsplash.com/@omarvellous14?utm_source=sse554_capstone&utm_medium=referral
https://images.unsplash.com/photo-1754479125079-b5b48318547e?crop=entropy&cs=tinysrgb&fit=max&fm=jpg&ixid=M3w4NzQxNTN8MHwxfHNlYXJjaHwxfHxDbGFzc2ljJTIwQmFja3BhY2t8ZW58MHx8fHwxNzcyMjI1ODI0fDA&ixlib=rb-4.1.0&q=80&w=1080?utm_source=sse554_capstone&utm_medium=referral,Classic Backpack,BlueRiver Outfitters,"The Classic Backpack 994 by BlueRiver Outfitters delivers dependable performance with quality materials and thoughtful design. It is well suited for everyday use in the electronics category, offering a strong balance of value and functionality.",Electronics,"New Arrival, Compact, Rechargeable, Bestseller, Portable",487.05,1.0,324,1145,2025-05-15,I>P*Fw0Wp}Pa,Johan Mouchet,https://unsplash.com/@johanmouchet?utm_source=sse554_capstone&utm_medium=referral
https://images.unsplash.com/photo-1701318134632-7cda18e7c487?crop=entropy&cs=tinysrgb&fit=max&fm=jpg&ixid=M3w4NzQxNTN8MHwxfHNlYXJjaHwxfHxQb3J0YWJsZSUyMDRLJTIwTW9uaXRvcnxlbnwwfHx8fDE3NzIyMjU4Nzl8MA&ixlib=rb-4.1.0&q=80&w=1080?utm_source=sse554_capstone&utm_medium=referral,Portable 4K Monitor,Summit Gear Co.,"The Portable 4K Monitor 654 by Summit Gear Co. delivers dependable performance with quality materials and thoughtful design. It is well suited for everyday use in the home & kitchen category, offering a strong balance of value and functionality.",Home & Kitchen,"Versatile, Bestseller, Premium, Modern, Durable",11.7,1.2,6679,1975,2018-10-04,h>3novTI2iVe,Trần Quang Phú,https://unsplash.com/@tranquangphu?utm_source=sse554_capstone&utm_medium=referral
https://images.unsplash.com/photo-1523730647456-cc896ae6243a?crop=entropy&cs=tinysrgb&fit=max&fm=jpg&ixid=M3w4NzQxNTN8MHwxfHNlYXJjaHwxfHxDbGFzc2ljJTIwUnVubmluZyUyMFNob2VzfGVufDB8fHx8MTc3MjIyNTg2Nnww&ixlib=rb-4.1.0&q=80&w=1080?utm_source=sse554_capstone&utm_medium=referral,Classic Running Shoes,UrbanNest,"The Classic Running Shoes 700 by UrbanNest delivers dependable performance with quality materials and thoughtful design. It is well suited for everyday use in the clothing category, offering a strong balance of value and functionality.",Clothing,"Portable, Compact, Waterproof, Ergonomic, Wireless",629.89,3.4,2442,1734,2019-02-16,P+4G:Eh#KZ&Q,Jeroen Den Otter,https://unsplash.com/@jeroendenotter?utm_source=sse554_capstone&utm_medium=referral
https://images.unsplash.com/photo-1689610349731-94ae0e4c3892?crop=entropy&cs=tinysrgb&fit=max&fm=jpg&ixid=M3w4NzQxNTN8MHwxfHNlYXJjaHwxfHxDbGFzc2ljJTIwRWxlY3RyaWMlMjBLZXR0bGV8ZW58MHx8fHwxNzcyMjI1ODY3fDA&ixlib=rb-4.1.0&q=80&w=1080?utm_source=sse554_capstone&utm_medium=referral,Classic Electric Kettle,Summit Gear Co.,"The Classic Electric Kettle 899 by Summit Gear Co. delivers dependable performance with quality materials and thoughtful design. It is well suited for everyday use in the home & kitchen category, offering a strong balance of value and functionality.",Home & Kitchen,"New Arrival, Ergonomic, Giftable, Versatile, Compact",444.71,2.3,6873,538,2019-06-21,kLh)tUO&(4=},Büşra Salkım,https://unsplash.com/@busgram?utm_source=sse554_capstone&utm_medium=referral
https://images.unsplash.com/photo-1708513427809-728a7913fc9f?crop=entropy&cs=tinysrgb&fit=max&fm=jpg&ixid=M3w4NzQxNTN8MHwxfHNlYXJjaHwxfHxTbWFydCUyMExFRCUyMERlc2slMjBMYW1wfGVufDB8fHx8MTc3MjIyNTg4OHww&ixlib=rb-4.1.0&q=80&w=1080?utm_source=sse554_capstone&utm_medium=referral,Smart LED Desk Lamp,SilverLine Electronics,"The Smart LED Desk Lamp 473 by SilverLine Electronics delivers dependable performance with quality materials and thoughtful design. It is well suited for everyday use in the clothing category, offering a strong balance of value and functionality.",Clothing,"Limited Edition, Giftable, Essential, Modern, Waterproof",90.49,4.0,4874,75,2019-11-22,SPspo$WL)6wd,Uwukuri Emery,https://unsplash.com/@uwukuriemery?utm_source=sse554_capstone&utm_medium=referral
https://images.unsplash.com/photo-1631749352438-7d576312185d?crop=entropy&cs=tinysrgb&fit=max&fm=jpg&ixid=M3w4NzQxNTN8MHwxfHNlYXJjaHwxfHxXaXJlbGVzcyUyMEdhbWluZyUyME1vdXNlfGVufDB8fHx8MTc3MjIyNTg3OXww&ixlib=rb-4.1.0&q=80&w=1080?utm_source=sse554_capstone&utm_medium=referral,Wireless Gaming Mouse,UrbanNest,"The Wireless Gaming Mouse 503 by UrbanNest delivers dependable performance with quality materials and thoughtful design. It is well suited for everyday use in the clothing category, offering a strong balance of value and functionality.",Clothing,"New Arrival, Rechargeable, Wireless, Premium, Compact",628.1,2.4,4075,1888,2018-11-21,@zR`:0q?4BH\,Bruno Yamazaky,https://unsplash.com/@mryamazukino?utm_source=sse554_capstone&utm_medium=referral
https://images.unsplash.com/photo-1658700054661-84feecc48f84?crop=entropy&cs=tinysrgb&fit=max&fm=jpg&ixid=M3w4NzQxNTN8MHwxfHNlYXJjaHwxfHxDbGFzc2ljJTIwTWVjaGFuaWNhbCUyMEtleWJvYXJkfGVufDB8fHx8MTc3MjIyNTg2OXww&ixlib=rb-4.1.0&q=80&w=1080?utm_source=sse554_capstone&utm_medium=referral,Classic Mechanical Keyboard,BlueRiver Outfitters,"The Classic Mechanical Keyboard 704 by BlueRiver Outfitters delivers dependable performance with quality materials and thoughtful design. It is well suited for everyday use in the sports & outdoors category, offering a strong balance of value and functionality.",Sports & Outdoors,"Waterproof, Compact, Premium, Durable, Limited Edition",178.04,1.0,5027,1878,2016-07-05,B2GCH3k:=]b-,76,https://unsplash.com/@abishvijayan?utm_source=sse554_capstone&utm_medium=referral
https://images.unsplash.com/photo-1766384093156-6189a8aa564f?crop=entropy&cs=tinysrgb&fit=max&fm=jpg&ixid=M3w4NzQxNTN8MHwxfHNlYXJjaHwxfHxBZHZhbmNlZCUyMEJhY2twYWNrfGVufDB8fHx8MTc3MjIyNTg4MXww&ixlib=rb-4.1.0&q=80&w=1080?utm_source=sse554_capstone&utm_medium=referral,Advanced Backpack,Summit Gear Co.,"The Advanced Backpack 393 by Summit Gear Co. delivers dependable performance with quality materials and thoughtful design. It is well suited for everyday use in the office supplies category, offering a strong balance of value and functionality.",Office Supplies,"Wireless, Lightweight, Modern, New Arrival, Essential",96.28,2.5,4666,851,2017-08-09,G%wFxx]A/]Fq,Kouji Tsuru,https://unsplash.com/@pafuxu?utm_source=sse554_capstone&utm_medium=referral
https://images.unsplash.com/photo-1631749352438-7d576312185d?crop=entropy&cs=tinysrgb&fit=max&fm=jpg&ixid=M3w4NzQxNTN8MHwxfHNlYXJjaHwxfHxXaXJlbGVzcyUyMEdhbWluZyUyME1vdXNlfGVufDB8fHx8MTc3MjIyNTg3OXww&ixlib=rb-4.1.0&q=80&w=1080?utm_source=sse554_capstone&utm_medium=referral,Wireless Gaming Mouse,Summit Gear Co.,"The Wireless Gaming Mouse 823 by Summit Gear Co. delivers dependable performance with quality materials and thoughtful design. It is well suited for everyday use in the electronics category, offering a strong balance of value and functionality.",Electronics,"Limited Edition, Wireless, Compact, Essential, Premium",777.4,4.7,592,471,2020-01-05,P*'(rpd8{dgg,Bruno Yamazaky,https://unsplash.com/@mryamazukino?utm_source=sse554_capstone&utm_medium=referral
https://images.unsplash.com/photo-1743862558324-64de6d680fbb?crop=entropy&cs=tinysrgb&fit=max&fm=jpg&ixid=M3w4NzQxNTN8MHwxfHNlYXJjaHwxfHxQb3J0YWJsZSUyME1lY2hhbmljYWwlMjBLZXlib2FyZHxlbnwwfHx8fDE3NzIyMjU4NzZ8MA&ixlib=rb-4.1.0&q=80&w=1080?utm_source=sse554_capstone&utm_medium=referral,Portable Mechanical Keyboard,BlueRiver Outfitters,"The Portable Mechanical Keyboard 956 by BlueRiver Outfitters delivers dependable performance with quality materials and thoughtful design. It is well suited for everyday use in the sports & outdoors category, offering a strong balance of value and functionality.",Sports & Outdoors,"Giftable, Limited Edition, Modern, Compact, Ergonomic",554.0,2.6,4303,927,2025-05-18,C`"*9%]|Se?U,Huy Phan,https://unsplash.com/@huyphan2602?utm_source=sse554_capstone&utm_medium=referral
https://images.unsplash.com/photo-1566533893210-134327eb8967?crop=entropy&cs=tinysrgb&fit=max&fm=jpg&ixid=M3w4NzQxNTN8MHwxfHNlYXJjaHwxfHxDbGFzc2ljJTIwTm9pc2UlMjBDYW5jZWxsaW5nJTIwSGVhZHBob25lc3xlbnwwfHx8fDE3NzIyMjU4ODN8MA&ixlib=rb-4.1.0&q=80&w=1080?utm_source=sse554_capstone&utm_medium=referral,Classic Noise Cancelling Headphones,Horizon Tech,"The Classic Noise Cancelling Headphones 527 by Horizon Tech delivers dependable performance with quality materials and thoughtful design. It is well suited for everyday use in the sports & outdoors category, offering a strong balance of value and functionality.",Sports & Outdoors,"Waterproof, Ergonomic, Premium, Essential, Versatile",248.66,1.7,8408,1921,2019-04-28,(3@#=1.|G^5g,Dev Asangbam,https://unsplash.com/@devasangbam?utm_source=sse554_capstone&utm_medium=referral
https://images.unsplash.com/photo-1733218430878-902cc0cff502?crop=entropy&cs=tinysrgb&fit=max&fm=jpg&ixid=M3w4NzQxNTN8MHwxfHNlYXJjaHwxfHxXaXJlbGVzcyUyMEFjdGlvbiUyMENhbWVyYXxlbnwwfHx8fDE3NzIyMjU4Njh8MA&ixlib=rb-4.1.0&q=80&w=1080?utm_source=sse554_capstone&utm_medium=referral,Wireless Action Camera,UrbanNest,"The Wireless Action Camera 594 by UrbanNest delivers dependable performance with quality materials and thoughtful design. It is well suited for everyday use in the electronics category, offering a strong balance of value and functionality.",Electronics,"Compact, Limited Edition, New Arrival, Wireless, Bestseller",139.54,2.6,1305,1278,2022-01-22,%p]grSIUcPJ?,Duc Van,https://unsplash.com/@duke91?utm_source=sse554_capstone&utm_medium=referral
https://images.unsplash.com/photo-1766411503497-911658181192?crop=entropy&cs=tinysrgb&fit=max&fm=jpg&ixid=M3w4NzQxNTN8MHwxfHNlYXJjaHwxfHxQb3J0YWJsZSUyMExFRCUyMERlc2slMjBMYW1wfGVufDB8fHx8MTc3MjIyNTg4Nnww&ixlib=rb-4.1.0&q=80&w=1080?utm_source=sse554_capstone&utm_medium=referral,Portable LED Desk Lamp,BrightLeaf Publishing,"The Portable LED Desk Lamp 612 by BrightLeaf Publishing delivers dependable performance with quality materials and thoughtful design. It is well suited for everyday use in the clothing category, offering a strong balance of value and functionality.",Clothing,"Lightweight, New Arrival, Wireless, Giftable, Ergonomic",362.12,2.4,4546,1779,2021-03-25,:%Cu'=aBRtq&,Puscas Adryan,https://unsplash.com/@adryan_studio?utm_source=sse554_capstone&utm_medium=referral
https://images.unsplash.com/photo-1718210719917-c6e1cd5be085?crop=entropy&cs=tinysrgb&fit=max&fm=jpg&ixid=M3w4NzQxNTN8MHwxfHNlYXJjaHwxfHxQcm9mZXNzaW9uYWwlMjBTdGFpbmxlc3MlMjBTdGVlbCUyMFdhdGVyJTIwQm90dGxlfGVufDB8fHx8MTc3MjIyNTgyOXww&ixlib=rb-4.1.0&q=80&w=1080?utm_source=sse554_capstone&utm_medium=referral,Professional Stainless Steel Water Bottle,BrightLeaf Publishing,"The Professional Stainless Steel Water Bottle 592 by BrightLeaf Publishing delivers dependable performance with quality materials and thoughtful design. It is well suited for everyday use in the books category, offering a strong balance of value and functionality.",Books,"Wireless, Portable, Limited Edition, Essential, Lightweight",134.64,1.6,3315,919,2019-08-20,*}HOInt"MWfN,Kedibone Isaac Makhumisane,https://unsplash.com/@isaax_the_artist?utm_source=sse554_capstone&utm_medium=referral
https://images.unsplash.com/photo-1656428813604-6225efa90782?crop=entropy&cs=tinysrgb&fit=max&fm=jpg&ixid=M3w4NzQxNTN8MHwxfHNlYXJjaHwxfHxQcm9mZXNzaW9uYWwlMjBCYWNrcGFja3xlbnwwfHx8fDE3NzIyMjU4NDJ8MA&ixlib=rb-4.1.0&q=80&w=1080?utm_source=sse554_capstone&utm_medium=referral,Professional Backpack,BlueRiver Outfitters,"The Professional Backpack 826 by BlueRiver Outfitters delivers dependable performance with quality materials and thoughtful design. It is well suited for everyday use in the electronics category, offering a strong balance of value and functionality.",Electronics,"Waterproof, Modern, Durable, Lightweight, New Arrival",604.43,2.9,5244,381,2020-03-03,Ju=;=0NF[QEa,Danielle Stein,https://unsplash.com/@daniellestein?utm_source=sse554_capstone&utm_medium=referral
https://images.unsplash.com/photo-1586187543706-b43086b30978?crop=entropy&cs=tinysrgb&fit=max&fm=jpg&ixid=M3w4NzQxNTN8MHwxfHNlYXJjaHwxfHxTbWFydCUyMEV4dGVybmFsJTIwSGFyZCUyMERyaXZlfGVufDB8fHx8MTc3MjIyNTgzMHww&ixlib=rb-4.1.0&q=80&w=1080?utm_source=sse554_capstone&utm_medium=referral,Smart External Hard Drive,Horizon Tech,"The Smart External Hard Drive 817 by Horizon Tech delivers dependable performance with quality materials and thoughtful design. It is well suited for everyday use in the electronics category, offering a strong balance of value and functionality.",Electronics,"Limited Edition, Wireless, Portable, Bestseller, Modern",696.89,1.2,1502,472,2021-01-17,Z\z'U06ycEws,Everyday Basics,https://unsplash.com/@zanardi?utm_source=sse554_capstone&utm_medium=referral
https://images.unsplash.com/photo-1768618506508-2575a80f4461?crop=entropy&cs=tinysrgb&fit=max&fm=jpg&ixid=M3w4NzQxNTN8MHwxfHNlYXJjaHwxfHxQcm9mZXNzaW9uYWwlMjBCbHVldG9vdGglMjBTcGVha2VyfGVufDB8fHx8MTc3MjIyNTg2Mnww&ixlib=rb-4.1.0&q=80&w=1080?utm_source=sse554_capstone&utm_medium=referral,Professional Bluetooth Speaker,NorthPeak,"The Professional Bluetooth Speaker 909 by NorthPeak delivers dependable performance with quality materials and thoughtful design. It is well suited for everyday use in the electronics category, offering a strong balance of value and functionality.",Electronics,"Wireless, Durable, Portable, Lightweight, Versatile",513.83,4.5,4616,1122,2018-12-23,foE)$9mX^!ei,Cao Minh Đức,https://unsplash.com/@duck0505?utm_source=sse554_capstone&utm_medium=referral
https://images.unsplash.com/photo-1762328498684-e597f4ceaa43?crop=entropy&cs=tinysrgb&fit=max&fm=jpg&ixid=M3w4NzQxNTN8MHwxfHNlYXJjaHwxfHxDb21wYWN0JTIwQmx1ZXRvb3RoJTIwU3BlYWtlcnxlbnwwfHx8fDE3NzIyMjU4NzV8MA&ixlib=rb-4.1.0&q=80&w=1080?utm_source=sse554_capstone&utm_medium=referral,Compact Bluetooth Speaker,Maple Street Press,"The Compact Bluetooth Speaker 688 by Maple Street Press delivers dependable performance with quality materials and thoughtful design. It is well suited for everyday use in the office supplies category, offering a strong balance of value and functionality.",Office Supplies,"Portable, Compact, Lightweight, Giftable, Rechargeable",648.3,4.1,3708,1216,2024-07-17,"}\+ylJl\,wnH",Zulfugar Karimov,https://unsplash.com/@zulfugarkarimov?utm_source=sse554_capstone&utm_medium=referral
https://images.unsplash.com/photo-1754821305530-8e3c7b8deda2?crop=entropy&cs=tinysrgb&fit=max&fm=jpg&ixid=M3w4NzQxNTN8MHwxfHNlYXJjaHwxfHxQcm9mZXNzaW9uYWwlMjBGaXRuZXNzJTIwVHJhY2tlcnxlbnwwfHx8fDE3NzIyMjU4OTN8MA&ixlib=rb-4.1.0&q=80&w=1080?utm_source=sse554_capstone&utm_medium=referral,Professional Fitness Tracker,Summit Gear Co.,"The Professional Fitness Tracker 195 by Summit Gear Co. delivers dependable performance with quality materials and thoughtful design. It is well suited for everyday use in the electronics category, offering a strong balance of value and functionality.",Electronics,"Wireless, Modern, Versatile, New Arrival, Bestseller",461.77,3.9,5820,1347,2018-09-22,D`1Ru{Q1]D<b,Andrey Matveev,https://unsplash.com/@zelebb?utm_source=sse554_capstone&utm_medium=referral
https://images.unsplash.com/photo-1509098681029-b45e9c845022?crop=entropy&cs=tinysrgb&fit=max&fm=jpg&ixid=M3w4NzQxNTN8MHwxfHNlYXJjaHwxfHxTbWFydCUyME5vaXNlJTIwQ2FuY2VsbGluZyUyMEhlYWRwaG9uZXN8ZW58MHx8fHwxNzcyMjI1ODMxfDA&ixlib=rb-4.1.0&q=80&w=1080?utm_source=sse554_capstone&utm_medium=referral,Smart Noise Cancelling Headphones,BlueRiver Outfitters,"The Smart Noise Cancelling Headphones 440 by BlueRiver Outfitters delivers dependable performance with quality materials and thoughtful design. It is well suited for everyday use in the home & kitchen category, offering a strong balance of value and functionality.",Home & Kitchen,"Wireless, Essential, Portable, Waterproof, New Arrival",82.34,2.7,6757,17,2021-01-07,TY6N"Mm_o7$i,Mubariz Mehdizadeh,https://unsplash.com/@mehdizadeh?utm_source=sse554_capstone&utm_medium=referral
https://images.unsplash.com/photo-1571406487954-dc11b0c0767d?crop=entropy&cs=tinysrgb&fit=max&fm=jpg&ixid=M3w4NzQxNTN8MHwxfHNlYXJjaHwxfHxDb21wYWN0JTIwTEVEJTIwRGVzayUyMExhbXB8ZW58MHx8fHwxNzcyMjI1ODQ5fDA&ixlib=rb-4.1.0&q=80&w=1080?utm_source=sse554_capstone&utm_medium=referral,Compact LED Desk Lamp,UrbanNest,"The Compact LED Desk Lamp 855 by UrbanNest delivers dependable performance with quality materials and thoughtful design. It is well suited for everyday use in the electronics category, offering a strong balance of value and functionality.",Electronics,"Rechargeable, Wireless, Essential, Premium, Lightweight",535.97,2.3,2086,1442,2021-11-18,u(]$G{TAjrZn,Monty Allen,https://unsplash.com/@monty_a?utm_source=sse554_capstone&utm_medium=referral
https://images.unsplash.com/photo-1643385958950-8f0b8852171a?crop=entropy&cs=tinysrgb&fit=max&fm=jpg&ixid=M3w4NzQxNTN8MHwxfHNlYXJjaHwxfHxVbHRyYSUyMEJsdWV0b290aCUyMFNwZWFrZXJ8ZW58MHx8fHwxNzcyMjI1ODMzfDA&ixlib=rb-4.1.0&q=80&w=1080?utm_source=sse554_capstone&utm_medium=referral,Ultra Bluetooth Speaker,BrightLeaf Publishing,"The Ultra Bluetooth Speaker 779 by BrightLeaf Publishing delivers dependable performance with quality materials and thoughtful design. It is well suited for everyday use in the sports & outdoors category, offering a strong balance of value and functionality.",Sports & Outdoors,"Giftable, Lightweight, Waterproof, New Arrival, Wireless",691.53,2.6,4184,1473,2017-08-16,.V'?X2g_OLj1,Suraj Kumar,https://unsplash.com/@surajjnv?utm_source=sse554_capstone&utm_medium=referral
https://images.unsplash.com/photo-1571406487954-dc11b0c0767d?crop=entropy&cs=tinysrgb&fit=max&fm=jpg&ixid=M3w4NzQxNTN8MHwxfHNlYXJjaHwxfHxDbGFzc2ljJTIwTEVEJTIwRGVzayUyMExhbXB8ZW58MHx8fHwxNzcyMjI1ODM2fDA&ixlib=rb-4.1.0&q=80&w=1080?utm_source=sse554_capstone&utm_medium=referral,Classic LED Desk Lamp,Maple Street Press,"The Classic LED Desk Lamp 944 by Maple Street Press delivers dependable performance with quality materials and thoughtful design. It is well suited for everyday use in the home & kitchen category, offering a strong balance of value and functionality.",Home & Kitchen,"Versatile, Premium, Limited Edition, Waterproof, Lightweight",707.78,1.7,5379,937,2020-09-17,PrQL&^wCN56i,Monty Allen,https://unsplash.com/@monty_a?utm_source=sse554_capstone&utm_medium=referral
https://images.unsplash.com/photo-1743862558324-64de6d680fbb?crop=entropy&cs=tinysrgb&fit=max&fm=jpg&ixid=M3w4NzQxNTN8MHwxfHNlYXJjaHwxfHxQb3J0YWJsZSUyME1lY2hhbmljYWwlMjBLZXlib2FyZHxlbnwwfHx8fDE3NzIyMjU4NzZ8MA&ixlib=rb-4.1.0&q=80&w=1080?utm_source=sse554_capstone&utm_medium=referral,Portable Mechanical Keyboard,Horizon Tech,"The Portable Mechanical Keyboard 703 by Horizon Tech delivers dependable performance with quality materials and thoughtful design. It is well suited for everyday use in the books category, offering a strong balance of value and functionality.",Books,"Rechargeable, Essential, Premium, Versatile, Ergonomic",669.44,1.2,2719,850,2018-06-12,3=Ty\g%ghaL9,Huy Phan,https://unsplash.com/@huyphan2602?utm_source=sse554_capstone&utm_medium=referral
https://images.unsplash.com/photo-1758577515333-e71b713059f1?crop=entropy&cs=tinysrgb&fit=max&fm=jpg&ixid=M3w4NzQxNTN8MHwxfHNlYXJjaHwxfHxDb21wYWN0JTIwRml0bmVzcyUyMFRyYWNrZXJ8ZW58MHx8fHwxNzcyMjI1ODQxfDA&ixlib=rb-4.1.0&q=80&w=1080?utm_source=sse554_capstone&utm_medium=referral,Compact Fitness Tracker,Horizon Tech,"The Compact Fitness Tracker 956 by Horizon Tech delivers dependable performance with quality materials and thoughtful design. It is well suited for everyday use in the books category, offering a strong balance of value and functionality.",Books,"New Arrival, Premium, Portable, Durable, Modern",308.69,4.6,7307,1219,2024-10-15,f<?|kMo2&7dl,Andrey Matveev,https://unsplash.com/@zelebb?utm_source=sse554_capstone&utm_medium=referral
https://images.unsplash.com/photo-1660084161327-84cb724beae5?crop=entropy&cs=tinysrgb&fit=max&fm=jpg&ixid=M3w4NzQxNTN8MHwxfHNlYXJjaHwxfHxDbGFzc2ljJTIwQmx1ZXRvb3RoJTIwU3BlYWtlcnxlbnwwfHx8fDE3NzIyMjU4MzR8MA&ixlib=rb-4.1.0&q=80&w=1080?utm_source=sse554_capstone&utm_medium=referral,Classic Bluetooth Speaker,BrightLeaf Publishing,"The Classic Bluetooth Speaker 775 by BrightLeaf Publishing delivers dependable performance with quality materials and thoughtful design. It is well suited for everyday use in the books category, offering a strong balance of value and functionality.",Books,"Waterproof, Bestseller, Ergonomic, Giftable, Lightweight",464.07,2.3,5552,1231,2023-04-05,C7nlC\/F{"3O,Bridecka Hughes,https://unsplash.com/@brideckahughes?utm_source=sse554_capstone&utm_medium=referral
https://images.unsplash.com/photo-1643136108890-c079a7cd08cc?crop=entropy&cs=tinysrgb&fit=max&fm=jpg&ixid=M3w4NzQxNTN8MHwxfHNlYXJjaHwxfHxDbGFzc2ljJTIwNEslMjBNb25pdG9yfGVufDB8fHx8MTc3MjIyNTg2Nnww&ixlib=rb-4.1.0&q=80&w=1080?utm_source=sse554_capstone&utm_medium=referral,Classic 4K Monitor,SilverLine Electronics,"The Classic 4K Monitor 513 by SilverLine Electronics delivers dependable performance with quality materials and thoughtful design. It is well suited for everyday use in the home & kitchen category, offering a strong balance of value and functionality.",Home & Kitchen,"Rechargeable, Wireless, Bestseller, Limited Edition, Essential",150.3,1.7,2596,1307,2019-12-24,8F/QjXO!PH`#,Neli Cerquetella,https://unsplash.com/@nelibird?utm_source=sse554_capstone&utm_medium=referral
https://images.unsplash.com/photo-1760553120955-b67aa3662355?crop=entropy&cs=tinysrgb&fit=max&fm=jpg&ixid=M3w4NzQxNTN8MHwxfHNlYXJjaHwxfHxTbWFydCUyME1lY2hhbmljYWwlMjBLZXlib2FyZHxlbnwwfHx8fDE3NzIyMjU4OTZ8MA&ixlib=rb-4.1.0&q=80&w=1080?utm_source=sse554_capstone&utm_medium=referral,Smart Mechanical Keyboard,Horizon Tech,"The Smart Mechanical Keyboard 754 by Horizon Tech delivers dependable performance with quality materials and thoughtful design. It is well suited for everyday use in the clothing category, offering a strong balance of value and functionality.",Clothing,"Versatile, Limited Edition, Durable, Modern, Essential",571.42,3.5,8712,247,2021-09-14,R+6sI7$4%QNa,Anoof C,https://unsplash.com/@anoofc?utm_source=sse554_capstone&utm_medium=referral
https://images.unsplash.com/photo-1586187543706-b43086b30978?crop=entropy&cs=tinysrgb&fit=max&fm=jpg&ixid=M3w4NzQxNTN8MHwxfHNlYXJjaHwxfHxQb3J0YWJsZSUyMEV4dGVybmFsJTIwSGFyZCUyMERyaXZlfGVufDB8fHx8MTc3MjIyNTg5OHww&ixlib=rb-4.1.0&q=80&w=1080?utm_source=sse554_capstone&utm_medium=referral,Portable External Hard Drive,NorthPeak,"The Portable External Hard Drive 222 by NorthPeak delivers dependable performance with quality materials and thoughtful design. It is well suited for everyday use in the office supplies category, offering a strong balance of value and functionality.",Office Supplies,"Ergonomic, Durable, Versatile, Premium, Compact",309.97,1.6,3977,22,2024-10-14,#jeRvBXLkL4],Everyday Basics,https://unsplash.com/@zanardi?utm_source=sse554_capstone&utm_medium=referral
https://images.unsplash.com/photo-1665525639666-33a0cc1f6ab0?crop=entropy&cs=tinysrgb&fit=max&fm=jpg&ixid=M3w4NzQxNTN8MHwxfHNlYXJjaHwxfHxQcm9mZXNzaW9uYWwlMjBOb2lzZSUyMENhbmNlbGxpbmclMjBIZWFkcGhvbmVzfGVufDB8fHx8MTc3MjIyNTg3Nnww&ixlib=rb-4.1.0&q=80&w=1080?utm_source=sse554_capstone&utm_medium=referral,Professional Noise Cancelling Headphones,UrbanNest,"The Professional Noise Cancelling Headphones 725 by UrbanNest delivers dependable performance with quality materials and thoughtful design. It is well suited for everyday use in the office supplies category, offering a strong balance of value and functionality.",Office Supplies,"Compact, Modern, Bestseller, Limited Edition, Ergonomic",664.73,3.7,4314,1381,2020-03-08,_+V6EGbZ=:C8,Amr Taha™,https://unsplash.com/@amr_taha?utm_source=sse554_capstone&utm_medium=referral
https://images.unsplash.com/photo-1759398430338-8057876edf61?crop=entropy&cs=tinysrgb&fit=max&fm=jpg&ixid=M3w4NzQxNTN8MHwxfHNlYXJjaHwxfHxDb21wYWN0JTIwRWxlY3RyaWMlMjBLZXR0bGV8ZW58MHx8fHwxNzcyMjI1ODkxfDA&ixlib=rb-4.1.0&q=80&w=1080?utm_source=sse554_capstone&utm_medium=referral,Compact Electric Kettle,Maple Street Press,"The Compact Electric Kettle 326 by Maple Street Press delivers dependable performance with quality materials and thoughtful design. It is well suited for everyday use in the home & kitchen category, offering a strong balance of value and functionality.",Home & Kitchen,"Lightweight, New Arrival, Premium, Modern, Waterproof",767.6,3.7,5991,990,2017-04-22,MJ8geK2mZUgz,Oksana Beseda,https://unsplash.com/@sanasana_bebe?utm_source=sse554_capstone&utm_medium=referral
https://images.unsplash.com/photo-1766411503497-911658181192?crop=entropy&cs=tinysrgb&fit=max&fm=jpg&ixid=M3w4NzQxNTN8MHwxfHNlYXJjaHwxfHxQb3J0YWJsZSUyMExFRCUyMERlc2slMjBMYW1wfGVufDB8fHx8MTc3MjIyNTg4Nnww&ixlib=rb-4.1.0&q=80&w=1080?utm_source=sse554_capstone&utm_medium=referral,Portable LED Desk Lamp,SilverLine Electronics,"The Portable LED Desk Lamp 150 by SilverLine Electronics delivers dependable performance with quality materials and thoughtful design. It is well suited for everyday use in the office supplies category, offering a strong balance of value and functionality.",Office Supplies,"Giftable, Premium, Wireless, Bestseller, New Arrival",798.03,2.2,2604,926,2024-10-15,|wq?_I'5{<>S,Puscas Adryan,https://unsplash.com/@adryan_studio?utm_source=sse554_capstone&utm_medium=referral
https://images.unsplash.com/photo-1758774019261-e11c8aadacb2?crop=entropy&cs=tinysrgb&fit=max&fm=jpg&ixid=M3w4NzQxNTN8MHwxfHNlYXJjaHwxfHxQcmVtaXVtJTIwQWN0aW9uJTIwQ2FtZXJhfGVufDB8fHx8MTc3MjIyNTg1NXww&ixlib=rb-4.1.0&q=80&w=1080?utm_source=sse554_capstone&utm_medium=referral,Premium Action Camera,Horizon Tech,"The Premium Action Camera 873 by Horizon Tech delivers dependable performance with quality materials and thoughtful design. It is well suited for everyday use in the home & kitchen category, offering a strong balance of value and functionality.",Home & Kitchen,"New Arrival, Wireless, Lightweight, Rechargeable, Waterproof",109.35,4.7,3909,1960,2022-04-12,"KCW?Y{,3taw$",David Liceaga,https://unsplash.com/@liceagadavid?utm_source=sse554_capstone&utm_medium=referral
https://images.unsplash.com/photo-1572341396754-c8b300b56292?crop=entropy&cs=tinysrgb&fit=max&fm=jpg&ixid=M3w4NzQxNTN8MHwxfHNlYXJjaHwxfHxDb21wYWN0JTIwWW9nYSUyME1hdHxlbnwwfHx8fDE3NzIyMjU4MzN8MA&ixlib=rb-4.1.0&q=80&w=1080?utm_source=sse554_capstone&utm_medium=referral,Compact Yoga Mat,BlueRiver Outfitters,"The Compact Yoga Mat 302 by BlueRiver Outfitters delivers dependable performance with quality materials and thoughtful design. It is well suited for everyday use in the home & kitchen category, offering a strong balance of value and functionality.",Home & Kitchen,"Giftable, Portable, Versatile, Bestseller, New Arrival",668.9,4.8,7751,456,2017-11-18,"""!<k+P7Cu)B@",Klara Kulikova,https://unsplash.com/@kkalerry?utm_source=sse554_capstone&utm_medium=referral
https://images.unsplash.com/photo-1624948384140-e48e47087fad?crop=entropy&cs=tinysrgb&fit=max&fm=jpg&ixid=M3w4NzQxNTN8MHwxfHNlYXJjaHwxfHxTbWFydCUyMDRLJTIwTW9uaXRvcnxlbnwwfHx8fDE3NzIyMjU4Nzh8MA&ixlib=rb-4.1.0&q=80&w=1080?utm_source=sse554_capstone&utm_medium=referral,Smart 4K Monitor,SilverLine Electronics,"The Smart 4K Monitor 624 by SilverLine Electronics delivers dependable performance with quality materials and thoughtful design. It is well suited for everyday use in the office supplies category, offering a strong balance of value and functionality.",Office Supplies,"Portable, Compact, Lightweight, Giftable, Ergonomic",62.25,4.5,1771,831,2024-03-04,8xWFe9LQ`3Lp,Dennis Irorere,https://unsplash.com/@denironyx?utm_source=sse554_capstone&utm_medium=referral
https://images.unsplash.com/photo-1754821305530-8e3c7b8deda2?crop=entropy&cs=tinysrgb&fit=max&fm=jpg&ixid=M3w4NzQxNTN8MHwxfHNlYXJjaHwxfHxXaXJlbGVzcyUyMEZpdG5lc3MlMjBUcmFja2VyfGVufDB8fHx8MTc3MjIyNTg0Nnww&ixlib=rb-4.1.0&q=80&w=1080?utm_source=sse554_capstone&utm_medium=referral,Wireless Fitness Tracker,Horizon Tech,"The Wireless Fitness Tracker 545 by Horizon Tech delivers dependable performance with quality materials and thoughtful design. It is well suited for everyday use in the sports & outdoors category, offering a strong balance of value and functionality.",Sports & Outdoors,"Compact, Limited Edition, Rechargeable, Lightweight, Premium",450.26,1.8,3703,1281,2024-09-15,0k%Vc(Ok9^MA,Andrey Matveev,https://unsplash.com/@zelebb?utm_source=sse554_capstone&utm_medium=referral
https://images.unsplash.com/photo-1766713993296-4b7ce61e9ace?crop=entropy&cs=tinysrgb&fit=max&fm=jpg&ixid=M3w4NzQxNTN8MHwxfHNlYXJjaHwxfHxQb3J0YWJsZSUyMEdhbWluZyUyME1vdXNlfGVufDB8fHx8MTc3MjIyNTgyNXww&ixlib=rb-4.1.0&q=80&w=1080?utm_source=sse554_capstone&utm_medium=referral,Portable Gaming Mouse,UrbanNest,"The Portable Gaming Mouse 217 by UrbanNest delivers dependable performance with quality materials and thoughtful design. It is well suited for everyday use in the sports & outdoors category, offering a strong balance of value and functionality.",Sports & Outdoors,"Portable, New Arrival, Durable, Bestseller, Limited Edition",473.8,4.8,4480,1659,2024-07-08,c|'9G'"/$@F8,Dou Buhiu,https://unsplash.com/@doubuhi?utm_source=sse554_capstone&utm_medium=referral
https://images.unsplash.com/photo-1695712551608-b118cc5a39e4?crop=entropy&cs=tinysrgb&fit=max&fm=jpg&ixid=M3w4NzQxNTN8MHwxfHNlYXJjaHwxfHxFY28lMjBCbHVldG9vdGglMjBTcGVha2VyfGVufDB8fHx8MTc3MjIyNTgzNXww&ixlib=rb-4.1.0&q=80&w=1080?utm_source=sse554_capstone&utm_medium=referral,Eco Bluetooth Speaker,NorthPeak,"The Eco Bluetooth Speaker 754 by NorthPeak delivers dependable performance with quality materials and thoughtful design. It is well suited for everyday use in the office supplies category, offering a strong balance of value and functionality.",Office Supplies,"Limited Edition, Modern, New Arrival, Rechargeable, Ergonomic",663.6,1.4,3337,1070,2019-08-02,|*pZyy+BT\$|,Gomi,https://unsplash.com/@gomi_design?utm_source=sse554_capstone&utm_medium=referral
https://images.unsplash.com/photo-1754821305530-8e3c7b8deda2?crop=entropy&cs=tinysrgb&fit=max&fm=jpg&ixid=M3w4NzQxNTN8MHwxfHNlYXJjaHwxfHxQcm9mZXNzaW9uYWwlMjBGaXRuZXNzJTIwVHJhY2tlcnxlbnwwfHx8fDE3NzIyMjU4OTN8MA&ixlib=rb-4.1.0&q=80&w=1080?utm_source=sse554_capstone&utm_medium=referral,Professional Fitness Tracker,Summit Gear Co.,"The Professional Fitness Tracker 374 by Summit Gear Co. delivers dependable performance with quality materials and thoughtful design. It is well suited for everyday use in the office supplies category, offering a strong balance of value and functionality.",Office Supplies,"Bestseller, Giftable, Limited Edition, Premium, Lightweight",443.15,1.6,8353,578,2024-12-30,4'\[+lG>&o%k,Andrey Matveev,https://unsplash.com/@zelebb?utm_source=sse554_capstone&utm_medium=referral
https://images.unsplash.com/photo-1588279102558-dabc7b32d9b1?crop=entropy&cs=tinysrgb&fit=max&fm=jpg&ixid=M3w4NzQxNTN8MHwxfHNlYXJjaHwxfHxDbGFzc2ljJTIwQ29va3dhcmUlMjBTZXR8ZW58MHx8fHwxNzcyMjI1ODQ1fDA&ixlib=rb-4.1.0&q=80&w=1080?utm_source=sse554_capstone&utm_medium=referral,Classic Cookware Set,UrbanNest,"The Classic Cookware Set 958 by UrbanNest delivers dependable performance with quality materials and thoughtful design. It is well suited for everyday use in the clothing category, offering a strong balance of value and functionality.",Clothing,"Portable, Bestseller, Lightweight, Premium, Wireless",195.62,1.8,1262,782,2022-05-07,Wb?|sxp"SC5$,Cooker King,https://unsplash.com/@cookerking?utm_source=sse554_capstone&utm_medium=referral
https://images.unsplash.com/photo-1752854048645-15ab5d246bd4?crop=entropy&cs=tinysrgb&fit=max&fm=jpg&ixid=M3w4NzQxNTN8MHwxfHNlYXJjaHwxfHxFY28lMjBTY2llbmNlJTIwRmljdGlvbiUyME5vdmVsfGVufDB8fHx8MTc3MjIyNTg1M3ww&ixlib=rb-4.1.0&q=80&w=1080?utm_source=sse554_capstone&utm_medium=referral,Eco Science Fiction Novel,Horizon Tech,"The Eco Science Fiction Novel 109 by Horizon Tech delivers dependable performance with quality materials and thoughtful design. It is well suited for everyday use in the clothing category, offering a strong balance of value and functionality.",Clothing,"Modern, Lightweight, Durable, Portable, Limited Edition",37.76,4.4,704,477,2025-02-28,Ki[y=w)|*~fG,Hanna Lazar,https://unsplash.com/@potokvarte?utm_source=sse554_capstone&utm_medium=referral
https://images.unsplash.com/photo-1754821305530-8e3c7b8deda2?crop=entropy&cs=tinysrgb&fit=max&fm=jpg&ixid=M3w4NzQxNTN8MHwxfHNlYXJjaHwxfHxXaXJlbGVzcyUyMEZpdG5lc3MlMjBUcmFja2VyfGVufDB8fHx8MTc3MjIyNTg0Nnww&ixlib=rb-4.1.0&q=80&w=1080?utm_source=sse554_capstone&utm_medium=referral,Wireless Fitness Tracker,SilverLine Electronics,"The Wireless Fitness Tracker 958 by SilverLine Electronics delivers dependable performance with quality materials and thoughtful design. It is well suited for everyday use in the office supplies category, offering a strong balance of value and functionality.",Office Supplies,"Limited Edition, Bestseller, Wireless, Premium, Modern",17.25,3.3,8002,491,2021-12-22,"[+,JHm=vR{eK",Andrey Matveev,https://unsplash.com/@zelebb?utm_source=sse554_capstone&utm_medium=referral
https://images.unsplash.com/photo-1699419936948-d63709c01a8b?crop=entropy&cs=tinysrgb&fit=max&fm=jpg&ixid=M3w4NzQxNTN8MHwxfHNlYXJjaHwxfHxVbHRyYSUyMFNtYXJ0cGhvbmUlMjBTdGFuZHxlbnwwfHx8fDE3NzIyMjU4Njl8MA&ixlib=rb-4.1.0&q=80&w=1080?utm_source=sse554_capstone&utm_medium=referral,Ultra Smartphone Stand,Horizon Tech,"The Ultra Smartphone Stand 864 by Horizon Tech delivers dependable performance with quality materials and thoughtful design. It is well suited for everyday use in the home & kitchen category, offering a strong balance of value and functionality.",Home & Kitchen,"Versatile, New Arrival, Lightweight, Premium, Modern",420.23,1.9,4333,1729,2020-04-11,'"$T{tK#_8z",Sunil Kumar,https://unsplash.com/@designbyhelios?utm_source=sse554_capstone&utm_medium=referral
https://images.unsplash.com/photo-1768332487888-326fa7dabbf2?crop=entropy&cs=tinysrgb&fit=max&fm=jpg&ixid=M3w4NzQxNTN8MHwxfHNlYXJjaHwxfHxDbGFzc2ljJTIwQ29va2Jvb2t8ZW58MHx8fHwxNzcyMjI1ODUyfDA&ixlib=rb-4.1.0&q=80&w=1080?utm_source=sse554_capstone&utm_medium=referral,Classic Cookbook,BlueRiver Outfitters,"The Classic Cookbook 200 by BlueRiver Outfitters delivers dependable performance with quality materials and thoughtful design. It is well suited for everyday use in the home & kitchen category, offering a strong balance of value and functionality.",Home & Kitchen,"Giftable, Bestseller, Versatile, Compact, Lightweight",548.28,2.7,9588,27,2022-11-02,D5zN:bo~04-A,Kamilla Isalieva,https://unsplash.com/@kamillaisalieva?utm_source=sse554_capstone&utm_medium=referral
https://images.unsplash.com/photo-1694405145070-e58cc29771fa?crop=entropy&cs=tinysrgb&fit=max&fm=jpg&ixid=M3w4NzQxNTN8MHwxfHNlYXJjaHwxfHxXaXJlbGVzcyUyME1lY2hhbmljYWwlMjBLZXlib2FyZHxlbnwwfHx8fDE3NzIyMjU4Mzd8MA&ixlib=rb-4.1.0&q=80&w=1080?utm_source=sse554_capstone&utm_medium=referral,Wireless Mechanical Keyboard,Horizon Tech,"The Wireless Mechanical Keyboard 628 by Horizon Tech delivers dependable performance with quality materials and thoughtful design. It is well suited for everyday use in the home & kitchen category, offering a strong balance of value and functionality.",Home & Kitchen,"Bestseller, Ergonomic, Compact, Essential, Modern",211.53,2.4,8439,1976,2024-06-05,"]Bcz,!@@(4Hh",Padraig Treanor,https://unsplash.com/@padraigo?utm_source=sse554_capstone&utm_medium=referral
https://images.unsplash.com/photo-1527800792452-506aacb2101f?crop=entropy&cs=tinysrgb&fit=max&fm=jpg&ixid=M3w4NzQxNTN8MHwxfHNlYXJjaHwxfHxVbHRyYSUyMDRLJTIwTW9uaXRvcnxlbnwwfHx8fDE3NzIyMjU4NTl8MA&ixlib=rb-4.1.0&q=80&w=1080?utm_source=sse554_capstone&utm_medium=referral,Ultra 4K Monitor,Horizon Tech,"The Ultra 4K Monitor 243 by Horizon Tech delivers dependable performance with quality materials and thoughtful design. It is well suited for everyday use in the home & kitchen category, offering a strong balance of value and functionality.",Home & Kitchen,"New Arrival, Rechargeable, Versatile, Lightweight, Bestseller",409.99,4.5,9970,205,2025-04-19,"mI,5y^k1L'0K",Alexandru Acea,https://unsplash.com/@alexacea?utm_source=sse554_capstone&utm_medium=referral
https://images.unsplash.com/photo-1771310972931-79fd85c98b02?crop=entropy&cs=tinysrgb&fit=max&fm=jpg&ixid=M3w4NzQxNTN8MHwxfHNlYXJjaHwxfHxQcm9mZXNzaW9uYWwlMjBZb2dhJTIwTWF0fGVufDB8fHx8MTc3MjIyNTg1MHww&ixlib=rb-4.1.0&q=80&w=1080?utm_source=sse554_capstone&utm_medium=referral,Professional Yoga Mat,Summit Gear Co.,"The Professional Yoga Mat 782 by Summit Gear Co. delivers dependable performance with quality materials and thoughtful design. It is well suited for everyday use in the clothing category, offering a strong balance of value and functionality.",Clothing,"Bestseller, Compact, New Arrival, Modern, Premium",500.57,2.8,7946,1935,2018-04-14,1Kuv)04R#>yX,Christian Agbede,https://unsplash.com/@chriscreations__?utm_source=sse554_capstone&utm_medium=referral
https://images.unsplash.com/photo-1758599879693-9e06f55a4ded?crop=entropy&cs=tinysrgb&fit=max&fm=jpg&ixid=M3w4NzQxNTN8MHwxfHNlYXJjaHwxfHxFY28lMjBZb2dhJTIwTWF0fGVufDB8fHx8MTc3MjIyNTg2MXww&ixlib=rb-4.1.0&q=80&w=1080?utm_source=sse554_capstone&utm_medium=referral,Eco Yoga Mat,Horizon Tech,"The Eco Yoga Mat 723 by Horizon Tech delivers dependable performance with quality materials and thoughtful design. It is well suited for everyday use in the office supplies category, offering a strong balance of value and functionality.",Office Supplies,"Compact, Versatile, Ergonomic, Bestseller, Rechargeable",740.14,3.3,8262,710,2022-06-05,",aybx+C\WPBk",Vitaly Gariev,https://unsplash.com/@silverkblack?utm_source=sse554_capstone&utm_medium=referral
https://images.unsplash.com/photo-1739001411231-4fc0f4140259?crop=entropy&cs=tinysrgb&fit=max&fm=jpg&ixid=M3w4NzQxNTN8MHwxfHNlYXJjaHwxfHxQb3J0YWJsZSUyMEdyYXBoaWMlMjBULVNoaXJ0fGVufDB8fHx8MTc3MjIyNTg2NXww&ixlib=rb-4.1.0&q=80&w=1080?utm_source=sse554_capstone&utm_medium=referral,Portable Graphic T-Shirt,Maple Street Press,"The Portable Graphic T-Shirt 619 by Maple Street Press delivers dependable performance with quality materials and thoughtful design. It is well suited for everyday use in the home & kitchen category, offering a strong balance of value and functionality.",Home & Kitchen,"Versatile, Giftable, Durable, Compact, Portable",611.42,3.7,9205,565,2022-10-30,~"S3D`N3;XF7,Jay Soundo,https://unsplash.com/@jaysoundo?utm_source=sse554_capstone&utm_medium=referral
https://images.unsplash.com/photo-1771370580887-d41ae6d1d6ed?crop=entropy&cs=tinysrgb&fit=max&fm=jpg&ixid=M3w4NzQxNTN8MHwxfHNlYXJjaHwxfHxDb21wYWN0JTIwTWVjaGFuaWNhbCUyMEtleWJvYXJkfGVufDB8fHx8MTc3MjIyNTg1NHww&ixlib=rb-4.1.0&q=80&w=1080?utm_source=sse554_capstone&utm_medium=referral,Compact Mechanical Keyboard,UrbanNest,"The Compact Mechanical Keyboard 535 by UrbanNest delivers dependable performance with quality materials and thoughtful design. It is well suited for everyday use in the home & kitchen category, offering a strong balance of value and functionality.",Home & Kitchen,"Versatile, Essential, Portable, Bestseller, Limited Edition",100.53,3.5,6985,1100,2021-03-06,FiVE~O/=*~G},Marcus Richardson,https://unsplash.com/@marcusrichardson?utm_source=sse554_capstone&utm_medium=referral
https://images.unsplash.com/photo-1586187543706-b43086b30978?crop=entropy&cs=tinysrgb&fit=max&fm=jpg&ixid=M3w4NzQxNTN8MHwxfHNlYXJjaHwxfHxFY28lMjBFeHRlcm5hbCUyMEhhcmQlMjBEcml2ZXxlbnwwfHx8fDE3NzIyMjU4ODN8MA&ixlib=rb-4.1.0&q=80&w=1080?utm_source=sse554_capstone&utm_medium=referral,Eco External Hard Drive,Horizon Tech,"The Eco External Hard Drive 451 by Horizon Tech delivers dependable performance with quality materials and thoughtful design. It is well suited for everyday use in the clothing category, offering a strong balance of value and functionality.",Clothing,"Giftable, Versatile, Ergonomic, Wireless, Portable",134.52,2.7,7338,1338,2019-08-28,D<|$2P9NQ;%o,Everyday Basics,https://unsplash.com/@zanardi?utm_source=sse554_capstone&utm_medium=referral
https://images.unsplash.com/photo-1752367428176-2b0cd6cc11b4?crop=entropy&cs=tinysrgb&fit=max&fm=jpg&ixid=M3w4NzQxNTN8MHwxfHNlYXJjaHwxfHxXaXJlbGVzcyUyMEVsZWN0cmljJTIwS2V0dGxlfGVufDB8fHx8MTc3MjIyNTgzMHww&ixlib=rb-4.1.0&q=80&w=1080?utm_source=sse554_capstone&utm_medium=referral,Wireless Electric Kettle,Maple Street Press,"The Wireless Electric Kettle 423 by Maple Street Press delivers dependable performance with quality materials and thoughtful design. It is well suited for everyday use in the sports & outdoors category, offering a strong balance of value and functionality.",Sports & Outdoors,"Wireless, New Arrival, Versatile, Compact, Premium",356.24,3.0,7847,1134,2022-02-20,~"mtn:v}e"c^,Rodrigo Araya,https://unsplash.com/@rodrigotypo?utm_source=sse554_capstone&utm_medium=referral
https://images.unsplash.com/photo-1674303324806-7018a739ed11?crop=entropy&cs=tinysrgb&fit=max&fm=jpg&ixid=M3w4NzQxNTN8MHwxfHNlYXJjaHwxfHxXaXJlbGVzcyUyMEJsdWV0b290aCUyMFNwZWFrZXJ8ZW58MHx8fHwxNzcyMjI1ODQ2fDA&ixlib=rb-4.1.0&q=80&w=1080?utm_source=sse554_capstone&utm_medium=referral,Wireless Bluetooth Speaker,BrightLeaf Publishing,"The Wireless Bluetooth Speaker 206 by BrightLeaf Publishing delivers dependable performance with quality materials and thoughtful design. It is well suited for everyday use in the home & kitchen category, offering a strong balance of value and functionality.",Home & Kitchen,"Portable, Ergonomic, Premium, Essential, Limited Edition",44.03,2.7,4657,1599,2023-08-07,\n1Awlv!efl>,Andrey Matveev,https://unsplash.com/@zelebb?utm_source=sse554_capstone&utm_medium=referral
https://images.unsplash.com/photo-1769686420474-3c1f242aa64f?crop=entropy&cs=tinysrgb&fit=max&fm=jpg&ixid=M3w4NzQxNTN8MHwxfHNlYXJjaHwxfHxXaXJlbGVzcyUyMFNjaWVuY2UlMjBGaWN0aW9uJTIwTm92ZWx8ZW58MHx8fHwxNzcyMjI1ODczfDA&ixlib=rb-4.1.0&q=80&w=1080?utm_source=sse554_capstone&utm_medium=referral,Wireless Science Fiction Novel,BrightLeaf Publishing,"The Wireless Science Fiction Novel 368 by BrightLeaf Publishing delivers dependable performance with quality materials and thoughtful design. It is well suited for everyday use in the sports & outdoors category, offering a strong balance of value and functionality.",Sports & Outdoors,"Durable, Versatile, Waterproof, Giftable, New Arrival",648.04,3.2,5507,1380,2020-02-16,/Fw*o::0*(k$,Georgiy Lyamin,https://unsplash.com/@glyamin?utm_source=sse554_capstone&utm_medium=referral
https://images.unsplash.com/photo-1615433366992-1586f3b8fca5?crop=entropy&cs=tinysrgb&fit=max&fm=jpg&ixid=M3w4NzQxNTN8MHwxfHNlYXJjaHwxfHxXaXJlbGVzcyUyME5vaXNlJTIwQ2FuY2VsbGluZyUyMEhlYWRwaG9uZXN8ZW58MHx8fHwxNzcyMjI1ODUzfDA&ixlib=rb-4.1.0&q=80&w=1080?utm_source=sse554_capstone&utm_medium=referral,Wireless Noise Cancelling Headphones,BrightLeaf Publishing,"The Wireless Noise Cancelling Headphones 314 by BrightLeaf Publishing delivers dependable performance with quality materials and thoughtful design. It is well suited for everyday use in the sports & outdoors category, offering a strong balance of value and functionality.",Sports & Outdoors,"Lightweight, Modern, Giftable, Premium, Portable",414.25,2.2,5697,613,2022-07-10,*V|7A\GZkZE4,Sj 📸,https://unsplash.com/@uxsj_ph?utm_source=sse554_capstone&utm_medium=referral
https://images.unsplash.com/photo-1674303324806-7018a739ed11?crop=entropy&cs=tinysrgb&fit=max&fm=jpg&ixid=M3w4NzQxNTN8MHwxfHNlYXJjaHwxfHxXaXJlbGVzcyUyMEJsdWV0b290aCUyMFNwZWFrZXJ8ZW58MHx8fHwxNzcyMjI1ODQ2fDA&ixlib=rb-4.1.0&q=80&w=1080?utm_source=sse554_capstone&utm_medium=referral,Wireless Bluetooth Speaker,BrightLeaf Publishing,"The Wireless Bluetooth Speaker 912 by BrightLeaf Publishing delivers dependable performance with quality materials and thoughtful design. It is well suited for everyday use in the electronics category, offering a strong balance of value and functionality.",Electronics,"Wireless, Lightweight, Durable, New Arrival, Ergonomic",398.66,1.3,8690,313,2017-08-22,"(hn51Do1&,7K",Andrey Matveev,https://unsplash.com/@zelebb?utm_source=sse554_capstone&utm_medium=referral
https://images.unsplash.com/photo-1767570867725-8e172fe718bf?crop=entropy&cs=tinysrgb&fit=max&fm=jpg&ixid=M3w4NzQxNTN8MHwxfHNlYXJjaHwxfHxQcmVtaXVtJTIwR3JhcGhpYyUyMFQtU2hpcnR8ZW58MHx8fHwxNzcyMjI1ODg2fDA&ixlib=rb-4.1.0&q=80&w=1080?utm_source=sse554_capstone&utm_medium=referral,Premium Graphic T-Shirt,NorthPeak,"The Premium Graphic T-Shirt 675 by NorthPeak delivers dependable performance with quality materials and thoughtful design. It is well suited for everyday use in the clothing category, offering a strong balance of value and functionality.",Clothing,"Premium, Waterproof, Wireless, Portable, Essential",521.3,2.8,7970,1021,2022-10-07,m4*T2f{i(\0r,Ace Maxwell,https://unsplash.com/@acemaxwell?utm_source=sse554_capstone&utm_medium=referral
https://images.unsplash.com/photo-1760730965577-64d5c3c5a29e?crop=entropy&cs=tinysrgb&fit=max&fm=jpg&ixid=M3w4NzQxNTN8MHwxfHNlYXJjaHwxfHxBZHZhbmNlZCUyMEdyYXBoaWMlMjBULVNoaXJ0fGVufDB8fHx8MTc3MjIyNTgzOXww&ixlib=rb-4.1.0&q=80&w=1080?utm_source=sse554_capstone&utm_medium=referral,Advanced Graphic T-Shirt,NorthPeak,"The Advanced Graphic T-Shirt 631 by NorthPeak delivers dependable performance with quality materials and thoughtful design. It is well suited for everyday use in the books category, offering a strong balance of value and functionality.",Books,"Versatile, Ergonomic, Compact, Essential, Rechargeable",264.04,3.9,4396,1759,2021-06-24,MzhQ>Rj6LiEY,Lhon Karwan,https://unsplash.com/@lhonkarwanhamasalih?utm_source=sse554_capstone&utm_medium=referral
https://images.unsplash.com/photo-1758599879693-9e06f55a4ded?crop=entropy&cs=tinysrgb&fit=max&fm=jpg&ixid=M3w4NzQxNTN8MHwxfHNlYXJjaHwxfHxFY28lMjBZb2dhJTIwTWF0fGVufDB8fHx8MTc3MjIyNTg2MXww&ixlib=rb-4.1.0&q=80&w=1080?utm_source=sse554_capstone&utm_medium=referral,Eco Yoga Mat,BlueRiver Outfitters,"The Eco Yoga Mat 528 by BlueRiver Outfitters delivers dependable performance with quality materials and thoughtful design. It is well suited for everyday use in the home & kitchen category, offering a strong balance of value and functionality.",Home & Kitchen,"Portable, Premium, Limited Edition, Modern, Compact",449.31,1.7,3201,441,2024-03-12,`keltn}+~)]y,Vitaly Gariev,https://unsplash.com/@silverkblack?utm_source=sse554_capstone&utm_medium=referral
https://images.unsplash.com/photo-1754479125079-b5b48318547e?crop=entropy&cs=tinysrgb&fit=max&fm=jpg&ixid=M3w4NzQxNTN8MHwxfHNlYXJjaHwxfHxDbGFzc2ljJTIwQmFja3BhY2t8ZW58MHx8fHwxNzcyMjI1ODI0fDA&ixlib=rb-4.1.0&q=80&w=1080?utm_source=sse554_capstone&utm_medium=referral,Classic Backpack,UrbanNest,"The Classic Backpack 964 by UrbanNest delivers dependable performance with quality materials and thoughtful design. It is well suited for everyday use in the clothing category, offering a strong balance of value and functionality.",Clothing,"Modern, Versatile, Wireless, Ergonomic, Premium",351.86,2.8,3294,1428,2025-04-07,hY4T??s;_~-x,Johan Mouchet,https://unsplash.com/@johanmouchet?utm_source=sse554_capstone&utm_medium=referral
https://images.unsplash.com/photo-1733218430878-902cc0cff502?crop=entropy&cs=tinysrgb&fit=max&fm=jpg&ixid=M3w4NzQxNTN8MHwxfHNlYXJjaHwxfHxBZHZhbmNlZCUyMEFjdGlvbiUyMENhbWVyYXxlbnwwfHx8fDE3NzIyMjU4NTZ8MA&ixlib=rb-4.1.0&q=80&w=1080?utm_source=sse554_capstone&utm_medium=referral,Advanced Action Camera,Summit Gear Co.,"The Advanced Action Camera 376 by Summit Gear Co. delivers dependable performance with quality materials and thoughtful design. It is well suited for everyday use in the electronics category, offering a strong balance of value and functionality.",Electronics,"Essential, Giftable, New Arrival, Premium, Portable",585.37,4.0,6479,507,2016-09-18,&h)IKmk$;kn8,Duc Van,https://unsplash.com/@duke91?utm_source=sse554_capstone&utm_medium=referral
https://images.unsplash.com/photo-1658423594131-870bc585a9f2?crop=entropy&cs=tinysrgb&fit=max&fm=jpg&ixid=M3w4NzQxNTN8MHwxfHNlYXJjaHwxfHxQcmVtaXVtJTIwTWVjaGFuaWNhbCUyMEtleWJvYXJkfGVufDB8fHx8MTc3MjIyNTg4NHww&ixlib=rb-4.1.0&q=80&w=1080?utm_source=sse554_capstone&utm_medium=referral,Premium Mechanical Keyboard,SilverLine Electronics,"The Premium Mechanical Keyboard 170 by SilverLine Electronics delivers dependable performance with quality materials and thoughtful design. It is well suited for everyday use in the books category, offering a strong balance of value and functionality.",Books,"Premium, Modern, Versatile, Bestseller, Lightweight",20.16,2.2,8808,136,2023-03-20,M-);ip'InheE,Leon-pascal Jc,https://unsplash.com/@themaker?utm_source=sse554_capstone&utm_medium=referral
https://images.unsplash.com/photo-1633450083431-a111627f6df2?crop=entropy&cs=tinysrgb&fit=max&fm=jpg&ixid=M3w4NzQxNTN8MHwxfHNlYXJjaHwxfHxQcmVtaXVtJTIwRWxlY3RyaWMlMjBLZXR0bGV8ZW58MHx8fHwxNzcyMjI1ODgwfDA&ixlib=rb-4.1.0&q=80&w=1080?utm_source=sse554_capstone&utm_medium=referral,Premium Electric Kettle,Horizon Tech,"The Premium Electric Kettle 260 by Horizon Tech delivers dependable performance with quality materials and thoughtful design. It is well suited for everyday use in the home & kitchen category, offering a strong balance of value and functionality.",Home & Kitchen,"Modern, Lightweight, Rechargeable, Wireless, Waterproof",608.29,3.1,2328,644,2024-07-20,7CRv_{^H/ALL,Hassan Esfahani,https://unsplash.com/@hassanesfahani?utm_source=sse554_capstone&utm_medium=referral
https://images.unsplash.com/photo-1738101001619-f0fd42ceafb0?crop=entropy&cs=tinysrgb&fit=max&fm=jpg&ixid=M3w4NzQxNTN8MHwxfHNlYXJjaHwxfHxFY28lMjBFbGVjdHJpYyUyMEtldHRsZXxlbnwwfHx8fDE3NzIyMjU4NTV8MA&ixlib=rb-4.1.0&q=80&w=1080?utm_source=sse554_capstone&utm_medium=referral,Eco Electric Kettle,NorthPeak,"The Eco Electric Kettle 436 by NorthPeak delivers dependable performance with quality materials and thoughtful design. It is well suited for everyday use in the electronics category, offering a strong balance of value and functionality.",Electronics,"Giftable, Premium, Rechargeable, Bestseller, Ergonomic",319.64,2.2,4095,1504,2017-02-26,+SQ+q]|tMiN~,Haberdoedas,https://unsplash.com/@haberdoedas?utm_source=sse554_capstone&utm_medium=referral
https://images.unsplash.com/photo-1564859227552-81fde4a1df0b?crop=entropy&cs=tinysrgb&fit=max&fm=jpg&ixid=M3w4NzQxNTN8MHwxfHNlYXJjaHwxfHxDbGFzc2ljJTIwR3JhcGhpYyUyMFQtU2hpcnR8ZW58MHx8fHwxNzcyMjI1ODUyfDA&ixlib=rb-4.1.0&q=80&w=1080?utm_source=sse554_capstone&utm_medium=referral,Classic Graphic T-Shirt,Maple Street Press,"The Classic Graphic T-Shirt 395 by Maple Street Press delivers dependable performance with quality materials and thoughtful design. It is well suited for everyday use in the electronics category, offering a strong balance of value and functionality.",Electronics,"Durable, Limited Edition, Lightweight, Ergonomic, New Arrival",469.91,3.2,45,1618,2020-04-02,}E!UK2_?"iPz,Sincerely Media,https://unsplash.com/@sincerelymedia?utm_source=sse554_capstone&utm_medium=referral
https://images.unsplash.com/photo-1758577515333-e71b713059f1?crop=entropy&cs=tinysrgb&fit=max&fm=jpg&ixid=M3w4NzQxNTN8MHwxfHNlYXJjaHwxfHxDb21wYWN0JTIwRml0bmVzcyUyMFRyYWNrZXJ8ZW58MHx8fHwxNzcyMjI1ODQxfDA&ixlib=rb-4.1.0&q=80&w=1080?utm_source=sse554_capstone&utm_medium=referral,Compact Fitness Tracker,Summit Gear Co.,"The Compact Fitness Tracker 624 by Summit Gear Co. delivers dependable performance with quality materials and thoughtful design. It is well suited for everyday use in the sports & outdoors category, offering a strong balance of value and functionality.",Sports & Outdoors,"Wireless, Premium, Portable, Modern, Lightweight",212.24,2.6,7207,704,2018-10-25,L4Aho-TPk6K1,Andrey Matveev,https://unsplash.com/@zelebb?utm_source=sse554_capstone&utm_medium=referral
https://images.unsplash.com/photo-1694405145070-e58cc29771fa?crop=entropy&cs=tinysrgb&fit=max&fm=jpg&ixid=M3w4NzQxNTN8MHwxfHNlYXJjaHwxfHxXaXJlbGVzcyUyME1lY2hhbmljYWwlMjBLZXlib2FyZHxlbnwwfHx8fDE3NzIyMjU4Mzd8MA&ixlib=rb-4.1.0&q=80&w=1080?utm_source=sse554_capstone&utm_medium=referral,Wireless Mechanical Keyboard,Horizon Tech,"The Wireless Mechanical Keyboard 273 by Horizon Tech delivers dependable performance with quality materials and thoughtful design. It is well suited for everyday use in the sports & outdoors category, offering a strong balance of value and functionality.",Sports & Outdoors,"Essential, Ergonomic, Modern, Premium, Waterproof",122.07,2.4,9285,1006,2024-12-27,fz]\Rxsh<Q.j,Padraig Treanor,https://unsplash.com/@padraigo?utm_source=sse554_capstone&utm_medium=referral
https://images.unsplash.com/photo-1765332374240-5743e37e0341?crop=entropy&cs=tinysrgb&fit=max&fm=jpg&ixid=M3w4NzQxNTN8MHwxfHNlYXJjaHwxfHxFY28lMjBHYW1pbmclMjBNb3VzZXxlbnwwfHx8fDE3NzIyMjU4Njl8MA&ixlib=rb-4.1.0&q=80&w=1080?utm_source=sse554_capstone&utm_medium=referral,Eco Gaming Mouse,SilverLine Electronics,"The Eco Gaming Mouse 495 by SilverLine Electronics delivers dependable performance with quality materials and thoughtful design. It is well suited for everyday use in the books category, offering a strong balance of value and functionality.",Books,"Essential, Compact, Bestseller, Modern, Versatile",44.12,1.3,5240,698,2025-06-29,-izQm/2O;CEW,Mo B.h,https://unsplash.com/@moha_95?utm_source=sse554_capstone&utm_medium=referral
https://images.unsplash.com/photo-1757038490134-7131b8ba57f3?crop=entropy&cs=tinysrgb&fit=max&fm=jpg&ixid=M3w4NzQxNTN8MHwxfHNlYXJjaHwxfHxTbWFydCUyMEVsZWN0cmljJTIwS2V0dGxlfGVufDB8fHx8MTc3MjIyNTg4OXww&ixlib=rb-4.1.0&q=80&w=1080?utm_source=sse554_capstone&utm_medium=referral,Smart Electric Kettle,Horizon Tech,"The Smart Electric Kettle 216 by Horizon Tech delivers dependable performance with quality materials and thoughtful design. It is well suited for everyday use in the clothing category, offering a strong balance of value and functionality.",Clothing,"Compact, Lightweight, New Arrival, Rechargeable, Essential",174.44,2.1,7469,1251,2020-05-24,It>?e>%sY3A.,Vertex Designs,https://unsplash.com/@vertex_800?utm_source=sse554_capstone&utm_medium=referral
https://images.unsplash.com/photo-1554175940-c7d7ede2ecb9?crop=entropy&cs=tinysrgb&fit=max&fm=jpg&ixid=M3w4NzQxNTN8MHwxfHNlYXJjaHwxfHxFY28lMjBNZWNoYW5pY2FsJTIwS2V5Ym9hcmR8ZW58MHx8fHwxNzcyMjI1ODQ4fDA&ixlib=rb-4.1.0&q=80&w=1080?utm_source=sse554_capstone&utm_medium=referral,Eco Mechanical Keyboard,BrightLeaf Publishing,"The Eco Mechanical Keyboard 674 by BrightLeaf Publishing delivers dependable performance with quality materials and thoughtful design. It is well suited for everyday use in the books category, offering a strong balance of value and functionality.",Books,"New Arrival, Limited Edition, Premium, Waterproof, Portable",430.18,2.3,4811,1601,2021-04-02,[r~j5Lb4OgyD,H&co,https://unsplash.com/@hngstrm?utm_source=sse554_capstone&utm_medium=referral
https://images.unsplash.com/photo-1760712491426-ef0e797b8c52?crop=entropy&cs=tinysrgb&fit=max&fm=jpg&ixid=M3w4NzQxNTN8MHwxfHNlYXJjaHwxfHxQcm9mZXNzaW9uYWwlMjBNZWNoYW5pY2FsJTIwS2V5Ym9hcmR8ZW58MHx8fHwxNzcyMjI1ODkxfDA&ixlib=rb-4.1.0&q=80&w=1080?utm_source=sse554_capstone&utm_medium=referral,Professional Mechanical Keyboard,Horizon Tech,"The Professional Mechanical Keyboard 196 by Horizon Tech delivers dependable performance with quality materials and thoughtful design. It is well suited for everyday use in the electronics category, offering a strong balance of value and functionality.",Electronics,"Lightweight, Essential, Limited Edition, Giftable, Modern",622.57,2.8,2347,1310,2024-01-07,AEB&z[8/7#U',Vista Wei,https://unsplash.com/@weista?utm_source=sse554_capstone&utm_medium=referral
https://images.unsplash.com/photo-1762341121032-510ad9df0ba6?crop=entropy&cs=tinysrgb&fit=max&fm=jpg&ixid=M3w4NzQxNTN8MHwxfHNlYXJjaHwxfHxBZHZhbmNlZCUyME9mZmljZSUyMENoYWlyfGVufDB8fHx8MTc3MjIyNTg4MXww&ixlib=rb-4.1.0&q=80&w=1080?utm_source=sse554_capstone&utm_medium=referral,Advanced Office Chair,BrightLeaf Publishing,"The Advanced Office Chair 172 by BrightLeaf Publishing delivers dependable performance with quality materials and thoughtful design. It is well suited for everyday use in the books category, offering a strong balance of value and functionality.",Books,"Durable, Premium, Wireless, Ergonomic, Essential",76.47,1.1,8903,1215,2017-08-17,{9F[5}0!'/t+,Zulfugar Karimov,https://unsplash.com/@zulfugarkarimov?utm_source=sse554_capstone&utm_medium=referral
https://images.unsplash.com/photo-1730578726048-b8f118d227e4?crop=entropy&cs=tinysrgb&fit=max&fm=jpg&ixid=M3w4NzQxNTN8MHwxfHNlYXJjaHwxfHxBZHZhbmNlZCUyMEV4dGVybmFsJTIwSGFyZCUyMERyaXZlfGVufDB8fHx8MTc3MjIyNTg1Nnww&ixlib=rb-4.1.0&q=80&w=1080?utm_source=sse554_capstone&utm_medium=referral,Advanced External Hard Drive,NorthPeak,"The Advanced External Hard Drive 985 by NorthPeak delivers dependable performance with quality materials and thoughtful design. It is well suited for everyday use in the books category, offering a strong balance of value and functionality.",Books,"Versatile, Bestseller, Waterproof, Rechargeable, Portable",425.9,4.5,139,740,2017-06-17,f`#;ob.tqA0R,Jason Leung,https://unsplash.com/@ninjason?utm_source=sse554_capstone&utm_medium=referral
https://images.unsplash.com/photo-1769686420474-3c1f242aa64f?crop=entropy&cs=tinysrgb&fit=max&fm=jpg&ixid=M3w4NzQxNTN8MHwxfHNlYXJjaHwxfHxXaXJlbGVzcyUyMFNjaWVuY2UlMjBGaWN0aW9uJTIwTm92ZWx8ZW58MHx8fHwxNzcyMjI1ODczfDA&ixlib=rb-4.1.0&q=80&w=1080?utm_source=sse554_capstone&utm_medium=referral,Wireless Science Fiction Novel,Maple Street Press,"The Wireless Science Fiction Novel 153 by Maple Street Press delivers dependable performance with quality materials and thoughtful design. It is well suited for everyday use in the sports & outdoors category, offering a strong balance of value and functionality.",Sports & Outdoors,"Wireless, Portable, Limited Edition, Compact, Giftable",760.46,2.2,3885,1536,2016-08-07,<^1w7U?-4@+z,Georgiy Lyamin,https://unsplash.com/@glyamin?utm_source=sse554_capstone&utm_medium=referral
https://images.unsplash.com/photo-1690455422058-156a39f18a0a?crop=entropy&cs=tinysrgb&fit=max&fm=jpg&ixid=M3w4NzQxNTN8MHwxfHNlYXJjaHwxfHxQcmVtaXVtJTIwQmx1ZXRvb3RoJTIwU3BlYWtlcnxlbnwwfHx8fDE3NzIyMjU4NDN8MA&ixlib=rb-4.1.0&q=80&w=1080?utm_source=sse554_capstone&utm_medium=referral,Premium Bluetooth Speaker,Maple Street Press,"The Premium Bluetooth Speaker 656 by Maple Street Press delivers dependable performance with quality materials and thoughtful design. It is well suited for everyday use in the electronics category, offering a strong balance of value and functionality.",Electronics,"Compact, Limited Edition, Giftable, New Arrival, Wireless",676.16,3.0,3861,395,2025-12-25,vqnp4T70%fGn,Sayan Majhi,https://unsplash.com/@minimalsayan?utm_source=sse554_capstone&utm_medium=referral
https://images.unsplash.com/photo-1759398430338-8057876edf61?crop=entropy&cs=tinysrgb&fit=max&fm=jpg&ixid=M3w4NzQxNTN8MHwxfHNlYXJjaHwxfHxDb21wYWN0JTIwRWxlY3RyaWMlMjBLZXR0bGV8ZW58MHx8fHwxNzcyMjI1ODkxfDA&ixlib=rb-4.1.0&q=80&w=1080?utm_source=sse554_capstone&utm_medium=referral,Compact Electric Kettle,SilverLine Electronics,"The Compact Electric Kettle 920 by SilverLine Electronics delivers dependable performance with quality materials and thoughtful design. It is well suited for everyday use in the electronics category, offering a strong balance of value and functionality.",Electronics,"Wireless, Portable, Essential, Premium, Limited Edition",718.8,4.1,9397,1553,2020-07-14,q3%mm!DBY"<`,Oksana Beseda,https://unsplash.com/@sanasana_bebe?utm_source=sse554_capstone&utm_medium=referral
https://images.unsplash.com/photo-1659297396001-fa8d15dcad1a?crop=entropy&cs=tinysrgb&fit=max&fm=jpg&ixid=M3w4NzQxNTN8MHwxfHNlYXJjaHwxfHxBZHZhbmNlZCUyMDRLJTIwTW9uaXRvcnxlbnwwfHx8fDE3NzIyMjU4Njd8MA&ixlib=rb-4.1.0&q=80&w=1080?utm_source=sse554_capstone&utm_medium=referral,Advanced 4K Monitor,NorthPeak,"The Advanced 4K Monitor 258 by NorthPeak delivers dependable performance with quality materials and thoughtful design. It is well suited for everyday use in the clothing category, offering a strong balance of value and functionality.",Clothing,"Rechargeable, Ergonomic, Waterproof, Compact, Portable",279.73,4.4,9849,534,2017-07-18,:2mbo(u}gXY(,Tai Bui,https://unsplash.com/@agforl24?utm_source=sse554_capstone&utm_medium=referral
https://images.unsplash.com/photo-1758273237903-f176384eadbb?crop=entropy&cs=tinysrgb&fit=max&fm=jpg&ixid=M3w4NzQxNTN8MHwxfHNlYXJjaHwxfHxXaXJlbGVzcyUyMEJhY2twYWNrfGVufDB8fHx8MTc3MjIyNTg4NXww&ixlib=rb-4.1.0&q=80&w=1080?utm_source=sse554_capstone&utm_medium=referral,Wireless Backpack,NorthPeak,"The Wireless Backpack 263 by NorthPeak delivers dependable performance with quality materials and thoughtful design. It is well suited for everyday use in the books category, offering a strong balance of value and functionality.",Books,"Giftable, New Arrival, Versatile, Modern, Wireless",458.09,4.7,5159,1389,2020-01-19,O@fI{*^OW$0l,Vitaly Gariev,https://unsplash.com/@silverkblack?utm_source=sse554_capstone&utm_medium=referral
https://images.unsplash.com/photo-1758273237903-f176384eadbb?crop=entropy&cs=tinysrgb&fit=max&fm=jpg&ixid=M3w4NzQxNTN8MHwxfHNlYXJjaHwxfHxXaXJlbGVzcyUyMEJhY2twYWNrfGVufDB8fHx8MTc3MjIyNTg4NXww&ixlib=rb-4.1.0&q=80&w=1080?utm_source=sse554_capstone&utm_medium=referral,Wireless Backpack,Horizon Tech,"The Wireless Backpack 872 by Horizon Tech delivers dependable performance with quality materials and thoughtful design. It is well suited for everyday use in the office supplies category, offering a strong balance of value and functionality.",Office Supplies,"Modern, Ergonomic, New Arrival, Waterproof, Lightweight",87.03,2.5,6832,510,2020-04-12,s|'\=NP]=U)',Vitaly Gariev,https://unsplash.com/@silverkblack?utm_source=sse554_capstone&utm_medium=referral
https://images.unsplash.com/photo-1726133731374-31f3ab7d29d9?crop=entropy&cs=tinysrgb&fit=max&fm=jpg&ixid=M3w4NzQxNTN8MHwxfHNlYXJjaHwxfHxXaXJlbGVzcyUyMFJ1bm5pbmclMjBTaG9lc3xlbnwwfHx8fDE3NzIyMjU4NTB8MA&ixlib=rb-4.1.0&q=80&w=1080?utm_source=sse554_capstone&utm_medium=referral,Wireless Running Shoes,NorthPeak,"The Wireless Running Shoes 585 by NorthPeak delivers dependable performance with quality materials and thoughtful design. It is well suited for everyday use in the office supplies category, offering a strong balance of value and functionality.",Office Supplies,"Limited Edition, Versatile, Rechargeable, Giftable, Compact",214.65,2.8,1254,523,2017-04-29,"Ufq<l1(8Q,K%",Rohit Sharma,https://unsplash.com/@rohitsharma1785?utm_source=sse554_capstone&utm_medium=referral
https://images.unsplash.com/photo-1760553120955-b67aa3662355?crop=entropy&cs=tinysrgb&fit=max&fm=jpg&ixid=M3w4NzQxNTN8MHwxfHNlYXJjaHwxfHxTbWFydCUyME1lY2hhbmljYWwlMjBLZXlib2FyZHxlbnwwfHx8fDE3NzIyMjU4OTZ8MA&ixlib=rb-4.1.0&q=80&w=1080?utm_source=sse554_capstone&utm_medium=referral,Smart Mechanical Keyboard,SilverLine Electronics,"The Smart Mechanical Keyboard 884 by SilverLine Electronics delivers dependable performance with quality materials and thoughtful design. It is well suited for everyday use in the home & kitchen category, offering a strong balance of value and functionality.",Home & Kitchen,"Essential, Versatile, Bestseller, Limited Edition, Ergonomic",593.19,2.1,6841,336,2017-02-13,|({v>0Zs;6&h,Anoof C,https://unsplash.com/@anoofc?utm_source=sse554_capstone&utm_medium=referral
https://images.unsplash.com/photo-1522844123782-9547a63eb28b?crop=entropy&cs=tinysrgb&fit=max&fm=jpg&ixid=M3w4NzQxNTN8MHwxfHNlYXJjaHwxfHxXaXJlbGVzcyUyMFlvZ2ElMjBNYXR8ZW58MHx8fHwxNzcyMjI1ODc1fDA&ixlib=rb-4.1.0&q=80&w=1080?utm_source=sse554_capstone&utm_medium=referral,Wireless Yoga Mat,BrightLeaf Publishing,"The Wireless Yoga Mat 422 by BrightLeaf Publishing delivers dependable performance with quality materials and thoughtful design. It is well suited for everyday use in the office supplies category, offering a strong balance of value and functionality.",Office Supplies,"Compact, Premium, Lightweight, Ergonomic, Giftable",660.62,4.8,6851,1982,2018-11-23,-DN-'il.pEjy,Alan Ko,https://unsplash.com/@iyunmai?utm_source=sse554_capstone&utm_medium=referral
https://images.unsplash.com/photo-1760443728230-b84a87381f8f?crop=entropy&cs=tinysrgb&fit=max&fm=jpg&ixid=M3w4NzQxNTN8MHwxfHNlYXJjaHwxfHxQb3J0YWJsZSUyMFNtYXJ0cGhvbmUlMjBTdGFuZHxlbnwwfHx8fDE3NzIyMjU4NTh8MA&ixlib=rb-4.1.0&q=80&w=1080?utm_source=sse554_capstone&utm_medium=referral,Portable Smartphone Stand,Maple Street Press,"The Portable Smartphone Stand 973 by Maple Street Press delivers dependable performance with quality materials and thoughtful design. It is well suited for everyday use in the clothing category, offering a strong balance of value and functionality.",Clothing,"Ergonomic, New Arrival, Durable, Waterproof, Premium",495.25,2.2,4590,1206,2021-04-19,FFI/1E[(hOil,Todd Jiang,https://unsplash.com/@toddjiang?utm_source=sse554_capstone&utm_medium=referral
https://images.unsplash.com/photo-1631749352020-b8ce2d86727e?crop=entropy&cs=tinysrgb&fit=max&fm=jpg&ixid=M3w4NzQxNTN8MHwxfHNlYXJjaHwxfHxVbHRyYSUyMEdhbWluZyUyME1vdXNlfGVufDB8fHx8MTc3MjIyNTg0Mnww&ixlib=rb-4.1.0&q=80&w=1080?utm_source=sse554_capstone&utm_medium=referral,Ultra Gaming Mouse,BrightLeaf Publishing,"The Ultra Gaming Mouse 534 by BrightLeaf Publishing delivers dependable performance with quality materials and thoughtful design. It is well suited for everyday use in the books category, offering a strong balance of value and functionality.",Books,"Ergonomic, Portable, Essential, Waterproof, Compact",409.33,4.1,6638,949,2020-06-02,mMr'Zkd0Eojl,Bruno Yamazaky,https://unsplash.com/@mryamazukino?utm_source=sse554_capstone&utm_medium=referral
https://images.unsplash.com/photo-1655976796910-b239b1a1a41c?crop=entropy&cs=tinysrgb&fit=max&fm=jpg&ixid=M3w4NzQxNTN8MHwxfHNlYXJjaHwxfHxTbWFydCUyMEJsdWV0b290aCUyMFNwZWFrZXJ8ZW58MHx8fHwxNzcyMjI1ODMwfDA&ixlib=rb-4.1.0&q=80&w=1080?utm_source=sse554_capstone&utm_medium=referral,Smart Bluetooth Speaker,SilverLine Electronics,"The Smart Bluetooth Speaker 742 by SilverLine Electronics delivers dependable performance with quality materials and thoughtful design. It is well suited for everyday use in the sports & outdoors category, offering a strong balance of value and functionality.",Sports & Outdoors,"Rechargeable, Bestseller, Compact, Wireless, Ergonomic",417.73,3.0,7854,384,2017-04-05,}FRQuSG<zaqd,Ajeet Panesar,https://unsplash.com/@ajeetpanesarphotography?utm_source=sse554_capstone&utm_medium=referral
https://images.unsplash.com/photo-1760730965577-64d5c3c5a29e?crop=entropy&cs=tinysrgb&fit=max&fm=jpg&ixid=M3w4NzQxNTN8MHwxfHNlYXJjaHwxfHxBZHZhbmNlZCUyMEdyYXBoaWMlMjBULVNoaXJ0fGVufDB8fHx8MTc3MjIyNTgzOXww&ixlib=rb-4.1.0&q=80&w=1080?utm_source=sse554_capstone&utm_medium=referral,Advanced Graphic T-Shirt,Maple Street Press,"The Advanced Graphic T-Shirt 359 by Maple Street Press delivers dependable performance with quality materials and thoughtful design. It is well suited for everyday use in the books category, offering a strong balance of value and functionality.",Books,"Limited Edition, Versatile, Giftable, New Arrival, Lightweight",222.88,1.7,9927,868,2018-05-19,ME1P:ZV`d>2M,Lhon Karwan,https://unsplash.com/@lhonkarwanhamasalih?utm_source=sse554_capstone&utm_medium=referral
https://images.unsplash.com/photo-1689610349731-94ae0e4c3892?crop=entropy&cs=tinysrgb&fit=max&fm=jpg&ixid=M3w4NzQxNTN8MHwxfHNlYXJjaHwxfHxDbGFzc2ljJTIwRWxlY3RyaWMlMjBLZXR0bGV8ZW58MHx8fHwxNzcyMjI1ODY3fDA&ixlib=rb-4.1.0&q=80&w=1080?utm_source=sse554_capstone&utm_medium=referral,Classic Electric Kettle,UrbanNest,"The Classic Electric Kettle 347 by UrbanNest delivers dependable performance with quality materials and thoughtful design. It is well suited for everyday use in the office supplies category, offering a strong balance of value and functionality.",Office Supplies,"Portable, Rechargeable, Bestseller, Giftable, Modern",481.08,4.8,41,595,2021-02-18,r}{<fP1Be!OD,Büşra Salkım,https://unsplash.com/@busgram?utm_source=sse554_capstone&utm_medium=referral
https://images.unsplash.com/photo-1615433366992-1586f3b8fca5?crop=entropy&cs=tinysrgb&fit=max&fm=jpg&ixid=M3w4NzQxNTN8MHwxfHNlYXJjaHwxfHxXaXJlbGVzcyUyME5vaXNlJTIwQ2FuY2VsbGluZyUyMEhlYWRwaG9uZXN8ZW58MHx8fHwxNzcyMjI1ODUzfDA&ixlib=rb-4.1.0&q=80&w=1080?utm_source=sse554_capstone&utm_medium=referral,Wireless Noise Cancelling Headphones,Maple Street Press,"The Wireless Noise Cancelling Headphones 211 by Maple Street Press delivers dependable performance with quality materials and thoughtful design. It is well suited for everyday use in the sports & outdoors category, offering a strong balance of value and functionality.",Sports & Outdoors,"Lightweight, Ergonomic, Portable, Modern, New Arrival",610.19,2.4,1000,43,2024-03-14,a=@#N.84b~W1,Sj 📸,https://unsplash.com/@uxsj_ph?utm_source=sse554_capstone&utm_medium=referral
https://images.unsplash.com/photo-1564859227552-81fde4a1df0b?crop=entropy&cs=tinysrgb&fit=max&fm=jpg&ixid=M3w4NzQxNTN8MHwxfHNlYXJjaHwxfHxDbGFzc2ljJTIwR3JhcGhpYyUyMFQtU2hpcnR8ZW58MHx8fHwxNzcyMjI1ODUyfDA&ixlib=rb-4.1.0&q=80&w=1080?utm_source=sse554_capstone&utm_medium=referral,Classic Graphic T-Shirt,Summit Gear Co.,"The Classic Graphic T-Shirt 410 by Summit Gear Co. delivers dependable performance with quality materials and thoughtful design. It is well suited for everyday use in the electronics category, offering a strong balance of value and functionality.",Electronics,"Rechargeable, Premium, Lightweight, Limited Edition, Wireless",685.51,1.1,2738,1325,2020-12-31,4FuS&[4*$C9K,Sincerely Media,https://unsplash.com/@sincerelymedia?utm_source=sse554_capstone&utm_medium=referral
https://images.unsplash.com/photo-1559645147-bbd3634fcd8f?crop=entropy&cs=tinysrgb&fit=max&fm=jpg&ixid=M3w4NzQxNTN8MHwxfHNlYXJjaHwxfHxDbGFzc2ljJTIwQWN0aW9uJTIwQ2FtZXJhfGVufDB8fHx8MTc3MjIyNTg4NXww&ixlib=rb-4.1.0&q=80&w=1080?utm_source=sse554_capstone&utm_medium=referral,Classic Action Camera,UrbanNest,"The Classic Action Camera 153 by UrbanNest delivers dependable performance with quality materials and thoughtful design. It is well suited for everyday use in the home & kitchen category, offering a strong balance of value and functionality.",Home & Kitchen,"Ergonomic, Durable, New Arrival, Wireless, Compact",180.3,1.1,6816,1262,2024-06-03,y"2<h[*fi[U+,Keszthelyi Timi,https://unsplash.com/@keszthelyit?utm_source=sse554_capstone&utm_medium=referral
https://images.unsplash.com/photo-1598845685288-98d5e7128987?crop=entropy&cs=tinysrgb&fit=max&fm=jpg&ixid=M3w4NzQxNTN8MHwxfHNlYXJjaHwxfHxBZHZhbmNlZCUyMFNjaWVuY2UlMjBGaWN0aW9uJTIwTm92ZWx8ZW58MHx8fHwxNzcyMjI1ODg3fDA&ixlib=rb-4.1.0&q=80&w=1080?utm_source=sse554_capstone&utm_medium=referral,Advanced Science Fiction Novel,Maple Street Press,"The Advanced Science Fiction Novel 465 by Maple Street Press delivers dependable performance with quality materials and thoughtful design. It is well suited for everyday use in the office supplies category, offering a strong balance of value and functionality.",Office Supplies,"Compact, Ergonomic, Essential, Wireless, Giftable",405.27,3.9,6595,1639,2022-06-29,I|DXhc>+R'6m,Laura Ockel,https://unsplash.com/@viazavier?utm_source=sse554_capstone&utm_medium=referral
https://images.unsplash.com/photo-1766713993296-4b7ce61e9ace?crop=entropy&cs=tinysrgb&fit=max&fm=jpg&ixid=M3w4NzQxNTN8MHwxfHNlYXJjaHwxfHxQcmVtaXVtJTIwR2FtaW5nJTIwTW91c2V8ZW58MHx8fHwxNzcyMjI1ODQ2fDA&ixlib=rb-4.1.0&q=80&w=1080?utm_source=sse554_capstone&utm_medium=referral,Premium Gaming Mouse,Horizon Tech,"The Premium Gaming Mouse 147 by Horizon Tech delivers dependable performance with quality materials and thoughtful design. It is well suited for everyday use in the clothing category, offering a strong balance of value and functionality.",Clothing,"Wireless, Giftable, New Arrival, Versatile, Essential",645.42,3.2,5901,1755,2024-10-23,`;G<JYLQ`?~X,Dou Buhiu,https://unsplash.com/@doubuhi?utm_source=sse554_capstone&utm_medium=referral
https://images.unsplash.com/photo-1601220363009-f7e66d095649?crop=entropy&cs=tinysrgb&fit=max&fm=jpg&ixid=M3w4NzQxNTN8MHwxfHNlYXJjaHwxfHxQcmVtaXVtJTIwU21hcnRwaG9uZSUyMFN0YW5kfGVufDB8fHx8MTc3MjIyNTg3NHww&ixlib=rb-4.1.0&q=80&w=1080?utm_source=sse554_capstone&utm_medium=referral,Premium Smartphone Stand,Maple Street Press,"The Premium Smartphone Stand 921 by Maple Street Press delivers dependable performance with quality materials and thoughtful design. It is well suited for everyday use in the sports & outdoors category, offering a strong balance of value and functionality.",Sports & Outdoors,"Ergonomic, Modern, New Arrival, Versatile, Lightweight",468.95,2.9,4533,1366,2021-11-22,Drrn>-)HOPe/,Hugo Sesma,https://unsplash.com/@h_u_g_e?utm_source=sse554_capstone&utm_medium=referral
https://images.unsplash.com/photo-1762328498684-e597f4ceaa43?crop=entropy&cs=tinysrgb&fit=max&fm=jpg&ixid=M3w4NzQxNTN8MHwxfHNlYXJjaHwxfHxDb21wYWN0JTIwQmx1ZXRvb3RoJTIwU3BlYWtlcnxlbnwwfHx8fDE3NzIyMjU4NzV8MA&ixlib=rb-4.1.0&q=80&w=1080?utm_source=sse554_capstone&utm_medium=referral,Compact Bluetooth Speaker,SilverLine Electronics,"The Compact Bluetooth Speaker 731 by SilverLine Electronics delivers dependable performance with quality materials and thoughtful design. It is well suited for everyday use in the office supplies category, offering a strong balance of value and functionality.",Office Supplies,"Ergonomic, Rechargeable, Durable, Essential, Modern",592.18,3.4,9492,1630,2020-12-14,"Y0Er;QD,4r(*",Zulfugar Karimov,https://unsplash.com/@zulfugarkarimov?utm_source=sse554_capstone&utm_medium=referral
https://images.unsplash.com/photo-1566533893210-134327eb8967?crop=entropy&cs=tinysrgb&fit=max&fm=jpg&ixid=M3w4NzQxNTN8MHwxfHNlYXJjaHwxfHxFY28lMjBOb2lzZSUyMENhbmNlbGxpbmclMjBIZWFkcGhvbmVzfGVufDB8fHx8MTc3MjIyNTg0NHww&ixlib=rb-4.1.0&q=80&w=1080?utm_source=sse554_capstone&utm_medium=referral,Eco Noise Cancelling Headphones,Maple Street Press,"The Eco Noise Cancelling Headphones 794 by Maple Street Press delivers dependable performance with quality materials and thoughtful design. It is well suited for everyday use in the sports & outdoors category, offering a strong balance of value and functionality.",Sports & Outdoors,"Giftable, Lightweight, Portable, Ergonomic, Limited Edition",529.15,3.8,6613,314,2017-06-10,=z;;B(\\{/vJ,Dev Asangbam,https://unsplash.com/@devasangbam?utm_source=sse554_capstone&utm_medium=referral
https://images.unsplash.com/photo-1559645147-bbd3634fcd8f?crop=entropy&cs=tinysrgb&fit=max&fm=jpg&ixid=M3w4NzQxNTN8MHwxfHNlYXJjaHwxfHxDbGFzc2ljJTIwQWN0aW9uJTIwQ2FtZXJhfGVufDB8fHx8MTc3MjIyNTg4NXww&ixlib=rb-4.1.0&q=80&w=1080?utm_source=sse554_capstone&utm_medium=referral,Classic Action Camera,Horizon Tech,"The Classic Action Camera 688 by Horizon Tech delivers dependable performance with quality materials and thoughtful design. It is well suited for everyday use in the clothing category, offering a strong balance of value and functionality.",Clothing,"Durable, Bestseller, Limited Edition, Portable, Waterproof",534.65,4.5,7321,1329,2023-01-20,"qw9~Lb,4*dx-",Keszthelyi Timi,https://unsplash.com/@keszthelyit?utm_source=sse554_capstone&utm_medium=referral
https://images.unsplash.com/photo-1637714409323-d5e6e9731252?crop=entropy&cs=tinysrgb&fit=max&fm=jpg&ixid=M3w4NzQxNTN8MHwxfHNlYXJjaHwxfHxFY28lMjBGaXRuZXNzJTIwVHJhY2tlcnxlbnwwfHx8fDE3NzIyMjU4MzN8MA&ixlib=rb-4.1.0&q=80&w=1080?utm_source=sse554_capstone&utm_medium=referral,Eco Fitness Tracker,Horizon Tech,"The Eco Fitness Tracker 524 by Horizon Tech delivers dependable performance with quality materials and thoughtful design. It is well suited for everyday use in the sports & outdoors category, offering a strong balance of value and functionality.",Sports & Outdoors,"Essential, Ergonomic, Bestseller, Compact, New Arrival",351.88,1.8,9630,1935,2022-02-28,TS?Y7J^q1@!B,Intenza Fitness,https://unsplash.com/@intenzafitness?utm_source=sse554_capstone&utm_medium=referral
https://images.unsplash.com/photo-1718210719917-c6e1cd5be085?crop=entropy&cs=tinysrgb&fit=max&fm=jpg&ixid=M3w4NzQxNTN8MHwxfHNlYXJjaHwxfHxTbWFydCUyMFN0YWlubGVzcyUyMFN0ZWVsJTIwV2F0ZXIlMjBCb3R0bGV8ZW58MHx8fHwxNzcyMjI1ODQ1fDA&ixlib=rb-4.1.0&q=80&w=1080?utm_source=sse554_capstone&utm_medium=referral,Smart Stainless Steel Water Bottle,BlueRiver Outfitters,"The Smart Stainless Steel Water Bottle 194 by BlueRiver Outfitters delivers dependable performance with quality materials and thoughtful design. It is well suited for everyday use in the office supplies category, offering a strong balance of value and functionality.",Office Supplies,"Bestseller, Ergonomic, Waterproof, Rechargeable, Modern",537.14,2.7,8136,1304,2021-01-12,;|^mW*m\~)4$,Kedibone Isaac Makhumisane,https://unsplash.com/@isaax_the_artist?utm_source=sse554_capstone&utm_medium=referral
https://images.unsplash.com/photo-1761311985262-d0a342290b56?crop=entropy&cs=tinysrgb&fit=max&fm=jpg&ixid=M3w4NzQxNTN8MHwxfHNlYXJjaHwxfHxTbWFydCUyMFNtYXJ0cGhvbmUlMjBTdGFuZHxlbnwwfHx8fDE3NzIyMjU4NjB8MA&ixlib=rb-4.1.0&q=80&w=1080?utm_source=sse554_capstone&utm_medium=referral,Smart Smartphone Stand,Summit Gear Co.,"The Smart Smartphone Stand 498 by Summit Gear Co. delivers dependable performance with quality materials and thoughtful design. It is well suited for everyday use in the clothing category, offering a strong balance of value and functionality.",Clothing,"Durable, Rechargeable, Premium, Lightweight, Giftable",252.17,3.2,5662,818,2019-08-06,Ki3TcFw=Pgvd,Matúš Gocman,https://unsplash.com/@matgocman?utm_source=sse554_capstone&utm_medium=referral
https://images.unsplash.com/photo-1586187543706-b43086b30978?crop=entropy&cs=tinysrgb&fit=max&fm=jpg&ixid=M3w4NzQxNTN8MHwxfHNlYXJjaHwxfHxQcmVtaXVtJTIwRXh0ZXJuYWwlMjBIYXJkJTIwRHJpdmV8ZW58MHx8fHwxNzcyMjI1ODQ0fDA&ixlib=rb-4.1.0&q=80&w=1080?utm_source=sse554_capstone&utm_medium=referral,Premium External Hard Drive,UrbanNest,"The Premium External Hard Drive 406 by UrbanNest delivers dependable performance with quality materials and thoughtful design. It is well suited for everyday use in the books category, offering a strong balance of value and functionality.",Books,"Wireless, Durable, Modern, New Arrival, Giftable",757.56,4.3,6660,1947,2022-02-14,5)g*m<~MmXV',Everyday Basics,https://unsplash.com/@zanardi?utm_source=sse554_capstone&utm_medium=referral
https://images.unsplash.com/photo-1767570867725-8e172fe718bf?crop=entropy&cs=tinysrgb&fit=max&fm=jpg&ixid=M3w4NzQxNTN8MHwxfHNlYXJjaHwxfHxQcmVtaXVtJTIwR3JhcGhpYyUyMFQtU2hpcnR8ZW58MHx8fHwxNzcyMjI1ODg2fDA&ixlib=rb-4.1.0&q=80&w=1080?utm_source=sse554_capstone&utm_medium=referral,Premium Graphic T-Shirt,SilverLine Electronics,"The Premium Graphic T-Shirt 712 by SilverLine Electronics delivers dependable performance with quality materials and thoughtful design. It is well suited for everyday use in the home & kitchen category, offering a strong balance of value and functionality.",Home & Kitchen,"Essential, Portable, Rechargeable, Ergonomic, Giftable",129.3,3.1,9605,1467,2022-12-25,"P/0W?eHd9,1o",Ace Maxwell,https://unsplash.com/@acemaxwell?utm_source=sse554_capstone&utm_medium=referral
https://images.unsplash.com/photo-1766051666522-9cfa12675f5b?crop=entropy&cs=tinysrgb&fit=max&fm=jpg&ixid=M3w4NzQxNTN8MHwxfHNlYXJjaHwxfHxBZHZhbmNlZCUyMExFRCUyMERlc2slMjBMYW1wfGVufDB8fHx8MTc3MjIyNTg3M3ww&ixlib=rb-4.1.0&q=80&w=1080?utm_source=sse554_capstone&utm_medium=referral,Advanced LED Desk Lamp,UrbanNest,"The Advanced LED Desk Lamp 923 by UrbanNest delivers dependable performance with quality materials and thoughtful design. It is well suited for everyday use in the home & kitchen category, offering a strong balance of value and functionality.",Home & Kitchen,"Giftable, Portable, Lightweight, Ergonomic, Limited Edition",221.63,1.8,3339,1446,2020-01-23,ogXe0AX|<'4f,Fisnik Murtezi,https://unsplash.com/@fisnikmurtezi?utm_source=sse554_capstone&utm_medium=referral
https://images.unsplash.com/photo-1766411503497-911658181192?crop=entropy&cs=tinysrgb&fit=max&fm=jpg&ixid=M3w4NzQxNTN8MHwxfHNlYXJjaHwxfHxQb3J0YWJsZSUyMExFRCUyMERlc2slMjBMYW1wfGVufDB8fHx8MTc3MjIyNTg4Nnww&ixlib=rb-4.1.0&q=80&w=1080?utm_source=sse554_capstone&utm_medium=referral,Portable LED Desk Lamp,BlueRiver Outfitters,"The Portable LED Desk Lamp 513 by BlueRiver Outfitters delivers dependable performance with quality materials and thoughtful design. It is well suited for everyday use in the electronics category, offering a strong balance of value and functionality.",Electronics,"Compact, Modern, Essential, Limited Edition, Durable",495.75,3.3,2843,80,2023-01-25,_/0$awG{$sSx,Puscas Adryan,https://unsplash.com/@adryan_studio?utm_source=sse554_capstone&utm_medium=referral
https://images.unsplash.com/photo-1769686420474-3c1f242aa64f?crop=entropy&cs=tinysrgb&fit=max&fm=jpg&ixid=M3w4NzQxNTN8MHwxfHNlYXJjaHwxfHxXaXJlbGVzcyUyMFNjaWVuY2UlMjBGaWN0aW9uJTIwTm92ZWx8ZW58MHx8fHwxNzcyMjI1ODczfDA&ixlib=rb-4.1.0&q=80&w=1080?utm_source=sse554_capstone&utm_medium=referral,Wireless Science Fiction Novel,Summit Gear Co.,"The Wireless Science Fiction Novel 884 by Summit Gear Co. delivers dependable performance with quality materials and thoughtful design. It is well suited for everyday use in the home & kitchen category, offering a strong balance of value and functionality.",Home & Kitchen,"Rechargeable, Compact, Portable, Lightweight, Giftable",360.58,4.4,4247,925,2024-07-30,k&fE~w(Ss&|o,Georgiy Lyamin,https://unsplash.com/@glyamin?utm_source=sse554_capstone&utm_medium=referral
https://images.unsplash.com/photo-1766411503497-911658181192?crop=entropy&cs=tinysrgb&fit=max&fm=jpg&ixid=M3w4NzQxNTN8MHwxfHNlYXJjaHwxfHxQb3J0YWJsZSUyMExFRCUyMERlc2slMjBMYW1wfGVufDB8fHx8MTc3MjIyNTg4Nnww&ixlib=rb-4.1.0&q=80&w=1080?utm_source=sse554_capstone&utm_medium=referral,Portable LED Desk Lamp,Horizon Tech,"The Portable LED Desk Lamp 963 by Horizon Tech delivers dependable performance with quality materials and thoughtful design. It is well suited for everyday use in the home & kitchen category, offering a strong balance of value and functionality.",Home & Kitchen,"Durable, Modern, Essential, Premium, Lightweight",105.33,4.7,2418,542,2025-09-02,"]jLi^B,J'c;d",Puscas Adryan,https://unsplash.com/@adryan_studio?utm_source=sse554_capstone&utm_medium=referral
https://images.unsplash.com/photo-1686386271712-183bcc0e256f?crop=entropy&cs=tinysrgb&fit=max&fm=jpg&ixid=M3w4NzQxNTN8MHwxfHNlYXJjaHwxfHxVbHRyYSUyMFlvZ2ElMjBNYXR8ZW58MHx8fHwxNzcyMjI1ODI0fDA&ixlib=rb-4.1.0&q=80&w=1080?utm_source=sse554_capstone&utm_medium=referral,Ultra Yoga Mat,Maple Street Press,"The Ultra Yoga Mat 366 by Maple Street Press delivers dependable performance with quality materials and thoughtful design. It is well suited for everyday use in the books category, offering a strong balance of value and functionality.",Books,"Bestseller, Modern, Essential, Waterproof, Premium",590.65,1.8,2459,88,2017-06-04,h"g=w*>r1LY7,Gurpreet Singh,https://unsplash.com/@ajay_gill8054?utm_source=sse554_capstone&utm_medium=referral
https://images.unsplash.com/photo-1715589249812-327996b73e31?crop=entropy&cs=tinysrgb&fit=max&fm=jpg&ixid=M3w4NzQxNTN8MHwxfHNlYXJjaHwxfHxVbHRyYSUyMEVsZWN0cmljJTIwS2V0dGxlfGVufDB8fHx8MTc3MjIyNTg1MXww&ixlib=rb-4.1.0&q=80&w=1080?utm_source=sse554_capstone&utm_medium=referral,Ultra Electric Kettle,UrbanNest,"The Ultra Electric Kettle 105 by UrbanNest delivers dependable performance with quality materials and thoughtful design. It is well suited for everyday use in the office supplies category, offering a strong balance of value and functionality.",Office Supplies,"Limited Edition, Premium, Durable, Essential, Compact",698.31,4.4,8906,1200,2024-01-10,"yALQA,,aswLg",Samuel Angor,https://unsplash.com/@sammysays___?utm_source=sse554_capstone&utm_medium=referral
https://images.unsplash.com/photo-1764557159396-419b85356035?crop=entropy&cs=tinysrgb&fit=max&fm=jpg&ixid=M3w4NzQxNTN8MHwxfHNlYXJjaHwxfHxQcmVtaXVtJTIwTm9pc2UlMjBDYW5jZWxsaW5nJTIwSGVhZHBob25lc3xlbnwwfHx8fDE3NzIyMjU4MzV8MA&ixlib=rb-4.1.0&q=80&w=1080?utm_source=sse554_capstone&utm_medium=referral,Premium Noise Cancelling Headphones,Horizon Tech,"The Premium Noise Cancelling Headphones 854 by Horizon Tech delivers dependable performance with quality materials and thoughtful design. It is well suited for everyday use in the sports & outdoors category, offering a strong balance of value and functionality.",Sports & Outdoors,"Wireless, Lightweight, Giftable, Versatile, Ergonomic",231.42,1.1,1341,328,2022-09-13,o31+l#PYjK9{,Jj Rocha,https://unsplash.com/@that_person?utm_source=sse554_capstone&utm_medium=referral
https://images.unsplash.com/photo-1761971975962-9cc397e2ba2a?crop=entropy&cs=tinysrgb&fit=max&fm=jpg&ixid=M3w4NzQxNTN8MHwxfHNlYXJjaHwxfHxQcmVtaXVtJTIwWW9nYSUyME1hdHxlbnwwfHx8fDE3NzIyMjU4NDB8MA&ixlib=rb-4.1.0&q=80&w=1080?utm_source=sse554_capstone&utm_medium=referral,Premium Yoga Mat,Horizon Tech,"The Premium Yoga Mat 172 by Horizon Tech delivers dependable performance with quality materials and thoughtful design. It is well suited for everyday use in the books category, offering a strong balance of value and functionality.",Books,"New Arrival, Compact, Premium, Bestseller, Ergonomic",696.35,4.2,5035,1520,2019-03-04,@U>cE-yqt1$_,Eran Design,https://unsplash.com/@erandesign?utm_source=sse554_capstone&utm_medium=referral
https://images.unsplash.com/photo-1589256469067-ea99122bbdc4?crop=entropy&cs=tinysrgb&fit=max&fm=jpg&ixid=M3w4NzQxNTN8MHwxfHNlYXJjaHwxfHxQb3J0YWJsZSUyMEJsdWV0b290aCUyMFNwZWFrZXJ8ZW58MHx8fHwxNzcyMjI1ODI1fDA&ixlib=rb-4.1.0&q=80&w=1080?utm_source=sse554_capstone&utm_medium=referral,Portable Bluetooth Speaker,Summit Gear Co.,"The Portable Bluetooth Speaker 157 by Summit Gear Co. delivers dependable performance with quality materials and thoughtful design. It is well suited for everyday use in the sports & outdoors category, offering a strong balance of value and functionality.",Sports & Outdoors,"Wireless, Rechargeable, Durable, Giftable, Portable",354.54,4.8,9896,358,2019-01-20,Uedyz4p~x_Q`,Habib Dadkhah,https://unsplash.com/@habibdadkhah?utm_source=sse554_capstone&utm_medium=referral
https://images.unsplash.com/photo-1767570867725-8e172fe718bf?crop=entropy&cs=tinysrgb&fit=max&fm=jpg&ixid=M3w4NzQxNTN8MHwxfHNlYXJjaHwxfHxQcmVtaXVtJTIwR3JhcGhpYyUyMFQtU2hpcnR8ZW58MHx8fHwxNzcyMjI1ODg2fDA&ixlib=rb-4.1.0&q=80&w=1080?utm_source=sse554_capstone&utm_medium=referral,Premium Graphic T-Shirt,SilverLine Electronics,"The Premium Graphic T-Shirt 400 by SilverLine Electronics delivers dependable performance with quality materials and thoughtful design. It is well suited for everyday use in the office supplies category, offering a strong balance of value and functionality.",Office Supplies,"Lightweight, Compact, Durable, Modern, Portable",584.02,1.0,5014,450,2025-05-21,)rrx!o*+JyG@,Ace Maxwell,https://unsplash.com/@acemaxwell?utm_source=sse554_capstone&utm_medium=referral
https://images.unsplash.com/photo-1700168333927-023e01cc748f?crop=entropy&cs=tinysrgb&fit=max&fm=jpg&ixid=M3w4NzQxNTN8MHwxfHNlYXJjaHwxfHxDb21wYWN0JTIwT2ZmaWNlJTIwQ2hhaXJ8ZW58MHx8fHwxNzcyMjI1ODc3fDA&ixlib=rb-4.1.0&q=80&w=1080?utm_source=sse554_capstone&utm_medium=referral,Compact Office Chair,SilverLine Electronics,"The Compact Office Chair 104 by SilverLine Electronics delivers dependable performance with quality materials and thoughtful design. It is well suited for everyday use in the sports & outdoors category, offering a strong balance of value and functionality.",Sports & Outdoors,"Versatile, Rechargeable, Premium, Waterproof, Durable",160.1,4.3,2494,54,2019-06-09,"""X,5r-whkQ<r",Jonathan Castañeda,https://unsplash.com/@jonathecreator?utm_source=sse554_capstone&utm_medium=referral
https://images.unsplash.com/photo-1718210719917-c6e1cd5be085?crop=entropy&cs=tinysrgb&fit=max&fm=jpg&ixid=M3w4NzQxNTN8MHwxfHNlYXJjaHwxfHxQcm9mZXNzaW9uYWwlMjBTdGFpbmxlc3MlMjBTdGVlbCUyMFdhdGVyJTIwQm90dGxlfGVufDB8fHx8MTc3MjIyNTgyOXww&ixlib=rb-4.1.0&q=80&w=1080?utm_source=sse554_capstone&utm_medium=referral,Professional Stainless Steel Water Bottle,NorthPeak,"The Professional Stainless Steel Water Bottle 479 by NorthPeak delivers dependable performance with quality materials and thoughtful design. It is well suited for everyday use in the home & kitchen category, offering a strong balance of value and functionality.",Home & Kitchen,"Portable, Versatile, Compact, Rechargeable, New Arrival",111.74,2.3,8001,12,2017-12-15,2~!6jkH$i@IA,Kedibone Isaac Makhumisane,https://unsplash.com/@isaax_the_artist?utm_source=sse554_capstone&utm_medium=referral
https://images.unsplash.com/photo-1718210719917-c6e1cd5be085?crop=entropy&cs=tinysrgb&fit=max&fm=jpg&ixid=M3w4NzQxNTN8MHwxfHNlYXJjaHwxfHxTbWFydCUyMFN0YWlubGVzcyUyMFN0ZWVsJTIwV2F0ZXIlMjBCb3R0bGV8ZW58MHx8fHwxNzcyMjI1ODQ1fDA&ixlib=rb-4.1.0&q=80&w=1080?utm_source=sse554_capstone&utm_medium=referral,Smart Stainless Steel Water Bottle,Summit Gear Co.,"The Smart Stainless Steel Water Bottle 565 by Summit Gear Co. delivers dependable performance with quality materials and thoughtful design. It is well suited for everyday use in the books category, offering a strong balance of value and functionality.",Books,"Premium, Essential, Waterproof, Versatile, Rechargeable",133.73,2.3,3003,74,2020-12-01,:/Jv%Ot=&VG5,Kedibone Isaac Makhumisane,https://unsplash.com/@isaax_the_artist?utm_source=sse554_capstone&utm_medium=referral
https://images.unsplash.com/photo-1680810003781-49d9210bb064?crop=entropy&cs=tinysrgb&fit=max&fm=jpg&ixid=M3w4NzQxNTN8MHwxfHNlYXJjaHwxfHxDb21wYWN0JTIwU2NpZW5jZSUyMEZpY3Rpb24lMjBOb3ZlbHxlbnwwfHx8fDE3NzIyMjU4NDN8MA&ixlib=rb-4.1.0&q=80&w=1080?utm_source=sse554_capstone&utm_medium=referral,Compact Science Fiction Novel,Summit Gear Co.,"The Compact Science Fiction Novel 954 by Summit Gear Co. delivers dependable performance with quality materials and thoughtful design. It is well suited for everyday use in the sports & outdoors category, offering a strong balance of value and functionality.",Sports & Outdoors,"Durable, Rechargeable, Giftable, Premium, Lightweight",380.82,3.7,4728,1141,2021-02-15,qm'\.thrPism,Myles Bloomfield,https://unsplash.com/@loomydoons?utm_source=sse554_capstone&utm_medium=referral
https://images.unsplash.com/photo-1766069339604-d4177198af7e?crop=entropy&cs=tinysrgb&fit=max&fm=jpg&ixid=M3w4NzQxNTN8MHwxfHNlYXJjaHwxfHxBZHZhbmNlZCUyMFlvZ2ElMjBNYXR8ZW58MHx8fHwxNzcyMjI1ODYzfDA&ixlib=rb-4.1.0&q=80&w=1080?utm_source=sse554_capstone&utm_medium=referral,Advanced Yoga Mat,Summit Gear Co.,"The Advanced Yoga Mat 450 by Summit Gear Co. delivers dependable performance with quality materials and thoughtful design. It is well suited for everyday use in the clothing category, offering a strong balance of value and functionality.",Clothing,"Limited Edition, Ergonomic, New Arrival, Bestseller, Versatile",309.91,1.4,4051,379,2018-07-13,<LwFXIt`KR-',Sukha Yogashala,https://unsplash.com/@sukha_yogashala?utm_source=sse554_capstone&utm_medium=referral
https://images.unsplash.com/photo-1760443728221-0feabf5a0130?crop=entropy&cs=tinysrgb&fit=max&fm=jpg&ixid=M3w4NzQxNTN8MHwxfHNlYXJjaHwxfHxBZHZhbmNlZCUyMFNtYXJ0cGhvbmUlMjBTdGFuZHxlbnwwfHx8fDE3NzIyMjU4ODJ8MA&ixlib=rb-4.1.0&q=80&w=1080?utm_source=sse554_capstone&utm_medium=referral,Advanced Smartphone Stand,UrbanNest,"The Advanced Smartphone Stand 636 by UrbanNest delivers dependable performance with quality materials and thoughtful design. It is well suited for everyday use in the sports & outdoors category, offering a strong balance of value and functionality.",Sports & Outdoors,"Limited Edition, Wireless, Durable, Versatile, Essential",197.34,2.1,3385,1727,2019-12-29,Wxck:"-SLiI%,Todd Jiang,https://unsplash.com/@toddjiang?utm_source=sse554_capstone&utm_medium=referral
https://images.unsplash.com/photo-1592289924034-c423dd2f1c5d?crop=entropy&cs=tinysrgb&fit=max&fm=jpg&ixid=M3w4NzQxNTN8MHwxfHNlYXJjaHwxfHxVbHRyYSUyMEJhY2twYWNrfGVufDB8fHx8MTc3MjIyNTgyOXww&ixlib=rb-4.1.0&q=80&w=1080?utm_source=sse554_capstone&utm_medium=referral,Ultra Backpack,Summit Gear Co.,"The Ultra Backpack 359 by Summit Gear Co. delivers dependable performance with quality materials and thoughtful design. It is well suited for everyday use in the home & kitchen category, offering a strong balance of value and functionality.",Home & Kitchen,"Compact, Versatile, Essential, Giftable, Limited Edition",758.82,3.0,2830,1554,2016-05-25,!BvrfA+$vXb@,Hitoshi Namura,https://unsplash.com/@namu_photograph?utm_source=sse554_capstone&utm_medium=referral
https://images.unsplash.com/photo-1718210719917-c6e1cd5be085?crop=entropy&cs=tinysrgb&fit=max&fm=jpg&ixid=M3w4NzQxNTN8MHwxfHNlYXJjaHwxfHxQcmVtaXVtJTIwU3RhaW5sZXNzJTIwU3RlZWwlMjBXYXRlciUyMEJvdHRsZXxlbnwwfHx8fDE3NzIyMjU4Njd8MA&ixlib=rb-4.1.0&q=80&w=1080?utm_source=sse554_capstone&utm_medium=referral,Premium Stainless Steel Water Bottle,SilverLine Electronics,"The Premium Stainless Steel Water Bottle 727 by SilverLine Electronics delivers dependable performance with quality materials and thoughtful design. It is well suited for everyday use in the books category, offering a strong balance of value and functionality.",Books,"Ergonomic, Essential, Rechargeable, Limited Edition, Giftable",663.62,5.0,9501,1000,2020-03-12,"4=,Om?6'XV/R",Kedibone Isaac Makhumisane,https://unsplash.com/@isaax_the_artist?utm_source=sse554_capstone&utm_medium=referral
https://images.unsplash.com/photo-1766411503497-911658181192?crop=entropy&cs=tinysrgb&fit=max&fm=jpg&ixid=M3w4NzQxNTN8MHwxfHNlYXJjaHwxfHxQb3J0YWJsZSUyMExFRCUyMERlc2slMjBMYW1wfGVufDB8fHx8MTc3MjIyNTg4Nnww&ixlib=rb-4.1.0&q=80&w=1080?utm_source=sse554_capstone&utm_medium=referral,Portable LED Desk Lamp,UrbanNest,"The Portable LED Desk Lamp 766 by UrbanNest delivers dependable performance with quality materials and thoughtful design. It is well suited for everyday use in the sports & outdoors category, offering a strong balance of value and functionality.",Sports & Outdoors,"New Arrival, Bestseller, Premium, Waterproof, Modern",485.44,1.7,4012,638,2022-03-12,j6~xZP`:/SmK,Puscas Adryan,https://unsplash.com/@adryan_studio?utm_source=sse554_capstone&utm_medium=referral
https://images.unsplash.com/photo-1586187543706-b43086b30978?crop=entropy&cs=tinysrgb&fit=max&fm=jpg&ixid=M3w4NzQxNTN8MHwxfHNlYXJjaHwxfHxQcmVtaXVtJTIwRXh0ZXJuYWwlMjBIYXJkJTIwRHJpdmV8ZW58MHx8fHwxNzcyMjI1ODQ0fDA&ixlib=rb-4.1.0&q=80&w=1080?utm_source=sse554_capstone&utm_medium=referral,Premium External Hard Drive,Horizon Tech,"The Premium External Hard Drive 451 by Horizon Tech delivers dependable performance with quality materials and thoughtful design. It is well suited for everyday use in the home & kitchen category, offering a strong balance of value and functionality.",Home & Kitchen,"Portable, Wireless, Premium, Durable, Ergonomic",589.94,4.3,8269,253,2020-03-02,X"#Yi@{IFvr\,Everyday Basics,https://unsplash.com/@zanardi?utm_source=sse554_capstone&utm_medium=referral
https://images.unsplash.com/photo-1758577515333-e71b713059f1?crop=entropy&cs=tinysrgb&fit=max&fm=jpg&ixid=M3w4NzQxNTN8MHwxfHNlYXJjaHwxfHxDb21wYWN0JTIwRml0bmVzcyUyMFRyYWNrZXJ8ZW58MHx8fHwxNzcyMjI1ODQxfDA&ixlib=rb-4.1.0&q=80&w=1080?utm_source=sse554_capstone&utm_medium=referral,Compact Fitness Tracker,Horizon Tech,"The Compact Fitness Tracker 659 by Horizon Tech delivers dependable performance with quality materials and thoughtful design. It is well suited for everyday use in the home & kitchen category, offering a strong balance of value and functionality.",Home & Kitchen,"Durable, Compact, Lightweight, Bestseller, Essential",513.61,1.2,692,1399,2016-08-16,X^+eRmpHhhB+,Andrey Matveev,https://unsplash.com/@zelebb?utm_source=sse554_capstone&utm_medium=referral
https://images.unsplash.com/photo-1557349964-34f68e722d29?crop=entropy&cs=tinysrgb&fit=max&fm=jpg&ixid=M3w4NzQxNTN8MHwxfHNlYXJjaHwxfHxQcm9mZXNzaW9uYWwlMjBDb29rYm9va3xlbnwwfHx8fDE3NzIyMjU4NDF8MA&ixlib=rb-4.1.0&q=80&w=1080?utm_source=sse554_capstone&utm_medium=referral,Professional Cookbook,SilverLine Electronics,"The Professional Cookbook 960 by SilverLine Electronics delivers dependable performance with quality materials and thoughtful design. It is well suited for everyday use in the clothing category, offering a strong balance of value and functionality.",Clothing,"Wireless, Limited Edition, Compact, Waterproof, Bestseller",388.82,2.5,7167,1757,2022-02-05,"HEll_AD,Qt#>",Hartai Klaudia,https://unsplash.com/@hartaiklaudia?utm_source=sse554_capstone&utm_medium=referral
https://images.unsplash.com/photo-1718210719917-c6e1cd5be085?crop=entropy&cs=tinysrgb&fit=max&fm=jpg&ixid=M3w4NzQxNTN8MHwxfHNlYXJjaHwxfHxDb21wYWN0JTIwU3RhaW5sZXNzJTIwU3RlZWwlMjBXYXRlciUyMEJvdHRsZXxlbnwwfHx8fDE3NzIyMjU4NjZ8MA&ixlib=rb-4.1.0&q=80&w=1080?utm_source=sse554_capstone&utm_medium=referral,Compact Stainless Steel Water Bottle,SilverLine Electronics,"The Compact Stainless Steel Water Bottle 649 by SilverLine Electronics delivers dependable performance with quality materials and thoughtful design. It is well suited for everyday use in the sports & outdoors category, offering a strong balance of value and functionality.",Sports & Outdoors,"Giftable, Wireless, Versatile, Essential, Limited Edition",516.23,2.3,6312,917,2024-05-28,QlecM}NH'P@m,Kedibone Isaac Makhumisane,https://unsplash.com/@isaax_the_artist?utm_source=sse554_capstone&utm_medium=referral
https://images.unsplash.com/photo-1769686420474-3c1f242aa64f?crop=entropy&cs=tinysrgb&fit=max&fm=jpg&ixid=M3w4NzQxNTN8MHwxfHNlYXJjaHwxfHxXaXJlbGVzcyUyMFNjaWVuY2UlMjBGaWN0aW9uJTIwTm92ZWx8ZW58MHx8fHwxNzcyMjI1ODczfDA&ixlib=rb-4.1.0&q=80&w=1080?utm_source=sse554_capstone&utm_medium=referral,Wireless Science Fiction Novel,NorthPeak,"The Wireless Science Fiction Novel 659 by NorthPeak delivers dependable performance with quality materials and thoughtful design. It is well suited for everyday use in the electronics category, offering a strong balance of value and functionality.",Electronics,"Durable, Compact, Rechargeable, Modern, Waterproof",318.02,4.5,1617,1267,2021-02-01,T]|7pd/zdl7{,Georgiy Lyamin,https://unsplash.com/@glyamin?utm_source=sse554_capstone&utm_medium=referral
https://images.unsplash.com/photo-1699419936948-d63709c01a8b?crop=entropy&cs=tinysrgb&fit=max&fm=jpg&ixid=M3w4NzQxNTN8MHwxfHNlYXJjaHwxfHxVbHRyYSUyMFNtYXJ0cGhvbmUlMjBTdGFuZHxlbnwwfHx8fDE3NzIyMjU4Njl8MA&ixlib=rb-4.1.0&q=80&w=1080?utm_source=sse554_capstone&utm_medium=referral,Ultra Smartphone Stand,BlueRiver Outfitters,"The Ultra Smartphone Stand 628 by BlueRiver Outfitters delivers dependable performance with quality materials and thoughtful design. It is well suited for everyday use in the home & kitchen category, offering a strong balance of value and functionality.",Home & Kitchen,"Essential, Durable, New Arrival, Compact, Waterproof",735.03,4.5,7915,1243,2025-06-17,?Piyr+`}>`n),Sunil Kumar,https://unsplash.com/@designbyhelios?utm_source=sse554_capstone&utm_medium=referral
https://images.unsplash.com/photo-1771310972931-79fd85c98b02?crop=entropy&cs=tinysrgb&fit=max&fm=jpg&ixid=M3w4NzQxNTN8MHwxfHNlYXJjaHwxfHxQcm9mZXNzaW9uYWwlMjBZb2dhJTIwTWF0fGVufDB8fHx8MTc3MjIyNTg1MHww&ixlib=rb-4.1.0&q=80&w=1080?utm_source=sse554_capstone&utm_medium=referral,Professional Yoga Mat,SilverLine Electronics,"The Professional Yoga Mat 489 by SilverLine Electronics delivers dependable performance with quality materials and thoughtful design. It is well suited for everyday use in the electronics category, offering a strong balance of value and functionality.",Electronics,"Bestseller, Giftable, Compact, Premium, Ergonomic",688.19,3.8,3449,1962,2020-10-30,t@5#a2c80b/<,Christian Agbede,https://unsplash.com/@chriscreations__?utm_source=sse554_capstone&utm_medium=referral
