imageUrl,name,publisher,description,category,tags,price,reviewScore,reviewCount,stockQuantity,dateAdded,id,photoAuthor,photoAuthorUrl
https://example.com/images/ultra_yoga_mat_430.jpg,Ultra Yoga Mat 430,BrightLeaf Publishing,"The Ultra Yoga Mat 430 by BrightLeaf Publishing delivers dependable performance with quality materials and thoughtful design. It is well suited for everyday use in the home & kitchen category, offering a strong balance of value and functionality.",Home & Kitchen,"Rechargeable, Lightweight, Compact, New Arrival, Bestseller",758.15,4.2,9359,1043,2021-06-03,Slg{=KK6NHd9,Kalen Emsley,https://unsplash.com/@kalenemsley?utm_source=sse554_capstone&utm_medium=referral
https://example.com/images/classic_backpack_167.jpg,Classic Backpack 167,BrightLeaf Publishing,"The Classic Backpack 167 by BrightLeaf Publishing delivers dependable performance with quality materials and thoughtful design. It is well suited for everyday use in the clothing category, offering a strong balance of value and functionality.",Clothing,"Premium, Durable, Modern, Versatile, New Arrival",15.08,2.2,20,1123,2020-08-15,AJhS;aZjjxxz,Kalen Emsley,https://unsplash.com/@kalenemsley?utm_source=sse554_capstone&utm_medium=referral
https://example.com/images/portable_bluetooth_speaker_488.jpg,Portable Bluetooth Speaker 488,UrbanNest,"The Portable Bluetooth Speaker 488 by UrbanNest delivers dependable performance with quality materials and thoughtful design. It is well suited for everyday use in the books category, offering a strong balance of value and functionality.",Books,"Durable, Wireless, Bestseller, New Arrival, Lightweight",256.36,2.8,5144,1406,2018-05-12,qt{;]XOT9+ff,Kalen Emsley,https://unsplash.com/@kalenemsley?utm_source=sse554_capstone&utm_medium=referral
https://example.com/images/advanced_gaming_mouse_316.jpg,Advanced Gaming Mouse 316,UrbanNest,"The Advanced Gaming Mouse 316 by UrbanNest delivers dependable performance with quality materials and thoughtful design. It is well suited for everyday use in the books category, offering a strong balance of value and functionality.",Books,"New Arrival, Giftable, Wireless, Bestseller, Essential",76.85,4.6,3235,1420,2016-08-21,F^;kuiNL53.e,Kalen Emsley,https://unsplash.com/@kalenemsley?utm_source=sse554_capstone&utm_medium=referral
https://example.com/images/portable_gaming_mouse_352.jpg,Portable Gaming Mouse 352,BlueRiver Outfitters,"The Portable Gaming Mouse 352 by BlueRiver Outfitters delivers dependable performance with quality materials and thoughtful design. It is well suited for everyday use in the clothing category, offering a strong balance of value and functionality.",Clothing,"New Arrival, Durable, Lightweight, Essential, Wireless",235.86,4.2,5747,906,2018-12-03,ETv??Sp[:TsL,Kalen Emsley,https://unsplash.com/@kalenemsley?utm_source=sse554_capstone&utm_medium=referral
https://example.com/images/smart_yoga_mat_320.jpg,Smart Yoga Mat 320,Summit Gear Co.,"The Smart Yoga Mat 320 by Summit Gear Co. delivers dependable performance with quality materials and thoughtful design. It is well suited for everyday use in the home & kitchen category, offering a strong balance of value and functionality.",Home & Kitchen,"Versatile, Compact, Modern, Waterproof, Lightweight",635.04,1.9,8267,729,2023-05-26,jX#Viz\kJ\$^,Kalen Emsley,https://unsplash.com/@kalenemsley?utm_source=sse554_capstone&utm_medium=referral
https://example.com/images/advanced_gaming_mouse_342.jpg,Advanced Gaming Mouse 342,UrbanNest,"The Advanced Gaming Mouse 342 by UrbanNest delivers dependable performance with quality materials and thoughtful design. It is well suited for everyday use in the clothing category, offering a strong balance of value and functionality.",Clothing,"Durable, Wireless, Waterproof, Compact, Giftable",311.24,4.3,592,1020,2020-09-30,3u<'.DQWkYf(,Kalen Emsley,https://unsplash.com/@kalenemsley?utm_source=sse554_capstone&utm_medium=referral
https://example.com/images/portable_office_chair_492.jpg,Portable Office Chair 492,SilverLine Electronics,"The Portable Office Chair 492 by SilverLine Electronics delivers dependable performance with quality materials and thoughtful design. It is well suited for everyday use in the home & kitchen category, offering a strong balance of value and functionality.",Home & Kitchen,"Versatile, Wireless, Rechargeable, Bestseller, Ergonomic",467.06,3.5,2428,1331,2019-11-24,rBVyEa9;X!"+,Kalen Emsley,https://unsplash.com/@kalenemsley?utm_source=sse554_capstone&utm_medium=referral
https://example.com/images/smart_gaming_mouse_601.jpg,Smart Gaming Mouse 601,BrightLeaf Publishing,"The Smart Gaming Mouse 601 by BrightLeaf Publishing delivers dependable performance with quality materials and thoughtful design. It is well suited for everyday use in the home & kitchen category, offering a strong balance of value and functionality.",Home & Kitchen,"Versatile, Essential, Waterproof, Ergonomic, Wireless",316.6,2.1,4105,1520,2018-12-13,tVbHX-pV(b_2,Kalen Emsley,https://unsplash.com/@kalenemsley?utm_source=sse554_capstone&utm_medium=referral
https://example.com/images/professional_graphic_t-shirt_152.jpg,Professional Graphic T-Shirt 152,Maple Street Press,"The Professional Graphic T-Shirt 152 by Maple Street Press delivers dependable performance with quality materials and thoughtful design. It is well suited for everyday use in the clothing category, offering a strong balance of value and functionality.",Clothing,"Durable, Wireless, Waterproof, Lightweight, Limited Edition",392.18,1.2,8660,1926,2025-03-15,9Sb+H6Xk`Kl^,Kalen Emsley,https://unsplash.com/@kalenemsley?utm_source=sse554_capstone&utm_medium=referral
https://example.com/images/professional_led_desk_lamp_491.jpg,Professional LED Desk Lamp 491,Horizon Tech,"The Professional LED Desk Lamp 491 by Horizon Tech delivers dependable performance with quality materials and thoughtful design. It is well suited for everyday use in the office supplies category, offering a strong balance of value and functionality.",Office Supplies,"Bestseller, Waterproof, Versatile, Lightweight, Rechargeable",177.73,3.3,21,404,2025-03-20,l2(o/Z5@-(B*,Kalen Emsley,https://unsplash.com/@kalenemsley?utm_source=sse554_capstone&utm_medium=referral
https://example.com/images/professional_led_desk_lamp_363.jpg,Professional LED Desk Lamp 363,SilverLine Electronics,"The Professional LED Desk Lamp 363 by SilverLine Electronics delivers dependable performance with quality materials and thoughtful design. It is well suited for everyday use in the electronics category, offering a strong balance of value and functionality.",Electronics,"Rechargeable, Lightweight, Essential, Giftable, Durable",181.82,3.9,7031,1585,2019-04-30,wWnF4p>^)h*[,Kalen Emsley,https://unsplash.com/@kalenemsley?utm_source=sse554_capstone&utm_medium=referral
https://example.com/images/professional_gaming_mouse_219.jpg,Professional Gaming Mouse 219,Maple Street Press,"The Professional Gaming Mouse 219 by Maple Street Press delivers dependable performance with quality materials and thoughtful design. It is well suited for everyday use in the books category, offering a strong balance of value and functionality.",Books,"Portable, Ergonomic, Versatile, Limited Edition, Premium",226.9,2.0,3321,16,2018-08-23,SaR~A'qMP1to,Kalen Emsley,https://unsplash.com/@kalenemsley?utm_source=sse554_capstone&utm_medium=referral
https://example.com/images/compact_external_hard_drive_394.jpg,Compact External Hard Drive 394,BlueRiver Outfitters,"The Compact External Hard Drive 394 by BlueRiver Outfitters delivers dependable performance with quality materials and thoughtful design. It is well suited for everyday use in the books category, offering a strong balance of value and functionality.",Books,"Giftable, Durable, Bestseller, Essential, Waterproof",189.89,5.0,1715,1911,2025-12-25,"""!BGSd""/Vn""j",Kalen Emsley,https://unsplash.com/@kalenemsley?utm_source=sse554_capstone&utm_medium=referral
https://example.com/images/smart_science_fiction_novel_619.jpg,Smart Science Fiction Novel 619,Summit Gear Co.,"The Smart Science Fiction Novel 619 by Summit Gear Co. delivers dependable performance with quality materials and thoughtful design. It is well suited for everyday use in the books category, offering a strong balance of value and functionality.",Books,"Portable, Wireless, Lightweight, Giftable, Limited Edition",777.92,1.2,4852,735,2021-01-24,ET5z@aL(ZRLH,Kalen Emsley,https://unsplash.com/@kalenemsley?utm_source=sse554_capstone&utm_medium=referral
https://example.com/images/portable_stainless_steel_water_bottle_841.jpg,Portable Stainless Steel Water Bottle 841,Horizon Tech,"The Portable Stainless Steel Water Bottle 841 by Horizon Tech delivers dependable performance with quality materials and thoughtful design. It is well suited for everyday use in the electronics category, offering a strong balance of value and functionality.",Electronics,"Modern, Durable, Giftable, Portable, Compact",175.88,1.9,5118,913,2017-01-25,8Bw>#<Ugoe8q,Kalen Emsley,https://unsplash.com/@kalenemsley?utm_source=sse554_capstone&utm_medium=referral
https://example.com/images/professional_stainless_steel_water_bottle_830.jpg,Professional Stainless Steel Water Bottle 830,BlueRiver Outfitters,"The Professional Stainless Steel Water Bottle 830 by BlueRiver Outfitters delivers dependable performance with quality materials and thoughtful design. It is well suited for everyday use in the sports & outdoors category, offering a strong balance of value and functionality.",Sports & Outdoors,"Ergonomic, Modern, Waterproof, Essential, Giftable",221.44,1.6,5402,1504,2025-12-28,u:t=kUY\i;(7,Kalen Emsley,https://unsplash.com/@kalenemsley?utm_source=sse554_capstone&utm_medium=referral
https://example.com/images/ultra_backpack_708.jpg,Ultra Backpack 708,SilverLine Electronics,"The Ultra Backpack 708 by SilverLine Electronics delivers dependable performance with quality materials and thoughtful design. It is well suited for everyday use in the clothing category, offering a strong balance of value and functionality.",Clothing,"Limited Edition, Lightweight, Durable, Compact, Bestseller",421.96,1.3,4520,743,2016-01-20,"J8PN,D_R8-ua",Kalen Emsley,https://unsplash.com/@kalenemsley?utm_source=sse554_capstone&utm_medium=referral
https://example.com/images/premium_running_shoes_678.jpg,Premium Running Shoes 678,BlueRiver Outfitters,"The Premium Running Shoes 678 by BlueRiver Outfitters delivers dependable performance with quality materials and thoughtful design. It is well suited for everyday use in the clothing category, offering a strong balance of value and functionality.",Clothing,"Premium, Limited Edition, Versatile, Essential, Wireless",324.1,3.9,2703,1115,2019-11-05,hcvq)VCke6/z,Kalen Emsley,https://unsplash.com/@kalenemsley?utm_source=sse554_capstone&utm_medium=referral
https://example.com/images/smart_bluetooth_speaker_211.jpg,Smart Bluetooth Speaker 211,UrbanNest,"The Smart Bluetooth Speaker 211 by UrbanNest delivers dependable performance with quality materials and thoughtful design. It is well suited for everyday use in the home & kitchen category, offering a strong balance of value and functionality.",Home & Kitchen,"New Arrival, Portable, Wireless, Waterproof, Rechargeable",312.23,3.1,6799,1150,2018-05-13,^Tk\\Xe]MmMt,Kalen Emsley,https://unsplash.com/@kalenemsley?utm_source=sse554_capstone&utm_medium=referral
https://example.com/images/wireless_electric_kettle_248.jpg,Wireless Electric Kettle 248,BlueRiver Outfitters,"The Wireless Electric Kettle 248 by BlueRiver Outfitters delivers dependable performance with quality materials and thoughtful design. It is well suited for everyday use in the sports & outdoors category, offering a strong balance of value and functionality.",Sports & Outdoors,"New Arrival, Wireless, Giftable, Essential, Premium",158.17,3.8,2812,1936,2025-05-15,D!F|'ugOCn35,Kalen Emsley,https://unsplash.com/@kalenemsley?utm_source=sse554_capstone&utm_medium=referral
https://example.com/images/smart_external_hard_drive_445.jpg,Smart External Hard Drive 445,SilverLine Electronics,"The Smart External Hard Drive 445 by SilverLine Electronics delivers dependable performance with quality materials and thoughtful design. It is well suited for everyday use in the office supplies category, offering a strong balance of value and functionality.",Office Supplies,"Lightweight, Rechargeable, Essential, Durable, Giftable",318.56,1.5,7168,1118,2024-05-13,HR*6dO'k)v-S,Kalen Emsley,https://unsplash.com/@kalenemsley?utm_source=sse554_capstone&utm_medium=referral
https://example.com/images/eco_4k_monitor_887.jpg,Eco 4K Monitor 887,BlueRiver Outfitters,"The Eco 4K Monitor 887 by BlueRiver Outfitters delivers dependable performance with quality materials and thoughtful design. It is well suited for everyday use in the electronics category, offering a strong balance of value and functionality.",Electronics,"Wireless, Waterproof, Ergonomic, Versatile, Giftable",129.36,2.2,4925,1443,2019-05-05,tbxV}c968%5f,Kalen Emsley,https://unsplash.com/@kalenemsley?utm_source=sse554_capstone&utm_medium=referral
https://example.com/images/smart_noise_cancelling_headphones_288.jpg,Smart Noise Cancelling Headphones 288,Maple Street Press,"The Smart Noise Cancelling Headphones 288 by Maple Street Press delivers dependable performance with quality materials and thoughtful design. It is well suited for everyday use in the clothing category, offering a strong balance of value and functionality.",Clothing,"Lightweight, Bestseller, Versatile, Limited Edition, Modern",61.11,4.4,5025,1705,2025-12-25,B]?z(yw0IaNB,Kalen Emsley,https://unsplash.com/@kalenemsley?utm_source=sse554_capstone&utm_medium=referral
https://example.com/images/professional_cookware_set_151.jpg,Professional Cookware Set 151,BrightLeaf Publishing,"The Professional Cookware Set 151 by BrightLeaf Publishing delivers dependable performance with quality materials and thoughtful design. It is well suited for everyday use in the office supplies category, offering a strong balance of value and functionality.",Office Supplies,"Compact, New Arrival, Modern, Rechargeable, Ergonomic",107.1,4.8,8720,969,2021-04-28,"KU,YQQnV*ZRh",Kalen Emsley,https://unsplash.com/@kalenemsley?utm_source=sse554_capstone&utm_medium=referral
https://example.com/images/premium_cookware_set_197.jpg,Premium Cookware Set 197,BlueRiver Outfitters,"The Premium Cookware Set 197 by BlueRiver Outfitters delivers dependable performance with quality materials and thoughtful design. It is well suited for everyday use in the electronics category, offering a strong balance of value and functionality.",Electronics,"Modern, Compact, Bestseller, Lightweight, Limited Edition",313.15,3.9,5248,1272,2017-11-30,",dtK;&-mwA|E",Kalen Emsley,https://unsplash.com/@kalenemsley?utm_source=sse554_capstone&utm_medium=referral
https://example.com/images/professional_running_shoes_324.jpg,Professional Running Shoes 324,NorthPeak,"The Professional Running Shoes 324 by NorthPeak delivers dependable performance with quality materials and thoughtful design. It is well suited for everyday use in the home & kitchen category, offering a strong balance of value and functionality.",Home & Kitchen,"Essential, Portable, Waterproof, Premium, Lightweight",131.02,1.9,4862,1091,2018-11-05,dVBc(wr\X/b=,Kalen Emsley,https://unsplash.com/@kalenemsley?utm_source=sse554_capstone&utm_medium=referral
https://example.com/images/compact_cookbook_349.jpg,Compact Cookbook 349,Summit Gear Co.,"The Compact Cookbook 349 by Summit Gear Co. delivers dependable performance with quality materials and thoughtful design. It is well suited for everyday use in the clothing category, offering a strong balance of value and functionality.",Clothing,"Compact, Rechargeable, Ergonomic, Durable, Premium",478.64,1.4,4381,1002,2023-11-16,qJFfAiG|g*k:,Kalen Emsley,https://unsplash.com/@kalenemsley?utm_source=sse554_capstone&utm_medium=referral
https://example.com/images/ultra_bluetooth_speaker_495.jpg,Ultra Bluetooth Speaker 495,Horizon Tech,"The Ultra Bluetooth Speaker 495 by Horizon Tech delivers dependable performance with quality materials and thoughtful design. It is well suited for everyday use in the office supplies category, offering a strong balance of value and functionality.",Office Supplies,"Durable, Giftable, Essential, Compact, Modern",791.96,3.6,5849,582,2020-02-14,FIKY0iUhS|8S,Kalen Emsley,https://unsplash.com/@kalenemsley?utm_source=sse554_capstone&utm_medium=referral
https://example.com/images/eco_fitness_tracker_968.jpg,Eco Fitness Tracker 968,Maple Street Press,"The Eco Fitness Tracker 968 by Maple Street Press delivers dependable performance with quality materials and thoughtful design. It is well suited for everyday use in the sports & outdoors category, offering a strong balance of value and functionality.",Sports & Outdoors,"Wireless, Giftable, Ergonomic, Bestseller, Premium",580.21,3.8,2309,1020,2017-09-12,*t5"Hfo\{Mo=,Kalen Emsley,https://unsplash.com/@kalenemsley?utm_source=sse554_capstone&utm_medium=referral
https://example.com/images/compact_yoga_mat_777.jpg,Compact Yoga Mat 777,Summit Gear Co.,"The Compact Yoga Mat 777 by Summit Gear Co. delivers dependable performance with quality materials and thoughtful design. It is well suited for everyday use in the books category, offering a strong balance of value and functionality.",Books,"New Arrival, Compact, Lightweight, Premium, Versatile",238.4,2.0,1843,734,2016-10-09,SWr-T3bgb<81,Kalen Emsley,https://unsplash.com/@kalenemsley?utm_source=sse554_capstone&utm_medium=referral
https://example.com/images/professional_cookware_set_103.jpg,Professional Cookware Set 103,NorthPeak,"The Professional Cookware Set 103 by NorthPeak delivers dependable performance with quality materials and thoughtful design. It is well suited for everyday use in the books category, offering a strong balance of value and functionality.",Books,"Premium, New Arrival, Rechargeable, Waterproof, Essential",35.19,4.2,4280,88,2021-12-20,}ex-_Gc|xV3_,Kalen Emsley,https://unsplash.com/@kalenemsley?utm_source=sse554_capstone&utm_medium=referral
https://example.com/images/smart_science_fiction_novel_980.jpg,Smart Science Fiction Novel 980,Horizon Tech,"The Smart Science Fiction Novel 980 by Horizon Tech delivers dependable performance with quality materials and thoughtful design. It is well suited for everyday use in the home & kitchen category, offering a strong balance of value and functionality.",Home & Kitchen,"Wireless, Modern, Bestseller, Lightweight, Essential",351.38,4.9,3358,792,2023-09-04,QoT?JgD)dE?M,Kalen Emsley,https://unsplash.com/@kalenemsley?utm_source=sse554_capstone&utm_medium=referral
https://example.com/images/wireless_led_desk_lamp_550.jpg,Wireless LED Desk Lamp 550,BrightLeaf Publishing,"The Wireless LED Desk Lamp 550 by BrightLeaf Publishing delivers dependable performance with quality materials and thoughtful design. It is well suited for everyday use in the home & kitchen category, offering a strong balance of value and functionality.",Home & Kitchen,"Modern, Versatile, New Arrival, Ergonomic, Durable",432.49,1.5,3095,1864,2016-01-17,7-R0PovJA[v\,Kalen Emsley,https://unsplash.com/@kalenemsley?utm_source=sse554_capstone&utm_medium=referral
https://example.com/images/classic_bluetooth_speaker_122.jpg,Classic Bluetooth Speaker 122,UrbanNest,"The Classic Bluetooth Speaker 122 by UrbanNest delivers dependable performance with quality materials and thoughtful design. It is well suited for everyday use in the books category, offering a strong balance of value and functionality.",Books,"Limited Edition, Durable, Premium, Versatile, Ergonomic",285.79,2.9,5460,1913,2017-03-01,wlTe@bp4@Rk},Kalen Emsley,https://unsplash.com/@kalenemsley?utm_source=sse554_capstone&utm_medium=referral
https://example.com/images/eco_office_chair_257.jpg,Eco Office Chair 257,Maple Street Press,"The Eco Office Chair 257 by Maple Street Press delivers dependable performance with quality materials and thoughtful design. It is well suited for everyday use in the electronics category, offering a strong balance of value and functionality.",Electronics,"Essential, Giftable, Portable, Compact, Modern",659.17,3.7,9259,131,2017-03-08,(#OHENfM-T2.,Kalen Emsley,https://unsplash.com/@kalenemsley?utm_source=sse554_capstone&utm_medium=referral
https://example.com/images/smart_gaming_mouse_280.jpg,Smart Gaming Mouse 280,SilverLine Electronics,"The Smart Gaming Mouse 280 by SilverLine Electronics delivers dependable performance with quality materials and thoughtful design. It is well suited for everyday use in the home & kitchen category, offering a strong balance of value and functionality.",Home & Kitchen,"Portable, Limited Edition, Versatile, Waterproof, Modern",45.58,4.7,3740,533,2021-02-17,/%@J8X#Twx|Q,Kalen Emsley,https://unsplash.com/@kalenemsley?utm_source=sse554_capstone&utm_medium=referral
https://example.com/images/ultra_science_fiction_novel_201.jpg,Ultra Science Fiction Novel 201,BlueRiver Outfitters,"The Ultra Science Fiction Novel 201 by BlueRiver Outfitters delivers dependable performance with quality materials and thoughtful design. It is well suited for everyday use in the clothing category, offering a strong balance of value and functionality.",Clothing,"Limited Edition, Portable, New Arrival, Lightweight, Modern",99.59,2.4,7961,1150,2024-08-15,xwyslwCiMiQZ,Kalen Emsley,https://unsplash.com/@kalenemsley?utm_source=sse554_capstone&utm_medium=referral
https://example.com/images/premium_noise_cancelling_headphones_294.jpg,Premium Noise Cancelling Headphones 294,Summit Gear Co.,"The Premium Noise Cancelling Headphones 294 by Summit Gear Co. delivers dependable performance with quality materials and thoughtful design. It is well suited for everyday use in the office supplies category, offering a strong balance of value and functionality.",Office Supplies,"Essential, Bestseller, Wireless, Premium, Giftable",550.04,3.2,8121,1547,2023-08-30,V}.6SaVFRX)n,Kalen Emsley,https://unsplash.com/@kalenemsley?utm_source=sse554_capstone&utm_medium=referral
https://example.com/images/eco_bluetooth_speaker_829.jpg,Eco Bluetooth Speaker 829,Summit Gear Co.,"The Eco Bluetooth Speaker 829 by Summit Gear Co. delivers dependable performance with quality materials and thoughtful design. It is well suited for everyday use in the home & kitchen category, offering a strong balance of value and functionality.",Home & Kitchen,"Limited Edition, Wireless, Durable, New Arrival, Compact",400.87,3.4,6566,106,2020-09-18,8?!4""Ar%Y3v,Kalen Emsley,https://unsplash.com/@kalenemsley?utm_source=sse554_capstone&utm_medium=referral
https://example.com/images/portable_fitness_tracker_156.jpg,Portable Fitness Tracker 156,Horizon Tech,"The Portable Fitness Tracker 156 by Horizon Tech delivers dependable performance with quality materials and thoughtful design. It is well suited for everyday use in the electronics category, offering a strong balance of value and functionality.",Electronics,"Modern, Ergonomic, Waterproof, Limited Edition, Compact",537.03,1.2,5565,1282,2022-04-23,mq7[[qCzu$-$,Kalen Emsley,https://unsplash.com/@kalenemsley?utm_source=sse554_capstone&utm_medium=referral
https://example.com/images/classic_led_desk_lamp_929.jpg,Classic LED Desk Lamp 929,Horizon Tech,"The Classic LED Desk Lamp 929 by Horizon Tech delivers dependable performance with quality materials and thoughtful design. It is well suited for everyday use in the sports & outdoors category, offering a strong balance of value and functionality.",Sports & Outdoors,"Durable, Waterproof, Ergonomic, Limited Edition, Compact",261.39,3.5,5435,603,2021-09-15,LH84?k"S/3F?,Kalen Emsley,https://unsplash.com/@kalenemsley?utm_source=sse554_capstone&utm_medium=referral
https://example.com/images/eco_cookware_set_669.jpg,Eco Cookware Set 669,Summit Gear Co.,"The Eco Cookware Set 669 by Summit Gear Co. delivers dependable performance with quality materials and thoughtful design. It is well suited for everyday use in the clothing category, offering a strong balance of value and functionality.",Clothing,"Durable, Wireless, Rechargeable, Portable, Compact",586.07,1.8,7590,1274,2023-05-19,&OTlf.YZG5zA,Kalen Emsley,https://unsplash.com/@kalenemsley?utm_source=sse554_capstone&utm_medium=referral
https://example.com/images/portable_action_camera_320.jpg,Portable Action Camera 320,NorthPeak,"The Portable Action Camera 320 by NorthPeak delivers dependable performance with quality materials and thoughtful design. It is well suited for everyday use in the books category, offering a strong balance of value and functionality.",Books,"Premium, Durable, Portable, Giftable, Rechargeable",317.51,3.2,1269,920,2024-06-08,f59HbhT&Zo0H,Kalen Emsley,https://unsplash.com/@kalenemsley?utm_source=sse554_capstone&utm_medium=referral
https://example.com/images/professional_4k_monitor_740.jpg,Professional 4K Monitor 740,BlueRiver Outfitters,"The Professional 4K Monitor 740 by BlueRiver Outfitters delivers dependable performance with quality materials and thoughtful design. It is well suited for everyday use in the office supplies category, offering a strong balance of value and functionality.",Office Supplies,"Ergonomic, Compact, Versatile, Limited Edition, Giftable",408.38,2.2,4808,160,2024-09-26,"3`O`#A""V,0_)",Kalen Emsley,https://unsplash.com/@kalenemsley?utm_source=sse554_capstone&utm_medium=referral
https://example.com/images/wireless_mechanical_keyboard_120.jpg,Wireless Mechanical Keyboard 120,NorthPeak,"The Wireless Mechanical Keyboard 120 by NorthPeak delivers dependable performance with quality materials and thoughtful design. It is well suited for everyday use in the sports & outdoors category, offering a strong balance of value and functionality.",Sports & Outdoors,"Waterproof, Ergonomic, Limited Edition, Essential, Modern",231.19,4.9,7003,715,2021-07-02,"9Bb?]w""A?y5,",Kalen Emsley,https://unsplash.com/@kalenemsley?utm_source=sse554_capstone&utm_medium=referral
https://example.com/images/classic_external_hard_drive_529.jpg,Classic External Hard Drive 529,Horizon Tech,"The Classic External Hard Drive 529 by Horizon Tech delivers dependable performance with quality materials and thoughtful design. It is well suited for everyday use in the office supplies category, offering a strong balance of value and functionality.",Office Supplies,"Durable, Ergonomic, Compact, Giftable, Lightweight",501.9,1.3,3079,433,2018-11-24,[/;hwa^y52H@,Kalen Emsley,https://unsplash.com/@kalenemsley?utm_source=sse554_capstone&utm_medium=referral
https://example.com/images/premium_4k_monitor_952.jpg,Premium 4K Monitor 952,BrightLeaf Publishing,"The Premium 4K Monitor 952 by BrightLeaf Publishing delivers dependable performance with quality materials and thoughtful design. It is well suited for everyday use in the office supplies category, offering a strong balance of value and functionality.",Office Supplies,"Versatile, Durable, Premium, Rechargeable, Ergonomic",374.41,3.6,9561,1930,2022-02-10,&6_qUuqe*u}O,Kalen Emsley,https://unsplash.com/@kalenemsley?utm_source=sse554_capstone&utm_medium=referral
https://example.com/images/classic_backpack_405.jpg,Classic Backpack 405,SilverLine Electronics,"The Classic Backpack 405 by SilverLine Electronics delivers dependable performance with quality materials and thoughtful design. It is well suited for everyday use in the home & kitchen category, offering a strong balance of value and functionality.",Home & Kitchen,"Rechargeable, Premium, Limited Edition, Giftable, Bestseller",188.84,3.0,5924,1635,2022-07-15,u-'!GGK|?AU(,Kalen Emsley,https://unsplash.com/@kalenemsley?utm_source=sse554_capstone&utm_medium=referral
https://example.com/images/smart_cookbook_530.jpg,Smart Cookbook 530,Summit Gear Co.,"The Smart Cookbook 530 by Summit Gear Co. delivers dependable performance with quality materials and thoughtful design. It is well suited for everyday use in the clothing category, offering a strong balance of value and functionality.",Clothing,"Limited Edition, Modern, Waterproof, Bestseller, Giftable",25.59,2.3,5502,548,2018-01-12,i$}pb<T0vAPU,Kalen Emsley,https://unsplash.com/@kalenemsley?utm_source=sse554_capstone&utm_medium=referral
https://example.com/images/classic_science_fiction_novel_186.jpg,Classic Science Fiction Novel 186,Maple Street Press,"The Classic Science Fiction Novel 186 by Maple Street Press delivers dependable performance with quality materials and thoughtful design. It is well suited for everyday use in the sports & outdoors category, offering a strong balance of value and functionality.",Sports & Outdoors,"Bestseller, Lightweight, Waterproof, Rechargeable, Premium",500.01,3.9,8943,946,2017-03-16,|*nlb`]/qK[>,Kalen Emsley,https://unsplash.com/@kalenemsley?utm_source=sse554_capstone&utm_medium=referral
https://example.com/images/advanced_graphic_t-shirt_733.jpg,Advanced Graphic T-Shirt 733,NorthPeak,"The Advanced Graphic T-Shirt 733 by NorthPeak delivers dependable performance with quality materials and thoughtful design. It is well suited for everyday use in the office supplies category, offering a strong balance of value and functionality.",Office Supplies,"Lightweight, Modern, Versatile, New Arrival, Bestseller",615.35,1.4,2661,1257,2018-09-27,5TN=yn8Rw7]y,Kalen Emsley,https://unsplash.com/@kalenemsley?utm_source=sse554_capstone&utm_medium=referral
https://example.com/images/portable_stainless_steel_water_bottle_194.jpg,Portable Stainless Steel Water Bottle 194,BrightLeaf Publishing,"The Portable Stainless Steel Water Bottle 194 by BrightLeaf Publishing delivers dependable performance with quality materials and thoughtful design. It is well suited for everyday use in the electronics category, offering a strong balance of value and functionality.",Electronics,"Essential, Premium, Rechargeable, Compact, Modern",688.27,4.4,1694,1356,2022-12-12,so5L#1<nWp7{,Kalen Emsley,https://unsplash.com/@kalenemsley?utm_source=sse554_capstone&utm_medium=referral
https://example.com/images/wireless_4k_monitor_107.jpg,Wireless 4K Monitor 107,UrbanNest,"The Wireless 4K Monitor 107 by UrbanNest delivers dependable performance with quality materials and thoughtful design. It is well suited for everyday use in the books category, offering a strong balance of value and functionality.",Books,"Essential, New Arrival, Premium, Giftable, Wireless",518.55,1.4,2533,228,2024-11-21,]rh.pu798gdM,Kalen Emsley,https://unsplash.com/@kalenemsley?utm_source=sse554_capstone&utm_medium=referral
https://example.com/images/wireless_cookware_set_696.jpg,Wireless Cookware Set 696,Summit Gear Co.,"The Wireless Cookware Set 696 by Summit Gear Co. delivers dependable performance with quality materials and thoughtful design. It is well suited for everyday use in the clothing category, offering a strong balance of value and functionality.",Clothing,"Essential, New Arrival, Limited Edition, Giftable, Versatile",586.24,4.1,2902,663,2019-10-24,am21TN61|$D[,Kalen Emsley,https://unsplash.com/@kalenemsley?utm_source=sse554_capstone&utm_medium=referral
https://example.com/images/wireless_mechanical_keyboard_599.jpg,Wireless Mechanical Keyboard 599,SilverLine Electronics,"The Wireless Mechanical Keyboard 599 by SilverLine Electronics delivers dependable performance with quality materials and thoughtful design. It is well suited for everyday use in the clothing category, offering a strong balance of value and functionality.",Clothing,"Rechargeable, Wireless, Lightweight, New Arrival, Bestseller",244.87,5.0,5552,580,2023-01-22,Uv?5G$V`_u)@,Kalen Emsley,https://unsplash.com/@kalenemsley?utm_source=sse554_capstone&utm_medium=referral
https://example.com/images/ultra_stainless_steel_water_bottle_704.jpg,Ultra Stainless Steel Water Bottle 704,UrbanNest,"The Ultra Stainless Steel Water Bottle 704 by UrbanNest delivers dependable performance with quality materials and thoughtful design. It is well suited for everyday use in the office supplies category, offering a strong balance of value and functionality.",Office Supplies,"Premium, Modern, Wireless, Waterproof, Rechargeable",407.5,3.6,4541,1382,2024-01-26,Jh=A]!.oE?gD,Kalen Emsley,https://unsplash.com/@kalenemsley?utm_source=sse554_capstone&utm_medium=referral
https://example.com/images/premium_yoga_mat_129.jpg,Premium Yoga Mat 129,SilverLine Electronics,"The Premium Yoga Mat 129 by SilverLine Electronics delivers dependable performance with quality materials and thoughtful design. It is well suited for everyday use in the electronics category, offering a strong balance of value and functionality.",Electronics,"Portable, Ergonomic, Durable, Limited Edition, Giftable",489.51,3.5,2245,1823,2021-10-21,H#1"V}+Nf[wo,Kalen Emsley,https://unsplash.com/@kalenemsley?utm_source=sse554_capstone&utm_medium=referral
https://example.com/images/compact_fitness_tracker_805.jpg,Compact Fitness Tracker 805,BrightLeaf Publishing,"The Compact Fitness Tracker 805 by BrightLeaf Publishing delivers dependable performance with quality materials and thoughtful design. It is well suited for everyday use in the clothing category, offering a strong balance of value and functionality.",Clothing,"Modern, Compact, Lightweight, Wireless, Bestseller",441.14,3.1,6604,1633,2021-04-04,]pzdEBZr~'^>,Kalen Emsley,https://unsplash.com/@kalenemsley?utm_source=sse554_capstone&utm_medium=referral
https://example.com/images/smart_external_hard_drive_601.jpg,Smart External Hard Drive 601,SilverLine Electronics,"The Smart External Hard Drive 601 by SilverLine Electronics delivers dependable performance with quality materials and thoughtful design. It is well suited for everyday use in the sports & outdoors category, offering a strong balance of value and functionality.",Sports & Outdoors,"Limited Edition, Modern, Portable, Giftable, Waterproof",95.04,4.1,1564,166,2017-01-09,<n*{u4rstwUK,Kalen Emsley,https://unsplash.com/@kalenemsley?utm_source=sse554_capstone&utm_medium=referral
https://example.com/images/compact_smartphone_stand_293.jpg,Compact Smartphone Stand 293,NorthPeak,"The Compact Smartphone Stand 293 by NorthPeak delivers dependable performance with quality materials and thoughtful design. It is well suited for everyday use in the sports & outdoors category, offering a strong balance of value and functionality.",Sports & Outdoors,"Rechargeable, Giftable, Waterproof, Ergonomic, Essential",528.9,4.1,5161,1852,2023-11-01,lQ2u"~4XGPPn,Kalen Emsley,https://unsplash.com/@kalenemsley?utm_source=sse554_capstone&utm_medium=referral
https://example.com/images/professional_cookbook_521.jpg,Professional Cookbook 521,UrbanNest,"The Professional Cookbook 521 by UrbanNest delivers dependable performance with quality materials and thoughtful design. It is well suited for everyday use in the books category, offering a strong balance of value and functionality.",Books,"Giftable, Durable, Versatile, New Arrival, Waterproof",406.72,4.4,4718,173,2022-12-26,:S-Q]Ep5G5]R,Kalen Emsley,https://unsplash.com/@kalenemsley?utm_source=sse554_capstone&utm_medium=referral
https://example.com/images/professional_science_fiction_novel_725.jpg,Professional Science Fiction Novel 725,BrightLeaf Publishing,"The Professional Science Fiction Novel 725 by BrightLeaf Publishing delivers dependable performance with quality materials and thoughtful design. It is well suited for everyday use in the books category, offering a strong balance of value and functionality.",Books,"Durable, Lightweight, Versatile, New Arrival, Giftable",14.67,2.8,8376,1142,2016-04-26,iwp7R<xjtn#O,Kalen Emsley,https://unsplash.com/@kalenemsley?utm_source=sse554_capstone&utm_medium=referral
https://example.com/images/ultra_gaming_mouse_437.jpg,Ultra Gaming Mouse 437,BrightLeaf Publishing,"The Ultra Gaming Mouse 437 by BrightLeaf Publishing delivers dependable performance with quality materials and thoughtful design. It is well suited for everyday use in the clothing category, offering a strong balance of value and functionality.",Clothing,"Durable, Portable, Versatile, Compact, Waterproof",324.93,4.8,9615,361,2025-03-24,9+fZ:xkg?bY<,Kalen Emsley,https://unsplash.com/@kalenemsley?utm_source=sse554_capstone&utm_medium=referral
https://example.com/images/ultra_bluetooth_speaker_292.jpg,Ultra Bluetooth Speaker 292,Summit Gear Co.,"The Ultra Bluetooth Speaker 292 by Summit Gear Co. delivers dependable performance with quality materials and thoughtful design. It is well suited for everyday use in the books category, offering a strong balance of value and functionality.",Books,"Versatile, Premium, Portable, Bestseller, Compact",667.59,2.7,2541,476,2016-10-01,"0n,I?s>RJMni",Kalen Emsley,https://unsplash.com/@kalenemsley?utm_source=sse554_capstone&utm_medium=referral
https://example.com/images/professional_backpack_535.jpg,Professional Backpack 535,Summit Gear Co.,"The Professional Backpack 535 by Summit Gear Co. delivers dependable performance with quality materials and thoughtful design. It is well suited for everyday use in the clothing category, offering a strong balance of value and functionality.",Clothing,"Bestseller, Modern, Premium, Rechargeable, Compact",549.16,1.6,6320,1421,2024-07-15,4?UHv232N7b+,Kalen Emsley,https://unsplash.com/@kalenemsley?utm_source=sse554_capstone&utm_medium=referral
https://example.com/images/classic_science_fiction_novel_155.jpg,Classic Science Fiction Novel 155,Summit Gear Co.,"The Classic Science Fiction Novel 155 by Summit Gear Co. delivers dependable performance with quality materials and thoughtful design. It is well suited for everyday use in the books category, offering a strong balance of value and functionality.",Books,"Ergonomic, Versatile, Wireless, Modern, Limited Edition",730.92,4.3,6814,447,2023-02-07,XwnV'nHz=5o(,Kalen Emsley,https://unsplash.com/@kalenemsley?utm_source=sse554_capstone&utm_medium=referral
https://example.com/images/compact_science_fiction_novel_698.jpg,Compact Science Fiction Novel 698,Maple Street Press,"The Compact Science Fiction Novel 698 by Maple Street Press delivers dependable performance with quality materials and thoughtful design. It is well suited for everyday use in the electronics category, offering a strong balance of value and functionality.",Electronics,"Wireless, Versatile, Durable, Bestseller, Rechargeable",558.98,1.2,9534,1390,2023-04-21,5iLbS76OT/Tl,Kalen Emsley,https://unsplash.com/@kalenemsley?utm_source=sse554_capstone&utm_medium=referral
https://example.com/images/premium_bluetooth_speaker_944.jpg,Premium Bluetooth Speaker 944,UrbanNest,"The Premium Bluetooth Speaker 944 by UrbanNest delivers dependable performance with quality materials and thoughtful design. It is well suited for everyday use in the home & kitchen category, offering a strong balance of value and functionality.",Home & Kitchen,"Compact, New Arrival, Lightweight, Modern, Bestseller",67.81,3.7,9542,847,2019-01-18,Zv&Md-n|~~o6,Kalen Emsley,https://unsplash.com/@kalenemsley?utm_source=sse554_capstone&utm_medium=referral
https://example.com/images/professional_4k_monitor_252.jpg,Professional 4K Monitor 252,UrbanNest,"The Professional 4K Monitor 252 by UrbanNest delivers dependable performance with quality materials and thoughtful design. It is well suited for everyday use in the clothing category, offering a strong balance of value and functionality.",Clothing,"Limited Edition, Giftable, Essential, Compact, Modern",81.83,4.2,9116,1300,2016-04-29,t^6qur$Mvzbc,Kalen Emsley,https://unsplash.com/@kalenemsley?utm_source=sse554_capstone&utm_medium=referral
https://example.com/images/ultra_action_camera_275.jpg,Ultra Action Camera 275,Summit Gear Co.,"The Ultra Action Camera 275 by Summit Gear Co. delivers dependable performance with quality materials and thoughtful design. It is well suited for everyday use in the office supplies category, offering a strong balance of value and functionality.",Office Supplies,"Rechargeable, Waterproof, Limited Edition, Versatile, Wireless",708.18,3.5,7840,1479,2024-04-15,M'q(;H/xzM0U,Kalen Emsley,https://unsplash.com/@kalenemsley?utm_source=sse554_capstone&utm_medium=referral
https://example.com/images/ultra_gaming_mouse_926.jpg,Ultra Gaming Mouse 926,NorthPeak,"The Ultra Gaming Mouse 926 by NorthPeak delivers dependable performance with quality materials and thoughtful design. It is well suited for everyday use in the electronics category, offering a strong balance of value and functionality.",Electronics,"Essential, Ergonomic, Bestseller, Limited Edition, Premium",483.5,3.3,6953,1297,2020-11-14,0YVP4rZs#p<$,Kalen Emsley,https://unsplash.com/@kalenemsley?utm_source=sse554_capstone&utm_medium=referral
https://example.com/images/premium_external_hard_drive_495.jpg,Premium External Hard Drive 495,Horizon Tech,"The Premium External Hard Drive 495 by Horizon Tech delivers dependable performance with quality materials and thoughtful design. It is well suited for everyday use in the clothing category, offering a strong balance of value and functionality.",Clothing,"Limited Edition, Versatile, Durable, Essential, Portable",613.45,4.7,6511,1435,2017-07-28,xq-:&G:4/99/,Kalen Emsley,https://unsplash.com/@kalenemsley?utm_source=sse554_capstone&utm_medium=referral
https://example.com/images/portable_bluetooth_speaker_503.jpg,Portable Bluetooth Speaker 503,Horizon Tech,"The Portable Bluetooth Speaker 503 by Horizon Tech delivers dependable performance with quality materials and thoughtful design. It is well suited for everyday use in the clothing category, offering a strong balance of value and functionality.",Clothing,"Giftable, Compact, New Arrival, Essential, Bestseller",741.45,3.8,8679,1506,2023-02-05,U"'-II;-%oAq,Kalen Emsley,https://unsplash.com/@kalenemsley?utm_source=sse554_capstone&utm_medium=referral
https://example.com/images/smart_science_fiction_novel_313.jpg,Smart Science Fiction Novel 313,BrightLeaf Publishing,"The Smart Science Fiction Novel 313 by BrightLeaf Publishing delivers dependable performance with quality materials and thoughtful design. It is well suited for everyday use in the home & kitchen category, offering a strong balance of value and functionality.",Home & Kitchen,"Rechargeable, Ergonomic, Versatile, Bestseller, Waterproof",218.26,3.4,2623,901,2025-03-11,NJKAF&_3~9;K,Kalen Emsley,https://unsplash.com/@kalenemsley?utm_source=sse554_capstone&utm_medium=referral
https://example.com/images/eco_noise_cancelling_headphones_420.jpg,Eco Noise Cancelling Headphones 420,Summit Gear Co.,"The Eco Noise Cancelling Headphones 420 by Summit Gear Co. delivers dependable performance with quality materials and thoughtful design. It is well suited for everyday use in the books category, offering a strong balance of value and functionality.",Books,"Rechargeable, Limited Edition, Compact, New Arrival, Bestseller",601.18,1.9,1842,1853,2017-05-04,l}twIB[oQrLp,Kalen Emsley,https://unsplash.com/@kalenemsley?utm_source=sse554_capstone&utm_medium=referral
https://example.com/images/smart_gaming_mouse_893.jpg,Smart Gaming Mouse 893,Horizon Tech,"The Smart Gaming Mouse 893 by Horizon Tech delivers dependable performance with quality materials and thoughtful design. It is well suited for everyday use in the home & kitchen category, offering a strong balance of value and functionality.",Home & Kitchen,"Giftable, Modern, Durable, New Arrival, Lightweight",368.9,2.3,3056,261,2017-08-28,\y)s5NVu)-N-,Kalen Emsley,https://unsplash.com/@kalenemsley?utm_source=sse554_capstone&utm_medium=referral
https://example.com/images/compact_4k_monitor_767.jpg,Compact 4K Monitor 767,UrbanNest,"The Compact 4K Monitor 767 by UrbanNest delivers dependable performance with quality materials and thoughtful design. It is well suited for everyday use in the electronics category, offering a strong balance of value and functionality.",Electronics,"Essential, Rechargeable, Lightweight, New Arrival, Compact",125.97,4.8,4437,1808,2016-03-05,KJi>5}4\o;$M,Kalen Emsley,https://unsplash.com/@kalenemsley?utm_source=sse554_capstone&utm_medium=referral
https://example.com/images/ultra_stainless_steel_water_bottle_457.jpg,Ultra Stainless Steel Water Bottle 457,Summit Gear Co.,"The Ultra Stainless Steel Water Bottle 457 by Summit Gear Co. delivers dependable performance with quality materials and thoughtful design. It is well suited for everyday use in the books category, offering a strong balance of value and functionality.",Books,"Premium, Portable, Lightweight, Giftable, Limited Edition",752.65,1.7,5957,1340,2022-07-24,";lEH,^L<4'P\",Kalen Emsley,https://unsplash.com/@kalenemsley?utm_source=sse554_capstone&utm_medium=referral
https://example.com/images/classic_cookware_set_567.jpg,Classic Cookware Set 567,BrightLeaf Publishing,"The Classic Cookware Set 567 by BrightLeaf Publishing delivers dependable performance with quality materials and thoughtful design. It is well suited for everyday use in the clothing category, offering a strong balance of value and functionality.",Clothing,"Durable, Versatile, Modern, Lightweight, Wireless",489.42,4.5,1649,115,2025-07-10,~<4|)t_F/e)d,Kalen Emsley,https://unsplash.com/@kalenemsley?utm_source=sse554_capstone&utm_medium=referral
https://example.com/images/smart_stainless_steel_water_bottle_874.jpg,Smart Stainless Steel Water Bottle 874,Summit Gear Co.,"The Smart Stainless Steel Water Bottle 874 by Summit Gear Co. delivers dependable performance with quality materials and thoughtful design. It is well suited for everyday use in the office supplies category, offering a strong balance of value and functionality.",Office Supplies,"Premium, Rechargeable, Durable, Ergonomic, Bestseller",622.24,4.8,4138,110,2023-03-17,G8K.J$-$w7aF,Kalen Emsley,https://unsplash.com/@kalenemsley?utm_source=sse554_capstone&utm_medium=referral
https://example.com/images/professional_cookware_set_562.jpg,Professional Cookware Set 562,Maple Street Press,"The Professional Cookware Set 562 by Maple Street Press delivers dependable performance with quality materials and thoughtful design. It is well suited for everyday use in the home & kitchen category, offering a strong balance of value and functionality.",Home & Kitchen,"Wireless, Limited Edition, Compact, Premium, Bestseller",74.45,3.8,6070,428,2021-02-09,I[?IwEE#N79#,Kalen Emsley,https://unsplash.com/@kalenemsley?utm_source=sse554_capstone&utm_medium=referral
https://example.com/images/wireless_fitness_tracker_597.jpg,Wireless Fitness Tracker 597,BlueRiver Outfitters,"The Wireless Fitness Tracker 597 by BlueRiver Outfitters delivers dependable performance with quality materials and thoughtful design. It is well suited for everyday use in the home & kitchen category, offering a strong balance of value and functionality.",Home & Kitchen,"Ergonomic, Modern, Waterproof, Portable, Limited Edition",121.79,1.2,5722,1044,2017-06-12,8f0$#@v*B}o/,Kalen Emsley,https://unsplash.com/@kalenemsley?utm_source=sse554_capstone&utm_medium=referral
https://example.com/images/professional_4k_monitor_638.jpg,Professional 4K Monitor 638,SilverLine Electronics,"The Professional 4K Monitor 638 by SilverLine Electronics delivers dependable performance with quality materials and thoughtful design. It is well suited for everyday use in the office supplies category, offering a strong balance of value and functionality.",Office Supplies,"New Arrival, Durable, Essential, Portable, Rechargeable",616.27,4.9,8370,1732,2016-12-07,v3U7vBOwE#aw,Kalen Emsley,https://unsplash.com/@kalenemsley?utm_source=sse554_capstone&utm_medium=referral
https://example.com/images/wireless_bluetooth_speaker_788.jpg,Wireless Bluetooth Speaker 788,Horizon Tech,"The Wireless Bluetooth Speaker 788 by Horizon Tech delivers dependable performance with quality materials and thoughtful design. It is well suited for everyday use in the home & kitchen category, offering a strong balance of value and functionality.",Home & Kitchen,"Portable, Modern, Ergonomic, Wireless, Bestseller",511.3,2.7,2419,572,2019-03-25,z)fO$`_o>PNf,Kalen Emsley,https://unsplash.com/@kalenemsley?utm_source=sse554_capstone&utm_medium=referral
https://example.com/images/professional_led_desk_lamp_258.jpg,Professional LED Desk Lamp 258,NorthPeak,"The Professional LED Desk Lamp 258 by NorthPeak delivers dependable performance with quality materials and thoughtful design. It is well suited for everyday use in the office supplies category, offering a strong balance of value and functionality.",Office Supplies,"Essential, Bestseller, Lightweight, Waterproof, Durable",313.64,4.6,6882,125,2022-05-07,Q9=t'6E2Grg3,Kalen Emsley,https://unsplash.com/@kalenemsley?utm_source=sse554_capstone&utm_medium=referral
https://example.com/images/premium_gaming_mouse_240.jpg,Premium Gaming Mouse 240,BlueRiver Outfitters,"The Premium Gaming Mouse 240 by BlueRiver Outfitters delivers dependable performance with quality materials and thoughtful design. It is well suited for everyday use in the books category, offering a strong balance of value and functionality.",Books,"Lightweight, Durable, Limited Edition, New Arrival, Versatile",711.49,4.2,4756,179,2020-04-20,s?0{8j9Nulgz,Kalen Emsley,https://unsplash.com/@kalenemsley?utm_source=sse554_capstone&utm_medium=referral
https://example.com/images/smart_backpack_703.jpg,Smart Backpack 703,BlueRiver Outfitters,"The Smart Backpack 703 by BlueRiver Outfitters delivers dependable performance with quality materials and thoughtful design. It is well suited for everyday use in the home & kitchen category, offering a strong balance of value and functionality.",Home & Kitchen,"Modern, Durable, Lightweight, Giftable, Rechargeable",20.91,2.4,1852,1373,2018-12-08,_@ui?^5O#aCv,Kalen Emsley,https://unsplash.com/@kalenemsley?utm_source=sse554_capstone&utm_medium=referral
https://example.com/images/advanced_running_shoes_652.jpg,Advanced Running Shoes 652,BlueRiver Outfitters,"The Advanced Running Shoes 652 by BlueRiver Outfitters delivers dependable performance with quality materials and thoughtful design. It is well suited for everyday use in the books category, offering a strong balance of value and functionality.",Books,"Compact, Modern, Premium, New Arrival, Waterproof",197.41,3.8,2455,1461,2019-01-31,":`Es,zT$TwTd",Kalen Emsley,https://unsplash.com/@kalenemsley?utm_source=sse554_capstone&utm_medium=referral
https://example.com/images/professional_cookbook_626.jpg,Professional Cookbook 626,UrbanNest,"The Professional Cookbook 626 by UrbanNest delivers dependable performance with quality materials and thoughtful design. It is well suited for everyday use in the clothing category, offering a strong balance of value and functionality.",Clothing,"Giftable, New Arrival, Limited Edition, Modern, Compact",599.82,2.0,9714,503,2024-07-17,!h)H|B\bI*2t,Kalen Emsley,https://unsplash.com/@kalenemsley?utm_source=sse554_capstone&utm_medium=referral
https://example.com/images/premium_cookbook_609.jpg,Premium Cookbook 609,BrightLeaf Publishing,"The Premium Cookbook 609 by BrightLeaf Publishing delivers dependable performance with quality materials and thoughtful design. It is well suited for everyday use in the clothing category, offering a strong balance of value and functionality.",Clothing,"Essential, Versatile, Compact, Waterproof, Premium",375.39,1.2,2113,1901,2018-02-11,WB_euWfB&OY:,Kalen Emsley,https://unsplash.com/@kalenemsley?utm_source=sse554_capstone&utm_medium=referral
https://example.com/images/classic_science_fiction_novel_963.jpg,Classic Science Fiction Novel 963,BlueRiver Outfitters,"The Classic Science Fiction Novel 963 by BlueRiver Outfitters delivers dependable performance with quality materials and thoughtful design. It is well suited for everyday use in the electronics category, offering a strong balance of value and functionality.",Electronics,"Durable, Giftable, Rechargeable, Essential, Ergonomic",241.9,1.5,3485,1143,2019-02-17,%Cs'wp6oFC58,Kalen Emsley,https://unsplash.com/@kalenemsley?utm_source=sse554_capstone&utm_medium=referral
https://example.com/images/wireless_led_desk_lamp_243.jpg,Wireless LED Desk Lamp 243,BlueRiver Outfitters,"The Wireless LED Desk Lamp 243 by BlueRiver Outfitters delivers dependable performance with quality materials and thoughtful design. It is well suited for everyday use in the electronics category, offering a strong balance of value and functionality.",Electronics,"Ergonomic, Versatile, Durable, New Arrival, Essential",34.02,1.2,6047,1471,2024-12-11,yC[ZAXR~H\M`,Kalen Emsley,https://unsplash.com/@kalenemsley?utm_source=sse554_capstone&utm_medium=referral
https://example.com/images/eco_mechanical_keyboard_911.jpg,Eco Mechanical Keyboard 911,BlueRiver Outfitters,"The Eco Mechanical Keyboard 911 by BlueRiver Outfitters delivers dependable performance with quality materials and thoughtful design. It is well suited for everyday use in the electronics category, offering a strong balance of value and functionality.",Electronics,"Giftable, Ergonomic, New Arrival, Limited Edition, Rechargeable",713.04,3.7,7866,412,2018-12-03,<pme5ppsfDU|,Kalen Emsley,https://unsplash.com/@kalenemsley?utm_source=sse554_capstone&utm_medium=referral
https://example.com/images/advanced_fitness_tracker_431.jpg,Advanced Fitness Tracker 431,Maple Street Press,"The Advanced Fitness Tracker 431 by Maple Street Press delivers dependable performance with quality materials and thoughtful design. It is well suited for everyday use in the sports & outdoors category, offering a strong balance of value and functionality.",Sports & Outdoors,"Waterproof, Portable, Ergonomic, Compact, New Arrival",750.5,2.7,9208,1844,2023-03-30,;(x0Lv~DQfTy,Kalen Emsley,https://unsplash.com/@kalenemsley?utm_source=sse554_capstone&utm_medium=referral
https://example.com/images/ultra_action_camera_319.jpg,Ultra Action Camera 319,BlueRiver Outfitters,"The Ultra Action Camera 319 by BlueRiver Outfitters delivers dependable performance with quality materials and thoughtful design. It is well suited for everyday use in the clothing category, offering a strong balance of value and functionality.",Clothing,"New Arrival, Rechargeable, Premium, Giftable, Versatile",338.21,2.7,4004,1430,2018-08-15,PR14hRs0u}LA,Kalen Emsley,https://unsplash.com/@kalenemsley?utm_source=sse554_capstone&utm_medium=referral
https://example.com/images/portable_science_fiction_novel_464.jpg,Portable Science Fiction Novel 464,NorthPeak,"The Portable Science Fiction Novel 464 by NorthPeak delivers dependable performance with quality materials and thoughtful design. It is well suited for everyday use in the electronics category, offering a strong balance of value and functionality.",Electronics,"Giftable, New Arrival, Wireless, Rechargeable, Ergonomic",525.03,4.0,5664,552,2024-07-01,=O-JknSy7x!V,Kalen Emsley,https://unsplash.com/@kalenemsley?utm_source=sse554_capstone&utm_medium=referral
https://example.com/images/professional_external_hard_drive_249.jpg,Professional External Hard Drive 249,Summit Gear Co.,"The Professional External Hard Drive 249 by Summit Gear Co. delivers dependable performance with quality materials and thoughtful design. It is well suited for everyday use in the books category, offering a strong balance of value and functionality.",Books,"Bestseller, Compact, Durable, Giftable, Modern",546.71,1.2,8786,1901,2023-09-21,x!9FTSY](umg,Kalen Emsley,https://unsplash.com/@kalenemsley?utm_source=sse554_capstone&utm_medium=referral
https://example.com/images/advanced_noise_cancelling_headphones_845.jpg,Advanced Noise Cancelling Headphones 845,UrbanNest,"The Advanced Noise Cancelling Headphones 845 by UrbanNest delivers dependable performance with quality materials and thoughtful design. It is well suited for everyday use in the electronics category, offering a strong balance of value and functionality.",Electronics,"New Arrival, Rechargeable, Essential, Premium, Wireless",264.38,3.7,2957,201,2018-06-20,",w.FL@`V2[]M",Kalen Emsley,https://unsplash.com/@kalenemsley?utm_source=sse554_capstone&utm_medium=referral
https://example.com/images/compact_led_desk_lamp_262.jpg,Compact LED Desk Lamp 262,SilverLine Electronics,"The Compact LED Desk Lamp 262 by SilverLine Electronics delivers dependable performance with quality materials and thoughtful design. It is well suited for everyday use in the sports & outdoors category, offering a strong balance of value and functionality.",Sports & Outdoors,"New Arrival, Rechargeable, Versatile, Ergonomic, Giftable",741.58,4.5,1602,1214,2025-03-25,>IZ(Cq]QWeJM,Kalen Emsley,https://unsplash.com/@kalenemsley?utm_source=sse554_capstone&utm_medium=referral
https://example.com/images/advanced_electric_kettle_621.jpg,Advanced Electric Kettle 621,NorthPeak,"The Advanced Electric Kettle 621 by NorthPeak delivers dependable performance with quality materials and thoughtful design. It is well suited for everyday use in the office supplies category, offering a strong balance of value and functionality.",Office Supplies,"Bestseller, Modern, Portable, Premium, New Arrival",426.79,1.8,2573,524,2022-01-16,SyvPXfC;:;$),Kalen Emsley,https://unsplash.com/@kalenemsley?utm_source=sse554_capstone&utm_medium=referral
https://example.com/images/portable_fitness_tracker_436.jpg,Portable Fitness Tracker 436,Maple Street Press,"The Portable Fitness Tracker 436 by Maple Street Press delivers dependable performance with quality materials and thoughtful design. It is well suited for everyday use in the clothing category, offering a strong balance of value and functionality.",Clothing,"Giftable, Wireless, Ergonomic, Versatile, Essential",635.77,1.9,9300,1921,2016-11-23,t7<H\Wi:+]F3,Kalen Emsley,https://unsplash.com/@kalenemsley?utm_source=sse554_capstone&utm_medium=referral
https://example.com/images/portable_cookbook_420.jpg,Portable Cookbook 420,UrbanNest,"The Portable Cookbook 420 by UrbanNest delivers dependable performance with quality materials and thoughtful design. It is well suited for everyday use in the books category, offering a strong balance of value and functionality.",Books,"Waterproof, Ergonomic, Bestseller, Compact, Modern",59.4,3.7,5538,102,2023-11-03,_qLW5P%AW\W.,Kalen Emsley,https://unsplash.com/@kalenemsley?utm_source=sse554_capstone&utm_medium=referral
https://example.com/images/professional_led_desk_lamp_663.jpg,Professional LED Desk Lamp 663,Horizon Tech,"The Professional LED Desk Lamp 663 by Horizon Tech delivers dependable performance with quality materials and thoughtful design. It is well suited for everyday use in the sports & outdoors category, offering a strong balance of value and functionality.",Sports & Outdoors,"New Arrival, Lightweight, Durable, Waterproof, Wireless",34.08,3.4,8695,547,2016-12-08,_'HsYg6{21Yy,Kalen Emsley,https://unsplash.com/@kalenemsley?utm_source=sse554_capstone&utm_medium=referral
https://example.com/images/premium_cookware_set_431.jpg,Premium Cookware Set 431,NorthPeak,"The Premium Cookware Set 431 by NorthPeak delivers dependable performance with quality materials and thoughtful design. It is well suited for everyday use in the home & kitchen category, offering a strong balance of value and functionality.",Home & Kitchen,"Bestseller, Wireless, Portable, New Arrival, Durable",472.58,2.7,9258,1231,2025-12-06,[7*$*VZ<l*h-,Kalen Emsley,https://unsplash.com/@kalenemsley?utm_source=sse554_capstone&utm_medium=referral
https://example.com/images/wireless_running_shoes_187.jpg,Wireless Running Shoes 187,UrbanNest,"The Wireless Running Shoes 187 by UrbanNest delivers dependable performance with quality materials and thoughtful design. It is well suited for everyday use in the books category, offering a strong balance of value and functionality.",Books,"Bestseller, Wireless, New Arrival, Lightweight, Compact",624.67,3.6,4383,1353,2017-01-26,l*}Cm6$g"ZU:,Kalen Emsley,https://unsplash.com/@kalenemsley?utm_source=sse554_capstone&utm_medium=referral
https://example.com/images/portable_fitness_tracker_488.jpg,Portable Fitness Tracker 488,BrightLeaf Publishing,"The Portable Fitness Tracker 488 by BrightLeaf Publishing delivers dependable performance with quality materials and thoughtful design. It is well suited for everyday use in the books category, offering a strong balance of value and functionality.",Books,"Rechargeable, Modern, Bestseller, Ergonomic, Premium",661.16,4.9,4615,17,2017-11-05,=uj)gX-2K{'",Kalen Emsley,https://unsplash.com/@kalenemsley?utm_source=sse554_capstone&utm_medium=referral
https://example.com/images/professional_yoga_mat_415.jpg,Professional Yoga Mat 415,UrbanNest,"The Professional Yoga Mat 415 by UrbanNest delivers dependable performance with quality materials and thoughtful design. It is well suited for everyday use in the clothing category, offering a strong balance of value and functionality.",Clothing,"Premium, Bestseller, Essential, Lightweight, Durable",405.98,4.9,1587,1969,2018-01-19,f`Up^sdCEr)E,Kalen Emsley,https://unsplash.com/@kalenemsley?utm_source=sse554_capstone&utm_medium=referral
https://example.com/images/wireless_electric_kettle_767.jpg,Wireless Electric Kettle 767,BlueRiver Outfitters,"The Wireless Electric Kettle 767 by BlueRiver Outfitters delivers dependable performance with quality materials and thoughtful design. It is well suited for everyday use in the office supplies category, offering a strong balance of value and functionality.",Office Supplies,"Portable, Bestseller, Rechargeable, Giftable, Wireless",791.0,3.6,2598,839,2016-01-03,BZ/X@Nm[}IQJ,Kalen Emsley,https://unsplash.com/@kalenemsley?utm_source=sse554_capstone&utm_medium=referral
https://example.com/images/premium_fitness_tracker_195.jpg,Premium Fitness Tracker 195,NorthPeak,"The Premium Fitness Tracker 195 by NorthPeak delivers dependable performance with quality materials and thoughtful design. It is well suited for everyday use in the office supplies category, offering a strong balance of value and functionality.",Office Supplies,"Modern, Giftable, Ergonomic, Lightweight, New Arrival",454.45,1.5,7000,744,2019-02-13,1qvjh>s{TOxS,Kalen Emsley,https://unsplash.com/@kalenemsley?utm_source=sse554_capstone&utm_medium=referral
https://example.com/images/smart_stainless_steel_water_bottle_747.jpg,Smart Stainless Steel Water Bottle 747,Maple Street Press,"The Smart Stainless Steel Water Bottle 747 by Maple Street Press delivers dependable performance with quality materials and thoughtful design. It is well suited for everyday use in the electronics category, offering a strong balance of value and functionality.",Electronics,"Compact, New Arrival, Essential, Waterproof, Rechargeable",82.74,2.2,6784,1690,2023-12-08,|qu8)umEyplI,Kalen Emsley,https://unsplash.com/@kalenemsley?utm_source=sse554_capstone&utm_medium=referral
https://example.com/images/ultra_electric_kettle_250.jpg,Ultra Electric Kettle 250,Horizon Tech,"The Ultra Electric Kettle 250 by Horizon Tech delivers dependable performance with quality materials and thoughtful design. It is well suited for everyday use in the home & kitchen category, offering a strong balance of value and functionality.",Home & Kitchen,"Wireless, Bestseller, Modern, Rechargeable, Ergonomic",369.57,4.4,3449,1623,2016-07-03,fe?ar6x(s-ee,Kalen Emsley,https://unsplash.com/@kalenemsley?utm_source=sse554_capstone&utm_medium=referral
https://example.com/images/classic_cookbook_519.jpg,Classic Cookbook 519,Maple Street Press,"The Classic Cookbook 519 by Maple Street Press delivers dependable performance with quality materials and thoughtful design. It is well suited for everyday use in the office supplies category, offering a strong balance of value and functionality.",Office Supplies,"Giftable, Waterproof, Portable, Durable, Limited Edition",703.5,2.1,1586,1236,2023-06-12,9?U$!por`J}i,Kalen Emsley,https://unsplash.com/@kalenemsley?utm_source=sse554_capstone&utm_medium=referral
https://example.com/images/eco_graphic_t-shirt_270.jpg,Eco Graphic T-Shirt 270,BrightLeaf Publishing,"The Eco Graphic T-Shirt 270 by BrightLeaf Publishing delivers dependable performance with quality materials and thoughtful design. It is well suited for everyday use in the books category, offering a strong balance of value and functionality.",Books,"Ergonomic, Modern, Wireless, Durable, Essential",492.21,4.8,3270,644,2019-09-12,_1KZvJG#nWNB,Kalen Emsley,https://unsplash.com/@kalenemsley?utm_source=sse554_capstone&utm_medium=referral
https://example.com/images/classic_graphic_t-shirt_901.jpg,Classic Graphic T-Shirt 901,Maple Street Press,"The Classic Graphic T-Shirt 901 by Maple Street Press delivers dependable performance with quality materials and thoughtful design. It is well suited for everyday use in the electronics category, offering a strong balance of value and functionality.",Electronics,"Essential, Wireless, Limited Edition, Portable, Giftable",234.2,4.3,8714,1070,2020-11-12,x:bH.3B#~ZgD,Kalen Emsley,https://unsplash.com/@kalenemsley?utm_source=sse554_capstone&utm_medium=referral
https://example.com/images/eco_science_fiction_novel_212.jpg,Eco Science Fiction Novel 212,Horizon Tech,"The Eco Science Fiction Novel 212 by Horizon Tech delivers dependable performance with quality materials and thoughtful design. It is well suited for everyday use in the home & kitchen category, offering a strong balance of value and functionality.",Home & Kitchen,"Ergonomic, Limited Edition, Essential, Durable, Versatile",739.43,3.4,7569,0,2017-10-06,"""y[:d]Olwcqk",Kalen Emsley,https://unsplash.com/@kalenemsley?utm_source=sse554_capstone&utm_medium=referral
https://example.com/images/ultra_electric_kettle_225.jpg,Ultra Electric Kettle 225,NorthPeak,"The Ultra Electric Kettle 225 by NorthPeak delivers dependable performance with quality materials and thoughtful design. It is well suited for everyday use in the electronics category, offering a strong balance of value and functionality.",Electronics,"Bestseller, Waterproof, Compact, Lightweight, Rechargeable",511.35,2.7,6508,1067,2022-09-04,bU0\.ixYiCVA,Kalen Emsley,https://unsplash.com/@kalenemsley?utm_source=sse554_capstone&utm_medium=referral
https://example.com/images/wireless_noise_cancelling_headphones_779.jpg,Wireless Noise Cancelling Headphones 779,Summit Gear Co.,"The Wireless Noise Cancelling Headphones 779 by Summit Gear Co. delivers dependable performance with quality materials and thoughtful design. It is well suited for everyday use in the office supplies category, offering a strong balance of value and functionality.",Office Supplies,"Lightweight, Wireless, Essential, New Arrival, Ergonomic",493.84,1.2,4653,526,2021-02-03,'<Mf>vJT#$TM,Kalen Emsley,https://unsplash.com/@kalenemsley?utm_source=sse554_capstone&utm_medium=referral
https://example.com/images/wireless_led_desk_lamp_580.jpg,Wireless LED Desk Lamp 580,SilverLine Electronics,"The Wireless LED Desk Lamp 580 by SilverLine Electronics delivers dependable performance with quality materials and thoughtful design. It is well suited for everyday use in the sports & outdoors category, offering a strong balance of value and functionality.",Sports & Outdoors,"Giftable, Modern, Versatile, Bestseller, New Arrival",165.92,4.4,6159,422,2018-01-24,[R5o=[HneL]0,Kalen Emsley,https://unsplash.com/@kalenemsley?utm_source=sse554_capstone&utm_medium=referral
https://example.com/images/ultra_running_shoes_218.jpg,Ultra Running Shoes 218,Summit Gear Co.,"The Ultra Running Shoes 218 by Summit Gear Co. delivers dependable performance with quality materials and thoughtful design. It is well suited for everyday use in the clothing category, offering a strong balance of value and functionality.",Clothing,"Ergonomic, Giftable, Rechargeable, Modern, Limited Edition",663.28,2.3,7758,849,2017-06-11,v9n\orHu@CK`,Kalen Emsley,https://unsplash.com/@kalenemsley?utm_source=sse554_capstone&utm_medium=referral
https://example.com/images/professional_graphic_t-shirt_457.jpg,Professional Graphic T-Shirt 457,BlueRiver Outfitters,"The Professional Graphic T-Shirt 457 by BlueRiver Outfitters delivers dependable performance with quality materials and thoughtful design. It is well suited for everyday use in the clothing category, offering a strong balance of value and functionality.",Clothing,"Rechargeable, Wireless, Waterproof, Versatile, Bestseller",17.24,4.2,6679,1835,2023-12-15,{C_k\mF?0C}`,Kalen Emsley,https://unsplash.com/@kalenemsley?utm_source=sse554_capstone&utm_medium=referral
https://example.com/images/ultra_electric_kettle_942.jpg,Ultra Electric Kettle 942,Summit Gear Co.,"The Ultra Electric Kettle 942 by Summit Gear Co. delivers dependable performance with quality materials and thoughtful design. It is well suited for everyday use in the clothing category, offering a strong balance of value and functionality.",Clothing,"Limited Edition, Compact, Lightweight, Premium, Durable",150.4,2.2,9657,266,2018-04-06,yX'CIo9I3_9F,Kalen Emsley,https://unsplash.com/@kalenemsley?utm_source=sse554_capstone&utm_medium=referral
https://example.com/images/classic_graphic_t-shirt_469.jpg,Classic Graphic T-Shirt 469,Maple Street Press,"The Classic Graphic T-Shirt 469 by Maple Street Press delivers dependable performance with quality materials and thoughtful design. It is well suited for everyday use in the sports & outdoors category, offering a strong balance of value and functionality.",Sports & Outdoors,"Essential, Rechargeable, Portable, Durable, Ergonomic",70.04,4.0,2501,170,2022-03-09,{AXaAA#q+(zS,Kalen Emsley,https://unsplash.com/@kalenemsley?utm_source=sse554_capstone&utm_medium=referral
https://example.com/images/eco_4k_monitor_201.jpg,Eco 4K Monitor 201,Maple Street Press,"The Eco 4K Monitor 201 by Maple Street Press delivers dependable performance with quality materials and thoughtful design. It is well suited for everyday use in the office supplies category, offering a strong balance of value and functionality.",Office Supplies,"Compact, Rechargeable, Portable, Durable, Wireless",28.09,2.6,4876,102,2023-06-08,epvM:$qJR5o~,Kalen Emsley,https://unsplash.com/@kalenemsley?utm_source=sse554_capstone&utm_medium=referral
https://example.com/images/advanced_noise_cancelling_headphones_149.jpg,Advanced Noise Cancelling Headphones 149,NorthPeak,"The Advanced Noise Cancelling Headphones 149 by NorthPeak delivers dependable performance with quality materials and thoughtful design. It is well suited for everyday use in the books category, offering a strong balance of value and functionality.",Books,"Durable, Waterproof, Versatile, Compact, Limited Edition",613.72,1.3,1217,1035,2016-02-08,:/FV}Uho]:<B,Kalen Emsley,https://unsplash.com/@kalenemsley?utm_source=sse554_capstone&utm_medium=referral
https://example.com/images/compact_mechanical_keyboard_910.jpg,Compact Mechanical Keyboard 910,Maple Street Press,"The Compact Mechanical Keyboard 910 by Maple Street Press delivers dependable performance with quality materials and thoughtful design. It is well suited for everyday use in the books category, offering a strong balance of value and functionality.",Books,"Modern, Versatile, Ergonomic, Wireless, Giftable",638.07,2.0,1625,656,2019-12-26,j'!yT{tKR^*2,Kalen Emsley,https://unsplash.com/@kalenemsley?utm_source=sse554_capstone&utm_medium=referral
https://example.com/images/classic_cookbook_588.jpg,Classic Cookbook 588,BlueRiver Outfitters,"The Classic Cookbook 588 by BlueRiver Outfitters delivers dependable performance with quality materials and thoughtful design. It is well suited for everyday use in the home & kitchen category, offering a strong balance of value and functionality.",Home & Kitchen,"Premium, Versatile, New Arrival, Giftable, Portable",351.22,3.2,9229,1997,2025-03-27,k&ZhYCH@<zh",Kalen Emsley,https://unsplash.com/@kalenemsley?utm_source=sse554_capstone&utm_medium=referral
https://example.com/images/wireless_fitness_tracker_376.jpg,Wireless Fitness Tracker 376,NorthPeak,"The Wireless Fitness Tracker 376 by NorthPeak delivers dependable performance with quality materials and thoughtful design. It is well suited for everyday use in the sports & outdoors category, offering a strong balance of value and functionality.",Sports & Outdoors,"Modern, Limited Edition, Bestseller, Portable, Essential",778.23,4.2,6453,1845,2023-11-03,yK2dW+4YS*%N,Kalen Emsley,https://unsplash.com/@kalenemsley?utm_source=sse554_capstone&utm_medium=referral
https://example.com/images/portable_yoga_mat_601.jpg,Portable Yoga Mat 601,NorthPeak,"The Portable Yoga Mat 601 by NorthPeak delivers dependable performance with quality materials and thoughtful design. It is well suited for everyday use in the office supplies category, offering a strong balance of value and functionality.",Office Supplies,"Bestseller, Limited Edition, Modern, Rechargeable, Portable",793.25,2.5,3352,1722,2018-01-30,:Oa0)P`!w.$0,Kalen Emsley,https://unsplash.com/@kalenemsley?utm_source=sse554_capstone&utm_medium=referral
https://example.com/images/compact_science_fiction_novel_949.jpg,Compact Science Fiction Novel 949,SilverLine Electronics,"The Compact Science Fiction Novel 949 by SilverLine Electronics delivers dependable performance with quality materials and thoughtful design. It is well suited for everyday use in the clothing category, offering a strong balance of value and functionality.",Clothing,"Durable, Modern, Wireless, Portable, Essential",177.79,3.1,7753,1905,2016-12-28,oh%}DC}LN{Fk,Kalen Emsley,https://unsplash.com/@kalenemsley?utm_source=sse554_capstone&utm_medium=referral
https://example.com/images/advanced_bluetooth_speaker_272.jpg,Advanced Bluetooth Speaker 272,NorthPeak,"The Advanced Bluetooth Speaker 272 by NorthPeak delivers dependable performance with quality materials and thoughtful design. It is well suited for everyday use in the clothing category, offering a strong balance of value and functionality.",Clothing,"Wireless, Bestseller, Giftable, Lightweight, Premium",682.86,5.0,8512,71,2024-09-09,0Op*(fz$lE-1,Kalen Emsley,https://unsplash.com/@kalenemsley?utm_source=sse554_capstone&utm_medium=referral
https://example.com/images/advanced_stainless_steel_water_bottle_588.jpg,Advanced Stainless Steel Water Bottle 588,BrightLeaf Publishing,"The Advanced Stainless Steel Water Bottle 588 by BrightLeaf Publishing delivers dependable performance with quality materials and thoughtful design. It is well suited for everyday use in the books category, offering a strong balance of value and functionality.",Books,"Giftable, Premium, Versatile, Durable, Limited Edition",153.74,4.1,577,1755,2021-08-20,1k~?'Ock27+",Kalen Emsley,https://unsplash.com/@kalenemsley?utm_source=sse554_capstone&utm_medium=referral
https://example.com/images/eco_electric_kettle_810.jpg,Eco Electric Kettle 810,BlueRiver Outfitters,"The Eco Electric Kettle 810 by BlueRiver Outfitters delivers dependable performance with quality materials and thoughtful design. It is well suited for everyday use in the books category, offering a strong balance of value and functionality.",Books,"Portable, Rechargeable, Durable, Giftable, New Arrival",613.39,3.1,6449,964,2019-07-01,%&REp1sL1Xn(,Kalen Emsley,https://unsplash.com/@kalenemsley?utm_source=sse554_capstone&utm_medium=referral
https://example.com/images/ultra_stainless_steel_water_bottle_228.jpg,Ultra Stainless Steel Water Bottle 228,BlueRiver Outfitters,"The Ultra Stainless Steel Water Bottle 228 by BlueRiver Outfitters delivers dependable performance with quality materials and thoughtful design. It is well suited for everyday use in the sports & outdoors category, offering a strong balance of value and functionality.",Sports & Outdoors,"Compact, New Arrival, Wireless, Bestseller, Lightweight",788.73,5.0,1023,1910,2022-12-14,-Pt>}5l(dq=E,Kalen Emsley,https://unsplash.com/@kalenemsley?utm_source=sse554_capstone&utm_medium=referral
https://example.com/images/premium_action_camera_241.jpg,Premium Action Camera 241,BlueRiver Outfitters,"The Premium Action Camera 241 by BlueRiver Outfitters delivers dependable performance with quality materials and thoughtful design. It is well suited for everyday use in the electronics category, offering a strong balance of value and functionality.",Electronics,"Waterproof, Essential, Premium, Ergonomic, Portable",222.41,2.7,1684,1323,2024-05-30,"$aG{k"",]'O2(",Kalen Emsley,https://unsplash.com/@kalenemsley?utm_source=sse554_capstone&utm_medium=referral
https://example.com/images/professional_smartphone_stand_170.jpg,Professional Smartphone Stand 170,NorthPeak,"The Professional Smartphone Stand 170 by NorthPeak delivers dependable performance with quality materials and thoughtful design. It is well suited for everyday use in the clothing category, offering a strong balance of value and functionality.",Clothing,"Giftable, Portable, New Arrival, Durable, Essential",410.82,3.6,3707,839,2016-01-27,5pnC2oO4-a:D,Kalen Emsley,https://unsplash.com/@kalenemsley?utm_source=sse554_capstone&utm_medium=referral
https://example.com/images/classic_external_hard_drive_703.jpg,Classic External Hard Drive 703,BlueRiver Outfitters,"The Classic External Hard Drive 703 by BlueRiver Outfitters delivers dependable performance with quality materials and thoughtful design. It is well suited for everyday use in the home & kitchen category, offering a strong balance of value and functionality.",Home & Kitchen,"Giftable, Versatile, Modern, Bestseller, Ergonomic",530.05,4.6,7348,1016,2022-07-25,T]hxIm6F350q,Kalen Emsley,https://unsplash.com/@kalenemsley?utm_source=sse554_capstone&utm_medium=referral
https://example.com/images/smart_external_hard_drive_260.jpg,Smart External Hard Drive 260,Maple Street Press,"The Smart External Hard Drive 260 by Maple Street Press delivers dependable performance with quality materials and thoughtful design. It is well suited for everyday use in the books category, offering a strong balance of value and functionality.",Books,"Versatile, Waterproof, Limited Edition, Rechargeable, Bestseller",688.91,1.4,7342,1555,2024-01-05,9Ke|vFFt<%[;,Kalen Emsley,https://unsplash.com/@kalenemsley?utm_source=sse554_capstone&utm_medium=referral
https://example.com/images/portable_science_fiction_novel_362.jpg,Portable Science Fiction Novel 362,SilverLine Electronics,"The Portable Science Fiction Novel 362 by SilverLine Electronics delivers dependable performance with quality materials and thoughtful design. It is well suited for everyday use in the books category, offering a strong balance of value and functionality.",Books,"Ergonomic, Portable, Essential, New Arrival, Limited Edition",429.63,1.7,9103,1654,2023-05-20,xkiG^^T)B;@j,Kalen Emsley,https://unsplash.com/@kalenemsley?utm_source=sse554_capstone&utm_medium=referral
https://example.com/images/ultra_bluetooth_speaker_286.jpg,Ultra Bluetooth Speaker 286,Maple Street Press,"The Ultra Bluetooth Speaker 286 by Maple Street Press delivers dependable performance with quality materials and thoughtful design. It is well suited for everyday use in the clothing category, offering a strong balance of value and functionality.",Clothing,"Limited Edition, Durable, Ergonomic, Rechargeable, New Arrival",265.34,3.4,6742,1233,2017-10-23,mi;uhvFABUVx,Kalen Emsley,https://unsplash.com/@kalenemsley?utm_source=sse554_capstone&utm_medium=referral
https://example.com/images/advanced_external_hard_drive_698.jpg,Advanced External Hard Drive 698,BrightLeaf Publishing,"The Advanced External Hard Drive 698 by BrightLeaf Publishing delivers dependable performance with quality materials and thoughtful design. It is well suited for everyday use in the office supplies category, offering a strong balance of value and functionality.",Office Supplies,"Limited Edition, Rechargeable, Waterproof, Giftable, Modern",130.11,3.1,7203,814,2018-09-29,tQG{\&1ECdsP,Kalen Emsley,https://unsplash.com/@kalenemsley?utm_source=sse554_capstone&utm_medium=referral
https://example.com/images/advanced_action_camera_536.jpg,Advanced Action Camera 536,BlueRiver Outfitters,"The Advanced Action Camera 536 by BlueRiver Outfitters delivers dependable performance with quality materials and thoughtful design. It is well suited for everyday use in the books category, offering a strong balance of value and functionality.",Books,"Compact, Premium, Waterproof, Durable, Giftable",127.99,3.9,7766,1501,2024-04-18,"W$i\2~,a77')",Kalen Emsley,https://unsplash.com/@kalenemsley?utm_source=sse554_capstone&utm_medium=referral
https://example.com/images/classic_fitness_tracker_573.jpg,Classic Fitness Tracker 573,NorthPeak,"The Classic Fitness Tracker 573 by NorthPeak delivers dependable performance with quality materials and thoughtful design. It is well suited for everyday use in the office supplies category, offering a strong balance of value and functionality.",Office Supplies,"Compact, New Arrival, Versatile, Premium, Portable",459.92,3.4,6247,1073,2017-08-27,}F\J;zx^~uSA,Kalen Emsley,https://unsplash.com/@kalenemsley?utm_source=sse554_capstone&utm_medium=referral
https://example.com/images/premium_external_hard_drive_813.jpg,Premium External Hard Drive 813,BrightLeaf Publishing,"The Premium External Hard Drive 813 by BrightLeaf Publishing delivers dependable performance with quality materials and thoughtful design. It is well suited for everyday use in the sports & outdoors category, offering a strong balance of value and functionality.",Sports & Outdoors,"Ergonomic, Premium, Lightweight, Limited Edition, Compact",308.26,1.4,2989,1797,2025-10-01,-#Frq~4ZE;T_,Kalen Emsley,https://unsplash.com/@kalenemsley?utm_source=sse554_capstone&utm_medium=referral
https://example.com/images/smart_yoga_mat_178.jpg,Smart Yoga Mat 178,BrightLeaf Publishing,"The Smart Yoga Mat 178 by BrightLeaf Publishing delivers dependable performance with quality materials and thoughtful design. It is well suited for everyday use in the sports & outdoors category, offering a strong balance of value and functionality.",Sports & Outdoors,"Limited Edition, New Arrival, Portable, Lightweight, Essential",447.53,4.8,2289,300,2025-02-18,G<x|XH;E:)%),Kalen Emsley,https://unsplash.com/@kalenemsley?utm_source=sse554_capstone&utm_medium=referral
https://example.com/images/wireless_graphic_t-shirt_998.jpg,Wireless Graphic T-Shirt 998,Horizon Tech,"The Wireless Graphic T-Shirt 998 by Horizon Tech delivers dependable performance with quality materials and thoughtful design. It is well suited for everyday use in the office supplies category, offering a strong balance of value and functionality.",Office Supplies,"Versatile, Rechargeable, Essential, Giftable, Durable",388.28,4.9,1317,361,2023-11-02,qR:(~$3j2jEA,Kalen Emsley,https://unsplash.com/@kalenemsley?utm_source=sse554_capstone&utm_medium=referral
https://example.com/images/advanced_bluetooth_speaker_902.jpg,Advanced Bluetooth Speaker 902,BlueRiver Outfitters,"The Advanced Bluetooth Speaker 902 by BlueRiver Outfitters delivers dependable performance with quality materials and thoughtful design. It is well suited for everyday use in the clothing category, offering a strong balance of value and functionality.",Clothing,"Durable, New Arrival, Rechargeable, Versatile, Ergonomic",178.36,2.5,5027,1967,2020-01-30,Gy#B'gCd{!e-,Kalen Emsley,https://unsplash.com/@kalenemsley?utm_source=sse554_capstone&utm_medium=referral
https://example.com/images/professional_stainless_steel_water_bottle_518.jpg,Professional Stainless Steel Water Bottle 518,UrbanNest,"The Professional Stainless Steel Water Bottle 518 by UrbanNest delivers dependable performance with quality materials and thoughtful design. It is well suited for everyday use in the sports & outdoors category, offering a strong balance of value and functionality.",Sports & Outdoors,"Modern, Durable, Bestseller, Giftable, Essential",330.89,4.3,5733,518,2024-03-07,"""3R(D>cKqpBW",Kalen Emsley,https://unsplash.com/@kalenemsley?utm_source=sse554_capstone&utm_medium=referral
https://example.com/images/wireless_electric_kettle_113.jpg,Wireless Electric Kettle 113,BlueRiver Outfitters,"The Wireless Electric Kettle 113 by BlueRiver Outfitters delivers dependable performance with quality materials and thoughtful design. It is well suited for everyday use in the electronics category, offering a strong balance of value and functionality.",Electronics,"Limited Edition, Modern, Premium, Lightweight, New Arrival",310.57,4.3,5108,29,2025-10-14,_Z2x)|XLT~iV,Kalen Emsley,https://unsplash.com/@kalenemsley?utm_source=sse554_capstone&utm_medium=referral
https://example.com/images/eco_smartphone_stand_700.jpg,Eco Smartphone Stand 700,Summit Gear Co.,"The Eco Smartphone Stand 700 by Summit Gear Co. delivers dependable performance with quality materials and thoughtful design. It is well suited for everyday use in the electronics category, offering a strong balance of value and functionality.",Electronics,"Durable, Versatile, Lightweight, Premium, Waterproof",748.02,4.0,6564,1528,2017-05-09,UMPyKNDJK^|#,Kalen Emsley,https://unsplash.com/@kalenemsley?utm_source=sse554_capstone&utm_medium=referral
https://example.com/images/compact_science_fiction_novel_193.jpg,Compact Science Fiction Novel 193,BlueRiver Outfitters,"The Compact Science Fiction Novel 193 by BlueRiver Outfitters delivers dependable performance with quality materials and thoughtful design. It is well suited for everyday use in the books category, offering a strong balance of value and functionality.",Books,"Lightweight, Limited Edition, Rechargeable, Modern, Bestseller",747.13,4.2,8750,1606,2025-07-09,C(tCxr$;G2Sj,Kalen Emsley,https://unsplash.com/@kalenemsley?utm_source=sse554_capstone&utm_medium=referral
https://example.com/images/ultra_noise_cancelling_headphones_938.jpg,Ultra Noise Cancelling Headphones 938,BrightLeaf Publishing,"The Ultra Noise Cancelling Headphones 938 by BrightLeaf Publishing delivers dependable performance with quality materials and thoughtful design. It is well suited for everyday use in the sports & outdoors category, offering a strong balance of value and functionality.",Sports & Outdoors,"Rechargeable, Wireless, Giftable, Versatile, Lightweight",552.97,4.7,2822,1040,2019-06-29,*MK~@[W@JbvM,Kalen Emsley,https://unsplash.com/@kalenemsley?utm_source=sse554_capstone&utm_medium=referral
https://example.com/images/smart_office_chair_555.jpg,Smart Office Chair 555,NorthPeak,"The Smart Office Chair 555 by NorthPeak delivers dependable performance with quality materials and thoughtful design. It is well suited for everyday use in the home & kitchen category, offering a strong balance of value and functionality.",Home & Kitchen,"Rechargeable, Portable, Versatile, Durable, Compact",709.67,2.9,6659,380,2021-04-25,9A[0:dQ)J]c_,Kalen Emsley,https://unsplash.com/@kalenemsley?utm_source=sse554_capstone&utm_medium=referral
https://example.com/images/smart_noise_cancelling_headphones_365.jpg,Smart Noise Cancelling Headphones 365,UrbanNest,"The Smart Noise Cancelling Headphones 365 by UrbanNest delivers dependable performance with quality materials and thoughtful design. It is well suited for everyday use in the books category, offering a strong balance of value and functionality.",Books,"Portable, Versatile, Lightweight, Giftable, New Arrival",790.42,5.0,3668,373,2022-06-09,"tStJ?-%1,v#D",Kalen Emsley,https://unsplash.com/@kalenemsley?utm_source=sse554_capstone&utm_medium=referral
https://example.com/images/wireless_noise_cancelling_headphones_143.jpg,Wireless Noise Cancelling Headphones 143,NorthPeak,"The Wireless Noise Cancelling Headphones 143 by NorthPeak delivers dependable performance with quality materials and thoughtful design. It is well suited for everyday use in the sports & outdoors category, offering a strong balance of value and functionality.",Sports & Outdoors,"Compact, Giftable, Waterproof, Limited Edition, Wireless",77.44,2.3,4909,1318,2018-06-20,m$_($'i3>^\<,Kalen Emsley,https://unsplash.com/@kalenemsley?utm_source=sse554_capstone&utm_medium=referral
https://example.com/images/portable_smartphone_stand_713.jpg,Portable Smartphone Stand 713,NorthPeak,"The Portable Smartphone Stand 713 by NorthPeak delivers dependable performance with quality materials and thoughtful design. It is well suited for everyday use in the office supplies category, offering a strong balance of value and functionality.",Office Supplies,"Bestseller, Premium, Limited Edition, Rechargeable, Waterproof",706.77,2.7,3424,1882,2020-08-04,"3MUyS=,r52}5",Kalen Emsley,https://unsplash.com/@kalenemsley?utm_source=sse554_capstone&utm_medium=referral
https://example.com/images/ultra_4k_monitor_309.jpg,Ultra 4K Monitor 309,BlueRiver Outfitters,"The Ultra 4K Monitor 309 by BlueRiver Outfitters delivers dependable performance with quality materials and thoughtful design. It is well suited for everyday use in the office supplies category, offering a strong balance of value and functionality.",Office Supplies,"Waterproof, Essential, Limited Edition, Wireless, Lightweight",257.73,2.0,9398,794,2018-10-13,s=2lQ:7&fuU!,Kalen Emsley,https://unsplash.com/@kalenemsley?utm_source=sse554_capstone&utm_medium=referral
https://example.com/images/compact_cookware_set_248.jpg,Compact Cookware Set 248,NorthPeak,"The Compact Cookware Set 248 by NorthPeak delivers dependable performance with quality materials and thoughtful design. It is well suited for everyday use in the sports & outdoors category, offering a strong balance of value and functionality.",Sports & Outdoors,"Modern, Portable, Bestseller, Ergonomic, Wireless",663.41,3.3,3426,495,2020-02-08,-Ox]m`c~==lJ,Kalen Emsley,https://unsplash.com/@kalenemsley?utm_source=sse554_capstone&utm_medium=referral
https://example.com/images/ultra_running_shoes_789.jpg,Ultra Running Shoes 789,UrbanNest,"The Ultra Running Shoes 789 by UrbanNest delivers dependable performance with quality materials and thoughtful design. It is well suited for everyday use in the office supplies category, offering a strong balance of value and functionality.",Office Supplies,"Giftable, Bestseller, Essential, Ergonomic, Compact",620.17,2.1,5898,813,2019-01-26,?gB#'dn{S('^,Kalen Emsley,https://unsplash.com/@kalenemsley?utm_source=sse554_capstone&utm_medium=referral
https://example.com/images/compact_gaming_mouse_465.jpg,Compact Gaming Mouse 465,Maple Street Press,"The Compact Gaming Mouse 465 by Maple Street Press delivers dependable performance with quality materials and thoughtful design. It is well suited for everyday use in the electronics category, offering a strong balance of value and functionality.",Electronics,"Limited Edition, Wireless, Premium, Essential, Rechargeable",434.96,1.4,6051,596,2024-03-03,rCUb_;r+)HXA,Kalen Emsley,https://unsplash.com/@kalenemsley?utm_source=sse554_capstone&utm_medium=referral
https://example.com/images/smart_smartphone_stand_170.jpg,Smart Smartphone Stand 170,Summit Gear Co.,"The Smart Smartphone Stand 170 by Summit Gear Co. delivers dependable performance with quality materials and thoughtful design. It is well suited for everyday use in the electronics category, offering a strong balance of value and functionality.",Electronics,"Bestseller, Limited Edition, Modern, Premium, Lightweight",499.7,4.0,825,1874,2023-06-29,3G_z~#_1*y8D,Kalen Emsley,https://unsplash.com/@kalenemsley?utm_source=sse554_capstone&utm_medium=referral
https://example.com/images/compact_smartphone_stand_657.jpg,Compact Smartphone Stand 657,NorthPeak,"The Compact Smartphone Stand 657 by NorthPeak delivers dependable performance with quality materials and thoughtful design. It is well suited for everyday use in the office supplies category, offering a strong balance of value and functionality.",Office Supplies,"Portable, Wireless, Waterproof, Essential, Rechargeable",188.7,4.6,4688,1988,2025-12-26,PLP0W:wnMpmt,Kalen Emsley,https://unsplash.com/@kalenemsley?utm_source=sse554_capstone&utm_medium=referral
https://example.com/images/portable_electric_kettle_988.jpg,Portable Electric Kettle 988,UrbanNest,"The Portable Electric Kettle 988 by UrbanNest delivers dependable performance with quality materials and thoughtful design. It is well suited for everyday use in the books category, offering a strong balance of value and functionality.",Books,"Waterproof, Versatile, New Arrival, Modern, Portable",273.36,3.7,1483,149,2017-11-17,p>>3Fer@LeJh,Kalen Emsley,https://unsplash.com/@kalenemsley?utm_source=sse554_capstone&utm_medium=referral
https://example.com/images/professional_electric_kettle_702.jpg,Professional Electric Kettle 702,BrightLeaf Publishing,"The Professional Electric Kettle 702 by BrightLeaf Publishing delivers dependable performance with quality materials and thoughtful design. It is well suited for everyday use in the sports & outdoors category, offering a strong balance of value and functionality.",Sports & Outdoors,"Limited Edition, Rechargeable, Giftable, Versatile, Durable",107.38,3.9,3432,640,2022-09-28,.NX"[uJ6F|<S,Kalen Emsley,https://unsplash.com/@kalenemsley?utm_source=sse554_capstone&utm_medium=referral
https://example.com/images/compact_science_fiction_novel_408.jpg,Compact Science Fiction Novel 408,NorthPeak,"The Compact Science Fiction Novel 408 by NorthPeak delivers dependable performance with quality materials and thoughtful design. It is well suited for everyday use in the sports & outdoors category, offering a strong balance of value and functionality.",Sports & Outdoors,"Giftable, Modern, Limited Edition, Durable, Bestseller",22.31,4.4,75,1982,2017-10-20,h-/UCq4!oZ0G,Kalen Emsley,https://unsplash.com/@kalenemsley?utm_source=sse554_capstone&utm_medium=referral
https://example.com/images/wireless_4k_monitor_664.jpg,Wireless 4K Monitor 664,Horizon Tech,"The Wireless 4K Monitor 664 by Horizon Tech delivers dependable performance with quality materials and thoughtful design. It is well suited for everyday use in the home & kitchen category, offering a strong balance of value and functionality.",Home & Kitchen,"Versatile, Wireless, Ergonomic, Modern, Lightweight",678.13,3.2,8958,250,2020-03-04,d{2u^Pg7cF]0,Kalen Emsley,https://unsplash.com/@kalenemsley?utm_source=sse554_capstone&utm_medium=referral
https://example.com/images/ultra_noise_cancelling_headphones_554.jpg,Ultra Noise Cancelling Headphones 554,Horizon Tech,"The Ultra Noise Cancelling Headphones 554 by Horizon Tech delivers dependable performance with quality materials and thoughtful design. It is well suited for everyday use in the books category, offering a strong balance of value and functionality.",Books,"Waterproof, Versatile, Essential, Limited Edition, Bestseller",348.23,4.1,4067,1813,2020-09-22,{A-#0'[iED7y,Kalen Emsley,https://unsplash.com/@kalenemsley?utm_source=sse554_capstone&utm_medium=referral
https://example.com/images/ultra_fitness_tracker_518.jpg,Ultra Fitness Tracker 518,SilverLine Electronics,"The Ultra Fitness Tracker 518 by SilverLine Electronics delivers dependable performance with quality materials and thoughtful design. It is well suited for everyday use in the home & kitchen category, offering a strong balance of value and functionality.",Home & Kitchen,"Durable, New Arrival, Rechargeable, Bestseller, Limited Edition",757.55,3.7,2647,488,2018-10-03,?6Vadla~aL\p,Kalen Emsley,https://unsplash.com/@kalenemsley?utm_source=sse554_capstone&utm_medium=referral
https://example.com/images/professional_gaming_mouse_220.jpg,Professional Gaming Mouse 220,Maple Street Press,"The Professional Gaming Mouse 220 by Maple Street Press delivers dependable performance with quality materials and thoughtful design. It is well suited for everyday use in the sports & outdoors category, offering a strong balance of value and functionality.",Sports & Outdoors,"Durable, Limited Edition, Ergonomic, Lightweight, Waterproof",450.43,1.8,9761,544,2021-09-28,&On]ooy1!TnK,Kalen Emsley,https://unsplash.com/@kalenemsley?utm_source=sse554_capstone&utm_medium=referral
https://example.com/images/ultra_action_camera_696.jpg,Ultra Action Camera 696,Summit Gear Co.,"The Ultra Action Camera 696 by Summit Gear Co. delivers dependable performance with quality materials and thoughtful design. It is well suited for everyday use in the clothing category, offering a strong balance of value and functionality.",Clothing,"Ergonomic, Modern, Versatile, Premium, Giftable",716.23,3.2,1964,1351,2019-07-14,"?E=,:Dz\#.-K",Kalen Emsley,https://unsplash.com/@kalenemsley?utm_source=sse554_capstone&utm_medium=referral
https://example.com/images/professional_4k_monitor_501.jpg,Professional 4K Monitor 501,UrbanNest,"The Professional 4K Monitor 501 by UrbanNest delivers dependable performance with quality materials and thoughtful design. It is well suited for everyday use in the sports & outdoors category, offering a strong balance of value and functionality.",Sports & Outdoors,"Compact, Lightweight, Durable, New Arrival, Premium",212.64,3.3,3303,1350,2021-08-23,L)qxx6A}#kz>,Kalen Emsley,https://unsplash.com/@kalenemsley?utm_source=sse554_capstone&utm_medium=referral
https://example.com/images/eco_yoga_mat_644.jpg,Eco Yoga Mat 644,BrightLeaf Publishing,"The Eco Yoga Mat 644 by BrightLeaf Publishing delivers dependable performance with quality materials and thoughtful design. It is well suited for everyday use in the sports & outdoors category, offering a strong balance of value and functionality.",Sports & Outdoors,"Portable, Waterproof, Wireless, Limited Edition, Essential",337.43,1.0,7324,480,2024-08-23,n?_ZU+n^Tu8:,Kalen Emsley,https://unsplash.com/@kalenemsley?utm_source=sse554_capstone&utm_medium=referral
https://example.com/images/professional_bluetooth_speaker_752.jpg,Professional Bluetooth Speaker 752,Horizon Tech,"The Professional Bluetooth Speaker 752 by Horizon Tech delivers dependable performance with quality materials and thoughtful design. It is well suited for everyday use in the electronics category, offering a strong balance of value and functionality.",Electronics,"Modern, Portable, Lightweight, Essential, Compact",507.2,1.5,1262,451,2016-12-27,J&labT.U2;VD,Kalen Emsley,https://unsplash.com/@kalenemsley?utm_source=sse554_capstone&utm_medium=referral
https://example.com/images/smart_stainless_steel_water_bottle_650.jpg,Smart Stainless Steel Water Bottle 650,SilverLine Electronics,"The Smart Stainless Steel Water Bottle 650 by SilverLine Electronics delivers dependable performance with quality materials and thoughtful design. It is well suited for everyday use in the office supplies category, offering a strong balance of value and functionality.",Office Supplies,"Essential, Limited Edition, New Arrival, Modern, Ergonomic",460.28,2.9,1225,233,2022-12-06,wEAV|`v$GSVW,Kalen Emsley,https://unsplash.com/@kalenemsley?utm_source=sse554_capstone&utm_medium=referral
https://example.com/images/premium_yoga_mat_369.jpg,Premium Yoga Mat 369,BlueRiver Outfitters,"The Premium Yoga Mat 369 by BlueRiver Outfitters delivers dependable performance with quality materials and thoughtful design. It is well suited for everyday use in the office supplies category, offering a strong balance of value and functionality.",Office Supplies,"Portable, Premium, Limited Edition, Rechargeable, Modern",399.92,4.0,8974,1037,2024-01-02,7WsF13>ds^Q:,Kalen Emsley,https://unsplash.com/@kalenemsley?utm_source=sse554_capstone&utm_medium=referral
https://example.com/images/compact_running_shoes_459.jpg,Compact Running Shoes 459,UrbanNest,"The Compact Running Shoes 459 by UrbanNest delivers dependable performance with quality materials and thoughtful design. It is well suited for everyday use in the office supplies category, offering a strong balance of value and functionality.",Office Supplies,"Wireless, Premium, Versatile, New Arrival, Rechargeable",166.04,2.7,4943,585,2024-03-20,CSG3!={*z0sC,Kalen Emsley,https://unsplash.com/@kalenemsley?utm_source=sse554_capstone&utm_medium=referral
https://example.com/images/premium_noise_cancelling_headphones_445.jpg,Premium Noise Cancelling Headphones 445,Maple Street Press,"The Premium Noise Cancelling Headphones 445 by Maple Street Press delivers dependable performance with quality materials and thoughtful design. It is well suited for everyday use in the clothing category, offering a strong balance of value and functionality.",Clothing,"Limited Edition, Bestseller, Portable, Giftable, Essential",483.49,2.9,4043,1595,2018-03-19,8O)M^%OrL"\6,Kalen Emsley,https://unsplash.com/@kalenemsley?utm_source=sse554_capstone&utm_medium=referral
https://example.com/images/wireless_smartphone_stand_331.jpg,Wireless Smartphone Stand 331,Summit Gear Co.,"The Wireless Smartphone Stand 331 by Summit Gear Co. delivers dependable performance with quality materials and thoughtful design. It is well suited for everyday use in the home & kitchen category, offering a strong balance of value and functionality.",Home & Kitchen,"New Arrival, Essential, Compact, Rechargeable, Giftable",190.7,3.9,6880,743,2018-04-01,"/J}90K%=v&,h",Kalen Emsley,https://unsplash.com/@kalenemsley?utm_source=sse554_capstone&utm_medium=referral
https://example.com/images/ultra_gaming_mouse_549.jpg,Ultra Gaming Mouse 549,NorthPeak,"The Ultra Gaming Mouse 549 by NorthPeak delivers dependable performance with quality materials and thoughtful design. It is well suited for everyday use in the home & kitchen category, offering a strong balance of value and functionality.",Home & Kitchen,"Lightweight, Rechargeable, Wireless, New Arrival, Premium",127.69,2.5,8832,1490,2021-09-01,LXksjI$#0VG5,Kalen Emsley,https://unsplash.com/@kalenemsley?utm_source=sse554_capstone&utm_medium=referral
https://example.com/images/ultra_fitness_tracker_249.jpg,Ultra Fitness Tracker 249,SilverLine Electronics,"The Ultra Fitness Tracker 249 by SilverLine Electronics delivers dependable performance with quality materials and thoughtful design. It is well suited for everyday use in the books category, offering a strong balance of value and functionality.",Books,"Portable, Giftable, Versatile, Waterproof, Limited Edition",117.71,2.2,9418,306,2022-08-08,qhH&N3T9\E.l,Kalen Emsley,https://unsplash.com/@kalenemsley?utm_source=sse554_capstone&utm_medium=referral
https://example.com/images/wireless_electric_kettle_657.jpg,Wireless Electric Kettle 657,SilverLine Electronics,"The Wireless Electric Kettle 657 by SilverLine Electronics delivers dependable performance with quality materials and thoughtful design. It is well suited for everyday use in the books category, offering a strong balance of value and functionality.",Books,"Essential, Ergonomic, Versatile, New Arrival, Rechargeable",100.48,4.0,398,215,2017-03-25,D2pizwPscR}G,Kalen Emsley,https://unsplash.com/@kalenemsley?utm_source=sse554_capstone&utm_medium=referral
https://example.com/images/wireless_led_desk_lamp_750.jpg,Wireless LED Desk Lamp 750,UrbanNest,"The Wireless LED Desk Lamp 750 by UrbanNest delivers dependable performance with quality materials and thoughtful design. It is well suited for everyday use in the books category, offering a strong balance of value and functionality.",Books,"Rechargeable, Portable, Versatile, Bestseller, Essential",211.34,3.6,2462,389,2019-11-05,}tm]?!"Cv|k#,Kalen Emsley,https://unsplash.com/@kalenemsley?utm_source=sse554_capstone&utm_medium=referral
https://example.com/images/ultra_cookbook_709.jpg,Ultra Cookbook 709,BrightLeaf Publishing,"The Ultra Cookbook 709 by BrightLeaf Publishing delivers dependable performance with quality materials and thoughtful design. It is well suited for everyday use in the sports & outdoors category, offering a strong balance of value and functionality.",Sports & Outdoors,"Portable, New Arrival, Compact, Durable, Rechargeable",549.01,3.8,9112,292,2019-06-17,+)Rp"RS@MQ*`,Kalen Emsley,https://unsplash.com/@kalenemsley?utm_source=sse554_capstone&utm_medium=referral
https://example.com/images/wireless_fitness_tracker_819.jpg,Wireless Fitness Tracker 819,BrightLeaf Publishing,"The Wireless Fitness Tracker 819 by BrightLeaf Publishing delivers dependable performance with quality materials and thoughtful design. It is well suited for everyday use in the sports & outdoors category, offering a strong balance of value and functionality.",Sports & Outdoors,"Portable, Lightweight, New Arrival, Giftable, Essential",377.86,3.7,5925,1271,2019-11-29,"HbC,dJ:q[EDh",Kalen Emsley,https://unsplash.com/@kalenemsley?utm_source=sse554_capstone&utm_medium=referral
https://example.com/images/advanced_yoga_mat_951.jpg,Advanced Yoga Mat 951,UrbanNest,"The Advanced Yoga Mat 951 by UrbanNest delivers dependable performance with quality materials and thoughtful design. It is well suited for everyday use in the sports & outdoors category, offering a strong balance of value and functionality.",Sports & Outdoors,"Compact, Limited Edition, Bestseller, Essential, Durable",554.49,2.2,6252,340,2017-05-31,?9enGV6}ng>K,Kalen Emsley,https://unsplash.com/@kalenemsley?utm_source=sse554_capstone&utm_medium=referral
https://example.com/images/ultra_science_fiction_novel_768.jpg,Ultra Science Fiction Novel 768,Summit Gear Co.,"The Ultra Science Fiction Novel 768 by Summit Gear Co. delivers dependable performance with quality materials and thoughtful design. It is well suited for everyday use in the electronics category, offering a strong balance of value and functionality.",Electronics,"Essential, Lightweight, Rechargeable, Limited Edition, Modern",517.51,2.7,3385,1114,2018-12-12,Uv\)`1({U'CI,Kalen Emsley,https://unsplash.com/@kalenemsley?utm_source=sse554_capstone&utm_medium=referral
https://example.com/images/ultra_office_chair_992.jpg,Ultra Office Chair 992,BrightLeaf Publishing,"The Ultra Office Chair 992 by BrightLeaf Publishing delivers dependable performance with quality materials and thoughtful design. It is well suited for everyday use in the office supplies category, offering a strong balance of value and functionality.",Office Supplies,"Limited Edition, Wireless, Premium, Versatile, Waterproof",688.06,2.4,8165,30,2018-02-02,G^i~2$[fYV'k,Kalen Emsley,https://unsplash.com/@kalenemsley?utm_source=sse554_capstone&utm_medium=referral
https://example.com/images/ultra_cookware_set_543.jpg,Ultra Cookware Set 543,BlueRiver Outfitters,"The Ultra Cookware Set 543 by BlueRiver Outfitters delivers dependable performance with quality materials and thoughtful design. It is well suited for everyday use in the clothing category, offering a strong balance of value and functionality.",Clothing,"Lightweight, Portable, Waterproof, Limited Edition, New Arrival",265.41,4.7,4871,1448,2020-10-30,N}:!pwT:z#_],Kalen Emsley,https://unsplash.com/@kalenemsley?utm_source=sse554_capstone&utm_medium=referral
https://example.com/images/advanced_cookware_set_139.jpg,Advanced Cookware Set 139,Summit Gear Co.,"The Advanced Cookware Set 139 by Summit Gear Co. delivers dependable performance with quality materials and thoughtful design. It is well suited for everyday use in the books category, offering a strong balance of value and functionality.",Books,"Versatile, Lightweight, Essential, Rechargeable, Portable",33.96,2.8,6606,1317,2025-08-11,c)4uB9w\[7?#,Kalen Emsley,https://unsplash.com/@kalenemsley?utm_source=sse554_capstone&utm_medium=referral
https://example.com/images/compact_noise_cancelling_headphones_366.jpg,Compact Noise Cancelling Headphones 366,SilverLine Electronics,"The Compact Noise Cancelling Headphones 366 by SilverLine Electronics delivers dependable performance with quality materials and thoughtful design. It is well suited for everyday use in the clothing category, offering a strong balance of value and functionality.",Clothing,"Durable, Limited Edition, Essential, Portable, Modern",357.98,1.0,1408,858,2017-10-23,Ign~z{}7}-(P,Kalen Emsley,https://unsplash.com/@kalenemsley?utm_source=sse554_capstone&utm_medium=referral
https://example.com/images/premium_cookbook_344.jpg,Premium Cookbook 344,SilverLine Electronics,"The Premium Cookbook 344 by SilverLine Electronics delivers dependable performance with quality materials and thoughtful design. It is well suited for everyday use in the office supplies category, offering a strong balance of value and functionality.",Office Supplies,"Modern, Portable, New Arrival, Versatile, Limited Edition",117.33,1.7,1696,742,2016-01-11,",hTcVg4rat|l",Kalen Emsley,https://unsplash.com/@kalenemsley?utm_source=sse554_capstone&utm_medium=referral
https://example.com/images/portable_graphic_t-shirt_617.jpg,Portable Graphic T-Shirt 617,BlueRiver Outfitters,"The Portable Graphic T-Shirt 617 by BlueRiver Outfitters delivers dependable performance with quality materials and thoughtful design. It is well suited for everyday use in the electronics category, offering a strong balance of value and functionality.",Electronics,"Portable, Waterproof, Wireless, Ergonomic, Versatile",492.9,1.0,1225,105,2022-07-25,B4nqKyjwI3/L,Kalen Emsley,https://unsplash.com/@kalenemsley?utm_source=sse554_capstone&utm_medium=referral
https://example.com/images/wireless_led_desk_lamp_143.jpg,Wireless LED Desk Lamp 143,NorthPeak,"The Wireless LED Desk Lamp 143 by NorthPeak delivers dependable performance with quality materials and thoughtful design. It is well suited for everyday use in the office supplies category, offering a strong balance of value and functionality.",Office Supplies,"Ergonomic, Wireless, Portable, Durable, Versatile",29.63,1.9,6286,1198,2020-03-11,9(aC7["4O3\?,Kalen Emsley,https://unsplash.com/@kalenemsley?utm_source=sse554_capstone&utm_medium=referral
https://example.com/images/eco_yoga_mat_676.jpg,Eco Yoga Mat 676,UrbanNest,"The Eco Yoga Mat 676 by UrbanNest delivers dependable performance with quality materials and thoughtful design. It is well suited for everyday use in the home & kitchen category, offering a strong balance of value and functionality.",Home & Kitchen,"Bestseller, New Arrival, Waterproof, Durable, Versatile",153.87,4.1,7749,910,2018-12-09,"x)z3nrj(Rq,h",Kalen Emsley,https://unsplash.com/@kalenemsley?utm_source=sse554_capstone&utm_medium=referral
https://example.com/images/premium_office_chair_159.jpg,Premium Office Chair 159,Maple Street Press,"The Premium Office Chair 159 by Maple Street Press delivers dependable performance with quality materials and thoughtful design. It is well suited for everyday use in the sports & outdoors category, offering a strong balance of value and functionality.",Sports & Outdoors,"Giftable, Premium, Rechargeable, Modern, New Arrival",127.45,3.1,7100,75,2019-10-05,'Dt%ar>PaAE.,Kalen Emsley,https://unsplash.com/@kalenemsley?utm_source=sse554_capstone&utm_medium=referral
https://example.com/images/wireless_stainless_steel_water_bottle_739.jpg,Wireless Stainless Steel Water Bottle 739,Summit Gear Co.,"The Wireless Stainless Steel Water Bottle 739 by Summit Gear Co. delivers dependable performance with quality materials and thoughtful design. It is well suited for everyday use in the office supplies category, offering a strong balance of value and functionality.",Office Supplies,"Modern, Bestseller, Compact, Premium, Giftable",312.14,4.7,7913,1910,2017-02-17,"SQ5\,_&h^|=X",Kalen Emsley,https://unsplash.com/@kalenemsley?utm_source=sse554_capstone&utm_medium=referral
https://example.com/images/compact_led_desk_lamp_421.jpg,Compact LED Desk Lamp 421,Horizon Tech,"The Compact LED Desk Lamp 421 by Horizon Tech delivers dependable performance with quality materials and thoughtful design. It is well suited for everyday use in the office supplies category, offering a strong balance of value and functionality.",Office Supplies,"New Arrival, Wireless, Versatile, Limited Edition, Waterproof",665.71,1.5,3847,185,2017-12-21,w77P1fh=4T&t,Kalen Emsley,https://unsplash.com/@kalenemsley?utm_source=sse554_capstone&utm_medium=referral
https://example.com/images/portable_stainless_steel_water_bottle_996.jpg,Portable Stainless Steel Water Bottle 996,NorthPeak,"The Portable Stainless Steel Water Bottle 996 by NorthPeak delivers dependable performance with quality materials and thoughtful design. It is well suited for everyday use in the office supplies category, offering a strong balance of value and functionality.",Office Supplies,"Limited Edition, Giftable, Portable, New Arrival, Rechargeable",138.48,2.3,6324,1519,2019-08-12,AA4Lx`Z%*GPt,Kalen Emsley,https://unsplash.com/@kalenemsley?utm_source=sse554_capstone&utm_medium=referral
https://example.com/images/classic_4k_monitor_842.jpg,Classic 4K Monitor 842,UrbanNest,"The Classic 4K Monitor 842 by UrbanNest delivers dependable performance with quality materials and thoughtful design. It is well suited for everyday use in the electronics category, offering a strong balance of value and functionality.",Electronics,"Wireless, Lightweight, Limited Edition, Portable, New Arrival",169.58,4.4,8756,382,2022-05-25,Sbm[RQ$Pq_?@,Kalen Emsley,https://unsplash.com/@kalenemsley?utm_source=sse554_capstone&utm_medium=referral
https://example.com/images/portable_graphic_t-shirt_658.jpg,Portable Graphic T-Shirt 658,BrightLeaf Publishing,"The Portable Graphic T-Shirt 658 by BrightLeaf Publishing delivers dependable performance with quality materials and thoughtful design. It is well suited for everyday use in the electronics category, offering a strong balance of value and functionality.",Electronics,"Lightweight, Waterproof, Portable, Premium, Durable",298.09,2.5,1782,1481,2019-03-15,1(p\@$\Dej]d,Kalen Emsley,https://unsplash.com/@kalenemsley?utm_source=sse554_capstone&utm_medium=referral
https://example.com/images/eco_bluetooth_speaker_823.jpg,Eco Bluetooth Speaker 823,NorthPeak,"The Eco Bluetooth Speaker 823 by NorthPeak delivers dependable performance with quality materials and thoughtful design. It is well suited for everyday use in the books category, offering a strong balance of value and functionality.",Books,"Bestseller, Waterproof, Durable, Compact, Portable",744.6,3.3,3652,938,2018-04-03,XjV}]i2IvH[!,Kalen Emsley,https://unsplash.com/@kalenemsley?utm_source=sse554_capstone&utm_medium=referral
https://example.com/images/classic_running_shoes_862.jpg,Classic Running Shoes 862,BlueRiver Outfitters,"The Classic Running Shoes 862 by BlueRiver Outfitters delivers dependable performance with quality materials and thoughtful design. It is well suited for everyday use in the books category, offering a strong balance of value and functionality.",Books,"Ergonomic, Wireless, New Arrival, Compact, Lightweight",710.04,3.9,6634,360,2019-07-12,KF"36GYcg'f*,Kalen Emsley,https://unsplash.com/@kalenemsley?utm_source=sse554_capstone&utm_medium=referral
https://example.com/images/compact_stainless_steel_water_bottle_655.jpg,Compact Stainless Steel Water Bottle 655,BlueRiver Outfitters,"The Compact Stainless Steel Water Bottle 655 by BlueRiver Outfitters delivers dependable performance with quality materials and thoughtful design. It is well suited for everyday use in the sports & outdoors category, offering a strong balance of value and functionality.",Sports & Outdoors,"Versatile, New Arrival, Bestseller, Modern, Durable",726.99,4.1,9166,371,2021-02-12,`xVq#&kL?iNC,Kalen Emsley,https://unsplash.com/@kalenemsley?utm_source=sse554_capstone&utm_medium=referral
https://example.com/images/premium_stainless_steel_water_bottle_348.jpg,Premium Stainless Steel Water Bottle 348,NorthPeak,"The Premium Stainless Steel Water Bottle 348 by NorthPeak delivers dependable performance with quality materials and thoughtful design. It is well suited for everyday use in the electronics category, offering a strong balance of value and functionality.",Electronics,"Modern, Premium, Rechargeable, Compact, Durable",549.57,3.8,7364,322,2018-10-07,z?N3g1YUP'Xf,Kalen Emsley,https://unsplash.com/@kalenemsley?utm_source=sse554_capstone&utm_medium=referral
https://example.com/images/classic_electric_kettle_890.jpg,Classic Electric Kettle 890,Summit Gear Co.,"The Classic Electric Kettle 890 by Summit Gear Co. delivers dependable performance with quality materials and thoughtful design. It is well suited for everyday use in the books category, offering a strong balance of value and functionality.",Books,"Durable, Ergonomic, Waterproof, Wireless, Lightweight",400.91,2.1,1562,1108,2017-08-08,H{ERO=O#"md%,Kalen Emsley,https://unsplash.com/@kalenemsley?utm_source=sse554_capstone&utm_medium=referral
https://example.com/images/advanced_4k_monitor_131.jpg,Advanced 4K Monitor 131,BlueRiver Outfitters,"The Advanced 4K Monitor 131 by BlueRiver Outfitters delivers dependable performance with quality materials and thoughtful design. It is well suited for everyday use in the office supplies category, offering a strong balance of value and functionality.",Office Supplies,"Giftable, Lightweight, Versatile, Modern, Durable",236.99,1.7,5018,844,2025-02-26,A)xG3\W9UDoD,Kalen Emsley,https://unsplash.com/@kalenemsley?utm_source=sse554_capstone&utm_medium=referral
https://example.com/images/compact_4k_monitor_178.jpg,Compact 4K Monitor 178,Maple Street Press,"The Compact 4K Monitor 178 by Maple Street Press delivers dependable performance with quality materials and thoughtful design. It is well suited for everyday use in the home & kitchen category, offering a strong balance of value and functionality.",Home & Kitchen,"Bestseller, Limited Edition, Versatile, Waterproof, Ergonomic",743.58,3.2,6921,73,2018-09-20,8#OxtGmb;l|-,Kalen Emsley,https://unsplash.com/@kalenemsley?utm_source=sse554_capstone&utm_medium=referral
https://example.com/images/professional_office_chair_557.jpg,Professional Office Chair 557,BlueRiver Outfitters,"The Professional Office Chair 557 by BlueRiver Outfitters delivers dependable performance with quality materials and thoughtful design. It is well suited for everyday use in the electronics category, offering a strong balance of value and functionality.",Electronics,"Compact, Limited Edition, Modern, Rechargeable, Portable",144.62,1.8,1230,1003,2025-08-25,Vsopc8H$^Zg1,Kalen Emsley,https://unsplash.com/@kalenemsley?utm_source=sse554_capstone&utm_medium=referral
https://example.com/images/wireless_action_camera_494.jpg,Wireless Action Camera 494,BrightLeaf Publishing,"The Wireless Action Camera 494 by BrightLeaf Publishing delivers dependable performance with quality materials and thoughtful design. It is well suited for everyday use in the office supplies category, offering a strong balance of value and functionality.",Office Supplies,"Ergonomic, Bestseller, Modern, Lightweight, Limited Edition",387.95,2.3,6610,200,2020-07-16,WWHxT6.G\|Zs,Kalen Emsley,https://unsplash.com/@kalenemsley?utm_source=sse554_capstone&utm_medium=referral
https://example.com/images/wireless_cookware_set_841.jpg,Wireless Cookware Set 841,SilverLine Electronics,"The Wireless Cookware Set 841 by SilverLine Electronics delivers dependable performance with quality materials and thoughtful design. It is well suited for everyday use in the electronics category, offering a strong balance of value and functionality.",Electronics,"Wireless, Portable, Limited Edition, Rechargeable, Lightweight",268.32,3.3,3379,962,2024-10-14,+%pNo`uN%:In,Kalen Emsley,https://unsplash.com/@kalenemsley?utm_source=sse554_capstone&utm_medium=referral
https://example.com/images/portable_cookbook_697.jpg,Portable Cookbook 697,Horizon Tech,"The Portable Cookbook 697 by Horizon Tech delivers dependable performance with quality materials and thoughtful design. It is well suited for everyday use in the sports & outdoors category, offering a strong balance of value and functionality.",Sports & Outdoors,"Portable, Wireless, Ergonomic, New Arrival, Bestseller",180.26,1.1,3428,108,2019-03-17,EM'FuKxkc}SK,Kalen Emsley,https://unsplash.com/@kalenemsley?utm_source=sse554_capstone&utm_medium=referral
https://example.com/images/compact_smartphone_stand_753.jpg,Compact Smartphone Stand 753,BrightLeaf Publishing,"The Compact Smartphone Stand 753 by BrightLeaf Publishing delivers dependable performance with quality materials and thoughtful design. It is well suited for everyday use in the books category, offering a strong balance of value and functionality.",Books,"Premium, Wireless, Rechargeable, Ergonomic, Lightweight",60.93,2.4,4796,847,2023-04-15,s-pW>a*Y>iC",Kalen Emsley,https://unsplash.com/@kalenemsley?utm_source=sse554_capstone&utm_medium=referral
https://example.com/images/wireless_action_camera_519.jpg,Wireless Action Camera 519,UrbanNest,"The Wireless Action Camera 519 by UrbanNest delivers dependable performance with quality materials and thoughtful design. It is well suited for everyday use in the clothing category, offering a strong balance of value and functionality.",Clothing,"Limited Edition, Giftable, Bestseller, Essential, Durable",241.6,4.0,4096,1165,2023-07-07,Os`<:]bL9bp#,Kalen Emsley,https://unsplash.com/@kalenemsley?utm_source=sse554_capstone&utm_medium=referral
https://example.com/images/compact_backpack_544.jpg,Compact Backpack 544,BrightLeaf Publishing,"The Compact Backpack 544 by BrightLeaf Publishing delivers dependable performance with quality materials and thoughtful design. It is well suited for everyday use in the clothing category, offering a strong balance of value and functionality.",Clothing,"Portable, Wireless, New Arrival, Limited Edition, Premium",704.43,4.1,3756,1006,2016-11-17,"bJ/hz'%,<R:*",Kalen Emsley,https://unsplash.com/@kalenemsley?utm_source=sse554_capstone&utm_medium=referral
https://example.com/images/eco_noise_cancelling_headphones_783.jpg,Eco Noise Cancelling Headphones 783,BlueRiver Outfitters,"The Eco Noise Cancelling Headphones 783 by BlueRiver Outfitters delivers dependable performance with quality materials and thoughtful design. It is well suited for everyday use in the sports & outdoors category, offering a strong balance of value and functionality.",Sports & Outdoors,"Durable, Essential, Portable, Premium, Modern",754.51,4.2,1804,1081,2016-01-21,f$I)UDeHG&S(,Kalen Emsley,https://unsplash.com/@kalenemsley?utm_source=sse554_capstone&utm_medium=referral
https://example.com/images/classic_mechanical_keyboard_393.jpg,Classic Mechanical Keyboard 393,NorthPeak,"The Classic Mechanical Keyboard 393 by NorthPeak delivers dependable performance with quality materials and thoughtful design. It is well suited for everyday use in the home & kitchen category, offering a strong balance of value and functionality.",Home & Kitchen,"Modern, Ergonomic, Wireless, Limited Edition, Giftable",594.4,2.6,3070,1724,2018-11-09,oHYMxb)r"u1",Kalen Emsley,https://unsplash.com/@kalenemsley?utm_source=sse554_capstone&utm_medium=referral
https://example.com/images/ultra_smartphone_stand_758.jpg,Ultra Smartphone Stand 758,NorthPeak,"The Ultra Smartphone Stand 758 by NorthPeak delivers dependable performance with quality materials and thoughtful design. It is well suited for everyday use in the electronics category, offering a strong balance of value and functionality.",Electronics,"Rechargeable, Modern, Limited Edition, Compact, Ergonomic",427.66,2.7,3755,92,2020-08-27,d*tqs$M*R|&c,Kalen Emsley,https://unsplash.com/@kalenemsley?utm_source=sse554_capstone&utm_medium=referral
https://example.com/images/eco_gaming_mouse_907.jpg,Eco Gaming Mouse 907,Horizon Tech,"The Eco Gaming Mouse 907 by Horizon Tech delivers dependable performance with quality materials and thoughtful design. It is well suited for everyday use in the office supplies category, offering a strong balance of value and functionality.",Office Supplies,"Limited Edition, Compact, Rechargeable, Portable, Durable",283.88,2.4,1719,867,2024-02-17,i#rA6]9Jaopj,Kalen Emsley,https://unsplash.com/@kalenemsley?utm_source=sse554_capstone&utm_medium=referral
https://example.com/images/ultra_fitness_tracker_825.jpg,Ultra Fitness Tracker 825,Maple Street Press,"The Ultra Fitness Tracker 825 by Maple Street Press delivers dependable performance with quality materials and thoughtful design. It is well suited for everyday use in the home & kitchen category, offering a strong balance of value and functionality.",Home & Kitchen,"Essential, Compact, Lightweight, Bestseller, New Arrival",325.63,1.0,1671,739,2020-08-29,"""9$#uV8#fasl",Kalen Emsley,https://unsplash.com/@kalenemsley?utm_source=sse554_capstone&utm_medium=referral
https://example.com/images/eco_running_shoes_433.jpg,Eco Running Shoes 433,BlueRiver Outfitters,"The Eco Running Shoes 433 by BlueRiver Outfitters delivers dependable performance with quality materials and thoughtful design. It is well suited for everyday use in the home & kitchen category, offering a strong balance of value and functionality.",Home & Kitchen,"Waterproof, Wireless, Lightweight, Premium, New Arrival",175.11,2.2,3700,1464,2021-04-10,Z\C`1pAk/a3!,Kalen Emsley,https://unsplash.com/@kalenemsley?utm_source=sse554_capstone&utm_medium=referral
https://example.com/images/professional_bluetooth_speaker_655.jpg,Professional Bluetooth Speaker 655,Horizon Tech,"The Professional Bluetooth Speaker 655 by Horizon Tech delivers dependable performance with quality materials and thoughtful design. It is well suited for everyday use in the books category, offering a strong balance of value and functionality.",Books,"Durable, Compact, Versatile, Lightweight, Giftable",73.68,2.1,5069,839,2021-03-25,"/|w=,qQSx!,%",Kalen Emsley,https://unsplash.com/@kalenemsley?utm_source=sse554_capstone&utm_medium=referral
https://example.com/images/ultra_mechanical_keyboard_118.jpg,Ultra Mechanical Keyboard 118,SilverLine Electronics,"The Ultra Mechanical Keyboard 118 by SilverLine Electronics delivers dependable performance with quality materials and thoughtful design. It is well suited for everyday use in the sports & outdoors category, offering a strong balance of value and functionality.",Sports & Outdoors,"Versatile, Ergonomic, Limited Edition, Modern, New Arrival",367.04,3.1,1664,640,2025-12-17,GRJ1^\8XJp7(,Kalen Emsley,https://unsplash.com/@kalenemsley?utm_source=sse554_capstone&utm_medium=referral
https://example.com/images/classic_running_shoes_604.jpg,Classic Running Shoes 604,NorthPeak,"The Classic Running Shoes 604 by NorthPeak delivers dependable performance with quality materials and thoughtful design. It is well suited for everyday use in the home & kitchen category, offering a strong balance of value and functionality.",Home & Kitchen,"Portable, Limited Edition, Lightweight, Versatile, Wireless",586.79,4.6,4814,907,2016-02-29,D\Kbx/;B4d_N,Kalen Emsley,https://unsplash.com/@kalenemsley?utm_source=sse554_capstone&utm_medium=referral
https://example.com/images/premium_stainless_steel_water_bottle_107.jpg,Premium Stainless Steel Water Bottle 107,SilverLine Electronics,"The Premium Stainless Steel Water Bottle 107 by SilverLine Electronics delivers dependable performance with quality materials and thoughtful design. It is well suited for everyday use in the books category, offering a strong balance of value and functionality.",Books,"Premium, Durable, Ergonomic, Modern, Limited Edition",178.78,4.3,4292,1006,2016-11-15,]eV"ZzCeL!#i,Kalen Emsley,https://unsplash.com/@kalenemsley?utm_source=sse554_capstone&utm_medium=referral
https://example.com/images/premium_noise_cancelling_headphones_616.jpg,Premium Noise Cancelling Headphones 616,Maple Street Press,"The Premium Noise Cancelling Headphones 616 by Maple Street Press delivers dependable performance with quality materials and thoughtful design. It is well suited for everyday use in the clothing category, offering a strong balance of value and functionality.",Clothing,"Giftable, Compact, Versatile, Bestseller, Limited Edition",268.25,1.2,5711,641,2023-04-17,RnQ@G&F4{h2^,Kalen Emsley,https://unsplash.com/@kalenemsley?utm_source=sse554_capstone&utm_medium=referral
https://example.com/images/advanced_electric_kettle_894.jpg,Advanced Electric Kettle 894,NorthPeak,"The Advanced Electric Kettle 894 by NorthPeak delivers dependable performance with quality materials and thoughtful design. It is well suited for everyday use in the electronics category, offering a strong balance of value and functionality.",Electronics,"Compact, Versatile, Portable, Durable, Premium",575.82,1.3,5173,1444,2023-07-27,Ex?H-$C.{@+z,Kalen Emsley,https://unsplash.com/@kalenemsley?utm_source=sse554_capstone&utm_medium=referral
https://example.com/images/smart_yoga_mat_258.jpg,Smart Yoga Mat 258,Horizon Tech,"The Smart Yoga Mat 258 by Horizon Tech delivers dependable performance with quality materials and thoughtful design. It is well suited for everyday use in the home & kitchen category, offering a strong balance of value and functionality.",Home & Kitchen,"Premium, Essential, Wireless, Waterproof, Durable",106.87,2.0,7191,1296,2020-11-06,DXAG=una@EJ:,Kalen Emsley,https://unsplash.com/@kalenemsley?utm_source=sse554_capstone&utm_medium=referral
https://example.com/images/portable_smartphone_stand_451.jpg,Portable Smartphone Stand 451,Summit Gear Co.,"The Portable Smartphone Stand 451 by Summit Gear Co. delivers dependable performance with quality materials and thoughtful design. It is well suited for everyday use in the home & kitchen category, offering a strong balance of value and functionality.",Home & Kitchen,"Modern, Limited Edition, Rechargeable, Giftable, Ergonomic",81.44,4.9,8708,1545,2021-04-16,d1gQDvs^:BQ&,Kalen Emsley,https://unsplash.com/@kalenemsley?utm_source=sse554_capstone&utm_medium=referral
https://example.com/images/eco_science_fiction_novel_136.jpg,Eco Science Fiction Novel 136,BrightLeaf Publishing,"The Eco Science Fiction Novel 136 by BrightLeaf Publishing delivers dependable performance with quality materials and thoughtful design. It is well suited for everyday use in the sports & outdoors category, offering a strong balance of value and functionality.",Sports & Outdoors,"Giftable, Portable, Modern, Limited Edition, Premium",491.35,2.4,4605,36,2020-08-11,2U>B'm44jmwp,Kalen Emsley,https://unsplash.com/@kalenemsley?utm_source=sse554_capstone&utm_medium=referral
https://example.com/images/eco_graphic_t-shirt_237.jpg,Eco Graphic T-Shirt 237,BrightLeaf Publishing,"The Eco Graphic T-Shirt 237 by BrightLeaf Publishing delivers dependable performance with quality materials and thoughtful design. It is well suited for everyday use in the sports & outdoors category, offering a strong balance of value and functionality.",Sports & Outdoors,"New Arrival, Waterproof, Wireless, Giftable, Bestseller",262.22,3.9,7190,1586,2021-05-18,RhB+lOzJ8ad+,Kalen Emsley,https://unsplash.com/@kalenemsley?utm_source=sse554_capstone&utm_medium=referral
https://example.com/images/professional_cookware_set_409.jpg,Professional Cookware Set 409,BlueRiver Outfitters,"The Professional Cookware Set 409 by BlueRiver Outfitters delivers dependable performance with quality materials and thoughtful design. It is well suited for everyday use in the clothing category, offering a strong balance of value and functionality.",Clothing,"Compact, Bestseller, Premium, Giftable, Waterproof",119.54,4.9,3549,372,2019-05-19,mE&_fj_[~J\r,Kalen Emsley,https://unsplash.com/@kalenemsley?utm_source=sse554_capstone&utm_medium=referral
https://example.com/images/advanced_cookware_set_837.jpg,Advanced Cookware Set 837,NorthPeak,"The Advanced Cookware Set 837 by NorthPeak delivers dependable performance with quality materials and thoughtful design. It is well suited for everyday use in the home & kitchen category, offering a strong balance of value and functionality.",Home & Kitchen,"Durable, New Arrival, Versatile, Ergonomic, Bestseller",177.47,2.6,724,378,2025-11-30,"X],<X>+T:N.5",Kalen Emsley,https://unsplash.com/@kalenemsley?utm_source=sse554_capstone&utm_medium=referral
https://example.com/images/professional_external_hard_drive_941.jpg,Professional External Hard Drive 941,BrightLeaf Publishing,"The Professional External Hard Drive 941 by BrightLeaf Publishing delivers dependable performance with quality materials and thoughtful design. It is well suited for everyday use in the books category, offering a strong balance of value and functionality.",Books,"Wireless, Ergonomic, Versatile, Essential, Bestseller",237.91,4.0,4641,17,2016-05-19,TJ+cj"#t7|*D,Kalen Emsley,https://unsplash.com/@kalenemsley?utm_source=sse554_capstone&utm_medium=referral
https://example.com/images/eco_gaming_mouse_906.jpg,Eco Gaming Mouse 906,Summit Gear Co.,"The Eco Gaming Mouse 906 by Summit Gear Co. delivers dependable performance with quality materials and thoughtful design. It is well suited for everyday use in the clothing category, offering a strong balance of value and functionality.",Clothing,"Versatile, Ergonomic, Modern, Compact, Portable",421.06,1.7,3428,1588,2018-02-21,"RiYzc,SQ3Su4",Kalen Emsley,https://unsplash.com/@kalenemsley?utm_source=sse554_capstone&utm_medium=referral
https://example.com/images/eco_action_camera_629.jpg,Eco Action Camera 629,Maple Street Press,"The Eco Action Camera 629 by Maple Street Press delivers dependable performance with quality materials and thoughtful design. It is well suited for everyday use in the sports & outdoors category, offering a strong balance of value and functionality.",Sports & Outdoors,"Premium, Rechargeable, Portable, Compact, Giftable",600.68,1.3,4981,1105,2023-10-13,:q$5n\F[Zq4R,Kalen Emsley,https://unsplash.com/@kalenemsley?utm_source=sse554_capstone&utm_medium=referral
https://example.com/images/compact_cookware_set_371.jpg,Compact Cookware Set 371,BrightLeaf Publishing,"The Compact Cookware Set 371 by BrightLeaf Publishing delivers dependable performance with quality materials and thoughtful design. It is well suited for everyday use in the home & kitchen category, offering a strong balance of value and functionality.",Home & Kitchen,"Waterproof, New Arrival, Durable, Essential, Premium",677.39,4.9,2388,1826,2023-01-12,<U~(`]NeEc6u,Kalen Emsley,https://unsplash.com/@kalenemsley?utm_source=sse554_capstone&utm_medium=referral
https://example.com/images/smart_bluetooth_speaker_261.jpg,Smart Bluetooth Speaker 261,SilverLine Electronics,"The Smart Bluetooth Speaker 261 by SilverLine Electronics delivers dependable performance with quality materials and thoughtful design. It is well suited for everyday use in the clothing category, offering a strong balance of value and functionality.",Clothing,"Giftable, Limited Edition, Essential, New Arrival, Premium",244.71,3.6,9874,123,2017-08-09,"R.6%!&C,t3?7",Kalen Emsley,https://unsplash.com/@kalenemsley?utm_source=sse554_capstone&utm_medium=referral
https://example.com/images/smart_external_hard_drive_970.jpg,Smart External Hard Drive 970,UrbanNest,"The Smart External Hard Drive 970 by UrbanNest delivers dependable performance with quality materials and thoughtful design. It is well suited for everyday use in the home & kitchen category, offering a strong balance of value and functionality.",Home & Kitchen,"Durable, Giftable, Essential, Rechargeable, Premium",11.73,3.7,907,1103,2016-04-22,%4fpX3tCp($~,Kalen Emsley,https://unsplash.com/@kalenemsley?utm_source=sse554_capstone&utm_medium=referral
https://example.com/images/professional_graphic_t-shirt_904.jpg,Professional Graphic T-Shirt 904,UrbanNest,"The Professional Graphic T-Shirt 904 by UrbanNest delivers dependable performance with quality materials and thoughtful design. It is well suited for everyday use in the books category, offering a strong balance of value and functionality.",Books,"Essential, Compact, Bestseller, Portable, Ergonomic",632.42,4.5,1734,1853,2016-05-28,'>jRub\!voP$,Kalen Emsley,https://unsplash.com/@kalenemsley?utm_source=sse554_capstone&utm_medium=referral
https://example.com/images/classic_stainless_steel_water_bottle_374.jpg,Classic Stainless Steel Water Bottle 374,UrbanNest,"The Classic Stainless Steel Water Bottle 374 by UrbanNest delivers dependable performance with quality materials and thoughtful design. It is well suited for everyday use in the books category, offering a strong balance of value and functionality.",Books,"New Arrival, Wireless, Waterproof, Durable, Lightweight",19.23,2.3,2180,133,2017-12-14,-!yEnx}K.mD6,Kalen Emsley,https://unsplash.com/@kalenemsley?utm_source=sse554_capstone&utm_medium=referral
https://example.com/images/classic_cookbook_970.jpg,Classic Cookbook 970,Horizon Tech,"The Classic Cookbook 970 by Horizon Tech delivers dependable performance with quality materials and thoughtful design. It is well suited for everyday use in the office supplies category, offering a strong balance of value and functionality.",Office Supplies,"Limited Edition, Essential, Bestseller, Lightweight, Giftable",304.89,4.8,4339,177,2017-09-27,MjY#L#0l-w]:,Kalen Emsley,https://unsplash.com/@kalenemsley?utm_source=sse554_capstone&utm_medium=referral
https://example.com/images/eco_noise_cancelling_headphones_578.jpg,Eco Noise Cancelling Headphones 578,NorthPeak,"The Eco Noise Cancelling Headphones 578 by NorthPeak delivers dependable performance with quality materials and thoughtful design. It is well suited for everyday use in the books category, offering a strong balance of value and functionality.",Books,"Giftable, Versatile, New Arrival, Lightweight, Rechargeable",175.96,3.5,3763,663,2022-08-31,?*RxvYc5m-8%,Kalen Emsley,https://unsplash.com/@kalenemsley?utm_source=sse554_capstone&utm_medium=referral
https://example.com/images/advanced_fitness_tracker_254.jpg,Advanced Fitness Tracker 254,UrbanNest,"The Advanced Fitness Tracker 254 by UrbanNest delivers dependable performance with quality materials and thoughtful design. It is well suited for everyday use in the electronics category, offering a strong balance of value and functionality.",Electronics,"Bestseller, Essential, Giftable, Compact, Lightweight",255.34,2.3,4327,1050,2025-03-10,^=mF}p{F2K2X,Kalen Emsley,https://unsplash.com/@kalenemsley?utm_source=sse554_capstone&utm_medium=referral
https://example.com/images/ultra_graphic_t-shirt_791.jpg,Ultra Graphic T-Shirt 791,NorthPeak,"The Ultra Graphic T-Shirt 791 by NorthPeak delivers dependable performance with quality materials and thoughtful design. It is well suited for everyday use in the sports & outdoors category, offering a strong balance of value and functionality.",Sports & Outdoors,"Essential, Ergonomic, Lightweight, Durable, Waterproof",770.79,1.5,6837,28,2023-04-23,|uu|F]s&u^uf,Kalen Emsley,https://unsplash.com/@kalenemsley?utm_source=sse554_capstone&utm_medium=referral
https://example.com/images/wireless_action_camera_336.jpg,Wireless Action Camera 336,UrbanNest,"The Wireless Action Camera 336 by UrbanNest delivers dependable performance with quality materials and thoughtful design. It is well suited for everyday use in the office supplies category, offering a strong balance of value and functionality.",Office Supplies,"New Arrival, Ergonomic, Rechargeable, Compact, Wireless",604.22,3.1,1247,490,2023-04-22,a2`q^\3'ep{T,Kalen Emsley,https://unsplash.com/@kalenemsley?utm_source=sse554_capstone&utm_medium=referral
https://example.com/images/professional_external_hard_drive_336.jpg,Professional External Hard Drive 336,Maple Street Press,"The Professional External Hard Drive 336 by Maple Street Press delivers dependable performance with quality materials and thoughtful design. It is well suited for everyday use in the clothing category, offering a strong balance of value and functionality.",Clothing,"Giftable, Versatile, Modern, Lightweight, Essential",150.57,2.1,4032,132,2017-03-09,RJ\G'no3>cQm,Kalen Emsley,https://unsplash.com/@kalenemsley?utm_source=sse554_capstone&utm_medium=referral
https://example.com/images/ultra_cookbook_716.jpg,Ultra Cookbook 716,UrbanNest,"The Ultra Cookbook 716 by UrbanNest delivers dependable performance with quality materials and thoughtful design. It is well suited for everyday use in the home & kitchen category, offering a strong balance of value and functionality.",Home & Kitchen,"Modern, Waterproof, Limited Edition, Giftable, Wireless",75.17,4.0,4155,334,2023-06-21,wFbY:ELSXR?*,Kalen Emsley,https://unsplash.com/@kalenemsley?utm_source=sse554_capstone&utm_medium=referral
https://example.com/images/portable_science_fiction_novel_485.jpg,Portable Science Fiction Novel 485,Horizon Tech,"The Portable Science Fiction Novel 485 by Horizon Tech delivers dependable performance with quality materials and thoughtful design. It is well suited for everyday use in the sports & outdoors category, offering a strong balance of value and functionality.",Sports & Outdoors,"Limited Edition, Rechargeable, Portable, Ergonomic, Bestseller",119.4,2.3,9812,960,2016-05-06,bfw^HGQr:<"e,Kalen Emsley,https://unsplash.com/@kalenemsley?utm_source=sse554_capstone&utm_medium=referral
https://example.com/images/smart_action_camera_102.jpg,Smart Action Camera 102,Horizon Tech,"The Smart Action Camera 102 by Horizon Tech delivers dependable performance with quality materials and thoughtful design. It is well suited for everyday use in the sports & outdoors category, offering a strong balance of value and functionality.",Sports & Outdoors,"Modern, Giftable, Ergonomic, Premium, Portable",271.15,2.8,3970,1771,2019-02-12,22VJ]NZ=Dbo4,Kalen Emsley,https://unsplash.com/@kalenemsley?utm_source=sse554_capstone&utm_medium=referral
https://example.com/images/eco_cookbook_740.jpg,Eco Cookbook 740,BlueRiver Outfitters,"The Eco Cookbook 740 by BlueRiver Outfitters delivers dependable performance with quality materials and thoughtful design. It is well suited for everyday use in the home & kitchen category, offering a strong balance of value and functionality.",Home & Kitchen,"Modern, Ergonomic, Versatile, Waterproof, Rechargeable",531.08,3.2,986,1134,2022-01-01,*#=E(Q`1_lyh,Kalen Emsley,https://unsplash.com/@kalenemsley?utm_source=sse554_capstone&utm_medium=referral
https://example.com/images/eco_bluetooth_speaker_766.jpg,Eco Bluetooth Speaker 766,BlueRiver Outfitters,"The Eco Bluetooth Speaker 766 by BlueRiver Outfitters delivers dependable performance with quality materials and thoughtful design. It is well suited for everyday use in the electronics category, offering a strong balance of value and functionality.",Electronics,"Bestseller, Giftable, Durable, Compact, Waterproof",593.68,4.9,2189,1379,2016-07-10,6@/Nr:7"P=Or,Kalen Emsley,https://unsplash.com/@kalenemsley?utm_source=sse554_capstone&utm_medium=referral
https://example.com/images/portable_gaming_mouse_257.jpg,Portable Gaming Mouse 257,Maple Street Press,"The Portable Gaming Mouse 257 by Maple Street Press delivers dependable performance with quality materials and thoughtful design. It is well suited for everyday use in the electronics category, offering a strong balance of value and functionality.",Electronics,"Portable, Ergonomic, New Arrival, Limited Edition, Premium",12.73,3.0,5483,1916,2019-10-28,!fwODv$Sgy$V,Kalen Emsley,https://unsplash.com/@kalenemsley?utm_source=sse554_capstone&utm_medium=referral
https://example.com/images/wireless_4k_monitor_457.jpg,Wireless 4K Monitor 457,SilverLine Electronics,"The Wireless 4K Monitor 457 by SilverLine Electronics delivers dependable performance with quality materials and thoughtful design. It is well suited for everyday use in the books category, offering a strong balance of value and functionality.",Books,"Modern, Waterproof, New Arrival, Wireless, Compact",757.84,4.7,6372,1108,2023-04-05,"X,(JN__>&4~m",Kalen Emsley,https://unsplash.com/@kalenemsley?utm_source=sse554_capstone&utm_medium=referral
https://example.com/images/classic_4k_monitor_207.jpg,Classic 4K Monitor 207,BrightLeaf Publishing,"The Classic 4K Monitor 207 by BrightLeaf Publishing delivers dependable performance with quality materials and thoughtful design. It is well suited for everyday use in the home & kitchen category, offering a strong balance of value and functionality.",Home & Kitchen,"Lightweight, Wireless, Compact, Ergonomic, Modern",64.93,4.1,7115,1045,2024-08-26,douRJQu_L?D.,Kalen Emsley,https://unsplash.com/@kalenemsley?utm_source=sse554_capstone&utm_medium=referral
https://example.com/images/advanced_running_shoes_618.jpg,Advanced Running Shoes 618,Maple Street Press,"The Advanced Running Shoes 618 by Maple Street Press delivers dependable performance with quality materials and thoughtful design. It is well suited for everyday use in the electronics category, offering a strong balance of value and functionality.",Electronics,"Premium, Compact, Wireless, Durable, Bestseller",297.17,4.3,327,1871,2018-05-05,u#=e8BX#uAqK,Kalen Emsley,https://unsplash.com/@kalenemsley?utm_source=sse554_capstone&utm_medium=referral
https://example.com/images/advanced_electric_kettle_816.jpg,Advanced Electric Kettle 816,UrbanNest,"The Advanced Electric Kettle 816 by UrbanNest delivers dependable performance with quality materials and thoughtful design. It is well suited for everyday use in the home & kitchen category, offering a strong balance of value and functionality.",Home & Kitchen,"Modern, Ergonomic, Rechargeable, Lightweight, Limited Edition",204.57,3.2,3149,630,2020-12-09,"~X=z,#`!mAS2",Kalen Emsley,https://unsplash.com/@kalenemsley?utm_source=sse554_capstone&utm_medium=referral
https://example.com/images/portable_action_camera_806.jpg,Portable Action Camera 806,NorthPeak,"The Portable Action Camera 806 by NorthPeak delivers dependable performance with quality materials and thoughtful design. It is well suited for everyday use in the sports & outdoors category, offering a strong balance of value and functionality.",Sports & Outdoors,"Giftable, Modern, Wireless, Durable, Premium",73.91,3.5,5586,693,2021-04-18,S'"{"i|%JEGk,Kalen Emsley,https://unsplash.com/@kalenemsley?utm_source=sse554_capstone&utm_medium=referral
https://example.com/images/ultra_cookware_set_930.jpg,Ultra Cookware Set 930,BlueRiver Outfitters,"The Ultra Cookware Set 930 by BlueRiver Outfitters delivers dependable performance with quality materials and thoughtful design. It is well suited for everyday use in the sports & outdoors category, offering a strong balance of value and functionality.",Sports & Outdoors,"Versatile, Limited Edition, Waterproof, New Arrival, Wireless",530.52,4.9,6721,1563,2024-06-21,p5./Y-)*nG6],Kalen Emsley,https://unsplash.com/@kalenemsley?utm_source=sse554_capstone&utm_medium=referral
https://example.com/images/wireless_action_camera_541.jpg,Wireless Action Camera 541,BlueRiver Outfitters,"The Wireless Action Camera 541 by BlueRiver Outfitters delivers dependable performance with quality materials and thoughtful design. It is well suited for everyday use in the home & kitchen category, offering a strong balance of value and functionality.",Home & Kitchen,"Modern, Bestseller, Wireless, Rechargeable, Ergonomic",718.45,4.4,9880,121,2019-05-21,&0u0QbDmh~~=,Kalen Emsley,https://unsplash.com/@kalenemsley?utm_source=sse554_capstone&utm_medium=referral
https://example.com/images/smart_science_fiction_novel_503.jpg,Smart Science Fiction Novel 503,Maple Street Press,"The Smart Science Fiction Novel 503 by Maple Street Press delivers dependable performance with quality materials and thoughtful design. It is well suited for everyday use in the sports & outdoors category, offering a strong balance of value and functionality.",Sports & Outdoors,"Wireless, Portable, Rechargeable, Durable, Versatile",731.57,3.6,4816,1385,2017-12-07,])9q\~{2zRjY,Kalen Emsley,https://unsplash.com/@kalenemsley?utm_source=sse554_capstone&utm_medium=referral
https://example.com/images/eco_4k_monitor_560.jpg,Eco 4K Monitor 560,Maple Street Press,"The Eco 4K Monitor 560 by Maple Street Press delivers dependable performance with quality materials and thoughtful design. It is well suited for everyday use in the books category, offering a strong balance of value and functionality.",Books,"Modern, Ergonomic, Durable, Limited Edition, Versatile",55.24,3.7,1651,633,2019-07-05,x==s[R{k*iHx,Kalen Emsley,https://unsplash.com/@kalenemsley?utm_source=sse554_capstone&utm_medium=referral
https://example.com/images/advanced_cookbook_844.jpg,Advanced Cookbook 844,UrbanNest,"The Advanced Cookbook 844 by UrbanNest delivers dependable performance with quality materials and thoughtful design. It is well suited for everyday use in the electronics category, offering a strong balance of value and functionality.",Electronics,"Modern, Durable, Limited Edition, New Arrival, Premium",641.7,4.3,2196,1221,2022-01-21,o_R!H'FPiJF&,Kalen Emsley,https://unsplash.com/@kalenemsley?utm_source=sse554_capstone&utm_medium=referral
https://example.com/images/compact_4k_monitor_917.jpg,Compact 4K Monitor 917,Maple Street Press,"The Compact 4K Monitor 917 by Maple Street Press delivers dependable performance with quality materials and thoughtful design. It is well suited for everyday use in the home & kitchen category, offering a strong balance of value and functionality.",Home & Kitchen,"Limited Edition, Lightweight, Compact, Premium, Bestseller",774.88,2.9,1781,637,2023-06-12,q@{}8~5@%ed~,Kalen Emsley,https://unsplash.com/@kalenemsley?utm_source=sse554_capstone&utm_medium=referral
https://example.com/images/smart_noise_cancelling_headphones_701.jpg,Smart Noise Cancelling Headphones 701,Horizon Tech,"The Smart Noise Cancelling Headphones 701 by Horizon Tech delivers dependable performance with quality materials and thoughtful design. It is well suited for everyday use in the office supplies category, offering a strong balance of value and functionality.",Office Supplies,"Bestseller, New Arrival, Wireless, Versatile, Lightweight",721.94,3.0,8173,1167,2018-11-10,"j?Tbv,eS1B-R",Kalen Emsley,https://unsplash.com/@kalenemsley?utm_source=sse554_capstone&utm_medium=referral
https://example.com/images/wireless_science_fiction_novel_514.jpg,Wireless Science Fiction Novel 514,UrbanNest,"The Wireless Science Fiction Novel 514 by UrbanNest delivers dependable performance with quality materials and thoughtful design. It is well suited for everyday use in the office supplies category, offering a strong balance of value and functionality.",Office Supplies,"Modern, Compact, Portable, Versatile, Ergonomic",507.46,1.8,2412,208,2019-03-16,m%|Dx^(-h3Vi,Kalen Emsley,https://unsplash.com/@kalenemsley?utm_source=sse554_capstone&utm_medium=referral
https://example.com/images/advanced_led_desk_lamp_978.jpg,Advanced LED Desk Lamp 978,SilverLine Electronics,"The Advanced LED Desk Lamp 978 by SilverLine Electronics delivers dependable performance with quality materials and thoughtful design. It is well suited for everyday use in the office supplies category, offering a strong balance of value and functionality.",Office Supplies,"Wireless, Bestseller, Limited Edition, Ergonomic, Versatile",143.46,1.5,8747,1464,2023-01-17,*qF+[43.byX&,Kalen Emsley,https://unsplash.com/@kalenemsley?utm_source=sse554_capstone&utm_medium=referral
https://example.com/images/portable_action_camera_235.jpg,Portable Action Camera 235,Horizon Tech,"The Portable Action Camera 235 by Horizon Tech delivers dependable performance with quality materials and thoughtful design. It is well suited for everyday use in the office supplies category, offering a strong balance of value and functionality.",Office Supplies,"Wireless, Lightweight, Compact, Limited Edition, Portable",788.68,2.5,8441,1851,2019-04-03,Y'xhg-UjTGDI,Kalen Emsley,https://unsplash.com/@kalenemsley?utm_source=sse554_capstone&utm_medium=referral
https://example.com/images/ultra_fitness_tracker_638.jpg,Ultra Fitness Tracker 638,BrightLeaf Publishing,"The Ultra Fitness Tracker 638 by BrightLeaf Publishing delivers dependable performance with quality materials and thoughtful design. It is well suited for everyday use in the home & kitchen category, offering a strong balance of value and functionality.",Home & Kitchen,"Bestseller, Limited Edition, Modern, Compact, Premium",346.75,1.9,3101,1153,2023-10-01,&w2?6&zM]~{:,Kalen Emsley,https://unsplash.com/@kalenemsley?utm_source=sse554_capstone&utm_medium=referral
https://example.com/images/advanced_action_camera_327.jpg,Advanced Action Camera 327,NorthPeak,"The Advanced Action Camera 327 by NorthPeak delivers dependable performance with quality materials and thoughtful design. It is well suited for everyday use in the office supplies category, offering a strong balance of value and functionality.",Office Supplies,"Modern, Compact, Durable, Premium, Rechargeable",499.51,2.6,595,1332,2020-11-25,Z0"3^{'Y*lma,Kalen Emsley,https://unsplash.com/@kalenemsley?utm_source=sse554_capstone&utm_medium=referral
https://example.com/images/premium_smartphone_stand_416.jpg,Premium Smartphone Stand 416,SilverLine Electronics,"The Premium Smartphone Stand 416 by SilverLine Electronics delivers dependable performance with quality materials and thoughtful design. It is well suited for everyday use in the office supplies category, offering a strong balance of value and functionality.",Office Supplies,"Durable, Premium, Rechargeable, New Arrival, Limited Edition",54.63,1.7,1481,556,2025-04-14,"au&\VEw,SRjj",Kalen Emsley,https://unsplash.com/@kalenemsley?utm_source=sse554_capstone&utm_medium=referral
https://example.com/images/premium_noise_cancelling_headphones_540.jpg,Premium Noise Cancelling Headphones 540,Summit Gear Co.,"The Premium Noise Cancelling Headphones 540 by Summit Gear Co. delivers dependable performance with quality materials and thoughtful design. It is well suited for everyday use in the books category, offering a strong balance of value and functionality.",Books,"Lightweight, Bestseller, Wireless, Ergonomic, Premium",154.38,3.0,4556,14,2018-05-28,0|0Hl;d[\T&V,Kalen Emsley,https://unsplash.com/@kalenemsley?utm_source=sse554_capstone&utm_medium=referral
https://example.com/images/ultra_stainless_steel_water_bottle_908.jpg,Ultra Stainless Steel Water Bottle 908,BrightLeaf Publishing,"The Ultra Stainless Steel Water Bottle 908 by BrightLeaf Publishing delivers dependable performance with quality materials and thoughtful design. It is well suited for everyday use in the office supplies category, offering a strong balance of value and functionality.",Office Supplies,"Compact, Portable, Modern, Premium, Rechargeable",22.05,2.1,1692,1289,2020-09-13,*R'eC8T$6v_{,Kalen Emsley,https://unsplash.com/@kalenemsley?utm_source=sse554_capstone&utm_medium=referral
https://example.com/images/ultra_bluetooth_speaker_761.jpg,Ultra Bluetooth Speaker 761,BlueRiver Outfitters,"The Ultra Bluetooth Speaker 761 by BlueRiver Outfitters delivers dependable performance with quality materials and thoughtful design. It is well suited for everyday use in the office supplies category, offering a strong balance of value and functionality.",Office Supplies,"Modern, Compact, Rechargeable, Portable, Giftable",166.46,2.0,8369,1767,2024-10-22,"e2yaEPzVIz<,",Kalen Emsley,https://unsplash.com/@kalenemsley?utm_source=sse554_capstone&utm_medium=referral
https://example.com/images/portable_science_fiction_novel_286.jpg,Portable Science Fiction Novel 286,SilverLine Electronics,"The Portable Science Fiction Novel 286 by SilverLine Electronics delivers dependable performance with quality materials and thoughtful design. It is well suited for everyday use in the books category, offering a strong balance of value and functionality.",Books,"Modern, Essential, Ergonomic, Wireless, Waterproof",629.23,4.2,3845,522,2025-07-22,;Mw5gW=pb;5k,Kalen Emsley,https://unsplash.com/@kalenemsley?utm_source=sse554_capstone&utm_medium=referral
https://example.com/images/classic_bluetooth_speaker_781.jpg,Classic Bluetooth Speaker 781,Summit Gear Co.,"The Classic Bluetooth Speaker 781 by Summit Gear Co. delivers dependable performance with quality materials and thoughtful design. It is well suited for everyday use in the sports & outdoors category, offering a strong balance of value and functionality.",Sports & Outdoors,"Essential, Versatile, Modern, Waterproof, Limited Edition",395.56,3.0,5214,1122,2018-01-01,66|MMYXc/E%+,Kalen Emsley,https://unsplash.com/@kalenemsley?utm_source=sse554_capstone&utm_medium=referral
https://example.com/images/advanced_action_camera_698.jpg,Advanced Action Camera 698,Summit Gear Co.,"The Advanced Action Camera 698 by Summit Gear Co. delivers dependable performance with quality materials and thoughtful design. It is well suited for everyday use in the office supplies category, offering a strong balance of value and functionality.",Office Supplies,"Durable, Rechargeable, Portable, Premium, Wireless",541.94,2.1,8616,1751,2017-11-24,2t#Q5@hCGTcH,Kalen Emsley,https://unsplash.com/@kalenemsley?utm_source=sse554_capstone&utm_medium=referral
https://example.com/images/classic_cookbook_515.jpg,Classic Cookbook 515,BrightLeaf Publishing,"The Classic Cookbook 515 by BrightLeaf Publishing delivers dependable performance with quality materials and thoughtful design. It is well suited for everyday use in the sports & outdoors category, offering a strong balance of value and functionality.",Sports & Outdoors,"Ergonomic, Giftable, Durable, Compact, Rechargeable",732.25,4.7,5748,864,2023-07-04,n90$wa^0nz"n,Kalen Emsley,https://unsplash.com/@kalenemsley?utm_source=sse554_capstone&utm_medium=referral
https://example.com/images/wireless_led_desk_lamp_972.jpg,Wireless LED Desk Lamp 972,BlueRiver Outfitters,"The Wireless LED Desk Lamp 972 by BlueRiver Outfitters delivers dependable performance with quality materials and thoughtful design. It is well suited for everyday use in the office supplies category, offering a strong balance of value and functionality.",Office Supplies,"Ergonomic, Bestseller, Giftable, Modern, Limited Edition",734.97,3.7,2054,92,2021-07-29,sUE{EWHj&z!!,Kalen Emsley,https://unsplash.com/@kalenemsley?utm_source=sse554_capstone&utm_medium=referral
https://example.com/images/advanced_4k_monitor_894.jpg,Advanced 4K Monitor 894,BrightLeaf Publishing,"The Advanced 4K Monitor 894 by BrightLeaf Publishing delivers dependable performance with quality materials and thoughtful design. It is well suited for everyday use in the office supplies category, offering a strong balance of value and functionality.",Office Supplies,"Ergonomic, Limited Edition, Bestseller, Wireless, New Arrival",581.06,4.5,1586,1481,2023-01-08,h{9Z#'"HfxUB,Kalen Emsley,https://unsplash.com/@kalenemsley?utm_source=sse554_capstone&utm_medium=referral
https://example.com/images/professional_cookbook_738.jpg,Professional Cookbook 738,Horizon Tech,"The Professional Cookbook 738 by Horizon Tech delivers dependable performance with quality materials and thoughtful design. It is well suited for everyday use in the clothing category, offering a strong balance of value and functionality.",Clothing,"Bestseller, Limited Edition, Premium, Rechargeable, Waterproof",308.61,1.3,2500,1520,2020-10-29,e^$0yHGPQsus,Kalen Emsley,https://unsplash.com/@kalenemsley?utm_source=sse554_capstone&utm_medium=referral
https://example.com/images/portable_science_fiction_novel_755.jpg,Portable Science Fiction Novel 755,Maple Street Press,"The Portable Science Fiction Novel 755 by Maple Street Press delivers dependable performance with quality materials and thoughtful design. It is well suited for everyday use in the office supplies category, offering a strong balance of value and functionality.",Office Supplies,"Limited Edition, Giftable, Modern, Rechargeable, New Arrival",359.77,1.8,5474,1408,2018-05-07,:%kId-B~=}|J,Kalen Emsley,https://unsplash.com/@kalenemsley?utm_source=sse554_capstone&utm_medium=referral
https://example.com/images/compact_4k_monitor_349.jpg,Compact 4K Monitor 349,Summit Gear Co.,"The Compact 4K Monitor 349 by Summit Gear Co. delivers dependable performance with quality materials and thoughtful design. It is well suited for everyday use in the home & kitchen category, offering a strong balance of value and functionality.",Home & Kitchen,"Rechargeable, Portable, Wireless, Essential, Lightweight",623.93,3.4,3771,936,2018-08-18,nF9Vvf<0"!R+,Kalen Emsley,https://unsplash.com/@kalenemsley?utm_source=sse554_capstone&utm_medium=referral
https://example.com/images/professional_office_chair_572.jpg,Professional Office Chair 572,NorthPeak,"The Professional Office Chair 572 by NorthPeak delivers dependable performance with quality materials and thoughtful design. It is well suited for everyday use in the home & kitchen category, offering a strong balance of value and functionality.",Home & Kitchen,"Wireless, Rechargeable, Essential, Durable, Lightweight",631.41,2.1,4650,504,2021-09-13,qtU$#|ST`|_@,Kalen Emsley,https://unsplash.com/@kalenemsley?utm_source=sse554_capstone&utm_medium=referral
https://example.com/images/compact_bluetooth_speaker_635.jpg,Compact Bluetooth Speaker 635,Maple Street Press,"The Compact Bluetooth Speaker 635 by Maple Street Press delivers dependable performance with quality materials and thoughtful design. It is well suited for everyday use in the home & kitchen category, offering a strong balance of value and functionality.",Home & Kitchen,"Waterproof, Durable, Essential, Compact, Premium",700.43,1.1,6993,317,2017-05-15,Wfq!{?4U!GBB,Kalen Emsley,https://unsplash.com/@kalenemsley?utm_source=sse554_capstone&utm_medium=referral
https://example.com/images/professional_office_chair_909.jpg,Professional Office Chair 909,NorthPeak,"The Professional Office Chair 909 by NorthPeak delivers dependable performance with quality materials and thoughtful design. It is well suited for everyday use in the office supplies category, offering a strong balance of value and functionality.",Office Supplies,"Premium, Wireless, Giftable, Rechargeable, Limited Edition",788.14,1.3,3922,1776,2020-03-06,D&kJ2X>\LT\g,Kalen Emsley,https://unsplash.com/@kalenemsley?utm_source=sse554_capstone&utm_medium=referral
https://example.com/images/wireless_yoga_mat_649.jpg,Wireless Yoga Mat 649,NorthPeak,"The Wireless Yoga Mat 649 by NorthPeak delivers dependable performance with quality materials and thoughtful design. It is well suited for everyday use in the electronics category, offering a strong balance of value and functionality.",Electronics,"New Arrival, Ergonomic, Lightweight, Modern, Wireless",134.23,4.9,5675,638,2019-06-21,"EY)sPnBOL,YZ",Kalen Emsley,https://unsplash.com/@kalenemsley?utm_source=sse554_capstone&utm_medium=referral
https://example.com/images/ultra_4k_monitor_430.jpg,Ultra 4K Monitor 430,BlueRiver Outfitters,"The Ultra 4K Monitor 430 by BlueRiver Outfitters delivers dependable performance with quality materials and thoughtful design. It is well suited for everyday use in the electronics category, offering a strong balance of value and functionality.",Electronics,"Durable, Essential, Portable, Premium, Rechargeable",545.57,3.5,5227,1414,2023-07-01,}S3]oX?t+(/z,Kalen Emsley,https://unsplash.com/@kalenemsley?utm_source=sse554_capstone&utm_medium=referral
https://example.com/images/professional_led_desk_lamp_197.jpg,Professional LED Desk Lamp 197,NorthPeak,"The Professional LED Desk Lamp 197 by NorthPeak delivers dependable performance with quality materials and thoughtful design. It is well suited for everyday use in the clothing category, offering a strong balance of value and functionality.",Clothing,"Lightweight, Versatile, Giftable, Modern, Premium",347.36,1.1,6330,160,2017-10-30,:';=OCtrbUk(,Kalen Emsley,https://unsplash.com/@kalenemsley?utm_source=sse554_capstone&utm_medium=referral
https://example.com/images/ultra_yoga_mat_438.jpg,Ultra Yoga Mat 438,NorthPeak,"The Ultra Yoga Mat 438 by NorthPeak delivers dependable performance with quality materials and thoughtful design. It is well suited for everyday use in the electronics category, offering a strong balance of value and functionality.",Electronics,"Versatile, New Arrival, Modern, Lightweight, Limited Edition",234.13,3.2,2315,554,2016-08-10,.nNRmZWw#nEO,Kalen Emsley,https://unsplash.com/@kalenemsley?utm_source=sse554_capstone&utm_medium=referral
https://example.com/images/professional_noise_cancelling_headphones_305.jpg,Professional Noise Cancelling Headphones 305,Horizon Tech,"The Professional Noise Cancelling Headphones 305 by Horizon Tech delivers dependable performance with quality materials and thoughtful design. It is well suited for everyday use in the clothing category, offering a strong balance of value and functionality.",Clothing,"New Arrival, Bestseller, Essential, Versatile, Lightweight",65.84,4.5,6660,19,2017-01-10,"~r+?,!Z'/t}}",Kalen Emsley,https://unsplash.com/@kalenemsley?utm_source=sse554_capstone&utm_medium=referral
https://example.com/images/eco_stainless_steel_water_bottle_544.jpg,Eco Stainless Steel Water Bottle 544,SilverLine Electronics,"The Eco Stainless Steel Water Bottle 544 by SilverLine Electronics delivers dependable performance with quality materials and thoughtful design. It is well suited for everyday use in the home & kitchen category, offering a strong balance of value and functionality.",Home & Kitchen,"Bestseller, Ergonomic, Rechargeable, Versatile, Waterproof",22.51,1.3,3771,723,2016-09-13,9="z;[2UJ!]J,Kalen Emsley,https://unsplash.com/@kalenemsley?utm_source=sse554_capstone&utm_medium=referral
https://example.com/images/classic_4k_monitor_303.jpg,Classic 4K Monitor 303,NorthPeak,"The Classic 4K Monitor 303 by NorthPeak delivers dependable performance with quality materials and thoughtful design. It is well suited for everyday use in the sports & outdoors category, offering a strong balance of value and functionality.",Sports & Outdoors,"Compact, Portable, Rechargeable, Versatile, Durable",488.17,2.9,5649,852,2017-01-05,"?.,ldY#e<P)2",Kalen Emsley,https://unsplash.com/@kalenemsley?utm_source=sse554_capstone&utm_medium=referral
https://example.com/images/smart_smartphone_stand_187.jpg,Smart Smartphone Stand 187,BrightLeaf Publishing,"The Smart Smartphone Stand 187 by BrightLeaf Publishing delivers dependable performance with quality materials and thoughtful design. It is well suited for everyday use in the home & kitchen category, offering a strong balance of value and functionality.",Home & Kitchen,"Lightweight, Giftable, Limited Edition, Waterproof, Bestseller",194.12,4.9,711,1046,2023-09-18,/S!NHOmxbSZL,Kalen Emsley,https://unsplash.com/@kalenemsley?utm_source=sse554_capstone&utm_medium=referral
https://example.com/images/premium_office_chair_500.jpg,Premium Office Chair 500,NorthPeak,"The Premium Office Chair 500 by NorthPeak delivers dependable performance with quality materials and thoughtful design. It is well suited for everyday use in the electronics category, offering a strong balance of value and functionality.",Electronics,"Lightweight, Durable, Ergonomic, Rechargeable, Modern",533.88,1.7,5274,1220,2019-01-18,"P1w:)h\4pf,J",Kalen Emsley,https://unsplash.com/@kalenemsley?utm_source=sse554_capstone&utm_medium=referral
https://example.com/images/portable_mechanical_keyboard_261.jpg,Portable Mechanical Keyboard 261,Horizon Tech,"The Portable Mechanical Keyboard 261 by Horizon Tech delivers dependable performance with quality materials and thoughtful design. It is well suited for everyday use in the electronics category, offering a strong balance of value and functionality.",Electronics,"Ergonomic, Essential, Rechargeable, Modern, Portable",489.32,3.0,5511,1607,2019-01-31,e5=IH%|`+G0v,Kalen Emsley,https://unsplash.com/@kalenemsley?utm_source=sse554_capstone&utm_medium=referral
https://example.com/images/compact_office_chair_466.jpg,Compact Office Chair 466,Maple Street Press,"The Compact Office Chair 466 by Maple Street Press delivers dependable performance with quality materials and thoughtful design. It is well suited for everyday use in the electronics category, offering a strong balance of value and functionality.",Electronics,"Durable, Versatile, Essential, Limited Edition, New Arrival",98.04,2.8,9814,1804,2025-04-01,>3tNxP$#NLr7,Kalen Emsley,https://unsplash.com/@kalenemsley?utm_source=sse554_capstone&utm_medium=referral
https://example.com/images/eco_running_shoes_650.jpg,Eco Running Shoes 650,UrbanNest,"The Eco Running Shoes 650 by UrbanNest delivers dependable performance with quality materials and thoughtful design. It is well suited for everyday use in the office supplies category, offering a strong balance of value and functionality.",Office Supplies,"Essential, Giftable, Versatile, Rechargeable, Limited Edition",385.8,3.5,103,219,2016-01-08,EG?^b"$k-zvs,Kalen Emsley,https://unsplash.com/@kalenemsley?utm_source=sse554_capstone&utm_medium=referral
https://example.com/images/classic_running_shoes_861.jpg,Classic Running Shoes 861,Horizon Tech,"The Classic Running Shoes 861 by Horizon Tech delivers dependable performance with quality materials and thoughtful design. It is well suited for everyday use in the office supplies category, offering a strong balance of value and functionality.",Office Supplies,"Waterproof, Versatile, Bestseller, New Arrival, Modern",251.65,4.9,959,145,2019-09-12,Mu{;rCBu?<aQ,Kalen Emsley,https://unsplash.com/@kalenemsley?utm_source=sse554_capstone&utm_medium=referral
https://example.com/images/classic_gaming_mouse_143.jpg,Classic Gaming Mouse 143,NorthPeak,"The Classic Gaming Mouse 143 by NorthPeak delivers dependable performance with quality materials and thoughtful design. It is well suited for everyday use in the clothing category, offering a strong balance of value and functionality.",Clothing,"Waterproof, Limited Edition, Durable, Lightweight, Compact",726.85,1.7,9355,1362,2016-07-18,`*l'DOR/~j9G,Kalen Emsley,https://unsplash.com/@kalenemsley?utm_source=sse554_capstone&utm_medium=referral
https://example.com/images/wireless_fitness_tracker_498.jpg,Wireless Fitness Tracker 498,UrbanNest,"The Wireless Fitness Tracker 498 by UrbanNest delivers dependable performance with quality materials and thoughtful design. It is well suited for everyday use in the home & kitchen category, offering a strong balance of value and functionality.",Home & Kitchen,"Giftable, Portable, Premium, Bestseller, New Arrival",35.62,3.1,6735,816,2017-07-08,"Z@5G>3S51D,b",Kalen Emsley,https://unsplash.com/@kalenemsley?utm_source=sse554_capstone&utm_medium=referral
https://example.com/images/compact_4k_monitor_187.jpg,Compact 4K Monitor 187,UrbanNest,"The Compact 4K Monitor 187 by UrbanNest delivers dependable performance with quality materials and thoughtful design. It is well suited for everyday use in the office supplies category, offering a strong balance of value and functionality.",Office Supplies,"Modern, Bestseller, Giftable, New Arrival, Durable",581.65,2.2,3825,1024,2020-08-18,"`6o>xPt,w'V/",Kalen Emsley,https://unsplash.com/@kalenemsley?utm_source=sse554_capstone&utm_medium=referral
https://example.com/images/compact_graphic_t-shirt_843.jpg,Compact Graphic T-Shirt 843,Horizon Tech,"The Compact Graphic T-Shirt 843 by Horizon Tech delivers dependable performance with quality materials and thoughtful design. It is well suited for everyday use in the sports & outdoors category, offering a strong balance of value and functionality.",Sports & Outdoors,"Premium, New Arrival, Durable, Essential, Portable",649.48,4.1,9157,1111,2017-02-17,"%=Cb][d_6#,I",Kalen Emsley,https://unsplash.com/@kalenemsley?utm_source=sse554_capstone&utm_medium=referral
https://example.com/images/smart_4k_monitor_961.jpg,Smart 4K Monitor 961,BlueRiver Outfitters,"The Smart 4K Monitor 961 by BlueRiver Outfitters delivers dependable performance with quality materials and thoughtful design. It is well suited for everyday use in the sports & outdoors category, offering a strong balance of value and functionality.",Sports & Outdoors,"Premium, Waterproof, Portable, Rechargeable, Lightweight",730.97,2.8,6119,1322,2019-08-10,j?eEJCDN0}HR,Kalen Emsley,https://unsplash.com/@kalenemsley?utm_source=sse554_capstone&utm_medium=referral
https://example.com/images/classic_cookware_set_791.jpg,Classic Cookware Set 791,NorthPeak,"The Classic Cookware Set 791 by NorthPeak delivers dependable performance with quality materials and thoughtful design. It is well suited for everyday use in the sports & outdoors category, offering a strong balance of value and functionality.",Sports & Outdoors,"Essential, Bestseller, New Arrival, Compact, Rechargeable",600.07,3.4,2909,500,2022-09-29,=%{N*uE!@?Si,Kalen Emsley,https://unsplash.com/@kalenemsley?utm_source=sse554_capstone&utm_medium=referral
https://example.com/images/eco_graphic_t-shirt_111.jpg,Eco Graphic T-Shirt 111,NorthPeak,"The Eco Graphic T-Shirt 111 by NorthPeak delivers dependable performance with quality materials and thoughtful design. It is well suited for everyday use in the books category, offering a strong balance of value and functionality.",Books,"Durable, Compact, Rechargeable, Versatile, New Arrival",246.97,1.2,2614,1184,2016-08-04,"""FD[L]iOfO.w",Kalen Emsley,https://unsplash.com/@kalenemsley?utm_source=sse554_capstone&utm_medium=referral
https://example.com/images/wireless_led_desk_lamp_391.jpg,Wireless LED Desk Lamp 391,SilverLine Electronics,"The Wireless LED Desk Lamp 391 by SilverLine Electronics delivers dependable performance with quality materials and thoughtful design. It is well suited for everyday use in the sports & outdoors category, offering a strong balance of value and functionality.",Sports & Outdoors,"Rechargeable, Durable, Waterproof, Giftable, Versatile",356.59,2.4,8607,228,2022-01-30,&{rUm.>]H\<G,Kalen Emsley,https://unsplash.com/@kalenemsley?utm_source=sse554_capstone&utm_medium=referral
https://example.com/images/ultra_gaming_mouse_505.jpg,Ultra Gaming Mouse 505,UrbanNest,"The Ultra Gaming Mouse 505 by UrbanNest delivers dependable performance with quality materials and thoughtful design. It is well suited for everyday use in the office supplies category, offering a strong balance of value and functionality.",Office Supplies,"Premium, Durable, Waterproof, Lightweight, New Arrival",192.72,2.0,4432,1964,2018-03-25,"qQp,5fkjPf,Q",Kalen Emsley,https://unsplash.com/@kalenemsley?utm_source=sse554_capstone&utm_medium=referral
https://example.com/images/eco_graphic_t-shirt_746.jpg,Eco Graphic T-Shirt 746,Summit Gear Co.,"The Eco Graphic T-Shirt 746 by Summit Gear Co. delivers dependable performance with quality materials and thoughtful design. It is well suited for everyday use in the clothing category, offering a strong balance of value and functionality.",Clothing,"Compact, Waterproof, Limited Edition, Durable, Ergonomic",215.94,4.8,7005,523,2021-11-02,.[)$L%jkxdwO,Kalen Emsley,https://unsplash.com/@kalenemsley?utm_source=sse554_capstone&utm_medium=referral
https://example.com/images/smart_graphic_t-shirt_900.jpg,Smart Graphic T-Shirt 900,BrightLeaf Publishing,"The Smart Graphic T-Shirt 900 by BrightLeaf Publishing delivers dependable performance with quality materials and thoughtful design. It is well suited for everyday use in the clothing category, offering a strong balance of value and functionality.",Clothing,"Limited Edition, Rechargeable, Compact, Essential, Modern",751.73,2.1,5404,1981,2025-04-28,v6\`\DE3@u%4,Kalen Emsley,https://unsplash.com/@kalenemsley?utm_source=sse554_capstone&utm_medium=referral
https://example.com/images/advanced_noise_cancelling_headphones_160.jpg,Advanced Noise Cancelling Headphones 160,UrbanNest,"The Advanced Noise Cancelling Headphones 160 by UrbanNest delivers dependable performance with quality materials and thoughtful design. It is well suited for everyday use in the electronics category, offering a strong balance of value and functionality.",Electronics,"Wireless, Versatile, Limited Edition, Essential, Lightweight",631.63,3.7,9619,510,2016-12-29,"0xFCtSG35(,2",Kalen Emsley,https://unsplash.com/@kalenemsley?utm_source=sse554_capstone&utm_medium=referral
https://example.com/images/portable_mechanical_keyboard_735.jpg,Portable Mechanical Keyboard 735,Maple Street Press,"The Portable Mechanical Keyboard 735 by Maple Street Press delivers dependable performance with quality materials and thoughtful design. It is well suited for everyday use in the books category, offering a strong balance of value and functionality.",Books,"Premium, Compact, Essential, Wireless, Lightweight",634.61,2.1,5054,1044,2025-12-27,~]oD\Z]UD]jD,Kalen Emsley,https://unsplash.com/@kalenemsley?utm_source=sse554_capstone&utm_medium=referral
https://example.com/images/smart_cookware_set_103.jpg,Smart Cookware Set 103,Maple Street Press,"The Smart Cookware Set 103 by Maple Street Press delivers dependable performance with quality materials and thoughtful design. It is well suited for everyday use in the electronics category, offering a strong balance of value and functionality.",Electronics,"Durable, Compact, New Arrival, Limited Edition, Rechargeable",146.16,2.3,9946,1872,2020-06-23,vd6-)+US:|{C,Kalen Emsley,https://unsplash.com/@kalenemsley?utm_source=sse554_capstone&utm_medium=referral
https://example.com/images/smart_fitness_tracker_469.jpg,Smart Fitness Tracker 469,Horizon Tech,"The Smart Fitness Tracker 469 by Horizon Tech delivers dependable performance with quality materials and thoughtful design. It is well suited for everyday use in the sports & outdoors category, offering a strong balance of value and functionality.",Sports & Outdoors,"Modern, Compact, New Arrival, Durable, Limited Edition",545.52,2.1,141,602,2017-09-13,Ue7CG)W2Z;Wb,Kalen Emsley,https://unsplash.com/@kalenemsley?utm_source=sse554_capstone&utm_medium=referral
https://example.com/images/eco_mechanical_keyboard_525.jpg,Eco Mechanical Keyboard 525,Maple Street Press,"The Eco Mechanical Keyboard 525 by Maple Street Press delivers dependable performance with quality materials and thoughtful design. It is well suited for everyday use in the electronics category, offering a strong balance of value and functionality.",Electronics,"Waterproof, Wireless, Compact, Durable, Lightweight",763.14,3.8,5709,906,2019-03-06,-km}{K{7>&sg,Kalen Emsley,https://unsplash.com/@kalenemsley?utm_source=sse554_capstone&utm_medium=referral
https://example.com/images/portable_noise_cancelling_headphones_279.jpg,Portable Noise Cancelling Headphones 279,SilverLine Electronics,"The Portable Noise Cancelling Headphones 279 by SilverLine Electronics delivers dependable performance with quality materials and thoughtful design. It is well suited for everyday use in the sports & outdoors category, offering a strong balance of value and functionality.",Sports & Outdoors,"Modern, Wireless, Durable, Essential, Versatile",252.94,2.2,6933,1190,2023-12-12,e!KUE%/*i\qa,Kalen Emsley,https://unsplash.com/@kalenemsley?utm_source=sse554_capstone&utm_medium=referral
https://example.com/images/smart_gaming_mouse_618.jpg,Smart Gaming Mouse 618,SilverLine Electronics,"The Smart Gaming Mouse 618 by SilverLine Electronics delivers dependable performance with quality materials and thoughtful design. It is well suited for everyday use in the electronics category, offering a strong balance of value and functionality.",Electronics,"Waterproof, Rechargeable, Durable, Compact, Premium",178.1,2.6,6273,287,2022-11-16,<-%is^Qen0yR,Kalen Emsley,https://unsplash.com/@kalenemsley?utm_source=sse554_capstone&utm_medium=referral
https://example.com/images/portable_4k_monitor_903.jpg,Portable 4K Monitor 903,BrightLeaf Publishing,"The Portable 4K Monitor 903 by BrightLeaf Publishing delivers dependable performance with quality materials and thoughtful design. It is well suited for everyday use in the home & kitchen category, offering a strong balance of value and functionality.",Home & Kitchen,"Wireless, Lightweight, Versatile, Compact, Essential",524.42,4.7,7088,1034,2016-01-28,G`C7RtW36C3U,Kalen Emsley,https://unsplash.com/@kalenemsley?utm_source=sse554_capstone&utm_medium=referral
https://example.com/images/eco_gaming_mouse_957.jpg,Eco Gaming Mouse 957,Horizon Tech,"The Eco Gaming Mouse 957 by Horizon Tech delivers dependable performance with quality materials and thoughtful design. It is well suited for everyday use in the books category, offering a strong balance of value and functionality.",Books,"Waterproof, Limited Edition, Premium, Rechargeable, Giftable",744.03,1.1,8703,1111,2016-10-29,",HpaC.L-QF5M",Kalen Emsley,https://unsplash.com/@kalenemsley?utm_source=sse554_capstone&utm_medium=referral
https://example.com/images/portable_yoga_mat_665.jpg,Portable Yoga Mat 665,NorthPeak,"The Portable Yoga Mat 665 by NorthPeak delivers dependable performance with quality materials and thoughtful design. It is well suited for everyday use in the home & kitchen category, offering a strong balance of value and functionality.",Home & Kitchen,"Lightweight, Durable, Ergonomic, Compact, New Arrival",711.59,1.5,1082,806,2023-02-07,~+=o"9b?\GIW,Kalen Emsley,https://unsplash.com/@kalenemsley?utm_source=sse554_capstone&utm_medium=referral
https://example.com/images/wireless_gaming_mouse_155.jpg,Wireless Gaming Mouse 155,UrbanNest,"The Wireless Gaming Mouse 155 by UrbanNest delivers dependable performance with quality materials and thoughtful design. It is well suited for everyday use in the office supplies category, offering a strong balance of value and functionality.",Office Supplies,"Wireless, New Arrival, Modern, Bestseller, Portable",213.26,2.2,8419,1599,2022-07-22,"lL1;0SPv4o,D",Kalen Emsley,https://unsplash.com/@kalenemsley?utm_source=sse554_capstone&utm_medium=referral
https://example.com/images/compact_mechanical_keyboard_397.jpg,Compact Mechanical Keyboard 397,UrbanNest,"The Compact Mechanical Keyboard 397 by UrbanNest delivers dependable performance with quality materials and thoughtful design. It is well suited for everyday use in the sports & outdoors category, offering a strong balance of value and functionality.",Sports & Outdoors,"Essential, Durable, Versatile, Bestseller, Premium",522.57,1.0,9648,1350,2018-04-27,FWOF}4v7pGH*,Kalen Emsley,https://unsplash.com/@kalenemsley?utm_source=sse554_capstone&utm_medium=referral
https://example.com/images/portable_mechanical_keyboard_336.jpg,Portable Mechanical Keyboard 336,BlueRiver Outfitters,"The Portable Mechanical Keyboard 336 by BlueRiver Outfitters delivers dependable performance with quality materials and thoughtful design. It is well suited for everyday use in the office supplies category, offering a strong balance of value and functionality.",Office Supplies,"Portable, Wireless, Essential, Premium, Durable",711.96,2.9,9270,1316,2020-07-21,N`G+9(`(_TJS,Kalen Emsley,https://unsplash.com/@kalenemsley?utm_source=sse554_capstone&utm_medium=referral
https://example.com/images/eco_graphic_t-shirt_555.jpg,Eco Graphic T-Shirt 555,Horizon Tech,"The Eco Graphic T-Shirt 555 by Horizon Tech delivers dependable performance with quality materials and thoughtful design. It is well suited for everyday use in the home & kitchen category, offering a strong balance of value and functionality.",Home & Kitchen,"Bestseller, Compact, Modern, Durable, Premium",548.96,2.7,8746,1891,2019-01-22,vv6e!--+rQ3*,Kalen Emsley,https://unsplash.com/@kalenemsley?utm_source=sse554_capstone&utm_medium=referral
https://example.com/images/smart_backpack_744.jpg,Smart Backpack 744,Maple Street Press,"The Smart Backpack 744 by Maple Street Press delivers dependable performance with quality materials and thoughtful design. It is well suited for everyday use in the home & kitchen category, offering a strong balance of value and functionality.",Home & Kitchen,"Essential, Durable, Portable, Compact, Waterproof",567.44,1.9,2296,254,2024-02-18,`?&=a9G[Iv\c,Kalen Emsley,https://unsplash.com/@kalenemsley?utm_source=sse554_capstone&utm_medium=referral
https://example.com/images/premium_electric_kettle_507.jpg,Premium Electric Kettle 507,Summit Gear Co.,"The Premium Electric Kettle 507 by Summit Gear Co. delivers dependable performance with quality materials and thoughtful design. It is well suited for everyday use in the electronics category, offering a strong balance of value and functionality.",Electronics,"Rechargeable, Durable, Bestseller, Portable, Lightweight",686.42,3.7,4209,645,2021-04-11,c1x`1Q;0!aCL,Kalen Emsley,https://unsplash.com/@kalenemsley?utm_source=sse554_capstone&utm_medium=referral
https://example.com/images/smart_noise_cancelling_headphones_317.jpg,Smart Noise Cancelling Headphones 317,UrbanNest,"The Smart Noise Cancelling Headphones 317 by UrbanNest delivers dependable performance with quality materials and thoughtful design. It is well suited for everyday use in the office supplies category, offering a strong balance of value and functionality.",Office Supplies,"Ergonomic, Portable, Modern, Bestseller, Essential",756.36,4.5,5006,1660,2020-03-30,#;w@B`)mA6gu,Kalen Emsley,https://unsplash.com/@kalenemsley?utm_source=sse554_capstone&utm_medium=referral
https://example.com/images/advanced_cookware_set_274.jpg,Advanced Cookware Set 274,BrightLeaf Publishing,"The Advanced Cookware Set 274 by BrightLeaf Publishing delivers dependable performance with quality materials and thoughtful design. It is well suited for everyday use in the office supplies category, offering a strong balance of value and functionality.",Office Supplies,"Limited Edition, Wireless, New Arrival, Premium, Ergonomic",79.59,3.8,2558,69,2016-03-04,xJsk}1>CzFVh,Kalen Emsley,https://unsplash.com/@kalenemsley?utm_source=sse554_capstone&utm_medium=referral
https://example.com/images/wireless_noise_cancelling_headphones_783.jpg,Wireless Noise Cancelling Headphones 783,SilverLine Electronics,"The Wireless Noise Cancelling Headphones 783 by SilverLine Electronics delivers dependable performance with quality materials and thoughtful design. It is well suited for everyday use in the sports & outdoors category, offering a strong balance of value and functionality.",Sports & Outdoors,"Bestseller, Waterproof, Rechargeable, Limited Edition, Lightweight",120.92,1.5,3516,704,2025-07-09,5!8}ocv![hmc,Kalen Emsley,https://unsplash.com/@kalenemsley?utm_source=sse554_capstone&utm_medium=referral
https://example.com/images/classic_mechanical_keyboard_350.jpg,Classic Mechanical Keyboard 350,BrightLeaf Publishing,"The Classic Mechanical Keyboard 350 by BrightLeaf Publishing delivers dependable performance with quality materials and thoughtful design. It is well suited for everyday use in the home & kitchen category, offering a strong balance of value and functionality.",Home & Kitchen,"Wireless, Premium, Waterproof, Compact, Portable",508.55,3.9,1746,624,2025-06-23,~*'#>Lv2OUwP,Kalen Emsley,https://unsplash.com/@kalenemsley?utm_source=sse554_capstone&utm_medium=referral
https://example.com/images/classic_external_hard_drive_720.jpg,Classic External Hard Drive 720,BrightLeaf Publishing,"The Classic External Hard Drive 720 by BrightLeaf Publishing delivers dependable performance with quality materials and thoughtful design. It is well suited for everyday use in the sports & outdoors category, offering a strong balance of value and functionality.",Sports & Outdoors,"Rechargeable, Premium, Durable, Limited Edition, New Arrival",93.65,3.0,6335,13,2023-02-21,BYLYZ?<)ih8|,Kalen Emsley,https://unsplash.com/@kalenemsley?utm_source=sse554_capstone&utm_medium=referral
https://example.com/images/ultra_action_camera_153.jpg,Ultra Action Camera 153,NorthPeak,"The Ultra Action Camera 153 by NorthPeak delivers dependable performance with quality materials and thoughtful design. It is well suited for everyday use in the electronics category, offering a strong balance of value and functionality.",Electronics,"Ergonomic, Wireless, Modern, Versatile, Giftable",214.8,3.8,218,506,2025-08-25,Ze|16O6>u8GV,Kalen Emsley,https://unsplash.com/@kalenemsley?utm_source=sse554_capstone&utm_medium=referral
https://example.com/images/professional_yoga_mat_412.jpg,Professional Yoga Mat 412,UrbanNest,"The Professional Yoga Mat 412 by UrbanNest delivers dependable performance with quality materials and thoughtful design. It is well suited for everyday use in the electronics category, offering a strong balance of value and functionality.",Electronics,"Wireless, Rechargeable, Ergonomic, Portable, Waterproof",284.8,3.3,1479,173,2025-12-19,1>X}0RRiGrD/,Kalen Emsley,https://unsplash.com/@kalenemsley?utm_source=sse554_capstone&utm_medium=referral
https://example.com/images/classic_yoga_mat_334.jpg,Classic Yoga Mat 334,SilverLine Electronics,"The Classic Yoga Mat 334 by SilverLine Electronics delivers dependable performance with quality materials and thoughtful design. It is well suited for everyday use in the home & kitchen category, offering a strong balance of value and functionality.",Home & Kitchen,"Versatile, Modern, Lightweight, New Arrival, Rechargeable",669.68,4.9,4883,43,2018-01-14,fxnY$bw8(veb,Kalen Emsley,https://unsplash.com/@kalenemsley?utm_source=sse554_capstone&utm_medium=referral
https://example.com/images/eco_noise_cancelling_headphones_742.jpg,Eco Noise Cancelling Headphones 742,UrbanNest,"The Eco Noise Cancelling Headphones 742 by UrbanNest delivers dependable performance with quality materials and thoughtful design. It is well suited for everyday use in the office supplies category, offering a strong balance of value and functionality.",Office Supplies,"Waterproof, Compact, Essential, Modern, Rechargeable",343.54,3.5,4708,1674,2020-09-11,/oUMq~{Y]yh?,Kalen Emsley,https://unsplash.com/@kalenemsley?utm_source=sse554_capstone&utm_medium=referral
https://example.com/images/classic_gaming_mouse_419.jpg,Classic Gaming Mouse 419,NorthPeak,"The Classic Gaming Mouse 419 by NorthPeak delivers dependable performance with quality materials and thoughtful design. It is well suited for everyday use in the electronics category, offering a strong balance of value and functionality.",Electronics,"Waterproof, Rechargeable, Bestseller, Essential, New Arrival",211.83,2.9,1657,909,2019-08-24,",n@VCBis*Gi$",Kalen Emsley,https://unsplash.com/@kalenemsley?utm_source=sse554_capstone&utm_medium=referral
https://example.com/images/smart_fitness_tracker_957.jpg,Smart Fitness Tracker 957,BrightLeaf Publishing,"The Smart Fitness Tracker 957 by BrightLeaf Publishing delivers dependable performance with quality materials and thoughtful design. It is well suited for everyday use in the books category, offering a strong balance of value and functionality.",Books,"Bestseller, Compact, Rechargeable, Modern, Limited Edition",142.14,4.4,9186,1257,2023-10-18,YH?;D\`5{SM),Kalen Emsley,https://unsplash.com/@kalenemsley?utm_source=sse554_capstone&utm_medium=referral
https://example.com/images/advanced_backpack_512.jpg,Advanced Backpack 512,Horizon Tech,"The Advanced Backpack 512 by Horizon Tech delivers dependable performance with quality materials and thoughtful design. It is well suited for everyday use in the home & kitchen category, offering a strong balance of value and functionality.",Home & Kitchen,"Limited Edition, New Arrival, Modern, Ergonomic, Waterproof",783.44,4.2,9183,1675,2025-02-18,krn$"9RYG^\l,Kalen Emsley,https://unsplash.com/@kalenemsley?utm_source=sse554_capstone&utm_medium=referral
https://example.com/images/advanced_office_chair_926.jpg,Advanced Office Chair 926,UrbanNest,"The Advanced Office Chair 926 by UrbanNest delivers dependable performance with quality materials and thoughtful design. It is well suited for everyday use in the office supplies category, offering a strong balance of value and functionality.",Office Supplies,"Waterproof, Giftable, Rechargeable, Portable, Essential",189.88,2.9,7301,697,2021-10-30,fGCI!U)W+)l>,Kalen Emsley,https://unsplash.com/@kalenemsley?utm_source=sse554_capstone&utm_medium=referral
https://example.com/images/eco_led_desk_lamp_727.jpg,Eco LED Desk Lamp 727,BrightLeaf Publishing,"The Eco LED Desk Lamp 727 by BrightLeaf Publishing delivers dependable performance with quality materials and thoughtful design. It is well suited for everyday use in the home & kitchen category, offering a strong balance of value and functionality.",Home & Kitchen,"Modern, Portable, Rechargeable, Versatile, New Arrival",83.28,4.3,3479,250,2020-04-26,k+!8/T5Z=>L`,Kalen Emsley,https://unsplash.com/@kalenemsley?utm_source=sse554_capstone&utm_medium=referral
https://example.com/images/compact_fitness_tracker_629.jpg,Compact Fitness Tracker 629,SilverLine Electronics,"The Compact Fitness Tracker 629 by SilverLine Electronics delivers dependable performance with quality materials and thoughtful design. It is well suited for everyday use in the electronics category, offering a strong balance of value and functionality.",Electronics,"Waterproof, Versatile, Compact, Portable, Limited Edition",17.78,4.3,2871,719,2017-06-06,8dx?1J3{{h3=,Kalen Emsley,https://unsplash.com/@kalenemsley?utm_source=sse554_capstone&utm_medium=referral
https://example.com/images/eco_yoga_mat_778.jpg,Eco Yoga Mat 778,Summit Gear Co.,"The Eco Yoga Mat 778 by Summit Gear Co. delivers dependable performance with quality materials and thoughtful design. It is well suited for everyday use in the books category, offering a strong balance of value and functionality.",Books,"Modern, Bestseller, Wireless, Portable, Durable",524.93,2.1,2336,133,2021-02-18,C#Ba5XOi]^I4,Kalen Emsley,https://unsplash.com/@kalenemsley?utm_source=sse554_capstone&utm_medium=referral
https://example.com/images/eco_bluetooth_speaker_657.jpg,Eco Bluetooth Speaker 657,UrbanNest,"The Eco Bluetooth Speaker 657 by UrbanNest delivers dependable performance with quality materials and thoughtful design. It is well suited for everyday use in the books category, offering a strong balance of value and functionality.",Books,"New Arrival, Limited Edition, Compact, Durable, Wireless",607.36,4.2,5302,536,2025-08-24,(o7.}rA6u`%0,Kalen Emsley,https://unsplash.com/@kalenemsley?utm_source=sse554_capstone&utm_medium=referral
https://example.com/images/compact_stainless_steel_water_bottle_990.jpg,Compact Stainless Steel Water Bottle 990,BlueRiver Outfitters,"The Compact Stainless Steel Water Bottle 990 by BlueRiver Outfitters delivers dependable performance with quality materials and thoughtful design. It is well suited for everyday use in the home & kitchen category, offering a strong balance of value and functionality.",Home & Kitchen,"Durable, Bestseller, Portable, Premium, Giftable",321.12,5.0,57,1770,2021-01-28,Eal.T.g.kJmr,Kalen Emsley,https://unsplash.com/@kalenemsley?utm_source=sse554_capstone&utm_medium=referral
https://example.com/images/classic_cookware_set_222.jpg,Classic Cookware Set 222,UrbanNest,"The Classic Cookware Set 222 by UrbanNest delivers dependable performance with quality materials and thoughtful design. It is well suited for everyday use in the home & kitchen category, offering a strong balance of value and functionality.",Home & Kitchen,"Wireless, Bestseller, Ergonomic, Essential, Rechargeable",711.36,4.1,6962,1630,2020-05-11,Oc!`2frAF|rR,Kalen Emsley,https://unsplash.com/@kalenemsley?utm_source=sse554_capstone&utm_medium=referral
https://example.com/images/eco_gaming_mouse_202.jpg,Eco Gaming Mouse 202,UrbanNest,"The Eco Gaming Mouse 202 by UrbanNest delivers dependable performance with quality materials and thoughtful design. It is well suited for everyday use in the clothing category, offering a strong balance of value and functionality.",Clothing,"Premium, Wireless, Ergonomic, Compact, Modern",112.73,3.1,2713,1015,2025-10-18,"y]-M,yG2s%go",Kalen Emsley,https://unsplash.com/@kalenemsley?utm_source=sse554_capstone&utm_medium=referral
https://example.com/images/premium_external_hard_drive_338.jpg,Premium External Hard Drive 338,BrightLeaf Publishing,"The Premium External Hard Drive 338 by BrightLeaf Publishing delivers dependable performance with quality materials and thoughtful design. It is well suited for everyday use in the electronics category, offering a strong balance of value and functionality.",Electronics,"Lightweight, Bestseller, New Arrival, Ergonomic, Modern",451.6,1.9,8828,1543,2020-09-06,o]_z?qQ)X~Lo,Kalen Emsley,https://unsplash.com/@kalenemsley?utm_source=sse554_capstone&utm_medium=referral
https://example.com/images/smart_stainless_steel_water_bottle_147.jpg,Smart Stainless Steel Water Bottle 147,Maple Street Press,"The Smart Stainless Steel Water Bottle 147 by Maple Street Press delivers dependable performance with quality materials and thoughtful design. It is well suited for everyday use in the electronics category, offering a strong balance of value and functionality.",Electronics,"Durable, Versatile, Ergonomic, Premium, Giftable",258.74,4.5,8594,1084,2023-11-30,M@BJM5-y3$lE,Kalen Emsley,https://unsplash.com/@kalenemsley?utm_source=sse554_capstone&utm_medium=referral
https://example.com/images/wireless_mechanical_keyboard_194.jpg,Wireless Mechanical Keyboard 194,BrightLeaf Publishing,"The Wireless Mechanical Keyboard 194 by BrightLeaf Publishing delivers dependable performance with quality materials and thoughtful design. It is well suited for everyday use in the office supplies category, offering a strong balance of value and functionality.",Office Supplies,"Modern, Rechargeable, Versatile, Lightweight, Compact",199.67,4.2,6875,306,2025-04-22,g7lMo<9<cU.4,Kalen Emsley,https://unsplash.com/@kalenemsley?utm_source=sse554_capstone&utm_medium=referral
https://example.com/images/professional_led_desk_lamp_546.jpg,Professional LED Desk Lamp 546,BlueRiver Outfitters,"The Professional LED Desk Lamp 546 by BlueRiver Outfitters delivers dependable performance with quality materials and thoughtful design. It is well suited for everyday use in the home & kitchen category, offering a strong balance of value and functionality.",Home & Kitchen,"Waterproof, Essential, New Arrival, Ergonomic, Premium",690.55,2.9,6818,1318,2019-11-20,"7,?oW?%ai1DB",Kalen Emsley,https://unsplash.com/@kalenemsley?utm_source=sse554_capstone&utm_medium=referral
https://example.com/images/compact_running_shoes_855.jpg,Compact Running Shoes 855,BrightLeaf Publishing,"The Compact Running Shoes 855 by BrightLeaf Publishing delivers dependable performance with quality materials and thoughtful design. It is well suited for everyday use in the sports & outdoors category, offering a strong balance of value and functionality.",Sports & Outdoors,"Ergonomic, Waterproof, Limited Edition, Premium, Wireless",711.38,3.9,5777,1954,2020-04-05,kj\s2dLiFs<#,Kalen Emsley,https://unsplash.com/@kalenemsley?utm_source=sse554_capstone&utm_medium=referral
https://example.com/images/portable_cookbook_602.jpg,Portable Cookbook 602,SilverLine Electronics,"The Portable Cookbook 602 by SilverLine Electronics delivers dependable performance with quality materials and thoughtful design. It is well suited for everyday use in the home & kitchen category, offering a strong balance of value and functionality.",Home & Kitchen,"Versatile, Giftable, Bestseller, Rechargeable, Portable",401.3,2.7,9680,15,2018-08-18,V^Y$rfcz)*UB,Kalen Emsley,https://unsplash.com/@kalenemsley?utm_source=sse554_capstone&utm_medium=referral
https://example.com/images/advanced_smartphone_stand_855.jpg,Advanced Smartphone Stand 855,NorthPeak,"The Advanced Smartphone Stand 855 by NorthPeak delivers dependable performance with quality materials and thoughtful design. It is well suited for everyday use in the electronics category, offering a strong balance of value and functionality.",Electronics,"Rechargeable, Durable, Premium, Compact, Wireless",81.38,2.8,2853,533,2024-05-17,O.1%V}O>b1t:,Kalen Emsley,https://unsplash.com/@kalenemsley?utm_source=sse554_capstone&utm_medium=referral
https://example.com/images/wireless_external_hard_drive_331.jpg,Wireless External Hard Drive 331,Horizon Tech,"The Wireless External Hard Drive 331 by Horizon Tech delivers dependable performance with quality materials and thoughtful design. It is well suited for everyday use in the home & kitchen category, offering a strong balance of value and functionality.",Home & Kitchen,"Modern, Limited Edition, Giftable, Rechargeable, Portable",654.61,1.5,5555,560,2021-12-24,`-B'*D_s+In1,Kalen Emsley,https://unsplash.com/@kalenemsley?utm_source=sse554_capstone&utm_medium=referral
https://example.com/images/classic_bluetooth_speaker_757.jpg,Classic Bluetooth Speaker 757,NorthPeak,"The Classic Bluetooth Speaker 757 by NorthPeak delivers dependable performance with quality materials and thoughtful design. It is well suited for everyday use in the electronics category, offering a strong balance of value and functionality.",Electronics,"Wireless, Ergonomic, Portable, Versatile, Premium",278.54,1.5,9651,325,2022-09-09,Ck#b<$m`b@6W,Kalen Emsley,https://unsplash.com/@kalenemsley?utm_source=sse554_capstone&utm_medium=referral
https://example.com/images/compact_cookbook_760.jpg,Compact Cookbook 760,BrightLeaf Publishing,"The Compact Cookbook 760 by BrightLeaf Publishing delivers dependable performance with quality materials and thoughtful design. It is well suited for everyday use in the clothing category, offering a strong balance of value and functionality.",Clothing,"Durable, New Arrival, Essential, Rechargeable, Wireless",743.51,2.2,7574,886,2020-03-13,m6A?|!mjJ3s<,Kalen Emsley,https://unsplash.com/@kalenemsley?utm_source=sse554_capstone&utm_medium=referral
https://example.com/images/premium_stainless_steel_water_bottle_859.jpg,Premium Stainless Steel Water Bottle 859,BlueRiver Outfitters,"The Premium Stainless Steel Water Bottle 859 by BlueRiver Outfitters delivers dependable performance with quality materials and thoughtful design. It is well suited for everyday use in the electronics category, offering a strong balance of value and functionality.",Electronics,"Bestseller, Versatile, Rechargeable, Limited Edition, Waterproof",582.1,4.8,9443,1351,2022-02-10,sgT;YD|<`RU^,Kalen Emsley,https://unsplash.com/@kalenemsley?utm_source=sse554_capstone&utm_medium=referral
https://example.com/images/classic_stainless_steel_water_bottle_438.jpg,Classic Stainless Steel Water Bottle 438,Maple Street Press,"The Classic Stainless Steel Water Bottle 438 by Maple Street Press delivers dependable performance with quality materials and thoughtful design. It is well suited for everyday use in the home & kitchen category, offering a strong balance of value and functionality.",Home & Kitchen,"Modern, Versatile, Rechargeable, Ergonomic, Compact",451.79,4.6,5232,610,2018-05-31,Gb/|D?atC!0=,Kalen Emsley,https://unsplash.com/@kalenemsley?utm_source=sse554_capstone&utm_medium=referral
https://example.com/images/professional_bluetooth_speaker_354.jpg,Professional Bluetooth Speaker 354,BlueRiver Outfitters,"The Professional Bluetooth Speaker 354 by BlueRiver Outfitters delivers dependable performance with quality materials and thoughtful design. It is well suited for everyday use in the office supplies category, offering a strong balance of value and functionality.",Office Supplies,"Modern, Ergonomic, Rechargeable, Lightweight, Giftable",44.47,2.0,370,1860,2023-11-10,l8z?y.?dP%$;,Kalen Emsley,https://unsplash.com/@kalenemsley?utm_source=sse554_capstone&utm_medium=referral
https://example.com/images/wireless_graphic_t-shirt_161.jpg,Wireless Graphic T-Shirt 161,SilverLine Electronics,"The Wireless Graphic T-Shirt 161 by SilverLine Electronics delivers dependable performance with quality materials and thoughtful design. It is well suited for everyday use in the electronics category, offering a strong balance of value and functionality.",Electronics,"New Arrival, Bestseller, Modern, Giftable, Lightweight",506.1,2.3,4520,812,2016-05-10,A{U2;ZM&7>2-,Kalen Emsley,https://unsplash.com/@kalenemsley?utm_source=sse554_capstone&utm_medium=referral
https://example.com/images/smart_science_fiction_novel_434.jpg,Smart Science Fiction Novel 434,BrightLeaf Publishing,"The Smart Science Fiction Novel 434 by BrightLeaf Publishing delivers dependable performance with quality materials and thoughtful design. It is well suited for everyday use in the books category, offering a strong balance of value and functionality.",Books,"Modern, Bestseller, Giftable, Durable, Premium",277.57,3.6,8296,1457,2019-12-25,="'0gRAX&!OC,Kalen Emsley,https://unsplash.com/@kalenemsley?utm_source=sse554_capstone&utm_medium=referral
https://example.com/images/premium_bluetooth_speaker_927.jpg,Premium Bluetooth Speaker 927,Summit Gear Co.,"The Premium Bluetooth Speaker 927 by Summit Gear Co. delivers dependable performance with quality materials and thoughtful design. It is well suited for everyday use in the books category, offering a strong balance of value and functionality.",Books,"Premium, Durable, Versatile, Portable, Ergonomic",668.43,2.6,2411,695,2016-02-14,"uah7`;3ga,D+",Kalen Emsley,https://unsplash.com/@kalenemsley?utm_source=sse554_capstone&utm_medium=referral
https://example.com/images/compact_running_shoes_381.jpg,Compact Running Shoes 381,BrightLeaf Publishing,"The Compact Running Shoes 381 by BrightLeaf Publishing delivers dependable performance with quality materials and thoughtful design. It is well suited for everyday use in the office supplies category, offering a strong balance of value and functionality.",Office Supplies,"Bestseller, Waterproof, Essential, Giftable, Modern",335.65,2.6,9139,1007,2016-10-01,1"Py:8A5*rgZ,Kalen Emsley,https://unsplash.com/@kalenemsley?utm_source=sse554_capstone&utm_medium=referral
https://example.com/images/wireless_bluetooth_speaker_392.jpg,Wireless Bluetooth Speaker 392,UrbanNest,"The Wireless Bluetooth Speaker 392 by UrbanNest delivers dependable performance with quality materials and thoughtful design. It is well suited for everyday use in the electronics category, offering a strong balance of value and functionality.",Electronics,"Compact, Giftable, New Arrival, Waterproof, Portable",740.27,2.3,3440,513,2021-03-05,noRJ|r&6)qh*,Kalen Emsley,https://unsplash.com/@kalenemsley?utm_source=sse554_capstone&utm_medium=referral
https://example.com/images/portable_office_chair_974.jpg,Portable Office Chair 974,NorthPeak,"The Portable Office Chair 974 by NorthPeak delivers dependable performance with quality materials and thoughtful design. It is well suited for everyday use in the office supplies category, offering a strong balance of value and functionality.",Office Supplies,"Waterproof, Lightweight, New Arrival, Versatile, Durable",455.24,2.9,1111,1976,2021-12-31,.3XO)jN;v~R*,Kalen Emsley,https://unsplash.com/@kalenemsley?utm_source=sse554_capstone&utm_medium=referral
https://example.com/images/professional_external_hard_drive_586.jpg,Professional External Hard Drive 586,SilverLine Electronics,"The Professional External Hard Drive 586 by SilverLine Electronics delivers dependable performance with quality materials and thoughtful design. It is well suited for everyday use in the books category, offering a strong balance of value and functionality.",Books,"Essential, Ergonomic, Versatile, Limited Edition, Lightweight",206.93,4.2,8298,1259,2017-10-22,So]$(9<Nuyk0,Kalen Emsley,https://unsplash.com/@kalenemsley?utm_source=sse554_capstone&utm_medium=referral
https://example.com/images/wireless_stainless_steel_water_bottle_469.jpg,Wireless Stainless Steel Water Bottle 469,BlueRiver Outfitters,"The Wireless Stainless Steel Water Bottle 469 by BlueRiver Outfitters delivers dependable performance with quality materials and thoughtful design. It is well suited for everyday use in the home & kitchen category, offering a strong balance of value and functionality.",Home & Kitchen,"Bestseller, Ergonomic, Giftable, Modern, Limited Edition",442.41,1.7,4191,228,2020-05-30,r5_r\Znt5POK,Kalen Emsley,https://unsplash.com/@kalenemsley?utm_source=sse554_capstone&utm_medium=referral
https://example.com/images/ultra_stainless_steel_water_bottle_510.jpg,Ultra Stainless Steel Water Bottle 510,BrightLeaf Publishing,"The Ultra Stainless Steel Water Bottle 510 by BrightLeaf Publishing delivers dependable performance with quality materials and thoughtful design. It is well suited for everyday use in the books category, offering a strong balance of value and functionality.",Books,"Rechargeable, Limited Edition, Giftable, New Arrival, Premium",516.36,1.1,2430,1062,2018-12-21,|1OS7nMdi{}C,Kalen Emsley,https://unsplash.com/@kalenemsley?utm_source=sse554_capstone&utm_medium=referral
https://example.com/images/professional_4k_monitor_552.jpg,Professional 4K Monitor 552,BrightLeaf Publishing,"The Professional 4K Monitor 552 by BrightLeaf Publishing delivers dependable performance with quality materials and thoughtful design. It is well suited for everyday use in the books category, offering a strong balance of value and functionality.",Books,"New Arrival, Versatile, Giftable, Waterproof, Essential",175.05,2.0,7990,131,2023-03-20,">i,%K@%f)};)",Kalen Emsley,https://unsplash.com/@kalenemsley?utm_source=sse554_capstone&utm_medium=referral
https://example.com/images/professional_graphic_t-shirt_568.jpg,Professional Graphic T-Shirt 568,BrightLeaf Publishing,"The Professional Graphic T-Shirt 568 by BrightLeaf Publishing delivers dependable performance with quality materials and thoughtful design. It is well suited for everyday use in the office supplies category, offering a strong balance of value and functionality.",Office Supplies,"Bestseller, Compact, Limited Edition, Lightweight, New Arrival",319.4,4.9,8304,1083,2018-02-25,rAF`TFHI+Gc7,Kalen Emsley,https://unsplash.com/@kalenemsley?utm_source=sse554_capstone&utm_medium=referral
https://example.com/images/advanced_fitness_tracker_232.jpg,Advanced Fitness Tracker 232,BlueRiver Outfitters,"The Advanced Fitness Tracker 232 by BlueRiver Outfitters delivers dependable performance with quality materials and thoughtful design. It is well suited for everyday use in the sports & outdoors category, offering a strong balance of value and functionality.",Sports & Outdoors,"New Arrival, Modern, Lightweight, Essential, Premium",431.17,3.8,9989,350,2025-01-30,thHUeS/_7YQH,Kalen Emsley,https://unsplash.com/@kalenemsley?utm_source=sse554_capstone&utm_medium=referral
https://example.com/images/eco_stainless_steel_water_bottle_161.jpg,Eco Stainless Steel Water Bottle 161,Summit Gear Co.,"The Eco Stainless Steel Water Bottle 161 by Summit Gear Co. delivers dependable performance with quality materials and thoughtful design. It is well suited for everyday use in the sports & outdoors category, offering a strong balance of value and functionality.",Sports & Outdoors,"Ergonomic, Bestseller, Versatile, Lightweight, Modern",772.77,1.5,2423,382,2020-08-28,6Y6hhCXQ/5W+,Kalen Emsley,https://unsplash.com/@kalenemsley?utm_source=sse554_capstone&utm_medium=referral
https://example.com/images/classic_noise_cancelling_headphones_941.jpg,Classic Noise Cancelling Headphones 941,NorthPeak,"The Classic Noise Cancelling Headphones 941 by NorthPeak delivers dependable performance with quality materials and thoughtful design. It is well suited for everyday use in the clothing category, offering a strong balance of value and functionality.",Clothing,"Modern, Wireless, Essential, Versatile, Waterproof",445.97,1.7,4176,1347,2018-02-21,;/+_YRBANuxN,Kalen Emsley,https://unsplash.com/@kalenemsley?utm_source=sse554_capstone&utm_medium=referral
https://example.com/images/wireless_cookware_set_943.jpg,Wireless Cookware Set 943,SilverLine Electronics,"The Wireless Cookware Set 943 by SilverLine Electronics delivers dependable performance with quality materials and thoughtful design. It is well suited for everyday use in the home & kitchen category, offering a strong balance of value and functionality.",Home & Kitchen,"Rechargeable, Lightweight, Waterproof, Modern, Portable",605.98,2.8,9660,1168,2020-07-24,'3h[>FcF_9'g,Kalen Emsley,https://unsplash.com/@kalenemsley?utm_source=sse554_capstone&utm_medium=referral
https://example.com/images/professional_cookbook_132.jpg,Professional Cookbook 132,UrbanNest,"The Professional Cookbook 132 by UrbanNest delivers dependable performance with quality materials and thoughtful design. It is well suited for everyday use in the office supplies category, offering a strong balance of value and functionality.",Office Supplies,"Limited Edition, Versatile, Durable, Essential, Portable",421.69,2.1,5410,1703,2020-03-24,8%J/}/HQQ<QV,Kalen Emsley,https://unsplash.com/@kalenemsley?utm_source=sse554_capstone&utm_medium=referral
https://example.com/images/eco_external_hard_drive_199.jpg,Eco External Hard Drive 199,SilverLine Electronics,"The Eco External Hard Drive 199 by SilverLine Electronics delivers dependable performance with quality materials and thoughtful design. It is well suited for everyday use in the office supplies category, offering a strong balance of value and functionality.",Office Supplies,"Wireless, Premium, Essential, Waterproof, Durable",271.88,4.8,1320,1392,2020-06-28,XW>OO-aPg$aA,Kalen Emsley,https://unsplash.com/@kalenemsley?utm_source=sse554_capstone&utm_medium=referral
https://example.com/images/portable_running_shoes_546.jpg,Portable Running Shoes 546,Horizon Tech,"The Portable Running Shoes 546 by Horizon Tech delivers dependable performance with quality materials and thoughtful design. It is well suited for everyday use in the clothing category, offering a strong balance of value and functionality.",Clothing,"Wireless, Portable, Ergonomic, Durable, Compact",705.87,1.4,3714,245,2025-01-27,r6NcpTxn};k1,Kalen Emsley,https://unsplash.com/@kalenemsley?utm_source=sse554_capstone&utm_medium=referral
https://example.com/images/advanced_cookbook_455.jpg,Advanced Cookbook 455,UrbanNest,"The Advanced Cookbook 455 by UrbanNest delivers dependable performance with quality materials and thoughtful design. It is well suited for everyday use in the electronics category, offering a strong balance of value and functionality.",Electronics,"Limited Edition, Portable, Waterproof, Giftable, Compact",131.64,2.2,8258,436,2022-10-08,.c')~BF$b2?G,Kalen Emsley,https://unsplash.com/@kalenemsley?utm_source=sse554_capstone&utm_medium=referral
https://example.com/images/wireless_gaming_mouse_967.jpg,Wireless Gaming Mouse 967,BrightLeaf Publishing,"The Wireless Gaming Mouse 967 by BrightLeaf Publishing delivers dependable performance with quality materials and thoughtful design. It is well suited for everyday use in the home & kitchen category, offering a strong balance of value and functionality.",Home & Kitchen,"Premium, Modern, Bestseller, Wireless, Lightweight",396.53,1.3,8861,805,2020-04-25,h\swc;qtZ4Vv,Kalen Emsley,https://unsplash.com/@kalenemsley?utm_source=sse554_capstone&utm_medium=referral
https://example.com/images/portable_science_fiction_novel_124.jpg,Portable Science Fiction Novel 124,UrbanNest,"The Portable Science Fiction Novel 124 by UrbanNest delivers dependable performance with quality materials and thoughtful design. It is well suited for everyday use in the home & kitchen category, offering a strong balance of value and functionality.",Home & Kitchen,"Essential, Bestseller, Modern, Versatile, Compact",645.93,1.1,4309,337,2024-05-01,Sa+_^<g7+Q|#,Kalen Emsley,https://unsplash.com/@kalenemsley?utm_source=sse554_capstone&utm_medium=referral
https://example.com/images/smart_action_camera_325.jpg,Smart Action Camera 325,SilverLine Electronics,"The Smart Action Camera 325 by SilverLine Electronics delivers dependable performance with quality materials and thoughtful design. It is well suited for everyday use in the home & kitchen category, offering a strong balance of value and functionality.",Home & Kitchen,"Premium, New Arrival, Essential, Durable, Wireless",55.93,1.7,548,703,2016-12-15,lErM7aZFDf((,Kalen Emsley,https://unsplash.com/@kalenemsley?utm_source=sse554_capstone&utm_medium=referral
https://example.com/images/premium_mechanical_keyboard_615.jpg,Premium Mechanical Keyboard 615,Maple Street Press,"The Premium Mechanical Keyboard 615 by Maple Street Press delivers dependable performance with quality materials and thoughtful design. It is well suited for everyday use in the electronics category, offering a strong balance of value and functionality.",Electronics,"Versatile, Giftable, Essential, Bestseller, Rechargeable",296.68,5.0,4176,42,2017-08-18,Y?$mJ-_o<b|#,Kalen Emsley,https://unsplash.com/@kalenemsley?utm_source=sse554_capstone&utm_medium=referral
https://example.com/images/smart_stainless_steel_water_bottle_463.jpg,Smart Stainless Steel Water Bottle 463,SilverLine Electronics,"The Smart Stainless Steel Water Bottle 463 by SilverLine Electronics delivers dependable performance with quality materials and thoughtful design. It is well suited for everyday use in the electronics category, offering a strong balance of value and functionality.",Electronics,"Lightweight, Limited Edition, Wireless, Ergonomic, Waterproof",497.06,1.7,6451,1238,2016-01-30,9UjwL2>X#.rp,Kalen Emsley,https://unsplash.com/@kalenemsley?utm_source=sse554_capstone&utm_medium=referral
https://example.com/images/premium_yoga_mat_901.jpg,Premium Yoga Mat 901,Maple Street Press,"The Premium Yoga Mat 901 by Maple Street Press delivers dependable performance with quality materials and thoughtful design. It is well suited for everyday use in the office supplies category, offering a strong balance of value and functionality.",Office Supplies,"Limited Edition, Giftable, Portable, Essential, Versatile",663.38,1.7,4628,564,2021-11-11,7r{8Izyp'~fp,Kalen Emsley,https://unsplash.com/@kalenemsley?utm_source=sse554_capstone&utm_medium=referral
https://example.com/images/ultra_action_camera_392.jpg,Ultra Action Camera 392,Maple Street Press,"The Ultra Action Camera 392 by Maple Street Press delivers dependable performance with quality materials and thoughtful design. It is well suited for everyday use in the clothing category, offering a strong balance of value and functionality.",Clothing,"New Arrival, Premium, Bestseller, Limited Edition, Essential",97.22,4.4,8542,1136,2023-04-21,{ou>>PJ*%}mf,Kalen Emsley,https://unsplash.com/@kalenemsley?utm_source=sse554_capstone&utm_medium=referral
https://example.com/images/portable_yoga_mat_951.jpg,Portable Yoga Mat 951,NorthPeak,"The Portable Yoga Mat 951 by NorthPeak delivers dependable performance with quality materials and thoughtful design. It is well suited for everyday use in the books category, offering a strong balance of value and functionality.",Books,"Giftable, Durable, Rechargeable, Ergonomic, Bestseller",346.54,1.3,8361,1393,2025-04-29,vZFF=fFRF)Rv,Kalen Emsley,https://unsplash.com/@kalenemsley?utm_source=sse554_capstone&utm_medium=referral
https://example.com/images/classic_action_camera_338.jpg,Classic Action Camera 338,BlueRiver Outfitters,"The Classic Action Camera 338 by BlueRiver Outfitters delivers dependable performance with quality materials and thoughtful design. It is well suited for everyday use in the clothing category, offering a strong balance of value and functionality.",Clothing,"Lightweight, Bestseller, Essential, Limited Edition, Waterproof",587.27,4.7,38,938,2019-06-21,6J1AC!b^]~F*,Kalen Emsley,https://unsplash.com/@kalenemsley?utm_source=sse554_capstone&utm_medium=referral
https://example.com/images/wireless_backpack_628.jpg,Wireless Backpack 628,NorthPeak,"The Wireless Backpack 628 by NorthPeak delivers dependable performance with quality materials and thoughtful design. It is well suited for everyday use in the home & kitchen category, offering a strong balance of value and functionality.",Home & Kitchen,"Wireless, Versatile, Limited Edition, Ergonomic, Bestseller",529.37,2.6,3623,1921,2024-02-02,DzAa^(RT#US5,Kalen Emsley,https://unsplash.com/@kalenemsley?utm_source=sse554_capstone&utm_medium=referral
https://example.com/images/compact_gaming_mouse_584.jpg,Compact Gaming Mouse 584,BlueRiver Outfitters,"The Compact Gaming Mouse 584 by BlueRiver Outfitters delivers dependable performance with quality materials and thoughtful design. It is well suited for everyday use in the clothing category, offering a strong balance of value and functionality.",Clothing,"Limited Edition, Versatile, Ergonomic, Rechargeable, Bestseller",713.77,1.4,2933,838,2018-10-24,N$:!8:9GM9Fw,Kalen Emsley,https://unsplash.com/@kalenemsley?utm_source=sse554_capstone&utm_medium=referral
https://example.com/images/professional_cookware_set_990.jpg,Professional Cookware Set 990,Horizon Tech,"The Professional Cookware Set 990 by Horizon Tech delivers dependable performance with quality materials and thoughtful design. It is well suited for everyday use in the electronics category, offering a strong balance of value and functionality.",Electronics,"Compact, Versatile, Giftable, Bestseller, Premium",327.18,2.8,3819,131,2019-06-20,BMT_Ce;8O?@R,Kalen Emsley,https://unsplash.com/@kalenemsley?utm_source=sse554_capstone&utm_medium=referral
https://example.com/images/ultra_cookware_set_531.jpg,Ultra Cookware Set 531,NorthPeak,"The Ultra Cookware Set 531 by NorthPeak delivers dependable performance with quality materials and thoughtful design. It is well suited for everyday use in the books category, offering a strong balance of value and functionality.",Books,"New Arrival, Essential, Ergonomic, Portable, Lightweight",487.97,4.8,4251,792,2018-02-23,0lC1=^gVN/->,Kalen Emsley,https://unsplash.com/@kalenemsley?utm_source=sse554_capstone&utm_medium=referral
https://example.com/images/professional_bluetooth_speaker_708.jpg,Professional Bluetooth Speaker 708,Summit Gear Co.,"The Professional Bluetooth Speaker 708 by Summit Gear Co. delivers dependable performance with quality materials and thoughtful design. It is well suited for everyday use in the office supplies category, offering a strong balance of value and functionality.",Office Supplies,"Wireless, Ergonomic, Waterproof, Lightweight, Rechargeable",790.33,1.7,8739,1005,2025-09-16,9hy!:"1wr\"=,Kalen Emsley,https://unsplash.com/@kalenemsley?utm_source=sse554_capstone&utm_medium=referral
https://example.com/images/classic_smartphone_stand_803.jpg,Classic Smartphone Stand 803,SilverLine Electronics,"The Classic Smartphone Stand 803 by SilverLine Electronics delivers dependable performance with quality materials and thoughtful design. It is well suited for everyday use in the clothing category, offering a strong balance of value and functionality.",Clothing,"Wireless, Waterproof, New Arrival, Portable, Giftable",656.89,4.0,5245,709,2020-10-23,F<-W^wR#qxh],Kalen Emsley,https://unsplash.com/@kalenemsley?utm_source=sse554_capstone&utm_medium=referral
https://example.com/images/wireless_running_shoes_284.jpg,Wireless Running Shoes 284,BlueRiver Outfitters,"The Wireless Running Shoes 284 by BlueRiver Outfitters delivers dependable performance with quality materials and thoughtful design. It is well suited for everyday use in the clothing category, offering a strong balance of value and functionality.",Clothing,"Durable, Lightweight, Portable, Giftable, Bestseller",610.78,4.2,5250,765,2016-01-28,*s?O:%}Li/MK,Kalen Emsley,https://unsplash.com/@kalenemsley?utm_source=sse554_capstone&utm_medium=referral
https://example.com/images/portable_electric_kettle_746.jpg,Portable Electric Kettle 746,Summit Gear Co.,"The Portable Electric Kettle 746 by Summit Gear Co. delivers dependable performance with quality materials and thoughtful design. It is well suited for everyday use in the home & kitchen category, offering a strong balance of value and functionality.",Home & Kitchen,"Modern, Bestseller, Portable, Waterproof, Compact",451.07,2.0,5807,1767,2018-07-03,Ywb7$B0u6yM0,Kalen Emsley,https://unsplash.com/@kalenemsley?utm_source=sse554_capstone&utm_medium=referral
https://example.com/images/smart_running_shoes_182.jpg,Smart Running Shoes 182,NorthPeak,"The Smart Running Shoes 182 by NorthPeak delivers dependable performance with quality materials and thoughtful design. It is well suited for everyday use in the electronics category, offering a strong balance of value and functionality.",Electronics,"Limited Edition, New Arrival, Premium, Portable, Rechargeable",611.09,4.3,1896,1012,2018-08-03,u$)r.x;\Sd0{,Kalen Emsley,https://unsplash.com/@kalenemsley?utm_source=sse554_capstone&utm_medium=referral
https://example.com/images/professional_cookbook_145.jpg,Professional Cookbook 145,UrbanNest,"The Professional Cookbook 145 by UrbanNest delivers dependable performance with quality materials and thoughtful design. It is well suited for everyday use in the sports & outdoors category, offering a strong balance of value and functionality.",Sports & Outdoors,"Lightweight, Giftable, Waterproof, Rechargeable, Premium",362.17,2.9,7359,853,2019-09-10,VY%ObOUX+0<@,Kalen Emsley,https://unsplash.com/@kalenemsley?utm_source=sse554_capstone&utm_medium=referral
https://example.com/images/smart_office_chair_776.jpg,Smart Office Chair 776,BrightLeaf Publishing,"The Smart Office Chair 776 by BrightLeaf Publishing delivers dependable performance with quality materials and thoughtful design. It is well suited for everyday use in the electronics category, offering a strong balance of value and functionality.",Electronics,"Rechargeable, Limited Edition, Essential, New Arrival, Durable",130.21,3.1,9769,103,2016-05-13,u`|[IZ`1W^*\,Kalen Emsley,https://unsplash.com/@kalenemsley?utm_source=sse554_capstone&utm_medium=referral
https://example.com/images/classic_cookbook_348.jpg,Classic Cookbook 348,Summit Gear Co.,"The Classic Cookbook 348 by Summit Gear Co. delivers dependable performance with quality materials and thoughtful design. It is well suited for everyday use in the books category, offering a strong balance of value and functionality.",Books,"Compact, Portable, Premium, Giftable, Versatile",463.45,1.9,9143,698,2018-10-31,bpq'+=>kkfx*,Kalen Emsley,https://unsplash.com/@kalenemsley?utm_source=sse554_capstone&utm_medium=referral
https://example.com/images/wireless_smartphone_stand_145.jpg,Wireless Smartphone Stand 145,NorthPeak,"The Wireless Smartphone Stand 145 by NorthPeak delivers dependable performance with quality materials and thoughtful design. It is well suited for everyday use in the office supplies category, offering a strong balance of value and functionality.",Office Supplies,"Bestseller, Durable, Wireless, Versatile, Limited Edition",54.18,1.9,245,1672,2024-09-27,"}AEaRq,uKQ2\",Kalen Emsley,https://unsplash.com/@kalenemsley?utm_source=sse554_capstone&utm_medium=referral
https://example.com/images/compact_cookbook_222.jpg,Compact Cookbook 222,Maple Street Press,"The Compact Cookbook 222 by Maple Street Press delivers dependable performance with quality materials and thoughtful design. It is well suited for everyday use in the home & kitchen category, offering a strong balance of value and functionality.",Home & Kitchen,"Wireless, Compact, New Arrival, Essential, Modern",643.98,4.6,3786,1102,2017-02-23,`17E:@#%F4}B,Kalen Emsley,https://unsplash.com/@kalenemsley?utm_source=sse554_capstone&utm_medium=referral
https://example.com/images/classic_running_shoes_211.jpg,Classic Running Shoes 211,BrightLeaf Publishing,"The Classic Running Shoes 211 by BrightLeaf Publishing delivers dependable performance with quality materials and thoughtful design. It is well suited for everyday use in the books category, offering a strong balance of value and functionality.",Books,"Premium, Bestseller, Rechargeable, Portable, Compact",184.51,2.0,7336,623,2022-06-10,"A'y:m60.#}a,",Kalen Emsley,https://unsplash.com/@kalenemsley?utm_source=sse554_capstone&utm_medium=referral
https://example.com/images/compact_led_desk_lamp_467.jpg,Compact LED Desk Lamp 467,BlueRiver Outfitters,"The Compact LED Desk Lamp 467 by BlueRiver Outfitters delivers dependable performance with quality materials and thoughtful design. It is well suited for everyday use in the sports & outdoors category, offering a strong balance of value and functionality.",Sports & Outdoors,"Rechargeable, Versatile, Giftable, Lightweight, Portable",757.63,4.7,4680,1456,2021-10-23,.uRf&|5QczEq,Kalen Emsley,https://unsplash.com/@kalenemsley?utm_source=sse554_capstone&utm_medium=referral
https://example.com/images/advanced_cookware_set_366.jpg,Advanced Cookware Set 366,UrbanNest,"The Advanced Cookware Set 366 by UrbanNest delivers dependable performance with quality materials and thoughtful design. It is well suited for everyday use in the home & kitchen category, offering a strong balance of value and functionality.",Home & Kitchen,"Portable, Compact, Bestseller, Ergonomic, Modern",343.41,1.9,3909,104,2019-08-14,=?V-~:49(4w],Kalen Emsley,https://unsplash.com/@kalenemsley?utm_source=sse554_capstone&utm_medium=referral
https://example.com/images/compact_led_desk_lamp_646.jpg,Compact LED Desk Lamp 646,Summit Gear Co.,"The Compact LED Desk Lamp 646 by Summit Gear Co. delivers dependable performance with quality materials and thoughtful design. It is well suited for everyday use in the clothing category, offering a strong balance of value and functionality.",Clothing,"Bestseller, New Arrival, Wireless, Essential, Lightweight",43.71,3.7,157,840,2017-01-18,jo55<*8~f+BH,Kalen Emsley,https://unsplash.com/@kalenemsley?utm_source=sse554_capstone&utm_medium=referral
https://example.com/images/wireless_backpack_792.jpg,Wireless Backpack 792,Horizon Tech,"The Wireless Backpack 792 by Horizon Tech delivers dependable performance with quality materials and thoughtful design. It is well suited for everyday use in the clothing category, offering a strong balance of value and functionality.",Clothing,"Rechargeable, New Arrival, Versatile, Premium, Portable",538.86,4.4,8008,632,2017-10-28,$n2~Bh~1zWl],Kalen Emsley,https://unsplash.com/@kalenemsley?utm_source=sse554_capstone&utm_medium=referral
https://example.com/images/smart_fitness_tracker_895.jpg,Smart Fitness Tracker 895,Maple Street Press,"The Smart Fitness Tracker 895 by Maple Street Press delivers dependable performance with quality materials and thoughtful design. It is well suited for everyday use in the sports & outdoors category, offering a strong balance of value and functionality.",Sports & Outdoors,"Portable, Limited Edition, Rechargeable, New Arrival, Compact",539.93,3.4,9742,813,2022-08-18,jD8ptG=u|+UT,Kalen Emsley,https://unsplash.com/@kalenemsley?utm_source=sse554_capstone&utm_medium=referral
https://example.com/images/eco_graphic_t-shirt_811.jpg,Eco Graphic T-Shirt 811,BlueRiver Outfitters,"The Eco Graphic T-Shirt 811 by BlueRiver Outfitters delivers dependable performance with quality materials and thoughtful design. It is well suited for everyday use in the office supplies category, offering a strong balance of value and functionality.",Office Supplies,"Portable, Essential, Durable, Premium, Bestseller",354.85,3.9,2834,654,2018-12-19,NVu!s<({<DVm,Kalen Emsley,https://unsplash.com/@kalenemsley?utm_source=sse554_capstone&utm_medium=referral
https://example.com/images/compact_running_shoes_243.jpg,Compact Running Shoes 243,Summit Gear Co.,"The Compact Running Shoes 243 by Summit Gear Co. delivers dependable performance with quality materials and thoughtful design. It is well suited for everyday use in the sports & outdoors category, offering a strong balance of value and functionality.",Sports & Outdoors,"Giftable, Versatile, Rechargeable, Limited Edition, Wireless",726.44,1.3,3622,545,2018-08-05,hM)xyGq`)6+F,Kalen Emsley,https://unsplash.com/@kalenemsley?utm_source=sse554_capstone&utm_medium=referral
https://example.com/images/advanced_office_chair_778.jpg,Advanced Office Chair 778,SilverLine Electronics,"The Advanced Office Chair 778 by SilverLine Electronics delivers dependable performance with quality materials and thoughtful design. It is well suited for everyday use in the sports & outdoors category, offering a strong balance of value and functionality.",Sports & Outdoors,"Lightweight, Ergonomic, Portable, Durable, Versatile",10.14,3.9,247,1031,2024-07-09,[0z;aDCx`kz~,Kalen Emsley,https://unsplash.com/@kalenemsley?utm_source=sse554_capstone&utm_medium=referral
https://example.com/images/smart_4k_monitor_990.jpg,Smart 4K Monitor 990,BlueRiver Outfitters,"The Smart 4K Monitor 990 by BlueRiver Outfitters delivers dependable performance with quality materials and thoughtful design. It is well suited for everyday use in the sports & outdoors category, offering a strong balance of value and functionality.",Sports & Outdoors,"Durable, Bestseller, Limited Edition, Versatile, Giftable",575.99,2.6,6761,1625,2019-01-08,~%9|`Y+RHdFa,Kalen Emsley,https://unsplash.com/@kalenemsley?utm_source=sse554_capstone&utm_medium=referral
https://example.com/images/eco_led_desk_lamp_504.jpg,Eco LED Desk Lamp 504,BlueRiver Outfitters,"The Eco LED Desk Lamp 504 by BlueRiver Outfitters delivers dependable performance with quality materials and thoughtful design. It is well suited for everyday use in the electronics category, offering a strong balance of value and functionality.",Electronics,"Durable, Versatile, Compact, Waterproof, Rechargeable",379.72,1.2,3262,1426,2019-09-06,",Ia?W94MR2b]",Kalen Emsley,https://unsplash.com/@kalenemsley?utm_source=sse554_capstone&utm_medium=referral
https://example.com/images/eco_cookware_set_286.jpg,Eco Cookware Set 286,NorthPeak,"The Eco Cookware Set 286 by NorthPeak delivers dependable performance with quality materials and thoughtful design. It is well suited for everyday use in the home & kitchen category, offering a strong balance of value and functionality.",Home & Kitchen,"Wireless, Giftable, Durable, Essential, Modern",679.37,4.5,7708,415,2023-08-04,>G:*Wj<2IvRT,Kalen Emsley,https://unsplash.com/@kalenemsley?utm_source=sse554_capstone&utm_medium=referral
https://example.com/images/eco_noise_cancelling_headphones_675.jpg,Eco Noise Cancelling Headphones 675,BrightLeaf Publishing,"The Eco Noise Cancelling Headphones 675 by BrightLeaf Publishing delivers dependable performance with quality materials and thoughtful design. It is well suited for everyday use in the books category, offering a strong balance of value and functionality.",Books,"Versatile, Limited Edition, Ergonomic, Giftable, Durable",106.94,4.7,3559,1637,2019-06-19,g]ka&0=%aV/O,Kalen Emsley,https://unsplash.com/@kalenemsley?utm_source=sse554_capstone&utm_medium=referral
https://example.com/images/wireless_backpack_773.jpg,Wireless Backpack 773,Summit Gear Co.,"The Wireless Backpack 773 by Summit Gear Co. delivers dependable performance with quality materials and thoughtful design. It is well suited for everyday use in the electronics category, offering a strong balance of value and functionality.",Electronics,"Versatile, Portable, Wireless, Limited Edition, Modern",573.74,4.2,8621,1046,2021-11-15,yl(~3AFZnwOI,Kalen Emsley,https://unsplash.com/@kalenemsley?utm_source=sse554_capstone&utm_medium=referral
https://example.com/images/smart_fitness_tracker_939.jpg,Smart Fitness Tracker 939,BrightLeaf Publishing,"The Smart Fitness Tracker 939 by BrightLeaf Publishing delivers dependable performance with quality materials and thoughtful design. It is well suited for everyday use in the clothing category, offering a strong balance of value and functionality.",Clothing,"Essential, Ergonomic, Modern, New Arrival, Limited Edition",127.42,2.6,1263,1902,2017-05-26,D0qi[78Kis.0,Kalen Emsley,https://unsplash.com/@kalenemsley?utm_source=sse554_capstone&utm_medium=referral
https://example.com/images/premium_graphic_t-shirt_485.jpg,Premium Graphic T-Shirt 485,NorthPeak,"The Premium Graphic T-Shirt 485 by NorthPeak delivers dependable performance with quality materials and thoughtful design. It is well suited for everyday use in the books category, offering a strong balance of value and functionality.",Books,"New Arrival, Rechargeable, Ergonomic, Versatile, Bestseller",534.33,4.1,3839,975,2025-05-17,l/4\o+0-1:Ie,Kalen Emsley,https://unsplash.com/@kalenemsley?utm_source=sse554_capstone&utm_medium=referral
https://example.com/images/portable_led_desk_lamp_238.jpg,Portable LED Desk Lamp 238,Maple Street Press,"The Portable LED Desk Lamp 238 by Maple Street Press delivers dependable performance with quality materials and thoughtful design. It is well suited for everyday use in the clothing category, offering a strong balance of value and functionality.",Clothing,"Portable, Rechargeable, Versatile, Waterproof, Modern",58.24,4.7,4107,1218,2022-09-07,{_hq!Lhl6E@L,Kalen Emsley,https://unsplash.com/@kalenemsley?utm_source=sse554_capstone&utm_medium=referral
https://example.com/images/portable_graphic_t-shirt_710.jpg,Portable Graphic T-Shirt 710,Summit Gear Co.,"The Portable Graphic T-Shirt 710 by Summit Gear Co. delivers dependable performance with quality materials and thoughtful design. It is well suited for everyday use in the electronics category, offering a strong balance of value and functionality.",Electronics,"Durable, Premium, Bestseller, New Arrival, Ergonomic",629.11,4.2,8934,1724,2021-02-27,P!6u-*UNE})r,Kalen Emsley,https://unsplash.com/@kalenemsley?utm_source=sse554_capstone&utm_medium=referral
https://example.com/images/professional_gaming_mouse_786.jpg,Professional Gaming Mouse 786,Summit Gear Co.,"The Professional Gaming Mouse 786 by Summit Gear Co. delivers dependable performance with quality materials and thoughtful design. It is well suited for everyday use in the clothing category, offering a strong balance of value and functionality.",Clothing,"Lightweight, Rechargeable, Versatile, Limited Edition, Ergonomic",780.61,2.7,5847,1823,2025-06-17,SNZ)uD_5/d&q,Kalen Emsley,https://unsplash.com/@kalenemsley?utm_source=sse554_capstone&utm_medium=referral
https://example.com/images/wireless_gaming_mouse_262.jpg,Wireless Gaming Mouse 262,Maple Street Press,"The Wireless Gaming Mouse 262 by Maple Street Press delivers dependable performance with quality materials and thoughtful design. It is well suited for everyday use in the books category, offering a strong balance of value and functionality.",Books,"Bestseller, Portable, Versatile, Compact, Rechargeable",550.75,1.3,7949,689,2020-08-04,'qhM=dkw4$8[,Kalen Emsley,https://unsplash.com/@kalenemsley?utm_source=sse554_capstone&utm_medium=referral
https://example.com/images/smart_running_shoes_329.jpg,Smart Running Shoes 329,Summit Gear Co.,"The Smart Running Shoes 329 by Summit Gear Co. delivers dependable performance with quality materials and thoughtful design. It is well suited for everyday use in the books category, offering a strong balance of value and functionality.",Books,"Lightweight, Compact, Versatile, Bestseller, Giftable",522.03,1.9,6125,1680,2024-04-04,#{9t`hu9$5RM,Kalen Emsley,https://unsplash.com/@kalenemsley?utm_source=sse554_capstone&utm_medium=referral
https://example.com/images/professional_smartphone_stand_510.jpg,Professional Smartphone Stand 510,SilverLine Electronics,"The Professional Smartphone Stand 510 by SilverLine Electronics delivers dependable performance with quality materials and thoughtful design. It is well suited for everyday use in the books category, offering a strong balance of value and functionality.",Books,"Ergonomic, Rechargeable, Limited Edition, Durable, Waterproof",490.76,2.1,4780,69,2021-05-13,]Ja9S/h[Wzud,Kalen Emsley,https://unsplash.com/@kalenemsley?utm_source=sse554_capstone&utm_medium=referral
https://example.com/images/portable_bluetooth_speaker_584.jpg,Portable Bluetooth Speaker 584,BrightLeaf Publishing,"The Portable Bluetooth Speaker 584 by BrightLeaf Publishing delivers dependable performance with quality materials and thoughtful design. It is well suited for everyday use in the clothing category, offering a strong balance of value and functionality.",Clothing,"Waterproof, Portable, Essential, Limited Edition, New Arrival",114.65,2.6,4346,1353,2023-10-07,DV!VJk]Wk)op,Kalen Emsley,https://unsplash.com/@kalenemsley?utm_source=sse554_capstone&utm_medium=referral
https://example.com/images/eco_cookware_set_969.jpg,Eco Cookware Set 969,BrightLeaf Publishing,"The Eco Cookware Set 969 by BrightLeaf Publishing delivers dependable performance with quality materials and thoughtful design. It is well suited for everyday use in the home & kitchen category, offering a strong balance of value and functionality.",Home & Kitchen,"Compact, Lightweight, New Arrival, Limited Edition, Premium",637.65,1.5,505,28,2023-09-06,2M^jLZG!z!"),Kalen Emsley,https://unsplash.com/@kalenemsley?utm_source=sse554_capstone&utm_medium=referral
https://example.com/images/classic_office_chair_724.jpg,Classic Office Chair 724,Summit Gear Co.,"The Classic Office Chair 724 by Summit Gear Co. delivers dependable performance with quality materials and thoughtful design. It is well suited for everyday use in the books category, offering a strong balance of value and functionality.",Books,"Lightweight, Portable, Giftable, Rechargeable, Modern",565.19,1.6,6118,687,2017-04-11,tO\#n:YN[66C,Kalen Emsley,https://unsplash.com/@kalenemsley?utm_source=sse554_capstone&utm_medium=referral
https://example.com/images/advanced_gaming_mouse_281.jpg,Advanced Gaming Mouse 281,UrbanNest,"The Advanced Gaming Mouse 281 by UrbanNest delivers dependable performance with quality materials and thoughtful design. It is well suited for everyday use in the sports & outdoors category, offering a strong balance of value and functionality.",Sports & Outdoors,"Bestseller, Portable, Ergonomic, Premium, Durable",90.02,2.5,6028,1278,2020-09-21,*'SY]0Nd1K.b,Kalen Emsley,https://unsplash.com/@kalenemsley?utm_source=sse554_capstone&utm_medium=referral
https://example.com/images/advanced_fitness_tracker_741.jpg,Advanced Fitness Tracker 741,Summit Gear Co.,"The Advanced Fitness Tracker 741 by Summit Gear Co. delivers dependable performance with quality materials and thoughtful design. It is well suited for everyday use in the electronics category, offering a strong balance of value and functionality.",Electronics,"Compact, Ergonomic, Versatile, Bestseller, Essential",583.54,4.3,6829,1241,2025-09-23,"}2!ip5kd.z,X",Kalen Emsley,https://unsplash.com/@kalenemsley?utm_source=sse554_capstone&utm_medium=referral
https://example.com/images/portable_noise_cancelling_headphones_311.jpg,Portable Noise Cancelling Headphones 311,BlueRiver Outfitters,"The Portable Noise Cancelling Headphones 311 by BlueRiver Outfitters delivers dependable performance with quality materials and thoughtful design. It is well suited for everyday use in the books category, offering a strong balance of value and functionality.",Books,"Modern, Premium, Lightweight, Ergonomic, Compact",760.73,4.7,7017,1152,2020-03-12,V!vmY\Eu<`C2,Kalen Emsley,https://unsplash.com/@kalenemsley?utm_source=sse554_capstone&utm_medium=referral
https://example.com/images/eco_smartphone_stand_390.jpg,Eco Smartphone Stand 390,Maple Street Press,"The Eco Smartphone Stand 390 by Maple Street Press delivers dependable performance with quality materials and thoughtful design. It is well suited for everyday use in the home & kitchen category, offering a strong balance of value and functionality.",Home & Kitchen,"Ergonomic, Limited Edition, Rechargeable, Premium, Durable",379.5,4.4,555,1238,2019-05-08,HGJ(K<+j2`@1,Kalen Emsley,https://unsplash.com/@kalenemsley?utm_source=sse554_capstone&utm_medium=referral
https://example.com/images/classic_gaming_mouse_730.jpg,Classic Gaming Mouse 730,Maple Street Press,"The Classic Gaming Mouse 730 by Maple Street Press delivers dependable performance with quality materials and thoughtful design. It is well suited for everyday use in the clothing category, offering a strong balance of value and functionality.",Clothing,"Lightweight, Limited Edition, Modern, Wireless, Bestseller",186.17,2.8,1767,606,2025-06-26,LfG"PiyBSq\G,Kalen Emsley,https://unsplash.com/@kalenemsley?utm_source=sse554_capstone&utm_medium=referral
https://example.com/images/smart_gaming_mouse_391.jpg,Smart Gaming Mouse 391,BlueRiver Outfitters,"The Smart Gaming Mouse 391 by BlueRiver Outfitters delivers dependable performance with quality materials and thoughtful design. It is well suited for everyday use in the electronics category, offering a strong balance of value and functionality.",Electronics,"Versatile, Wireless, Lightweight, Modern, Essential",660.29,3.3,1774,191,2023-09-13,"@,W8K`N65t'e",Kalen Emsley,https://unsplash.com/@kalenemsley?utm_source=sse554_capstone&utm_medium=referral
https://example.com/images/classic_stainless_steel_water_bottle_411.jpg,Classic Stainless Steel Water Bottle 411,Summit Gear Co.,"The Classic Stainless Steel Water Bottle 411 by Summit Gear Co. delivers dependable performance with quality materials and thoughtful design. It is well suited for everyday use in the office supplies category, offering a strong balance of value and functionality.",Office Supplies,"Premium, Durable, Rechargeable, Giftable, Portable",195.84,1.1,1282,1156,2023-08-19,Rzc"SCyqNlO4,Kalen Emsley,https://unsplash.com/@kalenemsley?utm_source=sse554_capstone&utm_medium=referral
https://example.com/images/compact_mechanical_keyboard_429.jpg,Compact Mechanical Keyboard 429,UrbanNest,"The Compact Mechanical Keyboard 429 by UrbanNest delivers dependable performance with quality materials and thoughtful design. It is well suited for everyday use in the office supplies category, offering a strong balance of value and functionality.",Office Supplies,"Lightweight, Versatile, Premium, Limited Edition, Essential",629.63,3.4,1517,1510,2016-12-04,8D@DDj#TlWNA,Kalen Emsley,https://unsplash.com/@kalenemsley?utm_source=sse554_capstone&utm_medium=referral
https://example.com/images/smart_gaming_mouse_820.jpg,Smart Gaming Mouse 820,NorthPeak,"The Smart Gaming Mouse 820 by NorthPeak delivers dependable performance with quality materials and thoughtful design. It is well suited for everyday use in the electronics category, offering a strong balance of value and functionality.",Electronics,"Bestseller, Premium, Rechargeable, Lightweight, Versatile",370.86,2.1,2575,952,2021-02-25,"bBmB,~'s_BTA",Kalen Emsley,https://unsplash.com/@kalenemsley?utm_source=sse554_capstone&utm_medium=referral
https://example.com/images/advanced_science_fiction_novel_702.jpg,Advanced Science Fiction Novel 702,Summit Gear Co.,"The Advanced Science Fiction Novel 702 by Summit Gear Co. delivers dependable performance with quality materials and thoughtful design. It is well suited for everyday use in the sports & outdoors category, offering a strong balance of value and functionality.",Sports & Outdoors,"Waterproof, Rechargeable, Lightweight, Ergonomic, Portable",231.38,4.3,4712,185,2018-03-28,/G?hZ+dfH(w:,Kalen Emsley,https://unsplash.com/@kalenemsley?utm_source=sse554_capstone&utm_medium=referral
https://example.com/images/compact_graphic_t-shirt_255.jpg,Compact Graphic T-Shirt 255,SilverLine Electronics,"The Compact Graphic T-Shirt 255 by SilverLine Electronics delivers dependable performance with quality materials and thoughtful design. It is well suited for everyday use in the sports & outdoors category, offering a strong balance of value and functionality.",Sports & Outdoors,"Essential, Wireless, Ergonomic, Giftable, Compact",213.26999,4.1,7111,1290,2020-02-12,h{>J.)`>u!sk,Kalen Emsley,https://unsplash.com/@kalenemsley?utm_source=sse554_capstone&utm_medium=referral
https://example.com/images/advanced_external_hard_drive_624.jpg,Advanced External Hard Drive 624,NorthPeak,"The Advanced External Hard Drive 624 by NorthPeak delivers dependable performance with quality materials and thoughtful design. It is well suited for everyday use in the books category, offering a strong balance of value and functionality.",Books,"Compact, Giftable, Premium, Essential, Limited Edition",406.03,2.5,3356,1426,2022-02-14,Pjuiea>j=2-S,Kalen Emsley,https://unsplash.com/@kalenemsley?utm_source=sse554_capstone&utm_medium=referral
https://example.com/images/ultra_yoga_mat_995.jpg,Ultra Yoga Mat 995,NorthPeak,"The Ultra Yoga Mat 995 by NorthPeak delivers dependable performance with quality materials and thoughtful design. It is well suited for everyday use in the books category, offering a strong balance of value and functionality.",Books,"Portable, Versatile, Essential, Limited Edition, Lightweight",555.62,1.3,4381,1594,2019-05-07,tMc$_M;46hV},Kalen Emsley,https://unsplash.com/@kalenemsley?utm_source=sse554_capstone&utm_medium=referral
https://example.com/images/advanced_science_fiction_novel_273.jpg,Advanced Science Fiction Novel 273,Horizon Tech,"The Advanced Science Fiction Novel 273 by Horizon Tech delivers dependable performance with quality materials and thoughtful design. It is well suited for everyday use in the sports & outdoors category, offering a strong balance of value and functionality.",Sports & Outdoors,"Bestseller, Rechargeable, Durable, Wireless, Waterproof",488.85,3.1,6903,33,2016-11-30,|54m>tF;!;l=,Kalen Emsley,https://unsplash.com/@kalenemsley?utm_source=sse554_capstone&utm_medium=referral
https://example.com/images/eco_mechanical_keyboard_227.jpg,Eco Mechanical Keyboard 227,Summit Gear Co.,"The Eco Mechanical Keyboard 227 by Summit Gear Co. delivers dependable performance with quality materials and thoughtful design. It is well suited for everyday use in the sports & outdoors category, offering a strong balance of value and functionality.",Sports & Outdoors,"Durable, Giftable, Waterproof, Ergonomic, Rechargeable",670.07,1.4,228,1204,2017-07-25,"e1(LQ;F@,Ubc",Kalen Emsley,https://unsplash.com/@kalenemsley?utm_source=sse554_capstone&utm_medium=referral
https://example.com/images/compact_mechanical_keyboard_702.jpg,Compact Mechanical Keyboard 702,BlueRiver Outfitters,"The Compact Mechanical Keyboard 702 by BlueRiver Outfitters delivers dependable performance with quality materials and thoughtful design. It is well suited for everyday use in the clothing category, offering a strong balance of value and functionality.",Clothing,"Giftable, Compact, Wireless, Versatile, Premium",625.45,3.0,8218,1598,2023-09-29,Yt2bnVE^$Qt3,Kalen Emsley,https://unsplash.com/@kalenemsley?utm_source=sse554_capstone&utm_medium=referral
https://example.com/images/classic_noise_cancelling_headphones_122.jpg,Classic Noise Cancelling Headphones 122,BlueRiver Outfitters,"The Classic Noise Cancelling Headphones 122 by BlueRiver Outfitters delivers dependable performance with quality materials and thoughtful design. It is well suited for everyday use in the office supplies category, offering a strong balance of value and functionality.",Office Supplies,"Bestseller, Compact, Modern, Limited Edition, Portable",597.91,4.9,305,1659,2022-02-05,"q4G]Vca`S,YB",Kalen Emsley,https://unsplash.com/@kalenemsley?utm_source=sse554_capstone&utm_medium=referral
https://example.com/images/classic_fitness_tracker_926.jpg,Classic Fitness Tracker 926,SilverLine Electronics,"The Classic Fitness Tracker 926 by SilverLine Electronics delivers dependable performance with quality materials and thoughtful design. It is well suited for everyday use in the home & kitchen category, offering a strong balance of value and functionality.",Home & Kitchen,"Versatile, Ergonomic, Modern, Compact, Essential",570.69,4.7,6232,61,2019-06-12,pk`jGDv.)iKo,Kalen Emsley,https://unsplash.com/@kalenemsley?utm_source=sse554_capstone&utm_medium=referral
https://example.com/images/advanced_electric_kettle_185.jpg,Advanced Electric Kettle 185,BrightLeaf Publishing,"The Advanced Electric Kettle 185 by BrightLeaf Publishing delivers dependable performance with quality materials and thoughtful design. It is well suited for everyday use in the sports & outdoors category, offering a strong balance of value and functionality.",Sports & Outdoors,"Ergonomic, Modern, Bestseller, Limited Edition, Durable",145.25,4.6,6701,1535,2021-09-02,CUjf[{fg2O-j,Kalen Emsley,https://unsplash.com/@kalenemsley?utm_source=sse554_capstone&utm_medium=referral
https://example.com/images/portable_gaming_mouse_429.jpg,Portable Gaming Mouse 429,BrightLeaf Publishing,"The Portable Gaming Mouse 429 by BrightLeaf Publishing delivers dependable performance with quality materials and thoughtful design. It is well suited for everyday use in the sports & outdoors category, offering a strong balance of value and functionality.",Sports & Outdoors,"New Arrival, Modern, Limited Edition, Bestseller, Portable",68.31,3.8,1032,372,2018-03-31,.[TQxGf$[jqY,Kalen Emsley,https://unsplash.com/@kalenemsley?utm_source=sse554_capstone&utm_medium=referral
https://example.com/images/portable_fitness_tracker_635.jpg,Portable Fitness Tracker 635,BrightLeaf Publishing,"The Portable Fitness Tracker 635 by BrightLeaf Publishing delivers dependable performance with quality materials and thoughtful design. It is well suited for everyday use in the clothing category, offering a strong balance of value and functionality.",Clothing,"Rechargeable, Wireless, Essential, Bestseller, Giftable",209.3,3.0,3975,696,2025-12-04,",Ou~1)N^ae-=",Kalen Emsley,https://unsplash.com/@kalenemsley?utm_source=sse554_capstone&utm_medium=referral
https://example.com/images/professional_smartphone_stand_434.jpg,Professional Smartphone Stand 434,Horizon Tech,"The Professional Smartphone Stand 434 by Horizon Tech delivers dependable performance with quality materials and thoughtful design. It is well suited for everyday use in the books category, offering a strong balance of value and functionality.",Books,"Waterproof, New Arrival, Portable, Modern, Wireless",25.78,1.7,759,964,2022-04-23,"2<*dagSSC,v=",Kalen Emsley,https://unsplash.com/@kalenemsley?utm_source=sse554_capstone&utm_medium=referral
https://example.com/images/ultra_gaming_mouse_914.jpg,Ultra Gaming Mouse 914,BlueRiver Outfitters,"The Ultra Gaming Mouse 914 by BlueRiver Outfitters delivers dependable performance with quality materials and thoughtful design. It is well suited for everyday use in the clothing category, offering a strong balance of value and functionality.",Clothing,"Limited Edition, Waterproof, Wireless, Rechargeable, New Arrival",540.56,2.2,4516,1534,2017-08-03,tX?u=M@|^*98,Kalen Emsley,https://unsplash.com/@kalenemsley?utm_source=sse554_capstone&utm_medium=referral
https://example.com/images/wireless_external_hard_drive_550.jpg,Wireless External Hard Drive 550,NorthPeak,"The Wireless External Hard Drive 550 by NorthPeak delivers dependable performance with quality materials and thoughtful design. It is well suited for everyday use in the sports & outdoors category, offering a strong balance of value and functionality.",Sports & Outdoors,"Versatile, Limited Edition, Rechargeable, Giftable, Essential",616.34,1.4,5284,485,2022-09-03,`GqjD^yM8+Ob,Kalen Emsley,https://unsplash.com/@kalenemsley?utm_source=sse554_capstone&utm_medium=referral
https://example.com/images/classic_yoga_mat_423.jpg,Classic Yoga Mat 423,Horizon Tech,"The Classic Yoga Mat 423 by Horizon Tech delivers dependable performance with quality materials and thoughtful design. It is well suited for everyday use in the office supplies category, offering a strong balance of value and functionality.",Office Supplies,"Bestseller, Premium, Portable, Ergonomic, Wireless",312.7,2.3,9184,527,2020-02-17,+LGgBX~<`"xu,Kalen Emsley,https://unsplash.com/@kalenemsley?utm_source=sse554_capstone&utm_medium=referral
https://example.com/images/advanced_graphic_t-shirt_973.jpg,Advanced Graphic T-Shirt 973,SilverLine Electronics,"The Advanced Graphic T-Shirt 973 by SilverLine Electronics delivers dependable performance with quality materials and thoughtful design. It is well suited for everyday use in the home & kitchen category, offering a strong balance of value and functionality.",Home & Kitchen,"Giftable, Lightweight, Ergonomic, Bestseller, Limited Edition",312.79,2.2,3671,1979,2021-11-18,(D>fx`hxKm'j,Kalen Emsley,https://unsplash.com/@kalenemsley?utm_source=sse554_capstone&utm_medium=referral
https://example.com/images/eco_external_hard_drive_944.jpg,Eco External Hard Drive 944,Maple Street Press,"The Eco External Hard Drive 944 by Maple Street Press delivers dependable performance with quality materials and thoughtful design. It is well suited for everyday use in the books category, offering a strong balance of value and functionality.",Books,"Lightweight, Premium, Versatile, Essential, Durable",511.71,1.6,5593,1822,2017-02-13,'<0zhJ4/o6WG,Kalen Emsley,https://unsplash.com/@kalenemsley?utm_source=sse554_capstone&utm_medium=referral
https://example.com/images/portable_electric_kettle_772.jpg,Portable Electric Kettle 772,Summit Gear Co.,"The Portable Electric Kettle 772 by Summit Gear Co. delivers dependable performance with quality materials and thoughtful design. It is well suited for everyday use in the office supplies category, offering a strong balance of value and functionality.",Office Supplies,"Waterproof, Modern, Ergonomic, Lightweight, New Arrival",10.76,1.6,3625,961,2020-05-19,K7d>NUw9sLeh,Kalen Emsley,https://unsplash.com/@kalenemsley?utm_source=sse554_capstone&utm_medium=referral
https://example.com/images/classic_cookbook_513.jpg,Classic Cookbook 513,Summit Gear Co.,"The Classic Cookbook 513 by Summit Gear Co. delivers dependable performance with quality materials and thoughtful design. It is well suited for everyday use in the books category, offering a strong balance of value and functionality.",Books,"Portable, Premium, Compact, Durable, Waterproof",279.57,1.9,7316,1599,2025-07-22,Zu\K&:%jJnFo,Kalen Emsley,https://unsplash.com/@kalenemsley?utm_source=sse554_capstone&utm_medium=referral
https://example.com/images/portable_mechanical_keyboard_808.jpg,Portable Mechanical Keyboard 808,BrightLeaf Publishing,"The Portable Mechanical Keyboard 808 by BrightLeaf Publishing delivers dependable performance with quality materials and thoughtful design. It is well suited for everyday use in the home & kitchen category, offering a strong balance of value and functionality.",Home & Kitchen,"Essential, Wireless, Portable, Limited Edition, Bestseller",395.73,2.0,9249,1591,2022-08-25,"<1R<)?%XLQ,[",Kalen Emsley,https://unsplash.com/@kalenemsley?utm_source=sse554_capstone&utm_medium=referral
https://example.com/images/professional_cookware_set_901.jpg,Professional Cookware Set 901,SilverLine Electronics,"The Professional Cookware Set 901 by SilverLine Electronics delivers dependable performance with quality materials and thoughtful design. It is well suited for everyday use in the sports & outdoors category, offering a strong balance of value and functionality.",Sports & Outdoors,"Portable, Giftable, Essential, Ergonomic, Premium",639.02,2.8,6153,332,2016-04-20,?0{.e#N+9iVD,Kalen Emsley,https://unsplash.com/@kalenemsley?utm_source=sse554_capstone&utm_medium=referral
https://example.com/images/eco_mechanical_keyboard_715.jpg,Eco Mechanical Keyboard 715,UrbanNest,"The Eco Mechanical Keyboard 715 by UrbanNest delivers dependable performance with quality materials and thoughtful design. It is well suited for everyday use in the home & kitchen category, offering a strong balance of value and functionality.",Home & Kitchen,"Portable, Essential, Wireless, Compact, Modern",51.87,3.6,1734,1855,2024-09-20,[;4%x"!E/Z(+,Kalen Emsley,https://unsplash.com/@kalenemsley?utm_source=sse554_capstone&utm_medium=referral
https://example.com/images/premium_running_shoes_818.jpg,Premium Running Shoes 818,UrbanNest,"The Premium Running Shoes 818 by UrbanNest delivers dependable performance with quality materials and thoughtful design. It is well suited for everyday use in the books category, offering a strong balance of value and functionality.",Books,"Rechargeable, Ergonomic, Modern, Giftable, Essential",132.97,3.0,2003,301,2021-12-23,"11v{eU_<,VQ.",Kalen Emsley,https://unsplash.com/@kalenemsley?utm_source=sse554_capstone&utm_medium=referral
https://example.com/images/premium_led_desk_lamp_602.jpg,Premium LED Desk Lamp 602,Horizon Tech,"The Premium LED Desk Lamp 602 by Horizon Tech delivers dependable performance with quality materials and thoughtful design. It is well suited for everyday use in the electronics category, offering a strong balance of value and functionality.",Electronics,"Limited Edition, Rechargeable, Ergonomic, Waterproof, Giftable",289.28,3.3,814,992,2023-03-02,"""h[H/>.}'fyb",Kalen Emsley,https://unsplash.com/@kalenemsley?utm_source=sse554_capstone&utm_medium=referral
https://example.com/images/advanced_4k_monitor_456.jpg,Advanced 4K Monitor 456,Summit Gear Co.,"The Advanced 4K Monitor 456 by Summit Gear Co. delivers dependable performance with quality materials and thoughtful design. It is well suited for everyday use in the sports & outdoors category, offering a strong balance of value and functionality.",Sports & Outdoors,"Bestseller, Portable, Essential, Waterproof, Compact",404.82,3.3,6474,1049,2018-04-07,"F66,CZ(U3+&*",Kalen Emsley,https://unsplash.com/@kalenemsley?utm_source=sse554_capstone&utm_medium=referral
https://example.com/images/wireless_running_shoes_230.jpg,Wireless Running Shoes 230,NorthPeak,"The Wireless Running Shoes 230 by NorthPeak delivers dependable performance with quality materials and thoughtful design. It is well suited for everyday use in the office supplies category, offering a strong balance of value and functionality.",Office Supplies,"Wireless, Limited Edition, Premium, Waterproof, Portable",248.59,3.0,6433,467,2025-12-30,"xdu!=]j#V,1h",Kalen Emsley,https://unsplash.com/@kalenemsley?utm_source=sse554_capstone&utm_medium=referral
https://example.com/images/ultra_stainless_steel_water_bottle_349.jpg,Ultra Stainless Steel Water Bottle 349,NorthPeak,"The Ultra Stainless Steel Water Bottle 349 by NorthPeak delivers dependable performance with quality materials and thoughtful design. It is well suited for everyday use in the clothing category, offering a strong balance of value and functionality.",Clothing,"New Arrival, Lightweight, Wireless, Versatile, Limited Edition",305.95,2.5,2930,1784,2024-03-14,z~=NBX42y[jE,Kalen Emsley,https://unsplash.com/@kalenemsley?utm_source=sse554_capstone&utm_medium=referral
https://example.com/images/advanced_noise_cancelling_headphones_212.jpg,Advanced Noise Cancelling Headphones 212,Summit Gear Co.,"The Advanced Noise Cancelling Headphones 212 by Summit Gear Co. delivers dependable performance with quality materials and thoughtful design. It is well suited for everyday use in the office supplies category, offering a strong balance of value and functionality.",Office Supplies,"Giftable, Versatile, Premium, Durable, Compact",139.81,1.2,9500,1488,2019-05-17,]97f5n5My=.~,Kalen Emsley,https://unsplash.com/@kalenemsley?utm_source=sse554_capstone&utm_medium=referral
https://example.com/images/compact_stainless_steel_water_bottle_349.jpg,Compact Stainless Steel Water Bottle 349,BlueRiver Outfitters,"The Compact Stainless Steel Water Bottle 349 by BlueRiver Outfitters delivers dependable performance with quality materials and thoughtful design. It is well suited for everyday use in the clothing category, offering a strong balance of value and functionality.",Clothing,"Essential, Limited Edition, Versatile, Compact, Bestseller",681.71,2.8,2729,466,2021-04-08,-.IVo.xfbfC5,Kalen Emsley,https://unsplash.com/@kalenemsley?utm_source=sse554_capstone&utm_medium=referral
https://example.com/images/smart_led_desk_lamp_590.jpg,Smart LED Desk Lamp 590,Maple Street Press,"The Smart LED Desk Lamp 590 by Maple Street Press delivers dependable performance with quality materials and thoughtful design. It is well suited for everyday use in the home & kitchen category, offering a strong balance of value and functionality.",Home & Kitchen,"Versatile, Compact, Waterproof, Bestseller, Wireless",633.48,2.2,7325,1064,2022-01-11,"%qZ`oyD67,L8",Kalen Emsley,https://unsplash.com/@kalenemsley?utm_source=sse554_capstone&utm_medium=referral
https://example.com/images/smart_4k_monitor_264.jpg,Smart 4K Monitor 264,SilverLine Electronics,"The Smart 4K Monitor 264 by SilverLine Electronics delivers dependable performance with quality materials and thoughtful design. It is well suited for everyday use in the clothing category, offering a strong balance of value and functionality.",Clothing,"Waterproof, New Arrival, Giftable, Rechargeable, Modern",700.37,5.0,9452,909,2023-01-05,umHbP3\Mz6\X,Kalen Emsley,https://unsplash.com/@kalenemsley?utm_source=sse554_capstone&utm_medium=referral
https://example.com/images/professional_stainless_steel_water_bottle_228.jpg,Professional Stainless Steel Water Bottle 228,Summit Gear Co.,"The Professional Stainless Steel Water Bottle 228 by Summit Gear Co. delivers dependable performance with quality materials and thoughtful design. It is well suited for everyday use in the home & kitchen category, offering a strong balance of value and functionality.",Home & Kitchen,"Portable, Compact, Limited Edition, Durable, Lightweight",265.98,4.4,9735,691,2022-06-20,W%2BQ;;i9eHR,Kalen Emsley,https://unsplash.com/@kalenemsley?utm_source=sse554_capstone&utm_medium=referral
https://example.com/images/ultra_running_shoes_655.jpg,Ultra Running Shoes 655,BrightLeaf Publishing,"The Ultra Running Shoes 655 by BrightLeaf Publishing delivers dependable performance with quality materials and thoughtful design. It is well suited for everyday use in the books category, offering a strong balance of value and functionality.",Books,"Lightweight, Durable, Giftable, Premium, Rechargeable",778.41,3.0,7081,1033,2022-02-03,"?_u^).,#lM@|",Kalen Emsley,https://unsplash.com/@kalenemsley?utm_source=sse554_capstone&utm_medium=referral
https://example.com/images/professional_cookbook_468.jpg,Professional Cookbook 468,Maple Street Press,"The Professional Cookbook 468 by Maple Street Press delivers dependable performance with quality materials and thoughtful design. It is well suited for everyday use in the books category, offering a strong balance of value and functionality.",Books,"Premium, Versatile, New Arrival, Giftable, Rechargeable",302.28,4.5,8265,1006,2018-10-10,?1fG%iyakR~j,Kalen Emsley,https://unsplash.com/@kalenemsley?utm_source=sse554_capstone&utm_medium=referral
https://example.com/images/professional_office_chair_253.jpg,Professional Office Chair 253,Horizon Tech,"The Professional Office Chair 253 by Horizon Tech delivers dependable performance with quality materials and thoughtful design. It is well suited for everyday use in the electronics category, offering a strong balance of value and functionality.",Electronics,"Portable, Waterproof, Giftable, Essential, Ergonomic",396.88,2.5,3679,1062,2024-11-25,ixevkT<\Cmah,Kalen Emsley,https://unsplash.com/@kalenemsley?utm_source=sse554_capstone&utm_medium=referral
https://example.com/images/portable_stainless_steel_water_bottle_317.jpg,Portable Stainless Steel Water Bottle 317,BrightLeaf Publishing,"The Portable Stainless Steel Water Bottle 317 by BrightLeaf Publishing delivers dependable performance with quality materials and thoughtful design. It is well suited for everyday use in the home & kitchen category, offering a strong balance of value and functionality.",Home & Kitchen,"Compact, Bestseller, Rechargeable, Portable, Essential",469.97,3.6,5880,1529,2025-05-15,`M>H3?s+%Ee!,Kalen Emsley,https://unsplash.com/@kalenemsley?utm_source=sse554_capstone&utm_medium=referral
https://example.com/images/classic_fitness_tracker_522.jpg,Classic Fitness Tracker 522,NorthPeak,"The Classic Fitness Tracker 522 by NorthPeak delivers dependable performance with quality materials and thoughtful design. It is well suited for everyday use in the electronics category, offering a strong balance of value and functionality.",Electronics,"Versatile, Wireless, Modern, Essential, Waterproof",438.52,2.1,2085,1886,2022-05-08,3"Hi^7~*[naB,Kalen Emsley,https://unsplash.com/@kalenemsley?utm_source=sse554_capstone&utm_medium=referral
https://example.com/images/portable_cookware_set_147.jpg,Portable Cookware Set 147,SilverLine Electronics,"The Portable Cookware Set 147 by SilverLine Electronics delivers dependable performance with quality materials and thoughtful design. It is well suited for everyday use in the office supplies category, offering a strong balance of value and functionality.",Office Supplies,"Compact, Durable, Ergonomic, Bestseller, Wireless",698.55,4.1,1595,880,2020-01-26,#%s5jzbSX>K],Kalen Emsley,https://unsplash.com/@kalenemsley?utm_source=sse554_capstone&utm_medium=referral
https://example.com/images/portable_led_desk_lamp_248.jpg,Portable LED Desk Lamp 248,Summit Gear Co.,"The Portable LED Desk Lamp 248 by Summit Gear Co. delivers dependable performance with quality materials and thoughtful design. It is well suited for everyday use in the electronics category, offering a strong balance of value and functionality.",Electronics,"Giftable, Waterproof, Portable, Compact, Essential",554.74,1.1,9273,580,2025-04-23,4$M1<suTG?]8,Kalen Emsley,https://unsplash.com/@kalenemsley?utm_source=sse554_capstone&utm_medium=referral
https://example.com/images/compact_science_fiction_novel_259.jpg,Compact Science Fiction Novel 259,Maple Street Press,"The Compact Science Fiction Novel 259 by Maple Street Press delivers dependable performance with quality materials and thoughtful design. It is well suited for everyday use in the clothing category, offering a strong balance of value and functionality.",Clothing,"Giftable, Durable, Essential, Modern, Compact",675.5,3.5,5397,715,2023-10-13,<c.-.Ub!>K+X,Kalen Emsley,https://unsplash.com/@kalenemsley?utm_source=sse554_capstone&utm_medium=referral
https://example.com/images/portable_mechanical_keyboard_198.jpg,Portable Mechanical Keyboard 198,Summit Gear Co.,"The Portable Mechanical Keyboard 198 by Summit Gear Co. delivers dependable performance with quality materials and thoughtful design. It is well suited for everyday use in the sports & outdoors category, offering a strong balance of value and functionality.",Sports & Outdoors,"Essential, Limited Edition, Premium, Durable, Portable",341.22,3.2,1618,1145,2020-09-18,"+dY1.4:bSP1,",Kalen Emsley,https://unsplash.com/@kalenemsley?utm_source=sse554_capstone&utm_medium=referral
https://example.com/images/smart_graphic_t-shirt_892.jpg,Smart Graphic T-Shirt 892,Horizon Tech,"The Smart Graphic T-Shirt 892 by Horizon Tech delivers dependable performance with quality materials and thoughtful design. It is well suited for everyday use in the sports & outdoors category, offering a strong balance of value and functionality.",Sports & Outdoors,"Giftable, Compact, Waterproof, Durable, Versatile",238.67,1.8,5659,1349,2018-11-24,dr4]B!0C*fJ6,Kalen Emsley,https://unsplash.com/@kalenemsley?utm_source=sse554_capstone&utm_medium=referral
https://example.com/images/eco_bluetooth_speaker_596.jpg,Eco Bluetooth Speaker 596,SilverLine Electronics,"The Eco Bluetooth Speaker 596 by SilverLine Electronics delivers dependable performance with quality materials and thoughtful design. It is well suited for everyday use in the office supplies category, offering a strong balance of value and functionality.",Office Supplies,"Lightweight, Bestseller, Compact, Waterproof, Rechargeable",331.56,4.7,4075,1877,2016-12-13,cO%Noyd(f7l_,Kalen Emsley,https://unsplash.com/@kalenemsley?utm_source=sse554_capstone&utm_medium=referral
https://example.com/images/smart_electric_kettle_193.jpg,Smart Electric Kettle 193,Summit Gear Co.,"The Smart Electric Kettle 193 by Summit Gear Co. delivers dependable performance with quality materials and thoughtful design. It is well suited for everyday use in the electronics category, offering a strong balance of value and functionality.",Electronics,"Rechargeable, Lightweight, Limited Edition, Versatile, Portable",145.91,3.2,8100,908,2023-12-30,"AR""Fk$pL:g,o",Kalen Emsley,https://unsplash.com/@kalenemsley?utm_source=sse554_capstone&utm_medium=referral
https://example.com/images/eco_smartphone_stand_237.jpg,Eco Smartphone Stand 237,SilverLine Electronics,"The Eco Smartphone Stand 237 by SilverLine Electronics delivers dependable performance with quality materials and thoughtful design. It is well suited for everyday use in the electronics category, offering a strong balance of value and functionality.",Electronics,"Premium, Compact, Limited Edition, Portable, Bestseller",747.09,4.6,6589,880,2017-05-01,u2)Z'wHB'uI4,Kalen Emsley,https://unsplash.com/@kalenemsley?utm_source=sse554_capstone&utm_medium=referral
https://example.com/images/classic_mechanical_keyboard_187.jpg,Classic Mechanical Keyboard 187,BlueRiver Outfitters,"The Classic Mechanical Keyboard 187 by BlueRiver Outfitters delivers dependable performance with quality materials and thoughtful design. It is well suited for everyday use in the office supplies category, offering a strong balance of value and functionality.",Office Supplies,"Limited Edition, Durable, New Arrival, Premium, Ergonomic",324.76,4.1,9251,828,2020-10-01,A&f}6W\h7.!+,Kalen Emsley,https://unsplash.com/@kalenemsley?utm_source=sse554_capstone&utm_medium=referral
https://example.com/images/classic_electric_kettle_571.jpg,Classic Electric Kettle 571,BlueRiver Outfitters,"The Classic Electric Kettle 571 by BlueRiver Outfitters delivers dependable performance with quality materials and thoughtful design. It is well suited for everyday use in the office supplies category, offering a strong balance of value and functionality.",Office Supplies,"Durable, Waterproof, Rechargeable, Modern, Ergonomic",113.9,1.1,7898,564,2019-06-19,>5Q0VS5i^"#U,Kalen Emsley,https://unsplash.com/@kalenemsley?utm_source=sse554_capstone&utm_medium=referral
https://example.com/images/wireless_action_camera_279.jpg,Wireless Action Camera 279,UrbanNest,"The Wireless Action Camera 279 by UrbanNest delivers dependable performance with quality materials and thoughtful design. It is well suited for everyday use in the office supplies category, offering a strong balance of value and functionality.",Office Supplies,"Compact, Essential, Portable, Bestseller, Versatile",572.09,3.0,5890,1383,2019-04-02,"^;Ot?2,)'3$f",Kalen Emsley,https://unsplash.com/@kalenemsley?utm_source=sse554_capstone&utm_medium=referral
https://example.com/images/wireless_smartphone_stand_539.jpg,Wireless Smartphone Stand 539,UrbanNest,"The Wireless Smartphone Stand 539 by UrbanNest delivers dependable performance with quality materials and thoughtful design. It is well suited for everyday use in the electronics category, offering a strong balance of value and functionality.",Electronics,"Lightweight, Waterproof, Ergonomic, Giftable, Modern",74.58,3.8,4665,1946,2025-05-31,C=bDgO0?nVBO,Kalen Emsley,https://unsplash.com/@kalenemsley?utm_source=sse554_capstone&utm_medium=referral
https://example.com/images/portable_graphic_t-shirt_750.jpg,Portable Graphic T-Shirt 750,SilverLine Electronics,"The Portable Graphic T-Shirt 750 by SilverLine Electronics delivers dependable performance with quality materials and thoughtful design. It is well suited for everyday use in the office supplies category, offering a strong balance of value and functionality.",Office Supplies,"New Arrival, Portable, Ergonomic, Giftable, Premium",366.04,4.1,41,1476,2024-08-26,"qX?^6Bqn,?@~",Kalen Emsley,https://unsplash.com/@kalenemsley?utm_source=sse554_capstone&utm_medium=referral
https://example.com/images/ultra_bluetooth_speaker_234.jpg,Ultra Bluetooth Speaker 234,Horizon Tech,"The Ultra Bluetooth Speaker 234 by Horizon Tech delivers dependable performance with quality materials and thoughtful design. It is well suited for everyday use in the home & kitchen category, offering a strong balance of value and functionality.",Home & Kitchen,"Compact, Essential, Limited Edition, Portable, Ergonomic",786.9,2.6,8370,819,2018-06-22,zCt3!L)Xc'Y9,Kalen Emsley,https://unsplash.com/@kalenemsley?utm_source=sse554_capstone&utm_medium=referral
https://example.com/images/premium_mechanical_keyboard_667.jpg,Premium Mechanical Keyboard 667,Summit Gear Co.,"The Premium Mechanical Keyboard 667 by Summit Gear Co. delivers dependable performance with quality materials and thoughtful design. It is well suited for everyday use in the sports & outdoors category, offering a strong balance of value and functionality.",Sports & Outdoors,"Bestseller, Compact, Lightweight, Portable, Waterproof",353.9,3.6,863,1344,2017-05-07,W{7S\*|2hAk),Kalen Emsley,https://unsplash.com/@kalenemsley?utm_source=sse554_capstone&utm_medium=referral
https://example.com/images/portable_bluetooth_speaker_310.jpg,Portable Bluetooth Speaker 310,BrightLeaf Publishing,"The Portable Bluetooth Speaker 310 by BrightLeaf Publishing delivers dependable performance with quality materials and thoughtful design. It is well suited for everyday use in the home & kitchen category, offering a strong balance of value and functionality.",Home & Kitchen,"Rechargeable, Durable, Wireless, Bestseller, Premium",586.6,1.9,1199,1928,2019-02-15,53<|;}l9ujby,Kalen Emsley,https://unsplash.com/@kalenemsley?utm_source=sse554_capstone&utm_medium=referral
https://example.com/images/premium_gaming_mouse_785.jpg,Premium Gaming Mouse 785,Horizon Tech,"The Premium Gaming Mouse 785 by Horizon Tech delivers dependable performance with quality materials and thoughtful design. It is well suited for everyday use in the office supplies category, offering a strong balance of value and functionality.",Office Supplies,"Limited Edition, Bestseller, Ergonomic, Premium, Modern",378.57,3.3,623,902,2021-07-05,Mf8y2[7@6N7E,Kalen Emsley,https://unsplash.com/@kalenemsley?utm_source=sse554_capstone&utm_medium=referral
https://example.com/images/advanced_office_chair_805.jpg,Advanced Office Chair 805,NorthPeak,"The Advanced Office Chair 805 by NorthPeak delivers dependable performance with quality materials and thoughtful design. It is well suited for everyday use in the sports & outdoors category, offering a strong balance of value and functionality.",Sports & Outdoors,"Portable, Ergonomic, Rechargeable, Versatile, Giftable",385.49,1.6,5817,1359,2022-02-22,no?0A=Q!e]M*,Kalen Emsley,https://unsplash.com/@kalenemsley?utm_source=sse554_capstone&utm_medium=referral
https://example.com/images/compact_bluetooth_speaker_998.jpg,Compact Bluetooth Speaker 998,UrbanNest,"The Compact Bluetooth Speaker 998 by UrbanNest delivers dependable performance with quality materials and thoughtful design. It is well suited for everyday use in the home & kitchen category, offering a strong balance of value and functionality.",Home & Kitchen,"Modern, Limited Edition, Premium, Rechargeable, Lightweight",259.28,3.7,9869,1940,2025-07-19,6zqw'__ggVE*,Kalen Emsley,https://unsplash.com/@kalenemsley?utm_source=sse554_capstone&utm_medium=referral
https://example.com/images/professional_noise_cancelling_headphones_620.jpg,Professional Noise Cancelling Headphones 620,BrightLeaf Publishing,"The Professional Noise Cancelling Headphones 620 by BrightLeaf Publishing delivers dependable performance with quality materials and thoughtful design. It is well suited for everyday use in the sports & outdoors category, offering a strong balance of value and functionality.",Sports & Outdoors,"Wireless, Rechargeable, Lightweight, Durable, Giftable",445.74,1.7,7006,1671,2018-07-10,p]i;5sV^/d];,Kalen Emsley,https://unsplash.com/@kalenemsley?utm_source=sse554_capstone&utm_medium=referral
https://example.com/images/eco_cookbook_943.jpg,Eco Cookbook 943,UrbanNest,"The Eco Cookbook 943 by UrbanNest delivers dependable performance with quality materials and thoughtful design. It is well suited for everyday use in the books category, offering a strong balance of value and functionality.",Books,"Versatile, Essential, Premium, Compact, Portable",568.41,4.0,7375,1214,2020-10-11,TKr3R>@Z}WA[,Kalen Emsley,https://unsplash.com/@kalenemsley?utm_source=sse554_capstone&utm_medium=referral
https://example.com/images/classic_stainless_steel_water_bottle_679.jpg,Classic Stainless Steel Water Bottle 679,Maple Street Press,"The Classic Stainless Steel Water Bottle 679 by Maple Street Press delivers dependable performance with quality materials and thoughtful design. It is well suited for everyday use in the home & kitchen category, offering a strong balance of value and functionality.",Home & Kitchen,"Ergonomic, Waterproof, Modern, Limited Edition, Essential",189.59,4.4,9421,556,2020-01-20,O_5gBWz.GT)Y,Kalen Emsley,https://unsplash.com/@kalenemsley?utm_source=sse554_capstone&utm_medium=referral
https://example.com/images/eco_external_hard_drive_138.jpg,Eco External Hard Drive 138,BlueRiver Outfitters,"The Eco External Hard Drive 138 by BlueRiver Outfitters delivers dependable performance with quality materials and thoughtful design. It is well suited for everyday use in the office supplies category, offering a strong balance of value and functionality.",Office Supplies,"Wireless, Giftable, Ergonomic, Portable, Modern",750.27,2.4,6394,1562,2025-01-15,St7ps]SNop<#,Kalen Emsley,https://unsplash.com/@kalenemsley?utm_source=sse554_capstone&utm_medium=referral
https://example.com/images/professional_led_desk_lamp_794.jpg,Professional LED Desk Lamp 794,Maple Street Press,"The Professional LED Desk Lamp 794 by Maple Street Press delivers dependable performance with quality materials and thoughtful design. It is well suited for everyday use in the books category, offering a strong balance of value and functionality.",Books,"Compact, Ergonomic, Bestseller, Giftable, Lightweight",68.32,1.8,9354,195,2025-09-07,DL*nN:/e$cq|,Kalen Emsley,https://unsplash.com/@kalenemsley?utm_source=sse554_capstone&utm_medium=referral
https://example.com/images/compact_fitness_tracker_780.jpg,Compact Fitness Tracker 780,Summit Gear Co.,"The Compact Fitness Tracker 780 by Summit Gear Co. delivers dependable performance with quality materials and thoughtful design. It is well suited for everyday use in the sports & outdoors category, offering a strong balance of value and functionality.",Sports & Outdoors,"Waterproof, Modern, New Arrival, Compact, Ergonomic",685.96,2.2,3832,88,2017-05-13,B}liibqC@I'y,Kalen Emsley,https://unsplash.com/@kalenemsley?utm_source=sse554_capstone&utm_medium=referral
https://example.com/images/wireless_external_hard_drive_961.jpg,Wireless External Hard Drive 961,UrbanNest,"The Wireless External Hard Drive 961 by UrbanNest delivers dependable performance with quality materials and thoughtful design. It is well suited for everyday use in the sports & outdoors category, offering a strong balance of value and functionality.",Sports & Outdoors,"Portable, Giftable, Waterproof, Ergonomic, Rechargeable",66.95,4.2,6655,563,2019-03-30,z|`J-$<d7qJ0,Kalen Emsley,https://unsplash.com/@kalenemsley?utm_source=sse554_capstone&utm_medium=referral
https://example.com/images/eco_smartphone_stand_949.jpg,Eco Smartphone Stand 949,SilverLine Electronics,"The Eco Smartphone Stand 949 by SilverLine Electronics delivers dependable performance with quality materials and thoughtful design. It is well suited for everyday use in the clothing category, offering a strong balance of value and functionality.",Clothing,"Giftable, Bestseller, Compact, Limited Edition, Lightweight",140.76,1.9,8288,591,2020-02-01,)31G.DWyU>3b,Kalen Emsley,https://unsplash.com/@kalenemsley?utm_source=sse554_capstone&utm_medium=referral
https://example.com/images/premium_4k_monitor_367.jpg,Premium 4K Monitor 367,BrightLeaf Publishing,"The Premium 4K Monitor 367 by BrightLeaf Publishing delivers dependable performance with quality materials and thoughtful design. It is well suited for everyday use in the clothing category, offering a strong balance of value and functionality.",Clothing,"Bestseller, Essential, Giftable, Ergonomic, Limited Edition",240.13,3.5,9472,967,2020-06-08,"V!7a^PI,O;gu",Kalen Emsley,https://unsplash.com/@kalenemsley?utm_source=sse554_capstone&utm_medium=referral
https://example.com/images/classic_running_shoes_137.jpg,Classic Running Shoes 137,Horizon Tech,"The Classic Running Shoes 137 by Horizon Tech delivers dependable performance with quality materials and thoughtful design. It is well suited for everyday use in the sports & outdoors category, offering a strong balance of value and functionality.",Sports & Outdoors,"Rechargeable, Premium, Versatile, Compact, Durable",410.04,4.2,4095,1380,2018-01-11,4cL"Tpfbay!{,Kalen Emsley,https://unsplash.com/@kalenemsley?utm_source=sse554_capstone&utm_medium=referral
https://example.com/images/professional_running_shoes_661.jpg,Professional Running Shoes 661,BrightLeaf Publishing,"The Professional Running Shoes 661 by BrightLeaf Publishing delivers dependable performance with quality materials and thoughtful design. It is well suited for everyday use in the clothing category, offering a strong balance of value and functionality.",Clothing,"Wireless, Limited Edition, Premium, Compact, Bestseller",560.59,1.1,7449,108,2018-06-18,>1"p8NHs+[DO,Kalen Emsley,https://unsplash.com/@kalenemsley?utm_source=sse554_capstone&utm_medium=referral
https://example.com/images/ultra_fitness_tracker_132.jpg,Ultra Fitness Tracker 132,NorthPeak,"The Ultra Fitness Tracker 132 by NorthPeak delivers dependable performance with quality materials and thoughtful design. It is well suited for everyday use in the electronics category, offering a strong balance of value and functionality.",Electronics,"Modern, Waterproof, Premium, New Arrival, Portable",155.1,1.3,3120,1143,2020-10-11,"M*/482KRI[^,",Kalen Emsley,https://unsplash.com/@kalenemsley?utm_source=sse554_capstone&utm_medium=referral
https://example.com/images/classic_electric_kettle_697.jpg,Classic Electric Kettle 697,BrightLeaf Publishing,"The Classic Electric Kettle 697 by BrightLeaf Publishing delivers dependable performance with quality materials and thoughtful design. It is well suited for everyday use in the sports & outdoors category, offering a strong balance of value and functionality.",Sports & Outdoors,"Essential, Compact, New Arrival, Bestseller, Durable",717.93,3.3,322,704,2016-02-17,W*At@3=iP697,Kalen Emsley,https://unsplash.com/@kalenemsley?utm_source=sse554_capstone&utm_medium=referral
https://example.com/images/classic_noise_cancelling_headphones_997.jpg,Classic Noise Cancelling Headphones 997,SilverLine Electronics,"The Classic Noise Cancelling Headphones 997 by SilverLine Electronics delivers dependable performance with quality materials and thoughtful design. It is well suited for everyday use in the home & kitchen category, offering a strong balance of value and functionality.",Home & Kitchen,"Rechargeable, Waterproof, Durable, Portable, Ergonomic",443.41,2.4,1270,535,2025-05-16,0Q+ig}Og}/];,Kalen Emsley,https://unsplash.com/@kalenemsley?utm_source=sse554_capstone&utm_medium=referral
https://example.com/images/wireless_yoga_mat_659.jpg,Wireless Yoga Mat 659,NorthPeak,"The Wireless Yoga Mat 659 by NorthPeak delivers dependable performance with quality materials and thoughtful design. It is well suited for everyday use in the books category, offering a strong balance of value and functionality.",Books,"Bestseller, Limited Edition, Giftable, Modern, Portable",483.17,3.7,3809,1992,2017-08-11,R`QqR`[T;Ewd,Kalen Emsley,https://unsplash.com/@kalenemsley?utm_source=sse554_capstone&utm_medium=referral
https://example.com/images/premium_electric_kettle_255.jpg,Premium Electric Kettle 255,BlueRiver Outfitters,"The Premium Electric Kettle 255 by BlueRiver Outfitters delivers dependable performance with quality materials and thoughtful design. It is well suited for everyday use in the home & kitchen category, offering a strong balance of value and functionality.",Home & Kitchen,"Premium, Waterproof, Durable, Portable, Giftable",312.49,1.1,2471,944,2022-03-06,L5u.Ic<a;tsV,Kalen Emsley,https://unsplash.com/@kalenemsley?utm_source=sse554_capstone&utm_medium=referral
https://example.com/images/smart_gaming_mouse_815.jpg,Smart Gaming Mouse 815,UrbanNest,"The Smart Gaming Mouse 815 by UrbanNest delivers dependable performance with quality materials and thoughtful design. It is well suited for everyday use in the office supplies category, offering a strong balance of value and functionality.",Office Supplies,"Modern, Bestseller, Durable, Portable, Ergonomic",672.5,2.8,8139,1744,2024-06-12,mofc]C&;DGJC,Kalen Emsley,https://unsplash.com/@kalenemsley?utm_source=sse554_capstone&utm_medium=referral
https://example.com/images/eco_4k_monitor_954.jpg,Eco 4K Monitor 954,Horizon Tech,"The Eco 4K Monitor 954 by Horizon Tech delivers dependable performance with quality materials and thoughtful design. It is well suited for everyday use in the books category, offering a strong balance of value and functionality.",Books,"Premium, Waterproof, Lightweight, Bestseller, Modern",326.56,1.0,8074,856,2019-03-10,T;gs_#t[D-K?,Kalen Emsley,https://unsplash.com/@kalenemsley?utm_source=sse554_capstone&utm_medium=referral
https://example.com/images/ultra_noise_cancelling_headphones_884.jpg,Ultra Noise Cancelling Headphones 884,Horizon Tech,"The Ultra Noise Cancelling Headphones 884 by Horizon Tech delivers dependable performance with quality materials and thoughtful design. It is well suited for everyday use in the home & kitchen category, offering a strong balance of value and functionality.",Home & Kitchen,"Compact, Versatile, Giftable, New Arrival, Rechargeable",111.86,2.9,6103,299,2020-07-29,"S_&UL,j$5=QZ",Kalen Emsley,https://unsplash.com/@kalenemsley?utm_source=sse554_capstone&utm_medium=referral
https://example.com/images/eco_electric_kettle_687.jpg,Eco Electric Kettle 687,SilverLine Electronics,"The Eco Electric Kettle 687 by SilverLine Electronics delivers dependable performance with quality materials and thoughtful design. It is well suited for everyday use in the home & kitchen category, offering a strong balance of value and functionality.",Home & Kitchen,"Bestseller, Waterproof, Modern, Durable, Essential",121.84,3.2,8813,194,2019-01-28,1[3`54[\JR3i,Kalen Emsley,https://unsplash.com/@kalenemsley?utm_source=sse554_capstone&utm_medium=referral
https://example.com/images/ultra_cookware_set_799.jpg,Ultra Cookware Set 799,Horizon Tech,"The Ultra Cookware Set 799 by Horizon Tech delivers dependable performance with quality materials and thoughtful design. It is well suited for everyday use in the electronics category, offering a strong balance of value and functionality.",Electronics,"Lightweight, New Arrival, Waterproof, Essential, Durable",245.51,5.0,7033,1850,2022-08-14,#-yCWXHmLVz[,Kalen Emsley,https://unsplash.com/@kalenemsley?utm_source=sse554_capstone&utm_medium=referral
https://example.com/images/compact_fitness_tracker_478.jpg,Compact Fitness Tracker 478,NorthPeak,"The Compact Fitness Tracker 478 by NorthPeak delivers dependable performance with quality materials and thoughtful design. It is well suited for everyday use in the home & kitchen category, offering a strong balance of value and functionality.",Home & Kitchen,"Wireless, Giftable, Durable, Premium, Lightweight",244.09,2.1,4425,504,2025-01-14,5(fsM['`=c[X,Kalen Emsley,https://unsplash.com/@kalenemsley?utm_source=sse554_capstone&utm_medium=referral
https://example.com/images/wireless_fitness_tracker_537.jpg,Wireless Fitness Tracker 537,BlueRiver Outfitters,"The Wireless Fitness Tracker 537 by BlueRiver Outfitters delivers dependable performance with quality materials and thoughtful design. It is well suited for everyday use in the sports & outdoors category, offering a strong balance of value and functionality.",Sports & Outdoors,"Giftable, Compact, New Arrival, Limited Edition, Portable",444.28,1.3,3470,1458,2021-09-27,YR1e*R^tEOrH,Kalen Emsley,https://unsplash.com/@kalenemsley?utm_source=sse554_capstone&utm_medium=referral
https://example.com/images/advanced_running_shoes_272.jpg,Advanced Running Shoes 272,NorthPeak,"The Advanced Running Shoes 272 by NorthPeak delivers dependable performance with quality materials and thoughtful design. It is well suited for everyday use in the home & kitchen category, offering a strong balance of value and functionality.",Home & Kitchen,"Compact, Portable, Modern, Essential, Giftable",439.92,3.5,774,1998,2021-01-17,"###K&#./,2mS",Kalen Emsley,https://unsplash.com/@kalenemsley?utm_source=sse554_capstone&utm_medium=referral
https://example.com/images/classic_bluetooth_speaker_860.jpg,Classic Bluetooth Speaker 860,BrightLeaf Publishing,"The Classic Bluetooth Speaker 860 by BrightLeaf Publishing delivers dependable performance with quality materials and thoughtful design. It is well suited for everyday use in the sports & outdoors category, offering a strong balance of value and functionality.",Sports & Outdoors,"Lightweight, Bestseller, Wireless, Modern, Premium",47.61,4.5,1826,1487,2018-03-03,-2bKM>P"pid(,Kalen Emsley,https://unsplash.com/@kalenemsley?utm_source=sse554_capstone&utm_medium=referral
https://example.com/images/premium_graphic_t-shirt_196.jpg,Premium Graphic T-Shirt 196,BrightLeaf Publishing,"The Premium Graphic T-Shirt 196 by BrightLeaf Publishing delivers dependable performance with quality materials and thoughtful design. It is well suited for everyday use in the books category, offering a strong balance of value and functionality.",Books,"New Arrival, Rechargeable, Limited Edition, Essential, Versatile",230.75,1.8,4963,1446,2020-09-11,#w1&FI{w)7;",Kalen Emsley,https://unsplash.com/@kalenemsley?utm_source=sse554_capstone&utm_medium=referral
https://example.com/images/ultra_cookware_set_190.jpg,Ultra Cookware Set 190,NorthPeak,"The Ultra Cookware Set 190 by NorthPeak delivers dependable performance with quality materials and thoughtful design. It is well suited for everyday use in the electronics category, offering a strong balance of value and functionality.",Electronics,"Essential, Rechargeable, Ergonomic, Wireless, Modern",464.84,1.3,2292,1399,2022-07-18,Rb<C>`PxE>.U,Kalen Emsley,https://unsplash.com/@kalenemsley?utm_source=sse554_capstone&utm_medium=referral
https://example.com/images/classic_running_shoes_814.jpg,Classic Running Shoes 814,BrightLeaf Publishing,"The Classic Running Shoes 814 by BrightLeaf Publishing delivers dependable performance with quality materials and thoughtful design. It is well suited for everyday use in the home & kitchen category, offering a strong balance of value and functionality.",Home & Kitchen,"Compact, Wireless, Rechargeable, Premium, Limited Edition",502.49,4.2,24,696,2025-10-21,]%eoWb%Ewx.l,Kalen Emsley,https://unsplash.com/@kalenemsley?utm_source=sse554_capstone&utm_medium=referral
https://example.com/images/advanced_graphic_t-shirt_875.jpg,Advanced Graphic T-Shirt 875,BrightLeaf Publishing,"The Advanced Graphic T-Shirt 875 by BrightLeaf Publishing delivers dependable performance with quality materials and thoughtful design. It is well suited for everyday use in the sports & outdoors category, offering a strong balance of value and functionality.",Sports & Outdoors,"Premium, Bestseller, Lightweight, Portable, Ergonomic",187.16,2.6,4423,1124,2024-02-01,N<H]^doP3jsF,Kalen Emsley,https://unsplash.com/@kalenemsley?utm_source=sse554_capstone&utm_medium=referral
https://example.com/images/smart_fitness_tracker_920.jpg,Smart Fitness Tracker 920,SilverLine Electronics,"The Smart Fitness Tracker 920 by SilverLine Electronics delivers dependable performance with quality materials and thoughtful design. It is well suited for everyday use in the office supplies category, offering a strong balance of value and functionality.",Office Supplies,"Durable, New Arrival, Rechargeable, Essential, Ergonomic",195.84999,2.8,1080,400,2024-01-10,":+c2l7,*&x'T",Kalen Emsley,https://unsplash.com/@kalenemsley?utm_source=sse554_capstone&utm_medium=referral
https://example.com/images/professional_noise_cancelling_headphones_812.jpg,Professional Noise Cancelling Headphones 812,SilverLine Electronics,"The Professional Noise Cancelling Headphones 812 by SilverLine Electronics delivers dependable performance with quality materials and thoughtful design. It is well suited for everyday use in the home & kitchen category, offering a strong balance of value and functionality.",Home & Kitchen,"Giftable, Portable, Durable, Ergonomic, Compact",322.32,3.6,6068,1393,2017-05-11,N`c\v%MVdcw%,Kalen Emsley,https://unsplash.com/@kalenemsley?utm_source=sse554_capstone&utm_medium=referral
https://example.com/images/premium_cookbook_412.jpg,Premium Cookbook 412,BrightLeaf Publishing,"The Premium Cookbook 412 by BrightLeaf Publishing delivers dependable performance with quality materials and thoughtful design. It is well suited for everyday use in the home & kitchen category, offering a strong balance of value and functionality.",Home & Kitchen,"Giftable, Portable, Essential, Durable, Wireless",435.8,4.5,1633,732,2023-06-05,?ao-$?I@a>@4,Kalen Emsley,https://unsplash.com/@kalenemsley?utm_source=sse554_capstone&utm_medium=referral
https://example.com/images/eco_gaming_mouse_677.jpg,Eco Gaming Mouse 677,BlueRiver Outfitters,"The Eco Gaming Mouse 677 by BlueRiver Outfitters delivers dependable performance with quality materials and thoughtful design. It is well suited for everyday use in the books category, offering a strong balance of value and functionality.",Books,"Limited Edition, Waterproof, New Arrival, Portable, Essential",393.16,1.1,3031,695,2016-01-13,Kog%lIC42rcu,Kalen Emsley,https://unsplash.com/@kalenemsley?utm_source=sse554_capstone&utm_medium=referral
https://example.com/images/premium_bluetooth_speaker_564.jpg,Premium Bluetooth Speaker 564,NorthPeak,"The Premium Bluetooth Speaker 564 by NorthPeak delivers dependable performance with quality materials and thoughtful design. It is well suited for everyday use in the clothing category, offering a strong balance of value and functionality.",Clothing,"Lightweight, Modern, New Arrival, Bestseller, Giftable",360.91,3.4,5499,924,2016-07-22,@giMd@dEi1h(,Kalen Emsley,https://unsplash.com/@kalenemsley?utm_source=sse554_capstone&utm_medium=referral
https://example.com/images/compact_cookbook_683.jpg,Compact Cookbook 683,Summit Gear Co.,"The Compact Cookbook 683 by Summit Gear Co. delivers dependable performance with quality materials and thoughtful design. It is well suited for everyday use in the sports & outdoors category, offering a strong balance of value and functionality.",Sports & Outdoors,"Premium, Essential, Durable, Lightweight, Waterproof",239.54,2.9,6912,1302,2020-02-28,6d9]}{Sw2fOm,Kalen Emsley,https://unsplash.com/@kalenemsley?utm_source=sse554_capstone&utm_medium=referral
https://example.com/images/classic_science_fiction_novel_823.jpg,Classic Science Fiction Novel 823,BlueRiver Outfitters,"The Classic Science Fiction Novel 823 by BlueRiver Outfitters delivers dependable performance with quality materials and thoughtful design. It is well suited for everyday use in the home & kitchen category, offering a strong balance of value and functionality.",Home & Kitchen,"Ergonomic, Premium, Compact, Essential, New Arrival",600.56,4.5,8360,756,2018-01-05,8[k97XpK)/ig,Kalen Emsley,https://unsplash.com/@kalenemsley?utm_source=sse554_capstone&utm_medium=referral
https://example.com/images/advanced_gaming_mouse_996.jpg,Advanced Gaming Mouse 996,BrightLeaf Publishing,"The Advanced Gaming Mouse 996 by BrightLeaf Publishing delivers dependable performance with quality materials and thoughtful design. It is well suited for everyday use in the home & kitchen category, offering a strong balance of value and functionality.",Home & Kitchen,"Compact, New Arrival, Rechargeable, Waterproof, Limited Edition",333.55,2.2,2236,418,2024-12-20,0j_*8e{Q!g-|,Kalen Emsley,https://unsplash.com/@kalenemsley?utm_source=sse554_capstone&utm_medium=referral
https://example.com/images/premium_gaming_mouse_911.jpg,Premium Gaming Mouse 911,BrightLeaf Publishing,"The Premium Gaming Mouse 911 by BrightLeaf Publishing delivers dependable performance with quality materials and thoughtful design. It is well suited for everyday use in the clothing category, offering a strong balance of value and functionality.",Clothing,"Essential, Rechargeable, Wireless, Compact, New Arrival",293.88,4.8,7403,1581,2021-11-30,=^AmJ"#6~qNO,Kalen Emsley,https://unsplash.com/@kalenemsley?utm_source=sse554_capstone&utm_medium=referral
https://example.com/images/wireless_bluetooth_speaker_890.jpg,Wireless Bluetooth Speaker 890,SilverLine Electronics,"The Wireless Bluetooth Speaker 890 by SilverLine Electronics delivers dependable performance with quality materials and thoughtful design. It is well suited for everyday use in the books category, offering a strong balance of value and functionality.",Books,"Waterproof, Durable, Essential, Modern, Lightweight",147.43,3.5,9663,437,2024-10-02,%hk)Ihg4m]&O,Kalen Emsley,https://unsplash.com/@kalenemsley?utm_source=sse554_capstone&utm_medium=referral
https://example.com/images/portable_gaming_mouse_316.jpg,Portable Gaming Mouse 316,BrightLeaf Publishing,"The Portable Gaming Mouse 316 by BrightLeaf Publishing delivers dependable performance with quality materials and thoughtful design. It is well suited for everyday use in the home & kitchen category, offering a strong balance of value and functionality.",Home & Kitchen,"Modern, New Arrival, Essential, Limited Edition, Wireless",643.23,2.3,9345,650,2023-06-06,-C^AEa.Ar{E?,Kalen Emsley,https://unsplash.com/@kalenemsley?utm_source=sse554_capstone&utm_medium=referral
https://example.com/images/premium_running_shoes_928.jpg,Premium Running Shoes 928,BrightLeaf Publishing,"The Premium Running Shoes 928 by BrightLeaf Publishing delivers dependable performance with quality materials and thoughtful design. It is well suited for everyday use in the clothing category, offering a strong balance of value and functionality.",Clothing,"Versatile, New Arrival, Durable, Giftable, Bestseller",531.06,4.5,1085,1722,2018-10-19,"6PA{*vh]!,GJ",Kalen Emsley,https://unsplash.com/@kalenemsley?utm_source=sse554_capstone&utm_medium=referral
https://example.com/images/smart_fitness_tracker_883.jpg,Smart Fitness Tracker 883,BlueRiver Outfitters,"The Smart Fitness Tracker 883 by BlueRiver Outfitters delivers dependable performance with quality materials and thoughtful design. It is well suited for everyday use in the home & kitchen category, offering a strong balance of value and functionality.",Home & Kitchen,"Durable, Bestseller, Essential, Ergonomic, Wireless",706.63,1.0,5544,163,2016-10-08,%nJ3Xi([pU4l,Kalen Emsley,https://unsplash.com/@kalenemsley?utm_source=sse554_capstone&utm_medium=referral
https://example.com/images/premium_bluetooth_speaker_752.jpg,Premium Bluetooth Speaker 752,Horizon Tech,"The Premium Bluetooth Speaker 752 by Horizon Tech delivers dependable performance with quality materials and thoughtful design. It is well suited for everyday use in the books category, offering a strong balance of value and functionality.",Books,"Bestseller, Rechargeable, New Arrival, Waterproof, Modern",743.17,5.0,9686,916,2020-08-04,`8M&.y4cVE"[,Kalen Emsley,https://unsplash.com/@kalenemsley?utm_source=sse554_capstone&utm_medium=referral
https://example.com/images/portable_yoga_mat_395.jpg,Portable Yoga Mat 395,NorthPeak,"The Portable Yoga Mat 395 by NorthPeak delivers dependable performance with quality materials and thoughtful design. It is well suited for everyday use in the electronics category, offering a strong balance of value and functionality.",Electronics,"Rechargeable, Wireless, Limited Edition, Lightweight, Premium",72.24,3.1,3820,332,2016-01-14,;Z-b+=Li@v|-,Kalen Emsley,https://unsplash.com/@kalenemsley?utm_source=sse554_capstone&utm_medium=referral
https://example.com/images/ultra_graphic_t-shirt_913.jpg,Ultra Graphic T-Shirt 913,BrightLeaf Publishing,"The Ultra Graphic T-Shirt 913 by BrightLeaf Publishing delivers dependable performance with quality materials and thoughtful design. It is well suited for everyday use in the home & kitchen category, offering a strong balance of value and functionality.",Home & Kitchen,"Waterproof, Premium, Ergonomic, Limited Edition, New Arrival",297.76,2.9,474,1739,2022-03-20,\O7?#:ZJ`*wE,Kalen Emsley,https://unsplash.com/@kalenemsley?utm_source=sse554_capstone&utm_medium=referral
https://example.com/images/classic_graphic_t-shirt_221.jpg,Classic Graphic T-Shirt 221,Summit Gear Co.,"The Classic Graphic T-Shirt 221 by Summit Gear Co. delivers dependable performance with quality materials and thoughtful design. It is well suited for everyday use in the home & kitchen category, offering a strong balance of value and functionality.",Home & Kitchen,"Portable, Bestseller, Versatile, Limited Edition, Essential",311.78,2.6,8015,572,2016-01-25,\HxEj3<"D?b7,Kalen Emsley,https://unsplash.com/@kalenemsley?utm_source=sse554_capstone&utm_medium=referral
https://example.com/images/eco_yoga_mat_396.jpg,Eco Yoga Mat 396,BlueRiver Outfitters,"The Eco Yoga Mat 396 by BlueRiver Outfitters delivers dependable performance with quality materials and thoughtful design. It is well suited for everyday use in the books category, offering a strong balance of value and functionality.",Books,"Giftable, Essential, Lightweight, Wireless, Waterproof",274.86,2.7,6282,1295,2022-08-30,`XnoClUe>6I?,Kalen Emsley,https://unsplash.com/@kalenemsley?utm_source=sse554_capstone&utm_medium=referral
https://example.com/images/smart_backpack_180.jpg,Smart Backpack 180,NorthPeak,"The Smart Backpack 180 by NorthPeak delivers dependable performance with quality materials and thoughtful design. It is well suited for everyday use in the electronics category, offering a strong balance of value and functionality.",Electronics,"Versatile, Durable, Limited Edition, Portable, Wireless",527.65,1.6,585,1638,2024-01-29,"xI:e:Y@K5N,h",Kalen Emsley,https://unsplash.com/@kalenemsley?utm_source=sse554_capstone&utm_medium=referral
https://example.com/images/portable_smartphone_stand_587.jpg,Portable Smartphone Stand 587,BlueRiver Outfitters,"The Portable Smartphone Stand 587 by BlueRiver Outfitters delivers dependable performance with quality materials and thoughtful design. It is well suited for everyday use in the office supplies category, offering a strong balance of value and functionality.",Office Supplies,"Portable, Lightweight, Premium, Wireless, Essential",48.8,3.7,9507,760,2016-09-16,SRvOi."Ki|Y$,Kalen Emsley,https://unsplash.com/@kalenemsley?utm_source=sse554_capstone&utm_medium=referral
https://example.com/images/smart_stainless_steel_water_bottle_180.jpg,Smart Stainless Steel Water Bottle 180,BlueRiver Outfitters,"The Smart Stainless Steel Water Bottle 180 by BlueRiver Outfitters delivers dependable performance with quality materials and thoughtful design. It is well suited for everyday use in the office supplies category, offering a strong balance of value and functionality.",Office Supplies,"Limited Edition, Modern, Rechargeable, Durable, Versatile",476.87,2.7,4789,1777,2018-04-16,D/?D;nSF|Ocx,Kalen Emsley,https://unsplash.com/@kalenemsley?utm_source=sse554_capstone&utm_medium=referral
https://example.com/images/compact_office_chair_737.jpg,Compact Office Chair 737,UrbanNest,"The Compact Office Chair 737 by UrbanNest delivers dependable performance with quality materials and thoughtful design. It is well suited for everyday use in the clothing category, offering a strong balance of value and functionality.",Clothing,"Rechargeable, Premium, Durable, Wireless, Portable",778.67,1.2,980,1842,2024-07-21,5(dN>lt?&#=$,Kalen Emsley,https://unsplash.com/@kalenemsley?utm_source=sse554_capstone&utm_medium=referral
https://example.com/images/ultra_cookbook_963.jpg,Ultra Cookbook 963,NorthPeak,"The Ultra Cookbook 963 by NorthPeak delivers dependable performance with quality materials and thoughtful design. It is well suited for everyday use in the sports & outdoors category, offering a strong balance of value and functionality.",Sports & Outdoors,"Ergonomic, Lightweight, Rechargeable, Waterproof, Versatile",295.47,1.5,6864,1963,2025-05-26,::*eG6CvRe1t,Kalen Emsley,https://unsplash.com/@kalenemsley?utm_source=sse554_capstone&utm_medium=referral
https://example.com/images/smart_fitness_tracker_724.jpg,Smart Fitness Tracker 724,Summit Gear Co.,"The Smart Fitness Tracker 724 by Summit Gear Co. delivers dependable performance with quality materials and thoughtful design. It is well suited for everyday use in the books category, offering a strong balance of value and functionality.",Books,"Ergonomic, Waterproof, New Arrival, Portable, Premium",796.47,2.1,5727,1821,2019-09-27,10=@dZHePtaG,Kalen Emsley,https://unsplash.com/@kalenemsley?utm_source=sse554_capstone&utm_medium=referral
https://example.com/images/compact_fitness_tracker_819.jpg,Compact Fitness Tracker 819,BlueRiver Outfitters,"The Compact Fitness Tracker 819 by BlueRiver Outfitters delivers dependable performance with quality materials and thoughtful design. It is well suited for everyday use in the sports & outdoors category, offering a strong balance of value and functionality.",Sports & Outdoors,"Versatile, New Arrival, Essential, Rechargeable, Giftable",600.76,4.6,4049,1854,2022-04-14,Uk!0?<F73b8P,Kalen Emsley,https://unsplash.com/@kalenemsley?utm_source=sse554_capstone&utm_medium=referral
https://example.com/images/professional_noise_cancelling_headphones_672.jpg,Professional Noise Cancelling Headphones 672,UrbanNest,"The Professional Noise Cancelling Headphones 672 by UrbanNest delivers dependable performance with quality materials and thoughtful design. It is well suited for everyday use in the electronics category, offering a strong balance of value and functionality.",Electronics,"Lightweight, Premium, Waterproof, Ergonomic, Versatile",795.88,1.5,3633,387,2023-12-23,[&ho>N.`!}vp,Kalen Emsley,https://unsplash.com/@kalenemsley?utm_source=sse554_capstone&utm_medium=referral
https://example.com/images/ultra_cookware_set_918.jpg,Ultra Cookware Set 918,Horizon Tech,"The Ultra Cookware Set 918 by Horizon Tech delivers dependable performance with quality materials and thoughtful design. It is well suited for everyday use in the office supplies category, offering a strong balance of value and functionality.",Office Supplies,"Wireless, Versatile, Modern, Essential, Limited Edition",357.81,4.5,9225,1825,2016-04-12,jRZd*pReDhhb,Kalen Emsley,https://unsplash.com/@kalenemsley?utm_source=sse554_capstone&utm_medium=referral
https://example.com/images/compact_fitness_tracker_788.jpg,Compact Fitness Tracker 788,Summit Gear Co.,"The Compact Fitness Tracker 788 by Summit Gear Co. delivers dependable performance with quality materials and thoughtful design. It is well suited for everyday use in the books category, offering a strong balance of value and functionality.",Books,"Portable, Ergonomic, Rechargeable, Modern, Giftable",615.81,1.1,7307,1813,2017-11-21,q`[#X0kf>/kF,Kalen Emsley,https://unsplash.com/@kalenemsley?utm_source=sse554_capstone&utm_medium=referral
https://example.com/images/ultra_backpack_358.jpg,Ultra Backpack 358,Horizon Tech,"The Ultra Backpack 358 by Horizon Tech delivers dependable performance with quality materials and thoughtful design. It is well suited for everyday use in the electronics category, offering a strong balance of value and functionality.",Electronics,"Lightweight, Durable, New Arrival, Limited Edition, Ergonomic",550.22,2.1,7681,869,2023-07-04,"""NzLNC@jmEo\",Kalen Emsley,https://unsplash.com/@kalenemsley?utm_source=sse554_capstone&utm_medium=referral
https://example.com/images/compact_external_hard_drive_319.jpg,Compact External Hard Drive 319,BlueRiver Outfitters,"The Compact External Hard Drive 319 by BlueRiver Outfitters delivers dependable performance with quality materials and thoughtful design. It is well suited for everyday use in the electronics category, offering a strong balance of value and functionality.",Electronics,"Portable, Waterproof, Giftable, Bestseller, Versatile",126.56,4.6,5177,1692,2017-08-15,"v""g,UJJ^xV[B",Kalen Emsley,https://unsplash.com/@kalenemsley?utm_source=sse554_capstone&utm_medium=referral
https://example.com/images/wireless_fitness_tracker_253.jpg,Wireless Fitness Tracker 253,NorthPeak,"The Wireless Fitness Tracker 253 by NorthPeak delivers dependable performance with quality materials and thoughtful design. It is well suited for everyday use in the electronics category, offering a strong balance of value and functionality.",Electronics,"Wireless, Compact, Giftable, Bestseller, Rechargeable",157.8,1.1,7349,455,2016-10-01,m-P2|zE*k%;_,Kalen Emsley,https://unsplash.com/@kalenemsley?utm_source=sse554_capstone&utm_medium=referral
https://example.com/images/smart_smartphone_stand_290.jpg,Smart Smartphone Stand 290,Horizon Tech,"The Smart Smartphone Stand 290 by Horizon Tech delivers dependable performance with quality materials and thoughtful design. It is well suited for everyday use in the sports & outdoors category, offering a strong balance of value and functionality.",Sports & Outdoors,"Durable, Compact, Essential, Limited Edition, Premium",9.72,2.7,4372,1177,2025-04-06,3<BKxc]ZS<&+,Kalen Emsley,https://unsplash.com/@kalenemsley?utm_source=sse554_capstone&utm_medium=referral
https://example.com/images/ultra_yoga_mat_582.jpg,Ultra Yoga Mat 582,NorthPeak,"The Ultra Yoga Mat 582 by NorthPeak delivers dependable performance with quality materials and thoughtful design. It is well suited for everyday use in the home & kitchen category, offering a strong balance of value and functionality.",Home & Kitchen,"Versatile, Portable, Bestseller, Compact, Wireless",453.8,1.7,6849,1968,2016-07-08,zzu&y)u@`[=t,Kalen Emsley,https://unsplash.com/@kalenemsley?utm_source=sse554_capstone&utm_medium=referral
https://example.com/images/smart_graphic_t-shirt_373.jpg,Smart Graphic T-Shirt 373,SilverLine Electronics,"The Smart Graphic T-Shirt 373 by SilverLine Electronics delivers dependable performance with quality materials and thoughtful design. It is well suited for everyday use in the office supplies category, offering a strong balance of value and functionality.",Office Supplies,"Versatile, Giftable, Lightweight, Modern, Portable",382.68,2.5,56,1493,2021-06-17,JA(O;7'<iTU/,Kalen Emsley,https://unsplash.com/@kalenemsley?utm_source=sse554_capstone&utm_medium=referral
https://example.com/images/wireless_backpack_118.jpg,Wireless Backpack 118,SilverLine Electronics,"The Wireless Backpack 118 by SilverLine Electronics delivers dependable performance with quality materials and thoughtful design. It is well suited for everyday use in the office supplies category, offering a strong balance of value and functionality.",Office Supplies,"Modern, Wireless, Rechargeable, Waterproof, New Arrival",235.78,3.3,969,266,2024-07-09,6uZ/K'RmO1+;,Kalen Emsley,https://unsplash.com/@kalenemsley?utm_source=sse554_capstone&utm_medium=referral
https://example.com/images/smart_science_fiction_novel_700.jpg,Smart Science Fiction Novel 700,NorthPeak,"The Smart Science Fiction Novel 700 by NorthPeak delivers dependable performance with quality materials and thoughtful design. It is well suited for everyday use in the clothing category, offering a strong balance of value and functionality.",Clothing,"Bestseller, Modern, Wireless, Versatile, Limited Edition",66.92,4.2,350,1058,2017-02-24,Z-5QHtWEfy>[,Kalen Emsley,https://unsplash.com/@kalenemsley?utm_source=sse554_capstone&utm_medium=referral
https://example.com/images/advanced_running_shoes_218.jpg,Advanced Running Shoes 218,SilverLine Electronics,"The Advanced Running Shoes 218 by SilverLine Electronics delivers dependable performance with quality materials and thoughtful design. It is well suited for everyday use in the electronics category, offering a strong balance of value and functionality.",Electronics,"Versatile, Essential, Portable, Premium, Ergonomic",402.84,4.1,9663,212,2023-08-09,"|z;*pr2&=,FZ",Kalen Emsley,https://unsplash.com/@kalenemsley?utm_source=sse554_capstone&utm_medium=referral
https://example.com/images/compact_4k_monitor_197.jpg,Compact 4K Monitor 197,BrightLeaf Publishing,"The Compact 4K Monitor 197 by BrightLeaf Publishing delivers dependable performance with quality materials and thoughtful design. It is well suited for everyday use in the sports & outdoors category, offering a strong balance of value and functionality.",Sports & Outdoors,"Compact, Versatile, Premium, Waterproof, Giftable",485.96,2.8,4494,814,2019-06-02,^mahYU+U)Ci$,Kalen Emsley,https://unsplash.com/@kalenemsley?utm_source=sse554_capstone&utm_medium=referral
https://example.com/images/compact_smartphone_stand_740.jpg,Compact Smartphone Stand 740,BlueRiver Outfitters,"The Compact Smartphone Stand 740 by BlueRiver Outfitters delivers dependable performance with quality materials and thoughtful design. It is well suited for everyday use in the office supplies category, offering a strong balance of value and functionality.",Office Supplies,"Limited Edition, Lightweight, Giftable, Versatile, Premium",736.11,1.2,8077,1161,2022-05-13,fC*U6nE6f`y),Kalen Emsley,https://unsplash.com/@kalenemsley?utm_source=sse554_capstone&utm_medium=referral
https://example.com/images/professional_running_shoes_516.jpg,Professional Running Shoes 516,NorthPeak,"The Professional Running Shoes 516 by NorthPeak delivers dependable performance with quality materials and thoughtful design. It is well suited for everyday use in the sports & outdoors category, offering a strong balance of value and functionality.",Sports & Outdoors,"Giftable, Limited Edition, Lightweight, Waterproof, Essential",398.04,4.6,2981,1768,2020-09-20,9MEf2r~fp7_0,Kalen Emsley,https://unsplash.com/@kalenemsley?utm_source=sse554_capstone&utm_medium=referral
https://example.com/images/premium_mechanical_keyboard_731.jpg,Premium Mechanical Keyboard 731,Summit Gear Co.,"The Premium Mechanical Keyboard 731 by Summit Gear Co. delivers dependable performance with quality materials and thoughtful design. It is well suited for everyday use in the electronics category, offering a strong balance of value and functionality.",Electronics,"Lightweight, Giftable, New Arrival, Portable, Durable",669.01,3.8,3965,1366,2018-04-20,B^kO{fNia:@{,Kalen Emsley,https://unsplash.com/@kalenemsley?utm_source=sse554_capstone&utm_medium=referral
https://example.com/images/ultra_noise_cancelling_headphones_833.jpg,Ultra Noise Cancelling Headphones 833,NorthPeak,"The Ultra Noise Cancelling Headphones 833 by NorthPeak delivers dependable performance with quality materials and thoughtful design. It is well suited for everyday use in the books category, offering a strong balance of value and functionality.",Books,"Bestseller, Ergonomic, Durable, Wireless, Essential",442.33,1.1,3998,221,2022-04-12,03dXB#/gFied,Kalen Emsley,https://unsplash.com/@kalenemsley?utm_source=sse554_capstone&utm_medium=referral
https://example.com/images/premium_running_shoes_141.jpg,Premium Running Shoes 141,UrbanNest,"The Premium Running Shoes 141 by UrbanNest delivers dependable performance with quality materials and thoughtful design. It is well suited for everyday use in the electronics category, offering a strong balance of value and functionality.",Electronics,"Premium, New Arrival, Portable, Limited Edition, Wireless",82.12,2.4,2434,776,2018-07-04,SC7&~H8O$-nC,Kalen Emsley,https://unsplash.com/@kalenemsley?utm_source=sse554_capstone&utm_medium=referral
https://example.com/images/advanced_led_desk_lamp_414.jpg,Advanced LED Desk Lamp 414,BlueRiver Outfitters,"The Advanced LED Desk Lamp 414 by BlueRiver Outfitters delivers dependable performance with quality materials and thoughtful design. It is well suited for everyday use in the clothing category, offering a strong balance of value and functionality.",Clothing,"Giftable, Rechargeable, Essential, Wireless, Portable",478.76,1.5,3385,1250,2016-07-17,LzxzkyXykM0x,Kalen Emsley,https://unsplash.com/@kalenemsley?utm_source=sse554_capstone&utm_medium=referral
https://example.com/images/smart_noise_cancelling_headphones_949.jpg,Smart Noise Cancelling Headphones 949,NorthPeak,"The Smart Noise Cancelling Headphones 949 by NorthPeak delivers dependable performance with quality materials and thoughtful design. It is well suited for everyday use in the office supplies category, offering a strong balance of value and functionality.",Office Supplies,"Compact, Essential, Giftable, Durable, Versatile",560.83,4.3,696,916,2017-12-04,I*{yV1B"oQR~,Kalen Emsley,https://unsplash.com/@kalenemsley?utm_source=sse554_capstone&utm_medium=referral
https://example.com/images/advanced_mechanical_keyboard_219.jpg,Advanced Mechanical Keyboard 219,BlueRiver Outfitters,"The Advanced Mechanical Keyboard 219 by BlueRiver Outfitters delivers dependable performance with quality materials and thoughtful design. It is well suited for everyday use in the office supplies category, offering a strong balance of value and functionality.",Office Supplies,"Lightweight, Versatile, Compact, Ergonomic, Rechargeable",627.94,4.0,9016,853,2022-11-17,"]#Wny,$<:'So",Kalen Emsley,https://unsplash.com/@kalenemsley?utm_source=sse554_capstone&utm_medium=referral
https://example.com/images/premium_led_desk_lamp_885.jpg,Premium LED Desk Lamp 885,BlueRiver Outfitters,"The Premium LED Desk Lamp 885 by BlueRiver Outfitters delivers dependable performance with quality materials and thoughtful design. It is well suited for everyday use in the electronics category, offering a strong balance of value and functionality.",Electronics,"Rechargeable, Limited Edition, Lightweight, New Arrival, Wireless",386.24,1.3,6520,381,2017-03-20,VdDQZ7_L8Nai,Kalen Emsley,https://unsplash.com/@kalenemsley?utm_source=sse554_capstone&utm_medium=referral
https://example.com/images/ultra_running_shoes_203.jpg,Ultra Running Shoes 203,Summit Gear Co.,"The Ultra Running Shoes 203 by Summit Gear Co. delivers dependable performance with quality materials and thoughtful design. It is well suited for everyday use in the clothing category, offering a strong balance of value and functionality.",Clothing,"Waterproof, Bestseller, Limited Edition, Lightweight, New Arrival",112.96,3.3,298,608,2017-12-24,[~UaW=x(|#Pr,Kalen Emsley,https://unsplash.com/@kalenemsley?utm_source=sse554_capstone&utm_medium=referral
https://example.com/images/advanced_cookbook_250.jpg,Advanced Cookbook 250,NorthPeak,"The Advanced Cookbook 250 by NorthPeak delivers dependable performance with quality materials and thoughtful design. It is well suited for everyday use in the clothing category, offering a strong balance of value and functionality.",Clothing,"Wireless, Premium, Lightweight, Limited Edition, Rechargeable",692.29,2.2,2919,498,2025-02-18,x-@aq6^z.'v<,Kalen Emsley,https://unsplash.com/@kalenemsley?utm_source=sse554_capstone&utm_medium=referral
https://example.com/images/compact_stainless_steel_water_bottle_784.jpg,Compact Stainless Steel Water Bottle 784,Summit Gear Co.,"The Compact Stainless Steel Water Bottle 784 by Summit Gear Co. delivers dependable performance with quality materials and thoughtful design. It is well suited for everyday use in the clothing category, offering a strong balance of value and functionality.",Clothing,"Limited Edition, Premium, Lightweight, Portable, Rechargeable",166.02,4.8,3851,1167,2020-02-27,"`tr,`W)N2\;*",Kalen Emsley,https://unsplash.com/@kalenemsley?utm_source=sse554_capstone&utm_medium=referral
https://example.com/images/premium_science_fiction_novel_382.jpg,Premium Science Fiction Novel 382,Maple Street Press,"The Premium Science Fiction Novel 382 by Maple Street Press delivers dependable performance with quality materials and thoughtful design. It is well suited for everyday use in the books category, offering a strong balance of value and functionality.",Books,"Compact, Bestseller, Lightweight, Portable, Wireless",606.82,3.8,2107,1843,2023-03-31,s|VBAmdIr`%\,Kalen Emsley,https://unsplash.com/@kalenemsley?utm_source=sse554_capstone&utm_medium=referral
https://example.com/images/smart_cookbook_430.jpg,Smart Cookbook 430,BrightLeaf Publishing,"The Smart Cookbook 430 by BrightLeaf Publishing delivers dependable performance with quality materials and thoughtful design. It is well suited for everyday use in the office supplies category, offering a strong balance of value and functionality.",Office Supplies,"Bestseller, Rechargeable, Essential, Giftable, Ergonomic",161.77,3.8,1351,880,2024-11-05,":d]g@u"",%alj",Kalen Emsley,https://unsplash.com/@kalenemsley?utm_source=sse554_capstone&utm_medium=referral
https://example.com/images/eco_cookbook_902.jpg,Eco Cookbook 902,Maple Street Press,"The Eco Cookbook 902 by Maple Street Press delivers dependable performance with quality materials and thoughtful design. It is well suited for everyday use in the electronics category, offering a strong balance of value and functionality.",Electronics,"Waterproof, Wireless, Essential, Ergonomic, Compact",489.21,2.6,5237,92,2016-12-23,n5xhtdW<OA@:,Kalen Emsley,https://unsplash.com/@kalenemsley?utm_source=sse554_capstone&utm_medium=referral
https://example.com/images/eco_backpack_712.jpg,Eco Backpack 712,BlueRiver Outfitters,"The Eco Backpack 712 by BlueRiver Outfitters delivers dependable performance with quality materials and thoughtful design. It is well suited for everyday use in the home & kitchen category, offering a strong balance of value and functionality.",Home & Kitchen,"Modern, Compact, Ergonomic, Lightweight, Waterproof",444.16,3.9,515,205,2021-06-19,Gm8R7s}6Q>@7,Kalen Emsley,https://unsplash.com/@kalenemsley?utm_source=sse554_capstone&utm_medium=referral
https://example.com/images/professional_mechanical_keyboard_721.jpg,Professional Mechanical Keyboard 721,NorthPeak,"The Professional Mechanical Keyboard 721 by NorthPeak delivers dependable performance with quality materials and thoughtful design. It is well suited for everyday use in the office supplies category, offering a strong balance of value and functionality.",Office Supplies,"Ergonomic, New Arrival, Portable, Giftable, Wireless",105.09,2.8,514,1113,2017-11-05,*do6@Tm-l=g(,Kalen Emsley,https://unsplash.com/@kalenemsley?utm_source=sse554_capstone&utm_medium=referral
https://example.com/images/portable_mechanical_keyboard_969.jpg,Portable Mechanical Keyboard 969,BlueRiver Outfitters,"The Portable Mechanical Keyboard 969 by BlueRiver Outfitters delivers dependable performance with quality materials and thoughtful design. It is well suited for everyday use in the books category, offering a strong balance of value and functionality.",Books,"Durable, Essential, Portable, Bestseller, Rechargeable",314.2,4.4,2531,10,2017-02-17,{HOXJ5k?B>@W,Kalen Emsley,https://unsplash.com/@kalenemsley?utm_source=sse554_capstone&utm_medium=referral
https://example.com/images/compact_running_shoes_346.jpg,Compact Running Shoes 346,Summit Gear Co.,"The Compact Running Shoes 346 by Summit Gear Co. delivers dependable performance with quality materials and thoughtful design. It is well suited for everyday use in the books category, offering a strong balance of value and functionality.",Books,"Versatile, Durable, Rechargeable, Bestseller, Lightweight",213.5,4.8,9825,49,2022-02-02,_c_yY~?zVGpx,Kalen Emsley,https://unsplash.com/@kalenemsley?utm_source=sse554_capstone&utm_medium=referral
https://example.com/images/wireless_action_camera_204.jpg,Wireless Action Camera 204,BrightLeaf Publishing,"The Wireless Action Camera 204 by BrightLeaf Publishing delivers dependable performance with quality materials and thoughtful design. It is well suited for everyday use in the home & kitchen category, offering a strong balance of value and functionality.",Home & Kitchen,"Modern, Bestseller, Waterproof, Lightweight, Essential",712.45,1.5,9556,683,2024-07-23,UV*x=e63my:l,Kalen Emsley,https://unsplash.com/@kalenemsley?utm_source=sse554_capstone&utm_medium=referral
https://example.com/images/classic_stainless_steel_water_bottle_408.jpg,Classic Stainless Steel Water Bottle 408,BrightLeaf Publishing,"The Classic Stainless Steel Water Bottle 408 by BrightLeaf Publishing delivers dependable performance with quality materials and thoughtful design. It is well suited for everyday use in the electronics category, offering a strong balance of value and functionality.",Electronics,"Premium, Compact, New Arrival, Ergonomic, Waterproof",639.37,3.1,8125,1070,2025-03-10,=(a55BV$a36B,Kalen Emsley,https://unsplash.com/@kalenemsley?utm_source=sse554_capstone&utm_medium=referral
https://example.com/images/wireless_smartphone_stand_909.jpg,Wireless Smartphone Stand 909,BlueRiver Outfitters,"The Wireless Smartphone Stand 909 by BlueRiver Outfitters delivers dependable performance with quality materials and thoughtful design. It is well suited for everyday use in the electronics category, offering a strong balance of value and functionality.",Electronics,"Essential, Durable, Compact, Lightweight, Giftable",645.01,1.2,3221,1518,2025-04-02,]F?}j3m5G#~",Kalen Emsley,https://unsplash.com/@kalenemsley?utm_source=sse554_capstone&utm_medium=referral
https://example.com/images/wireless_office_chair_580.jpg,Wireless Office Chair 580,Maple Street Press,"The Wireless Office Chair 580 by Maple Street Press delivers dependable performance with quality materials and thoughtful design. It is well suited for everyday use in the office supplies category, offering a strong balance of value and functionality.",Office Supplies,"Compact, Ergonomic, Giftable, New Arrival, Waterproof",553.95,3.0,8082,352,2022-11-15,!#P2#iCN`W{^,Kalen Emsley,https://unsplash.com/@kalenemsley?utm_source=sse554_capstone&utm_medium=referral
https://example.com/images/smart_smartphone_stand_533.jpg,Smart Smartphone Stand 533,Horizon Tech,"The Smart Smartphone Stand 533 by Horizon Tech delivers dependable performance with quality materials and thoughtful design. It is well suited for everyday use in the books category, offering a strong balance of value and functionality.",Books,"Portable, Premium, Giftable, Wireless, Waterproof",398.58,2.2,547,7,2025-08-22,?PPeIu3`8b--,Kalen Emsley,https://unsplash.com/@kalenemsley?utm_source=sse554_capstone&utm_medium=referral
https://example.com/images/wireless_stainless_steel_water_bottle_742.jpg,Wireless Stainless Steel Water Bottle 742,Maple Street Press,"The Wireless Stainless Steel Water Bottle 742 by Maple Street Press delivers dependable performance with quality materials and thoughtful design. It is well suited for everyday use in the home & kitchen category, offering a strong balance of value and functionality.",Home & Kitchen,"Wireless, New Arrival, Ergonomic, Modern, Giftable",71.88,2.4,6318,760,2019-04-25,!z-=b$HWTO1B,Kalen Emsley,https://unsplash.com/@kalenemsley?utm_source=sse554_capstone&utm_medium=referral
https://example.com/images/classic_yoga_mat_236.jpg,Classic Yoga Mat 236,Summit Gear Co.,"The Classic Yoga Mat 236 by Summit Gear Co. delivers dependable performance with quality materials and thoughtful design. It is well suited for everyday use in the home & kitchen category, offering a strong balance of value and functionality.",Home & Kitchen,"Premium, Versatile, Modern, New Arrival, Essential",600.79,1.3,7683,1678,2019-09-01,`Bk*?E-nc.vc,Kalen Emsley,https://unsplash.com/@kalenemsley?utm_source=sse554_capstone&utm_medium=referral
https://example.com/images/portable_cookware_set_685.jpg,Portable Cookware Set 685,Horizon Tech,"The Portable Cookware Set 685 by Horizon Tech delivers dependable performance with quality materials and thoughtful design. It is well suited for everyday use in the home & kitchen category, offering a strong balance of value and functionality.",Home & Kitchen,"Essential, Bestseller, Modern, Giftable, Rechargeable",455.23,1.3,7743,1227,2021-03-09,p+v(?$;Gnp=`,Kalen Emsley,https://unsplash.com/@kalenemsley?utm_source=sse554_capstone&utm_medium=referral
https://example.com/images/eco_action_camera_964.jpg,Eco Action Camera 964,BlueRiver Outfitters,"The Eco Action Camera 964 by BlueRiver Outfitters delivers dependable performance with quality materials and thoughtful design. It is well suited for everyday use in the office supplies category, offering a strong balance of value and functionality.",Office Supplies,"Limited Edition, Essential, Wireless, Rechargeable, Compact",520.92,4.0,7860,1282,2023-07-22,x+K4TM<&.<$`,Kalen Emsley,https://unsplash.com/@kalenemsley?utm_source=sse554_capstone&utm_medium=referral
https://example.com/images/eco_electric_kettle_467.jpg,Eco Electric Kettle 467,Summit Gear Co.,"The Eco Electric Kettle 467 by Summit Gear Co. delivers dependable performance with quality materials and thoughtful design. It is well suited for everyday use in the sports & outdoors category, offering a strong balance of value and functionality.",Sports & Outdoors,"Premium, Compact, Waterproof, Lightweight, New Arrival",419.27,1.2,948,247,2021-08-25,Q~DGu(pVAY_v,Kalen Emsley,https://unsplash.com/@kalenemsley?utm_source=sse554_capstone&utm_medium=referral
https://example.com/images/wireless_fitness_tracker_967.jpg,Wireless Fitness Tracker 967,BlueRiver Outfitters,"The Wireless Fitness Tracker 967 by BlueRiver Outfitters delivers dependable performance with quality materials and thoughtful design. It is well suited for everyday use in the books category, offering a strong balance of value and functionality.",Books,"Wireless, Modern, Premium, Durable, Versatile",701.13,3.7,5605,1519,2022-10-03,"Qn!OV)$jU,]H",Kalen Emsley,https://unsplash.com/@kalenemsley?utm_source=sse554_capstone&utm_medium=referral
https://example.com/images/classic_fitness_tracker_977.jpg,Classic Fitness Tracker 977,SilverLine Electronics,"The Classic Fitness Tracker 977 by SilverLine Electronics delivers dependable performance with quality materials and thoughtful design. It is well suited for everyday use in the office supplies category, offering a strong balance of value and functionality.",Office Supplies,"Portable, Limited Edition, Durable, Versatile, Wireless",762.94,2.1,9368,1891,2022-10-28,"""%|V88tOCyZ4",Kalen Emsley,https://unsplash.com/@kalenemsley?utm_source=sse554_capstone&utm_medium=referral
https://example.com/images/professional_graphic_t-shirt_527.jpg,Professional Graphic T-Shirt 527,BrightLeaf Publishing,"The Professional Graphic T-Shirt 527 by BrightLeaf Publishing delivers dependable performance with quality materials and thoughtful design. It is well suited for everyday use in the office supplies category, offering a strong balance of value and functionality.",Office Supplies,"Rechargeable, Waterproof, Essential, Giftable, Compact",30.23,2.3,1271,1859,2019-03-20,rkr}^+}pXYf&,Kalen Emsley,https://unsplash.com/@kalenemsley?utm_source=sse554_capstone&utm_medium=referral
https://example.com/images/compact_electric_kettle_181.jpg,Compact Electric Kettle 181,Summit Gear Co.,"The Compact Electric Kettle 181 by Summit Gear Co. delivers dependable performance with quality materials and thoughtful design. It is well suited for everyday use in the electronics category, offering a strong balance of value and functionality.",Electronics,"Ergonomic, Versatile, Limited Edition, Modern, Premium",665.05,1.6,1252,919,2022-07-07,mxS9-cYDz]^%,Kalen Emsley,https://unsplash.com/@kalenemsley?utm_source=sse554_capstone&utm_medium=referral
https://example.com/images/ultra_gaming_mouse_321.jpg,Ultra Gaming Mouse 321,BrightLeaf Publishing,"The Ultra Gaming Mouse 321 by BrightLeaf Publishing delivers dependable performance with quality materials and thoughtful design. It is well suited for everyday use in the home & kitchen category, offering a strong balance of value and functionality.",Home & Kitchen,"Wireless, Bestseller, Giftable, Waterproof, Rechargeable",143.4,4.2,7929,1897,2023-01-14,It]\TD3wNnhH,Kalen Emsley,https://unsplash.com/@kalenemsley?utm_source=sse554_capstone&utm_medium=referral
https://example.com/images/compact_4k_monitor_257.jpg,Compact 4K Monitor 257,Maple Street Press,"The Compact 4K Monitor 257 by Maple Street Press delivers dependable performance with quality materials and thoughtful design. It is well suited for everyday use in the clothing category, offering a strong balance of value and functionality.",Clothing,"Limited Edition, Compact, Premium, Modern, Durable",509.22,4.0,7294,1224,2016-08-14,`]31VI1|U>/m,Kalen Emsley,https://unsplash.com/@kalenemsley?utm_source=sse554_capstone&utm_medium=referral
https://example.com/images/smart_science_fiction_novel_185.jpg,Smart Science Fiction Novel 185,SilverLine Electronics,"The Smart Science Fiction Novel 185 by SilverLine Electronics delivers dependable performance with quality materials and thoughtful design. It is well suited for everyday use in the home & kitchen category, offering a strong balance of value and functionality.",Home & Kitchen,"Durable, Wireless, Rechargeable, Compact, Portable",341.49,4.4,6401,460,2020-02-10,gGBX%1"Z%t)],Kalen Emsley,https://unsplash.com/@kalenemsley?utm_source=sse554_capstone&utm_medium=referral
https://example.com/images/professional_4k_monitor_582.jpg,Professional 4K Monitor 582,SilverLine Electronics,"The Professional 4K Monitor 582 by SilverLine Electronics delivers dependable performance with quality materials and thoughtful design. It is well suited for everyday use in the office supplies category, offering a strong balance of value and functionality.",Office Supplies,"Bestseller, Premium, Limited Edition, Giftable, Versatile",292.14,2.9,4698,806,2024-10-03,&/Ea]v_1*nFp,Kalen Emsley,https://unsplash.com/@kalenemsley?utm_source=sse554_capstone&utm_medium=referral
https://example.com/images/smart_graphic_t-shirt_963.jpg,Smart Graphic T-Shirt 963,UrbanNest,"The Smart Graphic T-Shirt 963 by UrbanNest delivers dependable performance with quality materials and thoughtful design. It is well suited for everyday use in the electronics category, offering a strong balance of value and functionality.",Electronics,"Limited Edition, Waterproof, Premium, Bestseller, Lightweight",261.67,2.5,772,1669,2019-07-04,J3Jja7iA<a:{,Kalen Emsley,https://unsplash.com/@kalenemsley?utm_source=sse554_capstone&utm_medium=referral
https://example.com/images/compact_backpack_354.jpg,Compact Backpack 354,Maple Street Press,"The Compact Backpack 354 by Maple Street Press delivers dependable performance with quality materials and thoughtful design. It is well suited for everyday use in the books category, offering a strong balance of value and functionality.",Books,"Versatile, Bestseller, Waterproof, Modern, New Arrival",315.85,3.9,9139,23,2023-01-13,cAMvdTK?K]f',Kalen Emsley,https://unsplash.com/@kalenemsley?utm_source=sse554_capstone&utm_medium=referral
https://example.com/images/compact_office_chair_599.jpg,Compact Office Chair 599,NorthPeak,"The Compact Office Chair 599 by NorthPeak delivers dependable performance with quality materials and thoughtful design. It is well suited for everyday use in the sports & outdoors category, offering a strong balance of value and functionality.",Sports & Outdoors,"Ergonomic, Limited Edition, Modern, Wireless, Lightweight",534.6,3.4,3149,1684,2016-10-16,"T!c>fmL,}<RX",Kalen Emsley,https://unsplash.com/@kalenemsley?utm_source=sse554_capstone&utm_medium=referral
https://example.com/images/premium_4k_monitor_578.jpg,Premium 4K Monitor 578,BlueRiver Outfitters,"The Premium 4K Monitor 578 by BlueRiver Outfitters delivers dependable performance with quality materials and thoughtful design. It is well suited for everyday use in the books category, offering a strong balance of value and functionality.",Books,"Durable, Rechargeable, Essential, Ergonomic, Portable",140.2,3.0,2939,1458,2023-08-27,{W2)owoSA|it,Kalen Emsley,https://unsplash.com/@kalenemsley?utm_source=sse554_capstone&utm_medium=referral
https://example.com/images/premium_backpack_725.jpg,Premium Backpack 725,Maple Street Press,"The Premium Backpack 725 by Maple Street Press delivers dependable performance with quality materials and thoughtful design. It is well suited for everyday use in the sports & outdoors category, offering a strong balance of value and functionality.",Sports & Outdoors,"Bestseller, Versatile, Lightweight, Wireless, Modern",274.77,3.1,76,586,2017-04-17,(wj~:/_u0kzH,Kalen Emsley,https://unsplash.com/@kalenemsley?utm_source=sse554_capstone&utm_medium=referral
https://example.com/images/eco_fitness_tracker_729.jpg,Eco Fitness Tracker 729,SilverLine Electronics,"The Eco Fitness Tracker 729 by SilverLine Electronics delivers dependable performance with quality materials and thoughtful design. It is well suited for everyday use in the books category, offering a strong balance of value and functionality.",Books,"Portable, Premium, Wireless, Compact, Modern",601.11,4.8,7600,376,2016-09-30,o{nwUt`Gc%1[,Kalen Emsley,https://unsplash.com/@kalenemsley?utm_source=sse554_capstone&utm_medium=referral
https://example.com/images/premium_external_hard_drive_684.jpg,Premium External Hard Drive 684,Maple Street Press,"The Premium External Hard Drive 684 by Maple Street Press delivers dependable performance with quality materials and thoughtful design. It is well suited for everyday use in the electronics category, offering a strong balance of value and functionality.",Electronics,"Durable, Lightweight, Essential, Compact, Portable",486.17,1.4,4368,1086,2023-07-12,"\gZDg^',9ff}",Kalen Emsley,https://unsplash.com/@kalenemsley?utm_source=sse554_capstone&utm_medium=referral
https://example.com/images/smart_office_chair_297.jpg,Smart Office Chair 297,SilverLine Electronics,"The Smart Office Chair 297 by SilverLine Electronics delivers dependable performance with quality materials and thoughtful design. It is well suited for everyday use in the home & kitchen category, offering a strong balance of value and functionality.",Home & Kitchen,"Durable, Lightweight, Bestseller, Wireless, New Arrival",54.08,1.0,7628,1517,2019-06-29,zwVjy/QoeUY9,Kalen Emsley,https://unsplash.com/@kalenemsley?utm_source=sse554_capstone&utm_medium=referral
https://example.com/images/smart_4k_monitor_149.jpg,Smart 4K Monitor 149,Summit Gear Co.,"The Smart 4K Monitor 149 by Summit Gear Co. delivers dependable performance with quality materials and thoughtful design. It is well suited for everyday use in the office supplies category, offering a strong balance of value and functionality.",Office Supplies,"Durable, Essential, Compact, Lightweight, New Arrival",282.04,4.8,1733,490,2025-05-21,~Jn1HBT'GxQJ,Kalen Emsley,https://unsplash.com/@kalenemsley?utm_source=sse554_capstone&utm_medium=referral
https://example.com/images/professional_running_shoes_967.jpg,Professional Running Shoes 967,NorthPeak,"The Professional Running Shoes 967 by NorthPeak delivers dependable performance with quality materials and thoughtful design. It is well suited for everyday use in the office supplies category, offering a strong balance of value and functionality.",Office Supplies,"Rechargeable, Giftable, Essential, Bestseller, New Arrival",339.57,3.1,7273,385,2025-05-20,Vj]Z5;kWtiw',Kalen Emsley,https://unsplash.com/@kalenemsley?utm_source=sse554_capstone&utm_medium=referral
https://example.com/images/wireless_led_desk_lamp_447.jpg,Wireless LED Desk Lamp 447,BrightLeaf Publishing,"The Wireless LED Desk Lamp 447 by BrightLeaf Publishing delivers dependable performance with quality materials and thoughtful design. It is well suited for everyday use in the clothing category, offering a strong balance of value and functionality.",Clothing,"Durable, Limited Edition, Wireless, Waterproof, Ergonomic",491.08,3.0,6016,1039,2025-02-19,xA+:EFvWO_gq,Kalen Emsley,https://unsplash.com/@kalenemsley?utm_source=sse554_capstone&utm_medium=referral
https://example.com/images/professional_science_fiction_novel_163.jpg,Professional Science Fiction Novel 163,BrightLeaf Publishing,"The Professional Science Fiction Novel 163 by BrightLeaf Publishing delivers dependable performance with quality materials and thoughtful design. It is well suited for everyday use in the home & kitchen category, offering a strong balance of value and functionality.",Home & Kitchen,"Limited Edition, Premium, Rechargeable, Bestseller, Modern",733.42,2.1,5470,67,2019-12-19,|J3IsKG)]`ud,Kalen Emsley,https://unsplash.com/@kalenemsley?utm_source=sse554_capstone&utm_medium=referral
https://example.com/images/classic_stainless_steel_water_bottle_255.jpg,Classic Stainless Steel Water Bottle 255,BlueRiver Outfitters,"The Classic Stainless Steel Water Bottle 255 by BlueRiver Outfitters delivers dependable performance with quality materials and thoughtful design. It is well suited for everyday use in the home & kitchen category, offering a strong balance of value and functionality.",Home & Kitchen,"Ergonomic, Compact, Portable, Modern, Essential",194.84,1.2,7128,237,2022-11-15,2s=~#!!aBuz2,Kalen Emsley,https://unsplash.com/@kalenemsley?utm_source=sse554_capstone&utm_medium=referral
https://example.com/images/compact_external_hard_drive_567.jpg,Compact External Hard Drive 567,Horizon Tech,"The Compact External Hard Drive 567 by Horizon Tech delivers dependable performance with quality materials and thoughtful design. It is well suited for everyday use in the books category, offering a strong balance of value and functionality.",Books,"Wireless, Rechargeable, Lightweight, New Arrival, Durable",56.0,1.3,2069,1342,2021-07-24,ZzSs8RLE&P\\,Kalen Emsley,https://unsplash.com/@kalenemsley?utm_source=sse554_capstone&utm_medium=referral
https://example.com/images/professional_led_desk_lamp_297.jpg,Professional LED Desk Lamp 297,BrightLeaf Publishing,"The Professional LED Desk Lamp 297 by BrightLeaf Publishing delivers dependable performance with quality materials and thoughtful design. It is well suited for everyday use in the clothing category, offering a strong balance of value and functionality.",Clothing,"Limited Edition, Premium, Wireless, Portable, Giftable",319.88,3.6,9960,647,2025-08-14,xo`(Ze&p#"-B,Kalen Emsley,https://unsplash.com/@kalenemsley?utm_source=sse554_capstone&utm_medium=referral
https://example.com/images/smart_4k_monitor_641.jpg,Smart 4K Monitor 641,SilverLine Electronics,"The Smart 4K Monitor 641 by SilverLine Electronics delivers dependable performance with quality materials and thoughtful design. It is well suited for everyday use in the clothing category, offering a strong balance of value and functionality.",Clothing,"Waterproof, Premium, Modern, Limited Edition, Rechargeable",789.37,4.8,4663,1698,2021-12-24,"2G@CGQ\_L,.d",Kalen Emsley,https://unsplash.com/@kalenemsley?utm_source=sse554_capstone&utm_medium=referral
https://example.com/images/smart_electric_kettle_317.jpg,Smart Electric Kettle 317,BlueRiver Outfitters,"The Smart Electric Kettle 317 by BlueRiver Outfitters delivers dependable performance with quality materials and thoughtful design. It is well suited for everyday use in the sports & outdoors category, offering a strong balance of value and functionality.",Sports & Outdoors,"Waterproof, Ergonomic, Portable, Premium, Durable",129.41,3.1,1190,1888,2017-01-22,DGr#~JgkQ0^A,Kalen Emsley,https://unsplash.com/@kalenemsley?utm_source=sse554_capstone&utm_medium=referral
https://example.com/images/ultra_bluetooth_speaker_111.jpg,Ultra Bluetooth Speaker 111,SilverLine Electronics,"The Ultra Bluetooth Speaker 111 by SilverLine Electronics delivers dependable performance with quality materials and thoughtful design. It is well suited for everyday use in the clothing category, offering a strong balance of value and functionality.",Clothing,"Waterproof, Versatile, Compact, Lightweight, Premium",257.65,2.0,9173,1991,2025-07-04,P=rr1l/$LvpK,Kalen Emsley,https://unsplash.com/@kalenemsley?utm_source=sse554_capstone&utm_medium=referral
https://example.com/images/premium_running_shoes_538.jpg,Premium Running Shoes 538,UrbanNest,"The Premium Running Shoes 538 by UrbanNest delivers dependable performance with quality materials and thoughtful design. It is well suited for everyday use in the office supplies category, offering a strong balance of value and functionality.",Office Supplies,"New Arrival, Giftable, Wireless, Portable, Limited Edition",534.69,4.7,1184,157,2023-03-28,d5!AoO(0Ip7a,Kalen Emsley,https://unsplash.com/@kalenemsley?utm_source=sse554_capstone&utm_medium=referral
https://example.com/images/classic_yoga_mat_566.jpg,Classic Yoga Mat 566,Horizon Tech,"The Classic Yoga Mat 566 by Horizon Tech delivers dependable performance with quality materials and thoughtful design. It is well suited for everyday use in the office supplies category, offering a strong balance of value and functionality.",Office Supplies,"Limited Edition, Rechargeable, Giftable, Ergonomic, Lightweight",238.79,2.4,6706,1228,2017-07-18,~;gj4UF"~P2m,Kalen Emsley,https://unsplash.com/@kalenemsley?utm_source=sse554_capstone&utm_medium=referral
https://example.com/images/classic_running_shoes_201.jpg,Classic Running Shoes 201,SilverLine Electronics,"The Classic Running Shoes 201 by SilverLine Electronics delivers dependable performance with quality materials and thoughtful design. It is well suited for everyday use in the books category, offering a strong balance of value and functionality.",Books,"Portable, Rechargeable, Giftable, Wireless, Compact",369.52,2.6,4798,90,2025-12-24,MsB7FxAAEoW%,Kalen Emsley,https://unsplash.com/@kalenemsley?utm_source=sse554_capstone&utm_medium=referral
https://example.com/images/eco_mechanical_keyboard_491.jpg,Eco Mechanical Keyboard 491,UrbanNest,"The Eco Mechanical Keyboard 491 by UrbanNest delivers dependable performance with quality materials and thoughtful design. It is well suited for everyday use in the clothing category, offering a strong balance of value and functionality.",Clothing,"Rechargeable, Essential, Modern, Bestseller, Compact",672.62,3.2,4521,150,2024-06-13,(I=b&]lLD.yq,Kalen Emsley,https://unsplash.com/@kalenemsley?utm_source=sse554_capstone&utm_medium=referral
https://example.com/images/advanced_action_camera_722.jpg,Advanced Action Camera 722,Summit Gear Co.,"The Advanced Action Camera 722 by Summit Gear Co. delivers dependable performance with quality materials and thoughtful design. It is well suited for everyday use in the books category, offering a strong balance of value and functionality.",Books,"Versatile, Compact, Waterproof, Limited Edition, Rechargeable",652.78,2.9,7513,1679,2016-11-06,h&!vH4J<3EK0,Kalen Emsley,https://unsplash.com/@kalenemsley?utm_source=sse554_capstone&utm_medium=referral
https://example.com/images/professional_fitness_tracker_628.jpg,Professional Fitness Tracker 628,Summit Gear Co.,"The Professional Fitness Tracker 628 by Summit Gear Co. delivers dependable performance with quality materials and thoughtful design. It is well suited for everyday use in the clothing category, offering a strong balance of value and functionality.",Clothing,"Wireless, Waterproof, Bestseller, Premium, Giftable",306.2,2.2,478,1019,2016-09-19,qvLk+p@0cL.H,Kalen Emsley,https://unsplash.com/@kalenemsley?utm_source=sse554_capstone&utm_medium=referral
https://example.com/images/compact_external_hard_drive_472.jpg,Compact External Hard Drive 472,Summit Gear Co.,"The Compact External Hard Drive 472 by Summit Gear Co. delivers dependable performance with quality materials and thoughtful design. It is well suited for everyday use in the electronics category, offering a strong balance of value and functionality.",Electronics,"Bestseller, Modern, Lightweight, Portable, Essential",249.8,2.3,6525,1756,2024-10-06,mn~L"/jP'r6n,Kalen Emsley,https://unsplash.com/@kalenemsley?utm_source=sse554_capstone&utm_medium=referral
https://example.com/images/eco_electric_kettle_739.jpg,Eco Electric Kettle 739,UrbanNest,"The Eco Electric Kettle 739 by UrbanNest delivers dependable performance with quality materials and thoughtful design. It is well suited for everyday use in the electronics category, offering a strong balance of value and functionality.",Electronics,"Portable, Ergonomic, Essential, Bestseller, Giftable",788.23,3.7,6934,1478,2021-03-05,FeXKn2=K(y%!,Kalen Emsley,https://unsplash.com/@kalenemsley?utm_source=sse554_capstone&utm_medium=referral
https://example.com/images/portable_cookware_set_476.jpg,Portable Cookware Set 476,UrbanNest,"The Portable Cookware Set 476 by UrbanNest delivers dependable performance with quality materials and thoughtful design. It is well suited for everyday use in the clothing category, offering a strong balance of value and functionality.",Clothing,"Premium, Versatile, Bestseller, Ergonomic, Essential",469.68,2.5,6943,1724,2021-05-24,]+{}{YX5!P(%,Kalen Emsley,https://unsplash.com/@kalenemsley?utm_source=sse554_capstone&utm_medium=referral
https://example.com/images/classic_mechanical_keyboard_114.jpg,Classic Mechanical Keyboard 114,BlueRiver Outfitters,"The Classic Mechanical Keyboard 114 by BlueRiver Outfitters delivers dependable performance with quality materials and thoughtful design. It is well suited for everyday use in the sports & outdoors category, offering a strong balance of value and functionality.",Sports & Outdoors,"Versatile, Wireless, Ergonomic, Bestseller, Portable",397.53,3.4,6835,246,2021-03-02,\7=!-=\~q{9-,Kalen Emsley,https://unsplash.com/@kalenemsley?utm_source=sse554_capstone&utm_medium=referral
https://example.com/images/wireless_mechanical_keyboard_597.jpg,Wireless Mechanical Keyboard 597,Summit Gear Co.,"The Wireless Mechanical Keyboard 597 by Summit Gear Co. delivers dependable performance with quality materials and thoughtful design. It is well suited for everyday use in the sports & outdoors category, offering a strong balance of value and functionality.",Sports & Outdoors,"Giftable, Versatile, Rechargeable, Essential, Modern",461.94,3.5,4576,485,2025-03-08,",O4tw-:e5Tmi",Kalen Emsley,https://unsplash.com/@kalenemsley?utm_source=sse554_capstone&utm_medium=referral
https://example.com/images/wireless_cookbook_735.jpg,Wireless Cookbook 735,SilverLine Electronics,"The Wireless Cookbook 735 by SilverLine Electronics delivers dependable performance with quality materials and thoughtful design. It is well suited for everyday use in the home & kitchen category, offering a strong balance of value and functionality.",Home & Kitchen,"Wireless, Essential, New Arrival, Premium, Limited Edition",499.03,4.1,527,1055,2024-06-04,q`gi1k0nksA*,Kalen Emsley,https://unsplash.com/@kalenemsley?utm_source=sse554_capstone&utm_medium=referral
https://example.com/images/classic_backpack_390.jpg,Classic Backpack 390,BrightLeaf Publishing,"The Classic Backpack 390 by BrightLeaf Publishing delivers dependable performance with quality materials and thoughtful design. It is well suited for everyday use in the office supplies category, offering a strong balance of value and functionality.",Office Supplies,"Giftable, Bestseller, Versatile, Essential, Limited Edition",545.16,3.5,1376,515,2017-04-04,^(Ga:>Feiz{G,Kalen Emsley,https://unsplash.com/@kalenemsley?utm_source=sse554_capstone&utm_medium=referral
https://example.com/images/wireless_action_camera_452.jpg,Wireless Action Camera 452,Horizon Tech,"The Wireless Action Camera 452 by Horizon Tech delivers dependable performance with quality materials and thoughtful design. It is well suited for everyday use in the sports & outdoors category, offering a strong balance of value and functionality.",Sports & Outdoors,"Giftable, Compact, Waterproof, Modern, Portable",109.58,2.2,9359,1150,2019-06-15,t[ivTUc|*O+t,Kalen Emsley,https://unsplash.com/@kalenemsley?utm_source=sse554_capstone&utm_medium=referral
https://example.com/images/classic_smartphone_stand_603.jpg,Classic Smartphone Stand 603,BrightLeaf Publishing,"The Classic Smartphone Stand 603 by BrightLeaf Publishing delivers dependable performance with quality materials and thoughtful design. It is well suited for everyday use in the home & kitchen category, offering a strong balance of value and functionality.",Home & Kitchen,"Premium, New Arrival, Portable, Lightweight, Essential",784.99,2.6,3158,1957,2024-08-02,M#zcVF|A[re`,Kalen Emsley,https://unsplash.com/@kalenemsley?utm_source=sse554_capstone&utm_medium=referral
https://example.com/images/eco_science_fiction_novel_571.jpg,Eco Science Fiction Novel 571,NorthPeak,"The Eco Science Fiction Novel 571 by NorthPeak delivers dependable performance with quality materials and thoughtful design. It is well suited for everyday use in the electronics category, offering a strong balance of value and functionality.",Electronics,"Modern, Giftable, Bestseller, Ergonomic, Durable",113.48,4.8,9294,1676,2016-08-29,C%jR:{R~EJGl,Kalen Emsley,https://unsplash.com/@kalenemsley?utm_source=sse554_capstone&utm_medium=referral
https://example.com/images/portable_gaming_mouse_562.jpg,Portable Gaming Mouse 562,UrbanNest,"The Portable Gaming Mouse 562 by UrbanNest delivers dependable performance with quality materials and thoughtful design. It is well suited for everyday use in the clothing category, offering a strong balance of value and functionality.",Clothing,"Durable, Premium, Ergonomic, Giftable, Limited Edition",463.96,4.8,3027,75,2021-05-30,m&\0V%fn?fbG,Kalen Emsley,https://unsplash.com/@kalenemsley?utm_source=sse554_capstone&utm_medium=referral
https://example.com/images/professional_cookbook_497.jpg,Professional Cookbook 497,Horizon Tech,"The Professional Cookbook 497 by Horizon Tech delivers dependable performance with quality materials and thoughtful design. It is well suited for everyday use in the home & kitchen category, offering a strong balance of value and functionality.",Home & Kitchen,"Waterproof, Lightweight, Premium, Rechargeable, Wireless",395.91,2.3,7392,1899,2024-04-26,Jdh-f+/m0wYi,Kalen Emsley,https://unsplash.com/@kalenemsley?utm_source=sse554_capstone&utm_medium=referral
https://example.com/images/ultra_4k_monitor_965.jpg,Ultra 4K Monitor 965,Maple Street Press,"The Ultra 4K Monitor 965 by Maple Street Press delivers dependable performance with quality materials and thoughtful design. It is well suited for everyday use in the books category, offering a strong balance of value and functionality.",Books,"Giftable, Wireless, Ergonomic, Durable, Compact",773.06,3.7,8070,212,2023-07-04,&+(wBSM}T"JF,Kalen Emsley,https://unsplash.com/@kalenemsley?utm_source=sse554_capstone&utm_medium=referral
https://example.com/images/portable_backpack_698.jpg,Portable Backpack 698,UrbanNest,"The Portable Backpack 698 by UrbanNest delivers dependable performance with quality materials and thoughtful design. It is well suited for everyday use in the books category, offering a strong balance of value and functionality.",Books,"Waterproof, Bestseller, Modern, New Arrival, Durable",510.63,1.2,48,1485,2023-11-28,6yh!K8>'q.v!,Kalen Emsley,https://unsplash.com/@kalenemsley?utm_source=sse554_capstone&utm_medium=referral
https://example.com/images/compact_cookbook_108.jpg,Compact Cookbook 108,UrbanNest,"The Compact Cookbook 108 by UrbanNest delivers dependable performance with quality materials and thoughtful design. It is well suited for everyday use in the electronics category, offering a strong balance of value and functionality.",Electronics,"New Arrival, Lightweight, Essential, Premium, Giftable",724.47,4.1,3953,1026,2016-01-05,l`Why6?9*Q(F,Kalen Emsley,https://unsplash.com/@kalenemsley?utm_source=sse554_capstone&utm_medium=referral
https://example.com/images/portable_4k_monitor_443.jpg,Portable 4K Monitor 443,SilverLine Electronics,"The Portable 4K Monitor 443 by SilverLine Electronics delivers dependable performance with quality materials and thoughtful design. It is well suited for everyday use in the clothing category, offering a strong balance of value and functionality.",Clothing,"Compact, Lightweight, Premium, Limited Edition, New Arrival",666.67,1.0,9354,1818,2025-12-26,bS6X:dsd^C(M,Kalen Emsley,https://unsplash.com/@kalenemsley?utm_source=sse554_capstone&utm_medium=referral
https://example.com/images/eco_mechanical_keyboard_543.jpg,Eco Mechanical Keyboard 543,UrbanNest,"The Eco Mechanical Keyboard 543 by UrbanNest delivers dependable performance with quality materials and thoughtful design. It is well suited for everyday use in the home & kitchen category, offering a strong balance of value and functionality.",Home & Kitchen,"Portable, New Arrival, Rechargeable, Bestseller, Compact",402.43,1.8,8454,474,2019-06-10,hGj[~!\b[@Bw,Kalen Emsley,https://unsplash.com/@kalenemsley?utm_source=sse554_capstone&utm_medium=referral
https://example.com/images/classic_stainless_steel_water_bottle_232.jpg,Classic Stainless Steel Water Bottle 232,Horizon Tech,"The Classic Stainless Steel Water Bottle 232 by Horizon Tech delivers dependable performance with quality materials and thoughtful design. It is well suited for everyday use in the electronics category, offering a strong balance of value and functionality.",Electronics,"Giftable, Modern, Compact, Premium, Essential",687.71,4.9,6928,1797,2016-05-08,X(d%~dcX0Ti),Kalen Emsley,https://unsplash.com/@kalenemsley?utm_source=sse554_capstone&utm_medium=referral
https://example.com/images/eco_bluetooth_speaker_618.jpg,Eco Bluetooth Speaker 618,UrbanNest,"The Eco Bluetooth Speaker 618 by UrbanNest delivers dependable performance with quality materials and thoughtful design. It is well suited for everyday use in the office supplies category, offering a strong balance of value and functionality.",Office Supplies,"Giftable, Portable, Compact, Modern, Essential",425.78,4.1,2358,1344,2017-06-09,"d,{0Ph~,/IX*",Kalen Emsley,https://unsplash.com/@kalenemsley?utm_source=sse554_capstone&utm_medium=referral
https://example.com/images/classic_external_hard_drive_960.jpg,Classic External Hard Drive 960,UrbanNest,"The Classic External Hard Drive 960 by UrbanNest delivers dependable performance with quality materials and thoughtful design. It is well suited for everyday use in the electronics category, offering a strong balance of value and functionality.",Electronics,"Premium, Rechargeable, Essential, Durable, Ergonomic",103.91,4.1,8378,1574,2025-05-25,"b(N`;q#\>^G,",Kalen Emsley,https://unsplash.com/@kalenemsley?utm_source=sse554_capstone&utm_medium=referral
https://example.com/images/smart_action_camera_251.jpg,Smart Action Camera 251,UrbanNest,"The Smart Action Camera 251 by UrbanNest delivers dependable performance with quality materials and thoughtful design. It is well suited for everyday use in the sports & outdoors category, offering a strong balance of value and functionality.",Sports & Outdoors,"Wireless, Versatile, Waterproof, Ergonomic, Portable",49.45,4.3,5341,923,2018-01-07,_3=f=>*cmb0g,Kalen Emsley,https://unsplash.com/@kalenemsley?utm_source=sse554_capstone&utm_medium=referral
https://example.com/images/advanced_running_shoes_700.jpg,Advanced Running Shoes 700,UrbanNest,"The Advanced Running Shoes 700 by UrbanNest delivers dependable performance with quality materials and thoughtful design. It is well suited for everyday use in the books category, offering a strong balance of value and functionality.",Books,"Limited Edition, Ergonomic, Wireless, Essential, Premium",765.02,4.2,4914,792,2021-03-08,2.g`5^miDsT\,Kalen Emsley,https://unsplash.com/@kalenemsley?utm_source=sse554_capstone&utm_medium=referral
https://example.com/images/eco_stainless_steel_water_bottle_510.jpg,Eco Stainless Steel Water Bottle 510,UrbanNest,"The Eco Stainless Steel Water Bottle 510 by UrbanNest delivers dependable performance with quality materials and thoughtful design. It is well suited for everyday use in the sports & outdoors category, offering a strong balance of value and functionality.",Sports & Outdoors,"Modern, New Arrival, Durable, Wireless, Compact",562.47,4.0,9875,1020,2021-09-03,%!vQYB.>Fs#:,Kalen Emsley,https://unsplash.com/@kalenemsley?utm_source=sse554_capstone&utm_medium=referral
https://example.com/images/professional_electric_kettle_450.jpg,Professional Electric Kettle 450,Maple Street Press,"The Professional Electric Kettle 450 by Maple Street Press delivers dependable performance with quality materials and thoughtful design. It is well suited for everyday use in the home & kitchen category, offering a strong balance of value and functionality.",Home & Kitchen,"Bestseller, Premium, Wireless, New Arrival, Modern",314.67,3.5,7014,1429,2022-08-22,5&3GAcl|<n\s,Kalen Emsley,https://unsplash.com/@kalenemsley?utm_source=sse554_capstone&utm_medium=referral
https://example.com/images/professional_bluetooth_speaker_469.jpg,Professional Bluetooth Speaker 469,Maple Street Press,"The Professional Bluetooth Speaker 469 by Maple Street Press delivers dependable performance with quality materials and thoughtful design. It is well suited for everyday use in the office supplies category, offering a strong balance of value and functionality.",Office Supplies,"Premium, Modern, Essential, Portable, Waterproof",478.96,1.3,4257,261,2025-09-16,[z|"k~C:<@TU,Kalen Emsley,https://unsplash.com/@kalenemsley?utm_source=sse554_capstone&utm_medium=referral
https://example.com/images/professional_external_hard_drive_154.jpg,Professional External Hard Drive 154,Maple Street Press,"The Professional External Hard Drive 154 by Maple Street Press delivers dependable performance with quality materials and thoughtful design. It is well suited for everyday use in the clothing category, offering a strong balance of value and functionality.",Clothing,"Ergonomic, Compact, Modern, Limited Edition, Rechargeable",100.31,2.2,5772,423,2017-01-29,[eY`._\fv1Vq,Kalen Emsley,https://unsplash.com/@kalenemsley?utm_source=sse554_capstone&utm_medium=referral
https://example.com/images/compact_office_chair_464.jpg,Compact Office Chair 464,BrightLeaf Publishing,"The Compact Office Chair 464 by BrightLeaf Publishing delivers dependable performance with quality materials and thoughtful design. It is well suited for everyday use in the clothing category, offering a strong balance of value and functionality.",Clothing,"New Arrival, Giftable, Premium, Lightweight, Essential",120.01,1.7,5798,773,2016-10-12,vm<B{rVe&SvB,Kalen Emsley,https://unsplash.com/@kalenemsley?utm_source=sse554_capstone&utm_medium=referral
https://example.com/images/portable_science_fiction_novel_668.jpg,Portable Science Fiction Novel 668,Summit Gear Co.,"The Portable Science Fiction Novel 668 by Summit Gear Co. delivers dependable performance with quality materials and thoughtful design. It is well suited for everyday use in the electronics category, offering a strong balance of value and functionality.",Electronics,"Lightweight, Premium, Limited Edition, Rechargeable, Waterproof",575.74,1.8,2518,793,2018-03-04,.fcCHI2ZAgp`,Kalen Emsley,https://unsplash.com/@kalenemsley?utm_source=sse554_capstone&utm_medium=referral
https://example.com/images/compact_mechanical_keyboard_135.jpg,Compact Mechanical Keyboard 135,Summit Gear Co.,"The Compact Mechanical Keyboard 135 by Summit Gear Co. delivers dependable performance with quality materials and thoughtful design. It is well suited for everyday use in the clothing category, offering a strong balance of value and functionality.",Clothing,"Lightweight, Wireless, Versatile, Portable, Limited Edition",390.5,4.2,5827,1092,2021-04-24,tC("N;ZnB)Yn,Kalen Emsley,https://unsplash.com/@kalenemsley?utm_source=sse554_capstone&utm_medium=referral
https://example.com/images/premium_bluetooth_speaker_690.jpg,Premium Bluetooth Speaker 690,UrbanNest,"The Premium Bluetooth Speaker 690 by UrbanNest delivers dependable performance with quality materials and thoughtful design. It is well suited for everyday use in the home & kitchen category, offering a strong balance of value and functionality.",Home & Kitchen,"Essential, Limited Edition, Bestseller, New Arrival, Versatile",790.71,2.4,4674,1942,2020-02-22,xy9".P1uiHuK,Kalen Emsley,https://unsplash.com/@kalenemsley?utm_source=sse554_capstone&utm_medium=referral
https://example.com/images/smart_led_desk_lamp_290.jpg,Smart LED Desk Lamp 290,BlueRiver Outfitters,"The Smart LED Desk Lamp 290 by BlueRiver Outfitters delivers dependable performance with quality materials and thoughtful design. It is well suited for everyday use in the books category, offering a strong balance of value and functionality.",Books,"Wireless, Lightweight, Waterproof, New Arrival, Rechargeable",142.76,2.4,8139,1442,2022-04-21,M~gAFs>5M.Y?,Kalen Emsley,https://unsplash.com/@kalenemsley?utm_source=sse554_capstone&utm_medium=referral
https://example.com/images/premium_graphic_t-shirt_932.jpg,Premium Graphic T-Shirt 932,NorthPeak,"The Premium Graphic T-Shirt 932 by NorthPeak delivers dependable performance with quality materials and thoughtful design. It is well suited for everyday use in the office supplies category, offering a strong balance of value and functionality.",Office Supplies,"Versatile, Compact, Ergonomic, Waterproof, Giftable",37.75,1.4,1411,1024,2024-09-11,(71/!G0.;vDz,Kalen Emsley,https://unsplash.com/@kalenemsley?utm_source=sse554_capstone&utm_medium=referral
https://example.com/images/ultra_smartphone_stand_743.jpg,Ultra Smartphone Stand 743,NorthPeak,"The Ultra Smartphone Stand 743 by NorthPeak delivers dependable performance with quality materials and thoughtful design. It is well suited for everyday use in the office supplies category, offering a strong balance of value and functionality.",Office Supplies,"Portable, Ergonomic, Compact, Rechargeable, Essential",55.72,3.7,2395,1066,2020-12-01,[7:R;/oK7qk_,Kalen Emsley,https://unsplash.com/@kalenemsley?utm_source=sse554_capstone&utm_medium=referral
https://example.com/images/ultra_fitness_tracker_553.jpg,Ultra Fitness Tracker 553,Summit Gear Co.,"The Ultra Fitness Tracker 553 by Summit Gear Co. delivers dependable performance with quality materials and thoughtful design. It is well suited for everyday use in the clothing category, offering a strong balance of value and functionality.",Clothing,"Limited Edition, Essential, Giftable, New Arrival, Wireless",162.68,4.2,5030,1032,2025-05-26,QJ0Ez4Gs"(5y,Kalen Emsley,https://unsplash.com/@kalenemsley?utm_source=sse554_capstone&utm_medium=referral
https://example.com/images/ultra_science_fiction_novel_892.jpg,Ultra Science Fiction Novel 892,Maple Street Press,"The Ultra Science Fiction Novel 892 by Maple Street Press delivers dependable performance with quality materials and thoughtful design. It is well suited for everyday use in the clothing category, offering a strong balance of value and functionality.",Clothing,"Portable, Lightweight, Essential, Limited Edition, Compact",442.91,3.3,9601,1953,2017-04-11,pu(|%}ulo^D#,Kalen Emsley,https://unsplash.com/@kalenemsley?utm_source=sse554_capstone&utm_medium=referral
https://example.com/images/advanced_science_fiction_novel_394.jpg,Advanced Science Fiction Novel 394,BrightLeaf Publishing,"The Advanced Science Fiction Novel 394 by BrightLeaf Publishing delivers dependable performance with quality materials and thoughtful design. It is well suited for everyday use in the books category, offering a strong balance of value and functionality.",Books,"Limited Edition, Durable, Giftable, Rechargeable, Portable",356.95,2.7,2692,1009,2022-07-25,A;qeO{4zHsi1,Kalen Emsley,https://unsplash.com/@kalenemsley?utm_source=sse554_capstone&utm_medium=referral
https://example.com/images/wireless_stainless_steel_water_bottle_880.jpg,Wireless Stainless Steel Water Bottle 880,NorthPeak,"The Wireless Stainless Steel Water Bottle 880 by NorthPeak delivers dependable performance with quality materials and thoughtful design. It is well suited for everyday use in the clothing category, offering a strong balance of value and functionality.",Clothing,"Modern, Rechargeable, Essential, Lightweight, Wireless",687.16,2.8,1748,1941,2022-01-18,fCpo1|q/`L)T,Kalen Emsley,https://unsplash.com/@kalenemsley?utm_source=sse554_capstone&utm_medium=referral
https://example.com/images/smart_4k_monitor_977.jpg,Smart 4K Monitor 977,BrightLeaf Publishing,"The Smart 4K Monitor 977 by BrightLeaf Publishing delivers dependable performance with quality materials and thoughtful design. It is well suited for everyday use in the home & kitchen category, offering a strong balance of value and functionality.",Home & Kitchen,"Rechargeable, Compact, Ergonomic, Modern, Premium",11.39,2.7,3711,1219,2016-04-20,(wAy_-o4PZH>,Kalen Emsley,https://unsplash.com/@kalenemsley?utm_source=sse554_capstone&utm_medium=referral
https://example.com/images/smart_electric_kettle_214.jpg,Smart Electric Kettle 214,Horizon Tech,"The Smart Electric Kettle 214 by Horizon Tech delivers dependable performance with quality materials and thoughtful design. It is well suited for everyday use in the home & kitchen category, offering a strong balance of value and functionality.",Home & Kitchen,"Waterproof, Essential, Premium, Lightweight, Compact",768.46,1.3,5247,1467,2020-04-09,vh84>Zcajp"A,Kalen Emsley,https://unsplash.com/@kalenemsley?utm_source=sse554_capstone&utm_medium=referral
https://example.com/images/smart_running_shoes_724.jpg,Smart Running Shoes 724,Horizon Tech,"The Smart Running Shoes 724 by Horizon Tech delivers dependable performance with quality materials and thoughtful design. It is well suited for everyday use in the clothing category, offering a strong balance of value and functionality.",Clothing,"Limited Edition, Ergonomic, Giftable, New Arrival, Portable",242.7,3.9,5837,846,2017-04-17,aC*p}qeb?y"8,Kalen Emsley,https://unsplash.com/@kalenemsley?utm_source=sse554_capstone&utm_medium=referral
https://example.com/images/portable_office_chair_720.jpg,Portable Office Chair 720,Maple Street Press,"The Portable Office Chair 720 by Maple Street Press delivers dependable performance with quality materials and thoughtful design. It is well suited for everyday use in the electronics category, offering a strong balance of value and functionality.",Electronics,"Wireless, Compact, New Arrival, Modern, Durable",744.05,3.1,2222,1927,2021-07-20,V_XO{lNV"BAK,Kalen Emsley,https://unsplash.com/@kalenemsley?utm_source=sse554_capstone&utm_medium=referral
https://example.com/images/ultra_stainless_steel_water_bottle_940.jpg,Ultra Stainless Steel Water Bottle 940,NorthPeak,"The Ultra Stainless Steel Water Bottle 940 by NorthPeak delivers dependable performance with quality materials and thoughtful design. It is well suited for everyday use in the sports & outdoors category, offering a strong balance of value and functionality.",Sports & Outdoors,"Ergonomic, Giftable, Lightweight, Bestseller, New Arrival",488.07,1.9,3445,1718,2020-08-25,ko~-W&4@%AK;,Kalen Emsley,https://unsplash.com/@kalenemsley?utm_source=sse554_capstone&utm_medium=referral
https://example.com/images/compact_science_fiction_novel_261.jpg,Compact Science Fiction Novel 261,Summit Gear Co.,"The Compact Science Fiction Novel 261 by Summit Gear Co. delivers dependable performance with quality materials and thoughtful design. It is well suited for everyday use in the electronics category, offering a strong balance of value and functionality.",Electronics,"Portable, Lightweight, Limited Edition, Essential, Ergonomic",28.35,1.0,8499,1543,2022-12-29,fE[wbs}{[!1[,Kalen Emsley,https://unsplash.com/@kalenemsley?utm_source=sse554_capstone&utm_medium=referral
https://example.com/images/wireless_cookware_set_239.jpg,Wireless Cookware Set 239,Maple Street Press,"The Wireless Cookware Set 239 by Maple Street Press delivers dependable performance with quality materials and thoughtful design. It is well suited for everyday use in the sports & outdoors category, offering a strong balance of value and functionality.",Sports & Outdoors,"Essential, Limited Edition, Wireless, New Arrival, Waterproof",80.26,4.5,7974,751,2019-11-17,rQ[&S|st@:fD,Kalen Emsley,https://unsplash.com/@kalenemsley?utm_source=sse554_capstone&utm_medium=referral
https://example.com/images/ultra_cookbook_948.jpg,Ultra Cookbook 948,Maple Street Press,"The Ultra Cookbook 948 by Maple Street Press delivers dependable performance with quality materials and thoughtful design. It is well suited for everyday use in the sports & outdoors category, offering a strong balance of value and functionality.",Sports & Outdoors,"Waterproof, Giftable, Essential, Lightweight, Bestseller",146.18,3.7,2095,643,2019-04-16,"^-\n/zh=2,8V",Kalen Emsley,https://unsplash.com/@kalenemsley?utm_source=sse554_capstone&utm_medium=referral
https://example.com/images/compact_backpack_986.jpg,Compact Backpack 986,BrightLeaf Publishing,"The Compact Backpack 986 by BrightLeaf Publishing delivers dependable performance with quality materials and thoughtful design. It is well suited for everyday use in the books category, offering a strong balance of value and functionality.",Books,"Bestseller, Versatile, Waterproof, Wireless, Rechargeable",19.53,4.6,8537,971,2025-07-01,!pJo#u.8*Ww",Kalen Emsley,https://unsplash.com/@kalenemsley?utm_source=sse554_capstone&utm_medium=referral
https://example.com/images/wireless_bluetooth_speaker_576.jpg,Wireless Bluetooth Speaker 576,Horizon Tech,"The Wireless Bluetooth Speaker 576 by Horizon Tech delivers dependable performance with quality materials and thoughtful design. It is well suited for everyday use in the home & kitchen category, offering a strong balance of value and functionality.",Home & Kitchen,"Wireless, Modern, Essential, Waterproof, New Arrival",29.09,2.4,1660,478,2022-03-06,-BV4'v;g/Q-F,Kalen Emsley,https://unsplash.com/@kalenemsley?utm_source=sse554_capstone&utm_medium=referral
https://example.com/images/premium_stainless_steel_water_bottle_901.jpg,Premium Stainless Steel Water Bottle 901,UrbanNest,"The Premium Stainless Steel Water Bottle 901 by UrbanNest delivers dependable performance with quality materials and thoughtful design. It is well suited for everyday use in the clothing category, offering a strong balance of value and functionality.",Clothing,"Waterproof, Limited Edition, Modern, Lightweight, Premium",273.67,3.1,9478,757,2018-12-14,L9cD]6115!dl,Kalen Emsley,https://unsplash.com/@kalenemsley?utm_source=sse554_capstone&utm_medium=referral
https://example.com/images/classic_backpack_197.jpg,Classic Backpack 197,Summit Gear Co.,"The Classic Backpack 197 by Summit Gear Co. delivers dependable performance with quality materials and thoughtful design. It is well suited for everyday use in the office supplies category, offering a strong balance of value and functionality.",Office Supplies,"Waterproof, Giftable, Durable, Essential, New Arrival",691.17,4.6,8865,1057,2024-03-04,ibxFRVHeujaa,Kalen Emsley,https://unsplash.com/@kalenemsley?utm_source=sse554_capstone&utm_medium=referral
https://example.com/images/classic_smartphone_stand_339.jpg,Classic Smartphone Stand 339,Horizon Tech,"The Classic Smartphone Stand 339 by Horizon Tech delivers dependable performance with quality materials and thoughtful design. It is well suited for everyday use in the sports & outdoors category, offering a strong balance of value and functionality.",Sports & Outdoors,"Wireless, Durable, Essential, Premium, New Arrival",655.87,2.6,6184,576,2019-11-18,s~!xc$N2aE/c,Kalen Emsley,https://unsplash.com/@kalenemsley?utm_source=sse554_capstone&utm_medium=referral
https://example.com/images/advanced_science_fiction_novel_201.jpg,Advanced Science Fiction Novel 201,SilverLine Electronics,"The Advanced Science Fiction Novel 201 by SilverLine Electronics delivers dependable performance with quality materials and thoughtful design. It is well suited for everyday use in the sports & outdoors category, offering a strong balance of value and functionality.",Sports & Outdoors,"Durable, Wireless, Portable, Ergonomic, Versatile",179.43,2.1,9387,1011,2025-12-29,=}-!x:'.\;(W,Kalen Emsley,https://unsplash.com/@kalenemsley?utm_source=sse554_capstone&utm_medium=referral
https://example.com/images/professional_science_fiction_novel_151.jpg,Professional Science Fiction Novel 151,Summit Gear Co.,"The Professional Science Fiction Novel 151 by Summit Gear Co. delivers dependable performance with quality materials and thoughtful design. It is well suited for everyday use in the sports & outdoors category, offering a strong balance of value and functionality.",Sports & Outdoors,"Lightweight, Rechargeable, Bestseller, Durable, Modern",209.67,3.7,7641,1730,2018-12-31,gr.>jenycWC=,Kalen Emsley,https://unsplash.com/@kalenemsley?utm_source=sse554_capstone&utm_medium=referral
https://example.com/images/ultra_graphic_t-shirt_663.jpg,Ultra Graphic T-Shirt 663,NorthPeak,"The Ultra Graphic T-Shirt 663 by NorthPeak delivers dependable performance with quality materials and thoughtful design. It is well suited for everyday use in the electronics category, offering a strong balance of value and functionality.",Electronics,"Premium, Versatile, Modern, New Arrival, Bestseller",529.0,2.0,1483,1875,2022-09-01,Q]dg4|-hU<Cx,Kalen Emsley,https://unsplash.com/@kalenemsley?utm_source=sse554_capstone&utm_medium=referral
https://example.com/images/ultra_running_shoes_285.jpg,Ultra Running Shoes 285,BrightLeaf Publishing,"The Ultra Running Shoes 285 by BrightLeaf Publishing delivers dependable performance with quality materials and thoughtful design. It is well suited for everyday use in the office supplies category, offering a strong balance of value and functionality.",Office Supplies,"Waterproof, Premium, Giftable, Wireless, Ergonomic",761.77,3.6,5167,1027,2018-04-16,"a`A5,[A4`~8b",Kalen Emsley,https://unsplash.com/@kalenemsley?utm_source=sse554_capstone&utm_medium=referral
https://example.com/images/professional_running_shoes_356.jpg,Professional Running Shoes 356,NorthPeak,"The Professional Running Shoes 356 by NorthPeak delivers dependable performance with quality materials and thoughtful design. It is well suited for everyday use in the books category, offering a strong balance of value and functionality.",Books,"Ergonomic, Modern, Versatile, Rechargeable, Waterproof",23.18,2.6,1213,128,2017-07-24,OfBL[x4W2`bw,Kalen Emsley,https://unsplash.com/@kalenemsley?utm_source=sse554_capstone&utm_medium=referral
https://example.com/images/professional_fitness_tracker_950.jpg,Professional Fitness Tracker 950,BrightLeaf Publishing,"The Professional Fitness Tracker 950 by BrightLeaf Publishing delivers dependable performance with quality materials and thoughtful design. It is well suited for everyday use in the home & kitchen category, offering a strong balance of value and functionality.",Home & Kitchen,"Essential, New Arrival, Versatile, Giftable, Modern",200.02,1.3,998,1840,2023-05-30,a'}e..*hQAnz,Kalen Emsley,https://unsplash.com/@kalenemsley?utm_source=sse554_capstone&utm_medium=referral
https://example.com/images/portable_noise_cancelling_headphones_987.jpg,Portable Noise Cancelling Headphones 987,BlueRiver Outfitters,"The Portable Noise Cancelling Headphones 987 by BlueRiver Outfitters delivers dependable performance with quality materials and thoughtful design. It is well suited for everyday use in the home & kitchen category, offering a strong balance of value and functionality.",Home & Kitchen,"Portable, Giftable, Premium, Bestseller, Durable",16.23,4.9,4518,696,2016-10-02,Cj:[bB_&_5OC,Kalen Emsley,https://unsplash.com/@kalenemsley?utm_source=sse554_capstone&utm_medium=referral
https://example.com/images/wireless_science_fiction_novel_939.jpg,Wireless Science Fiction Novel 939,Maple Street Press,"The Wireless Science Fiction Novel 939 by Maple Street Press delivers dependable performance with quality materials and thoughtful design. It is well suited for everyday use in the home & kitchen category, offering a strong balance of value and functionality.",Home & Kitchen,"Versatile, Giftable, Rechargeable, Limited Edition, Durable",256.6,2.0,6096,616,2019-03-24,~V)xgu{wRA$Q,Kalen Emsley,https://unsplash.com/@kalenemsley?utm_source=sse554_capstone&utm_medium=referral
https://example.com/images/classic_running_shoes_653.jpg,Classic Running Shoes 653,UrbanNest,"The Classic Running Shoes 653 by UrbanNest delivers dependable performance with quality materials and thoughtful design. It is well suited for everyday use in the home & kitchen category, offering a strong balance of value and functionality.",Home & Kitchen,"New Arrival, Premium, Lightweight, Bestseller, Waterproof",411.87,1.2,1287,234,2020-03-13,LU<`Ye!l8o7S,Kalen Emsley,https://unsplash.com/@kalenemsley?utm_source=sse554_capstone&utm_medium=referral
https://example.com/images/advanced_action_camera_825.jpg,Advanced Action Camera 825,NorthPeak,"The Advanced Action Camera 825 by NorthPeak delivers dependable performance with quality materials and thoughtful design. It is well suited for everyday use in the clothing category, offering a strong balance of value and functionality.",Clothing,"New Arrival, Rechargeable, Premium, Ergonomic, Portable",730.19,4.9,4563,156,2017-09-23,"[cMg,,_XTao(",Kalen Emsley,https://unsplash.com/@kalenemsley?utm_source=sse554_capstone&utm_medium=referral
https://example.com/images/ultra_mechanical_keyboard_276.jpg,Ultra Mechanical Keyboard 276,UrbanNest,"The Ultra Mechanical Keyboard 276 by UrbanNest delivers dependable performance with quality materials and thoughtful design. It is well suited for everyday use in the electronics category, offering a strong balance of value and functionality.",Electronics,"Versatile, New Arrival, Compact, Giftable, Modern",577.89,1.1,4499,592,2020-11-03,K\Vm`Exfnw_4,Kalen Emsley,https://unsplash.com/@kalenemsley?utm_source=sse554_capstone&utm_medium=referral
https://example.com/images/premium_action_camera_944.jpg,Premium Action Camera 944,Summit Gear Co.,"The Premium Action Camera 944 by Summit Gear Co. delivers dependable performance with quality materials and thoughtful design. It is well suited for everyday use in the home & kitchen category, offering a strong balance of value and functionality.",Home & Kitchen,"Essential, Versatile, Lightweight, Bestseller, Compact",39.27,2.9,1180,1024,2024-04-19,[mrw)F}'%tO/,Kalen Emsley,https://unsplash.com/@kalenemsley?utm_source=sse554_capstone&utm_medium=referral
https://example.com/images/wireless_action_camera_721.jpg,Wireless Action Camera 721,Horizon Tech,"The Wireless Action Camera 721 by Horizon Tech delivers dependable performance with quality materials and thoughtful design. It is well suited for everyday use in the electronics category, offering a strong balance of value and functionality.",Electronics,"Versatile, Lightweight, Wireless, Ergonomic, Premium",107.39,4.4,4121,142,2017-07-14,K=*p2cy!FD*h,Kalen Emsley,https://unsplash.com/@kalenemsley?utm_source=sse554_capstone&utm_medium=referral
https://example.com/images/compact_electric_kettle_379.jpg,Compact Electric Kettle 379,Horizon Tech,"The Compact Electric Kettle 379 by Horizon Tech delivers dependable performance with quality materials and thoughtful design. It is well suited for everyday use in the books category, offering a strong balance of value and functionality.",Books,"Wireless, Modern, Lightweight, Rechargeable, Premium",74.34,1.8,7011,1120,2020-11-15,lP0F@A?;LgmQ,Kalen Emsley,https://unsplash.com/@kalenemsley?utm_source=sse554_capstone&utm_medium=referral
https://example.com/images/compact_noise_cancelling_headphones_957.jpg,Compact Noise Cancelling Headphones 957,NorthPeak,"The Compact Noise Cancelling Headphones 957 by NorthPeak delivers dependable performance with quality materials and thoughtful design. It is well suited for everyday use in the electronics category, offering a strong balance of value and functionality.",Electronics,"Giftable, Ergonomic, Essential, Versatile, Rechargeable",58.77,2.8,9683,879,2023-06-12,&|6QE(?ii[FF,Kalen Emsley,https://unsplash.com/@kalenemsley?utm_source=sse554_capstone&utm_medium=referral
https://example.com/images/premium_led_desk_lamp_165.jpg,Premium LED Desk Lamp 165,SilverLine Electronics,"The Premium LED Desk Lamp 165 by SilverLine Electronics delivers dependable performance with quality materials and thoughtful design. It is well suited for everyday use in the home & kitchen category, offering a strong balance of value and functionality.",Home & Kitchen,"Portable, Modern, Premium, Durable, Giftable",780.51,1.4,5804,797,2022-08-11,rL0q^HX2WX}[,Kalen Emsley,https://unsplash.com/@kalenemsley?utm_source=sse554_capstone&utm_medium=referral
https://example.com/images/premium_mechanical_keyboard_289.jpg,Premium Mechanical Keyboard 289,Maple Street Press,"The Premium Mechanical Keyboard 289 by Maple Street Press delivers dependable performance with quality materials and thoughtful design. It is well suited for everyday use in the books category, offering a strong balance of value and functionality.",Books,"Premium, Wireless, Bestseller, Limited Edition, Essential",752.89,1.3,711,441,2023-05-21,"74f,:Rfi95Y7",Kalen Emsley,https://unsplash.com/@kalenemsley?utm_source=sse554_capstone&utm_medium=referral
https://example.com/images/classic_electric_kettle_271.jpg,Classic Electric Kettle 271,NorthPeak,"The Classic Electric Kettle 271 by NorthPeak delivers dependable performance with quality materials and thoughtful design. It is well suited for everyday use in the home & kitchen category, offering a strong balance of value and functionality.",Home & Kitchen,"Modern, Waterproof, Durable, Wireless, Compact",654.6,2.3,9591,1671,2022-09-25,30!~{u9T<Pn?,Kalen Emsley,https://unsplash.com/@kalenemsley?utm_source=sse554_capstone&utm_medium=referral
https://example.com/images/smart_graphic_t-shirt_164.jpg,Smart Graphic T-Shirt 164,BrightLeaf Publishing,"The Smart Graphic T-Shirt 164 by BrightLeaf Publishing delivers dependable performance with quality materials and thoughtful design. It is well suited for everyday use in the books category, offering a strong balance of value and functionality.",Books,"Premium, New Arrival, Giftable, Modern, Wireless",700.76,1.0,48,1158,2019-06-01,o"^F;?7p;tdT,Kalen Emsley,https://unsplash.com/@kalenemsley?utm_source=sse554_capstone&utm_medium=referral
https://example.com/images/smart_electric_kettle_309.jpg,Smart Electric Kettle 309,BlueRiver Outfitters,"The Smart Electric Kettle 309 by BlueRiver Outfitters delivers dependable performance with quality materials and thoughtful design. It is well suited for everyday use in the books category, offering a strong balance of value and functionality.",Books,"Waterproof, Versatile, Essential, Bestseller, Giftable",81.15,4.0,2270,1805,2017-05-10,3]r]Qet"%PP5,Kalen Emsley,https://unsplash.com/@kalenemsley?utm_source=sse554_capstone&utm_medium=referral
https://example.com/images/classic_gaming_mouse_639.jpg,Classic Gaming Mouse 639,Summit Gear Co.,"The Classic Gaming Mouse 639 by Summit Gear Co. delivers dependable performance with quality materials and thoughtful design. It is well suited for everyday use in the electronics category, offering a strong balance of value and functionality.",Electronics,"Premium, Versatile, Durable, Essential, Wireless",12.61,1.9,1326,1686,2022-10-11,1QG_@ro'8[/},Kalen Emsley,https://unsplash.com/@kalenemsley?utm_source=sse554_capstone&utm_medium=referral
https://example.com/images/premium_mechanical_keyboard_881.jpg,Premium Mechanical Keyboard 881,Maple Street Press,"The Premium Mechanical Keyboard 881 by Maple Street Press delivers dependable performance with quality materials and thoughtful design. It is well suited for everyday use in the office supplies category, offering a strong balance of value and functionality.",Office Supplies,"Bestseller, Ergonomic, Rechargeable, Lightweight, Essential",706.35,1.6,5606,1124,2020-10-24,75ZVccK?W!HT,Kalen Emsley,https://unsplash.com/@kalenemsley?utm_source=sse554_capstone&utm_medium=referral
https://example.com/images/advanced_cookware_set_744.jpg,Advanced Cookware Set 744,BlueRiver Outfitters,"The Advanced Cookware Set 744 by BlueRiver Outfitters delivers dependable performance with quality materials and thoughtful design. It is well suited for everyday use in the clothing category, offering a strong balance of value and functionality.",Clothing,"Limited Edition, Lightweight, Wireless, Waterproof, Durable",284.87,1.3,4513,1839,2018-07-23,|Zb[cyZmnzct,Kalen Emsley,https://unsplash.com/@kalenemsley?utm_source=sse554_capstone&utm_medium=referral
https://example.com/images/compact_action_camera_881.jpg,Compact Action Camera 881,Summit Gear Co.,"The Compact Action Camera 881 by Summit Gear Co. delivers dependable performance with quality materials and thoughtful design. It is well suited for everyday use in the office supplies category, offering a strong balance of value and functionality.",Office Supplies,"Limited Edition, Durable, Ergonomic, Waterproof, Essential",710.9,4.5,4287,266,2018-07-12,)H?0jEin8hi&,Kalen Emsley,https://unsplash.com/@kalenemsley?utm_source=sse554_capstone&utm_medium=referral
https://example.com/images/smart_led_desk_lamp_882.jpg,Smart LED Desk Lamp 882,NorthPeak,"The Smart LED Desk Lamp 882 by NorthPeak delivers dependable performance with quality materials and thoughtful design. It is well suited for everyday use in the books category, offering a strong balance of value and functionality.",Books,"Versatile, Waterproof, Bestseller, Limited Edition, Durable",91.58,1.3,9562,1284,2024-09-24,bA`dxo-YAaG],Kalen Emsley,https://unsplash.com/@kalenemsley?utm_source=sse554_capstone&utm_medium=referral
https://example.com/images/smart_fitness_tracker_456.jpg,Smart Fitness Tracker 456,Maple Street Press,"The Smart Fitness Tracker 456 by Maple Street Press delivers dependable performance with quality materials and thoughtful design. It is well suited for everyday use in the books category, offering a strong balance of value and functionality.",Books,"Lightweight, Waterproof, Portable, Giftable, Premium",131.19,2.1,3686,835,2021-11-15,}-w[1ZXM@{H*,Kalen Emsley,https://unsplash.com/@kalenemsley?utm_source=sse554_capstone&utm_medium=referral
https://example.com/images/smart_noise_cancelling_headphones_292.jpg,Smart Noise Cancelling Headphones 292,NorthPeak,"The Smart Noise Cancelling Headphones 292 by NorthPeak delivers dependable performance with quality materials and thoughtful design. It is well suited for everyday use in the office supplies category, offering a strong balance of value and functionality.",Office Supplies,"Lightweight, Limited Edition, Wireless, Compact, Essential",790.49,2.9,8276,1084,2022-09-20,^0E^TZj=z>|`,Kalen Emsley,https://unsplash.com/@kalenemsley?utm_source=sse554_capstone&utm_medium=referral
https://example.com/images/advanced_office_chair_916.jpg,Advanced Office Chair 916,Horizon Tech,"The Advanced Office Chair 916 by Horizon Tech delivers dependable performance with quality materials and thoughtful design. It is well suited for everyday use in the sports & outdoors category, offering a strong balance of value and functionality.",Sports & Outdoors,"Wireless, Lightweight, New Arrival, Compact, Limited Edition",85.14,2.1,6734,154,2022-01-28,4-xtaIb-^:ep,Kalen Emsley,https://unsplash.com/@kalenemsley?utm_source=sse554_capstone&utm_medium=referral
https://example.com/images/portable_noise_cancelling_headphones_836.jpg,Portable Noise Cancelling Headphones 836,NorthPeak,"The Portable Noise Cancelling Headphones 836 by NorthPeak delivers dependable performance with quality materials and thoughtful design. It is well suited for everyday use in the electronics category, offering a strong balance of value and functionality.",Electronics,"Wireless, Ergonomic, Essential, Portable, Durable",31.08,3.7,982,834,2017-12-20,KHXG1PFpQWD",Kalen Emsley,https://unsplash.com/@kalenemsley?utm_source=sse554_capstone&utm_medium=referral
https://example.com/images/premium_gaming_mouse_597.jpg,Premium Gaming Mouse 597,BrightLeaf Publishing,"The Premium Gaming Mouse 597 by BrightLeaf Publishing delivers dependable performance with quality materials and thoughtful design. It is well suited for everyday use in the office supplies category, offering a strong balance of value and functionality.",Office Supplies,"Portable, Versatile, Modern, New Arrival, Lightweight",644.59,3.9,2175,1022,2020-01-28,1HF+|{@'I1i4,Kalen Emsley,https://unsplash.com/@kalenemsley?utm_source=sse554_capstone&utm_medium=referral
https://example.com/images/smart_graphic_t-shirt_100.jpg,Smart Graphic T-Shirt 100,BrightLeaf Publishing,"The Smart Graphic T-Shirt 100 by BrightLeaf Publishing delivers dependable performance with quality materials and thoughtful design. It is well suited for everyday use in the electronics category, offering a strong balance of value and functionality.",Electronics,"Modern, Waterproof, Ergonomic, Bestseller, New Arrival",494.79,3.1,8668,552,2019-01-29,j~.9#y(nvWQ@,Kalen Emsley,https://unsplash.com/@kalenemsley?utm_source=sse554_capstone&utm_medium=referral
https://example.com/images/eco_led_desk_lamp_645.jpg,Eco LED Desk Lamp 645,Summit Gear Co.,"The Eco LED Desk Lamp 645 by Summit Gear Co. delivers dependable performance with quality materials and thoughtful design. It is well suited for everyday use in the home & kitchen category, offering a strong balance of value and functionality.",Home & Kitchen,"Modern, Versatile, Portable, New Arrival, Lightweight",456.11,1.7,8990,1863,2017-04-18,jrmwYi;O5&{+,Kalen Emsley,https://unsplash.com/@kalenemsley?utm_source=sse554_capstone&utm_medium=referral
https://example.com/images/ultra_office_chair_930.jpg,Ultra Office Chair 930,UrbanNest,"The Ultra Office Chair 930 by UrbanNest delivers dependable performance with quality materials and thoughtful design. It is well suited for everyday use in the sports & outdoors category, offering a strong balance of value and functionality.",Sports & Outdoors,"Premium, Limited Edition, Lightweight, Wireless, Versatile",127.33,2.0,4796,303,2020-06-02,{i2>"tqN+k%c,Kalen Emsley,https://unsplash.com/@kalenemsley?utm_source=sse554_capstone&utm_medium=referral
https://example.com/images/premium_noise_cancelling_headphones_643.jpg,Premium Noise Cancelling Headphones 643,SilverLine Electronics,"The Premium Noise Cancelling Headphones 643 by SilverLine Electronics delivers dependable performance with quality materials and thoughtful design. It is well suited for everyday use in the sports & outdoors category, offering a strong balance of value and functionality.",Sports & Outdoors,"Versatile, Portable, Lightweight, Premium, Rechargeable",723.31,3.0,4061,836,2020-11-20,`;spZ5I6m^JN,Kalen Emsley,https://unsplash.com/@kalenemsley?utm_source=sse554_capstone&utm_medium=referral
https://example.com/images/portable_gaming_mouse_323.jpg,Portable Gaming Mouse 323,Horizon Tech,"The Portable Gaming Mouse 323 by Horizon Tech delivers dependable performance with quality materials and thoughtful design. It is well suited for everyday use in the electronics category, offering a strong balance of value and functionality.",Electronics,"Portable, Giftable, Versatile, Durable, Compact",524.08,4.0,4063,1577,2022-07-20,O+xGfGl{4i-f,Kalen Emsley,https://unsplash.com/@kalenemsley?utm_source=sse554_capstone&utm_medium=referral
https://example.com/images/ultra_cookbook_564.jpg,Ultra Cookbook 564,Summit Gear Co.,"The Ultra Cookbook 564 by Summit Gear Co. delivers dependable performance with quality materials and thoughtful design. It is well suited for everyday use in the clothing category, offering a strong balance of value and functionality.",Clothing,"Bestseller, Versatile, Premium, Durable, New Arrival",418.05,3.0,8779,1743,2020-09-06,J:uxd05=3q"{,Kalen Emsley,https://unsplash.com/@kalenemsley?utm_source=sse554_capstone&utm_medium=referral
https://example.com/images/classic_science_fiction_novel_491.jpg,Classic Science Fiction Novel 491,BrightLeaf Publishing,"The Classic Science Fiction Novel 491 by BrightLeaf Publishing delivers dependable performance with quality materials and thoughtful design. It is well suited for everyday use in the books category, offering a strong balance of value and functionality.",Books,"Lightweight, Bestseller, Versatile, Portable, Giftable",138.71,3.0,6026,249,2021-09-06,g&'y#U+5w`.p,Kalen Emsley,https://unsplash.com/@kalenemsley?utm_source=sse554_capstone&utm_medium=referral
https://example.com/images/wireless_4k_monitor_395.jpg,Wireless 4K Monitor 395,Summit Gear Co.,"The Wireless 4K Monitor 395 by Summit Gear Co. delivers dependable performance with quality materials and thoughtful design. It is well suited for everyday use in the clothing category, offering a strong balance of value and functionality.",Clothing,"Rechargeable, New Arrival, Portable, Lightweight, Wireless",493.55,3.9,1415,636,2024-05-21,"SUhC[{,nQE|{",Kalen Emsley,https://unsplash.com/@kalenemsley?utm_source=sse554_capstone&utm_medium=referral
https://example.com/images/compact_electric_kettle_253.jpg,Compact Electric Kettle 253,BrightLeaf Publishing,"The Compact Electric Kettle 253 by BrightLeaf Publishing delivers dependable performance with quality materials and thoughtful design. It is well suited for everyday use in the home & kitchen category, offering a strong balance of value and functionality.",Home & Kitchen,"Portable, Giftable, Durable, Essential, Compact",33.19,4.1,7999,1523,2021-02-16,:#`S=hof^9*],Kalen Emsley,https://unsplash.com/@kalenemsley?utm_source=sse554_capstone&utm_medium=referral
https://example.com/images/wireless_action_camera_915.jpg,Wireless Action Camera 915,SilverLine Electronics,"The Wireless Action Camera 915 by SilverLine Electronics delivers dependable performance with quality materials and thoughtful design. It is well suited for everyday use in the home & kitchen category, offering a strong balance of value and functionality.",Home & Kitchen,"Giftable, Premium, Limited Edition, Durable, Modern",729.15,3.3,9596,1363,2024-12-15,{tpnopwA!HWF,Kalen Emsley,https://unsplash.com/@kalenemsley?utm_source=sse554_capstone&utm_medium=referral
https://example.com/images/ultra_stainless_steel_water_bottle_573.jpg,Ultra Stainless Steel Water Bottle 573,NorthPeak,"The Ultra Stainless Steel Water Bottle 573 by NorthPeak delivers dependable performance with quality materials and thoughtful design. It is well suited for everyday use in the office supplies category, offering a strong balance of value and functionality.",Office Supplies,"Essential, Wireless, Waterproof, Modern, Ergonomic",161.51,1.3,4410,1276,2021-09-10,uv<@kGHsn{4V,Kalen Emsley,https://unsplash.com/@kalenemsley?utm_source=sse554_capstone&utm_medium=referral
https://example.com/images/premium_backpack_185.jpg,Premium Backpack 185,Maple Street Press,"The Premium Backpack 185 by Maple Street Press delivers dependable performance with quality materials and thoughtful design. It is well suited for everyday use in the clothing category, offering a strong balance of value and functionality.",Clothing,"Modern, Bestseller, Versatile, Waterproof, Wireless",719.81,4.4,9971,220,2022-08-20,q^Gbd:\*|Z2S,Kalen Emsley,https://unsplash.com/@kalenemsley?utm_source=sse554_capstone&utm_medium=referral
https://example.com/images/eco_noise_cancelling_headphones_181.jpg,Eco Noise Cancelling Headphones 181,Maple Street Press,"The Eco Noise Cancelling Headphones 181 by Maple Street Press delivers dependable performance with quality materials and thoughtful design. It is well suited for everyday use in the books category, offering a strong balance of value and functionality.",Books,"Giftable, Limited Edition, Portable, Versatile, Durable",428.18,4.2,659,552,2022-10-21,674i72";!8y/,Kalen Emsley,https://unsplash.com/@kalenemsley?utm_source=sse554_capstone&utm_medium=referral
https://example.com/images/smart_led_desk_lamp_306.jpg,Smart LED Desk Lamp 306,SilverLine Electronics,"The Smart LED Desk Lamp 306 by SilverLine Electronics delivers dependable performance with quality materials and thoughtful design. It is well suited for everyday use in the clothing category, offering a strong balance of value and functionality.",Clothing,"Limited Edition, Waterproof, Rechargeable, Modern, Premium",454.81,2.5,2193,646,2016-03-25,]5*AapboS|E@,Kalen Emsley,https://unsplash.com/@kalenemsley?utm_source=sse554_capstone&utm_medium=referral
https://example.com/images/ultra_led_desk_lamp_486.jpg,Ultra LED Desk Lamp 486,Horizon Tech,"The Ultra LED Desk Lamp 486 by Horizon Tech delivers dependable performance with quality materials and thoughtful design. It is well suited for everyday use in the sports & outdoors category, offering a strong balance of value and functionality.",Sports & Outdoors,"Bestseller, Modern, Versatile, Essential, Portable",59.21,3.0,6988,755,2019-01-21,""";`K^Jl)LE^b",Kalen Emsley,https://unsplash.com/@kalenemsley?utm_source=sse554_capstone&utm_medium=referral
https://example.com/images/eco_mechanical_keyboard_470.jpg,Eco Mechanical Keyboard 470,BrightLeaf Publishing,"The Eco Mechanical Keyboard 470 by BrightLeaf Publishing delivers dependable performance with quality materials and thoughtful design. It is well suited for everyday use in the electronics category, offering a strong balance of value and functionality.",Electronics,"Durable, Rechargeable, New Arrival, Premium, Versatile",715.87,2.2,7789,46,2021-11-22,Ky~/=!+TEx=h,Kalen Emsley,https://unsplash.com/@kalenemsley?utm_source=sse554_capstone&utm_medium=referral
https://example.com/images/wireless_science_fiction_novel_268.jpg,Wireless Science Fiction Novel 268,Maple Street Press,"The Wireless Science Fiction Novel 268 by Maple Street Press delivers dependable performance with quality materials and thoughtful design. It is well suited for everyday use in the electronics category, offering a strong balance of value and functionality.",Electronics,"New Arrival, Waterproof, Rechargeable, Wireless, Limited Edition",698.06,1.3,2699,401,2022-11-22,W`@EsF33\E"i,Kalen Emsley,https://unsplash.com/@kalenemsley?utm_source=sse554_capstone&utm_medium=referral
https://example.com/images/eco_action_camera_956.jpg,Eco Action Camera 956,NorthPeak,"The Eco Action Camera 956 by NorthPeak delivers dependable performance with quality materials and thoughtful design. It is well suited for everyday use in the books category, offering a strong balance of value and functionality.",Books,"Ergonomic, New Arrival, Versatile, Rechargeable, Giftable",653.7,1.0,7391,384,2019-08-24,"RXn+2d(|-,g:",Kalen Emsley,https://unsplash.com/@kalenemsley?utm_source=sse554_capstone&utm_medium=referral
https://example.com/images/professional_backpack_711.jpg,Professional Backpack 711,Summit Gear Co.,"The Professional Backpack 711 by Summit Gear Co. delivers dependable performance with quality materials and thoughtful design. It is well suited for everyday use in the sports & outdoors category, offering a strong balance of value and functionality.",Sports & Outdoors,"Modern, Bestseller, Durable, Limited Edition, Compact",344.31,1.2,5734,1791,2021-02-25,Z\W|sZ7j_Uu(,Kalen Emsley,https://unsplash.com/@kalenemsley?utm_source=sse554_capstone&utm_medium=referral
https://example.com/images/premium_action_camera_857.jpg,Premium Action Camera 857,BrightLeaf Publishing,"The Premium Action Camera 857 by BrightLeaf Publishing delivers dependable performance with quality materials and thoughtful design. It is well suited for everyday use in the home & kitchen category, offering a strong balance of value and functionality.",Home & Kitchen,"Rechargeable, Essential, Limited Edition, Waterproof, Bestseller",191.62,1.1,5658,1025,2021-09-17,_Y-TeDWzcA0),Kalen Emsley,https://unsplash.com/@kalenemsley?utm_source=sse554_capstone&utm_medium=referral
https://example.com/images/compact_yoga_mat_677.jpg,Compact Yoga Mat 677,BrightLeaf Publishing,"The Compact Yoga Mat 677 by BrightLeaf Publishing delivers dependable performance with quality materials and thoughtful design. It is well suited for everyday use in the home & kitchen category, offering a strong balance of value and functionality.",Home & Kitchen,"Durable, Premium, Portable, Bestseller, Versatile",309.08,2.5,9265,95,2021-07-10,=v\[LZ/Z8tu#,Kalen Emsley,https://unsplash.com/@kalenemsley?utm_source=sse554_capstone&utm_medium=referral
https://example.com/images/classic_action_camera_928.jpg,Classic Action Camera 928,Horizon Tech,"The Classic Action Camera 928 by Horizon Tech delivers dependable performance with quality materials and thoughtful design. It is well suited for everyday use in the clothing category, offering a strong balance of value and functionality.",Clothing,"Durable, Limited Edition, Bestseller, Compact, Waterproof",227.6,2.5,3640,995,2020-03-07,W4[mvLxN5V:?,Kalen Emsley,https://unsplash.com/@kalenemsley?utm_source=sse554_capstone&utm_medium=referral
https://example.com/images/ultra_noise_cancelling_headphones_775.jpg,Ultra Noise Cancelling Headphones 775,BrightLeaf Publishing,"The Ultra Noise Cancelling Headphones 775 by BrightLeaf Publishing delivers dependable performance with quality materials and thoughtful design. It is well suited for everyday use in the books category, offering a strong balance of value and functionality.",Books,"Lightweight, Giftable, Wireless, Waterproof, Essential",67.95,5.0,2424,1109,2017-03-03,q~Oy{'}[LH}R,Kalen Emsley,https://unsplash.com/@kalenemsley?utm_source=sse554_capstone&utm_medium=referral
https://example.com/images/eco_electric_kettle_962.jpg,Eco Electric Kettle 962,BlueRiver Outfitters,"The Eco Electric Kettle 962 by BlueRiver Outfitters delivers dependable performance with quality materials and thoughtful design. It is well suited for everyday use in the sports & outdoors category, offering a strong balance of value and functionality.",Sports & Outdoors,"Versatile, Portable, Lightweight, Giftable, Compact",509.45,3.4,315,1596,2016-11-10,PtPR=RqYK@tB,Kalen Emsley,https://unsplash.com/@kalenemsley?utm_source=sse554_capstone&utm_medium=referral
https://example.com/images/portable_smartphone_stand_884.jpg,Portable Smartphone Stand 884,Summit Gear Co.,"The Portable Smartphone Stand 884 by Summit Gear Co. delivers dependable performance with quality materials and thoughtful design. It is well suited for everyday use in the office supplies category, offering a strong balance of value and functionality.",Office Supplies,"Rechargeable, Compact, New Arrival, Wireless, Essential",550.62,1.7,6582,389,2024-08-27,_XOW2q7{0tOL,Kalen Emsley,https://unsplash.com/@kalenemsley?utm_source=sse554_capstone&utm_medium=referral
https://example.com/images/professional_stainless_steel_water_bottle_763.jpg,Professional Stainless Steel Water Bottle 763,SilverLine Electronics,"The Professional Stainless Steel Water Bottle 763 by SilverLine Electronics delivers dependable performance with quality materials and thoughtful design. It is well suited for everyday use in the sports & outdoors category, offering a strong balance of value and functionality.",Sports & Outdoors,"Durable, Giftable, Waterproof, Ergonomic, Limited Edition",669.11,1.9,5833,350,2025-06-07,"7KRN9z,|R=6!",Kalen Emsley,https://unsplash.com/@kalenemsley?utm_source=sse554_capstone&utm_medium=referral
https://example.com/images/advanced_mechanical_keyboard_825.jpg,Advanced Mechanical Keyboard 825,Summit Gear Co.,"The Advanced Mechanical Keyboard 825 by Summit Gear Co. delivers dependable performance with quality materials and thoughtful design. It is well suited for everyday use in the office supplies category, offering a strong balance of value and functionality.",Office Supplies,"Rechargeable, Modern, Portable, Giftable, New Arrival",476.73,1.1,8971,116,2017-12-22,DK1^Yn>P$k_;,Kalen Emsley,https://unsplash.com/@kalenemsley?utm_source=sse554_capstone&utm_medium=referral
https://example.com/images/ultra_gaming_mouse_663.jpg,Ultra Gaming Mouse 663,BrightLeaf Publishing,"The Ultra Gaming Mouse 663 by BrightLeaf Publishing delivers dependable performance with quality materials and thoughtful design. It is well suited for everyday use in the electronics category, offering a strong balance of value and functionality.",Electronics,"Durable, Versatile, Giftable, Wireless, Limited Edition",156.73,3.2,3985,132,2017-02-10,6QSN3m\5R;\B,Kalen Emsley,https://unsplash.com/@kalenemsley?utm_source=sse554_capstone&utm_medium=referral
https://example.com/images/classic_graphic_t-shirt_175.jpg,Classic Graphic T-Shirt 175,Horizon Tech,"The Classic Graphic T-Shirt 175 by Horizon Tech delivers dependable performance with quality materials and thoughtful design. It is well suited for everyday use in the clothing category, offering a strong balance of value and functionality.",Clothing,"Versatile, Bestseller, Limited Edition, Durable, Compact",573.9,1.3,3126,894,2020-01-13,ekg\WL|rQuoB,Kalen Emsley,https://unsplash.com/@kalenemsley?utm_source=sse554_capstone&utm_medium=referral
https://example.com/images/wireless_office_chair_998.jpg,Wireless Office Chair 998,Maple Street Press,"The Wireless Office Chair 998 by Maple Street Press delivers dependable performance with quality materials and thoughtful design. It is well suited for everyday use in the electronics category, offering a strong balance of value and functionality.",Electronics,"Compact, Rechargeable, Essential, Limited Edition, Giftable",153.59,2.0,7243,1729,2019-09-19,r.1wYR66:CA6,Kalen Emsley,https://unsplash.com/@kalenemsley?utm_source=sse554_capstone&utm_medium=referral
https://example.com/images/classic_yoga_mat_241.jpg,Classic Yoga Mat 241,Horizon Tech,"The Classic Yoga Mat 241 by Horizon Tech delivers dependable performance with quality materials and thoughtful design. It is well suited for everyday use in the home & kitchen category, offering a strong balance of value and functionality.",Home & Kitchen,"Waterproof, Modern, Wireless, Durable, Lightweight",366.18,2.7,5505,1979,2025-01-16,n@>NOkGH+jp-,Kalen Emsley,https://unsplash.com/@kalenemsley?utm_source=sse554_capstone&utm_medium=referral
https://example.com/images/premium_4k_monitor_419.jpg,Premium 4K Monitor 419,NorthPeak,"The Premium 4K Monitor 419 by NorthPeak delivers dependable performance with quality materials and thoughtful design. It is well suited for everyday use in the sports & outdoors category, offering a strong balance of value and functionality.",Sports & Outdoors,"Limited Edition, Premium, Lightweight, Giftable, New Arrival",625.75,2.8,9426,587,2019-04-07,n1pN=s\@WEcr,Kalen Emsley,https://unsplash.com/@kalenemsley?utm_source=sse554_capstone&utm_medium=referral
https://example.com/images/wireless_4k_monitor_354.jpg,Wireless 4K Monitor 354,Horizon Tech,"The Wireless 4K Monitor 354 by Horizon Tech delivers dependable performance with quality materials and thoughtful design. It is well suited for everyday use in the electronics category, offering a strong balance of value and functionality.",Electronics,"Rechargeable, Portable, Waterproof, Lightweight, Versatile",115.74,2.9,5137,1963,2020-04-29,(7z7(5oc2/{f,Kalen Emsley,https://unsplash.com/@kalenemsley?utm_source=sse554_capstone&utm_medium=referral
https://example.com/images/wireless_backpack_257.jpg,Wireless Backpack 257,SilverLine Electronics,"The Wireless Backpack 257 by SilverLine Electronics delivers dependable performance with quality materials and thoughtful design. It is well suited for everyday use in the office supplies category, offering a strong balance of value and functionality.",Office Supplies,"Portable, Rechargeable, Limited Edition, Giftable, Bestseller",473.59,1.0,9010,1773,2020-07-10,y;znIUGhnF{B,Kalen Emsley,https://unsplash.com/@kalenemsley?utm_source=sse554_capstone&utm_medium=referral
https://example.com/images/classic_4k_monitor_358.jpg,Classic 4K Monitor 358,NorthPeak,"The Classic 4K Monitor 358 by NorthPeak delivers dependable performance with quality materials and thoughtful design. It is well suited for everyday use in the office supplies category, offering a strong balance of value and functionality.",Office Supplies,"Durable, New Arrival, Bestseller, Waterproof, Modern",527.24,4.6,446,1892,2025-06-05,"7]7F+e{,C'~a",Kalen Emsley,https://unsplash.com/@kalenemsley?utm_source=sse554_capstone&utm_medium=referral
https://example.com/images/eco_bluetooth_speaker_866.jpg,Eco Bluetooth Speaker 866,BlueRiver Outfitters,"The Eco Bluetooth Speaker 866 by BlueRiver Outfitters delivers dependable performance with quality materials and thoughtful design. It is well suited for everyday use in the office supplies category, offering a strong balance of value and functionality.",Office Supplies,"Portable, Modern, Wireless, Rechargeable, Premium",98.83,3.4,9363,1382,2017-12-15,Ki+;dZcT8Ibl,Kalen Emsley,https://unsplash.com/@kalenemsley?utm_source=sse554_capstone&utm_medium=referral
https://example.com/images/classic_cookware_set_613.jpg,Classic Cookware Set 613,NorthPeak,"The Classic Cookware Set 613 by NorthPeak delivers dependable performance with quality materials and thoughtful design. It is well suited for everyday use in the books category, offering a strong balance of value and functionality.",Books,"Durable, Premium, Ergonomic, Versatile, Essential",440.1,1.1,2501,579,2018-11-28,eafIct@e!FuT,Kalen Emsley,https://unsplash.com/@kalenemsley?utm_source=sse554_capstone&utm_medium=referral
https://example.com/images/advanced_cookbook_537.jpg,Advanced Cookbook 537,SilverLine Electronics,"The Advanced Cookbook 537 by SilverLine Electronics delivers dependable performance with quality materials and thoughtful design. It is well suited for everyday use in the home & kitchen category, offering a strong balance of value and functionality.",Home & Kitchen,"Waterproof, Limited Edition, Essential, Modern, Giftable",523.68,1.8,9304,1658,2020-08-10,cHj}I.?/BvCz,Kalen Emsley,https://unsplash.com/@kalenemsley?utm_source=sse554_capstone&utm_medium=referral
https://example.com/images/classic_external_hard_drive_655.jpg,Classic External Hard Drive 655,NorthPeak,"The Classic External Hard Drive 655 by NorthPeak delivers dependable performance with quality materials and thoughtful design. It is well suited for everyday use in the electronics category, offering a strong balance of value and functionality.",Electronics,"Modern, Waterproof, Ergonomic, Lightweight, Rechargeable",692.85,3.3,8574,1946,2022-08-06,|Rz/^A.rKd$m,Kalen Emsley,https://unsplash.com/@kalenemsley?utm_source=sse554_capstone&utm_medium=referral
https://example.com/images/ultra_fitness_tracker_240.jpg,Ultra Fitness Tracker 240,SilverLine Electronics,"The Ultra Fitness Tracker 240 by SilverLine Electronics delivers dependable performance with quality materials and thoughtful design. It is well suited for everyday use in the home & kitchen category, offering a strong balance of value and functionality.",Home & Kitchen,"Portable, Modern, Lightweight, Giftable, Ergonomic",505.18,2.2,8400,1971,2022-11-12,]mGk'[<HO7!I,Kalen Emsley,https://unsplash.com/@kalenemsley?utm_source=sse554_capstone&utm_medium=referral
https://example.com/images/smart_stainless_steel_water_bottle_923.jpg,Smart Stainless Steel Water Bottle 923,Horizon Tech,"The Smart Stainless Steel Water Bottle 923 by Horizon Tech delivers dependable performance with quality materials and thoughtful design. It is well suited for everyday use in the office supplies category, offering a strong balance of value and functionality.",Office Supplies,"Limited Edition, Premium, Waterproof, Ergonomic, New Arrival",618.38,4.0,4273,176,2025-04-02,tcynF7jwV#da,Kalen Emsley,https://unsplash.com/@kalenemsley?utm_source=sse554_capstone&utm_medium=referral
https://example.com/images/wireless_led_desk_lamp_128.jpg,Wireless LED Desk Lamp 128,Horizon Tech,"The Wireless LED Desk Lamp 128 by Horizon Tech delivers dependable performance with quality materials and thoughtful design. It is well suited for everyday use in the clothing category, offering a strong balance of value and functionality.",Clothing,"Portable, Modern, Wireless, Limited Edition, Premium",698.0,3.6,2207,1282,2021-09-29,V[uQ!igVz9w_,Kalen Emsley,https://unsplash.com/@kalenemsley?utm_source=sse554_capstone&utm_medium=referral
https://example.com/images/ultra_external_hard_drive_129.jpg,Ultra External Hard Drive 129,Summit Gear Co.,"The Ultra External Hard Drive 129 by Summit Gear Co. delivers dependable performance with quality materials and thoughtful design. It is well suited for everyday use in the home & kitchen category, offering a strong balance of value and functionality.",Home & Kitchen,"Lightweight, Limited Edition, Giftable, Durable, Compact",188.34,1.9,4134,1804,2024-06-18,q*#u61pWcs*W,Kalen Emsley,https://unsplash.com/@kalenemsley?utm_source=sse554_capstone&utm_medium=referral
https://example.com/images/professional_fitness_tracker_957.jpg,Professional Fitness Tracker 957,NorthPeak,"The Professional Fitness Tracker 957 by NorthPeak delivers dependable performance with quality materials and thoughtful design. It is well suited for everyday use in the sports & outdoors category, offering a strong balance of value and functionality.",Sports & Outdoors,"Ergonomic, Wireless, Durable, Giftable, Compact",92.54,4.4,6033,494,2020-10-03,|w`/554JR$'L,Kalen Emsley,https://unsplash.com/@kalenemsley?utm_source=sse554_capstone&utm_medium=referral
https://example.com/images/compact_gaming_mouse_613.jpg,Compact Gaming Mouse 613,BrightLeaf Publishing,"The Compact Gaming Mouse 613 by BrightLeaf Publishing delivers dependable performance with quality materials and thoughtful design. It is well suited for everyday use in the books category, offering a strong balance of value and functionality.",Books,"Compact, Ergonomic, Portable, Bestseller, Modern",236.65,2.0,7303,1309,2017-02-15,rf/QqP6amsGb,Kalen Emsley,https://unsplash.com/@kalenemsley?utm_source=sse554_capstone&utm_medium=referral
https://example.com/images/smart_yoga_mat_366.jpg,Smart Yoga Mat 366,Summit Gear Co.,"The Smart Yoga Mat 366 by Summit Gear Co. delivers dependable performance with quality materials and thoughtful design. It is well suited for everyday use in the clothing category, offering a strong balance of value and functionality.",Clothing,"Modern, Essential, Ergonomic, Durable, Premium",311.62,2.4,1318,1679,2021-12-03,"J8hw&7D()%^,",Kalen Emsley,https://unsplash.com/@kalenemsley?utm_source=sse554_capstone&utm_medium=referral
https://example.com/images/premium_cookbook_178.jpg,Premium Cookbook 178,Horizon Tech,"The Premium Cookbook 178 by Horizon Tech delivers dependable performance with quality materials and thoughtful design. It is well suited for everyday use in the clothing category, offering a strong balance of value and functionality.",Clothing,"Compact, Bestseller, Portable, Waterproof, Premium",232.25,1.3,6057,38,2021-11-06,_[_7<:Fg'7W7,Kalen Emsley,https://unsplash.com/@kalenemsley?utm_source=sse554_capstone&utm_medium=referral
https://example.com/images/professional_graphic_t-shirt_378.jpg,Professional Graphic T-Shirt 378,SilverLine Electronics,"The Professional Graphic T-Shirt 378 by SilverLine Electronics delivers dependable performance with quality materials and thoughtful design. It is well suited for everyday use in the electronics category, offering a strong balance of value and functionality.",Electronics,"Essential, Wireless, Modern, Rechargeable, Premium",352.77,3.1,5997,1006,2025-12-02,B~p?M+vpsLTq,Kalen Emsley,https://unsplash.com/@kalenemsley?utm_source=sse554_capstone&utm_medium=referral
https://example.com/images/ultra_gaming_mouse_827.jpg,Ultra Gaming Mouse 827,NorthPeak,"The Ultra Gaming Mouse 827 by NorthPeak delivers dependable performance with quality materials and thoughtful design. It is well suited for everyday use in the home & kitchen category, offering a strong balance of value and functionality.",Home & Kitchen,"Wireless, Modern, Giftable, Durable, Compact",597.73,4.1,7463,662,2016-06-19,eSOq%+eHd7(|,Kalen Emsley,https://unsplash.com/@kalenemsley?utm_source=sse554_capstone&utm_medium=referral
https://example.com/images/wireless_bluetooth_speaker_968.jpg,Wireless Bluetooth Speaker 968,BrightLeaf Publishing,"The Wireless Bluetooth Speaker 968 by BrightLeaf Publishing delivers dependable performance with quality materials and thoughtful design. It is well suited for everyday use in the sports & outdoors category, offering a strong balance of value and functionality.",Sports & Outdoors,"Premium, Giftable, Rechargeable, Waterproof, Lightweight",362.01,4.1,1268,1313,2021-02-03,9jX=l$f?}pb$,Kalen Emsley,https://unsplash.com/@kalenemsley?utm_source=sse554_capstone&utm_medium=referral
https://example.com/images/eco_smartphone_stand_570.jpg,Eco Smartphone Stand 570,Summit Gear Co.,"The Eco Smartphone Stand 570 by Summit Gear Co. delivers dependable performance with quality materials and thoughtful design. It is well suited for everyday use in the office supplies category, offering a strong balance of value and functionality.",Office Supplies,"Portable, Essential, Limited Edition, Premium, Waterproof",602.95,3.8,3516,1100,2024-10-27,1-*JP#9289MO,Kalen Emsley,https://unsplash.com/@kalenemsley?utm_source=sse554_capstone&utm_medium=referral
https://example.com/images/wireless_noise_cancelling_headphones_794.jpg,Wireless Noise Cancelling Headphones 794,BrightLeaf Publishing,"The Wireless Noise Cancelling Headphones 794 by BrightLeaf Publishing delivers dependable performance with quality materials and thoughtful design. It is well suited for everyday use in the clothing category, offering a strong balance of value and functionality.",Clothing,"Wireless, Durable, Essential, Giftable, Lightweight",29.5,2.7,3847,751,2019-04-25,`ra*L%`+iOyj,Kalen Emsley,https://unsplash.com/@kalenemsley?utm_source=sse554_capstone&utm_medium=referral
https://example.com/images/professional_stainless_steel_water_bottle_149.jpg,Professional Stainless Steel Water Bottle 149,NorthPeak,"The Professional Stainless Steel Water Bottle 149 by NorthPeak delivers dependable performance with quality materials and thoughtful design. It is well suited for everyday use in the electronics category, offering a strong balance of value and functionality.",Electronics,"Limited Edition, Bestseller, Essential, Compact, Ergonomic",535.88,3.8,1407,1811,2016-01-26,3k!PvN7U*L*",Kalen Emsley,https://unsplash.com/@kalenemsley?utm_source=sse554_capstone&utm_medium=referral
https://example.com/images/advanced_smartphone_stand_877.jpg,Advanced Smartphone Stand 877,Maple Street Press,"The Advanced Smartphone Stand 877 by Maple Street Press delivers dependable performance with quality materials and thoughtful design. It is well suited for everyday use in the sports & outdoors category, offering a strong balance of value and functionality.",Sports & Outdoors,"Limited Edition, Compact, Portable, Premium, Ergonomic",291.48,3.6,6120,1221,2016-01-26,Kb%3pvtAyPgf,Kalen Emsley,https://unsplash.com/@kalenemsley?utm_source=sse554_capstone&utm_medium=referral
https://example.com/images/smart_led_desk_lamp_886.jpg,Smart LED Desk Lamp 886,SilverLine Electronics,"The Smart LED Desk Lamp 886 by SilverLine Electronics delivers dependable performance with quality materials and thoughtful design. It is well suited for everyday use in the office supplies category, offering a strong balance of value and functionality.",Office Supplies,"Versatile, Essential, Limited Edition, Giftable, Portable",724.82,1.6,3492,364,2018-01-24,"j'&l,w66>wH]",Kalen Emsley,https://unsplash.com/@kalenemsley?utm_source=sse554_capstone&utm_medium=referral
https://example.com/images/smart_cookbook_626.jpg,Smart Cookbook 626,NorthPeak,"The Smart Cookbook 626 by NorthPeak delivers dependable performance with quality materials and thoughtful design. It is well suited for everyday use in the clothing category, offering a strong balance of value and functionality.",Clothing,"Waterproof, Durable, Premium, Compact, Lightweight",781.64,2.8,5680,848,2017-09-07,2?)*5@h~o1-{,Kalen Emsley,https://unsplash.com/@kalenemsley?utm_source=sse554_capstone&utm_medium=referral
https://example.com/images/classic_smartphone_stand_136.jpg,Classic Smartphone Stand 136,BlueRiver Outfitters,"The Classic Smartphone Stand 136 by BlueRiver Outfitters delivers dependable performance with quality materials and thoughtful design. It is well suited for everyday use in the books category, offering a strong balance of value and functionality.",Books,"Bestseller, Wireless, Giftable, Compact, Lightweight",413.03,4.7,3053,1054,2020-06-21,f/#&-Hn@<?!),Kalen Emsley,https://unsplash.com/@kalenemsley?utm_source=sse554_capstone&utm_medium=referral
https://example.com/images/eco_smartphone_stand_589.jpg,Eco Smartphone Stand 589,NorthPeak,"The Eco Smartphone Stand 589 by NorthPeak delivers dependable performance with quality materials and thoughtful design. It is well suited for everyday use in the electronics category, offering a strong balance of value and functionality.",Electronics,"Premium, Ergonomic, Compact, Versatile, Waterproof",526.89,1.3,2604,1729,2020-02-03,";yc,<m]Rrp1t",Kalen Emsley,https://unsplash.com/@kalenemsley?utm_source=sse554_capstone&utm_medium=referral
https://example.com/images/portable_electric_kettle_576.jpg,Portable Electric Kettle 576,Summit Gear Co.,"The Portable Electric Kettle 576 by Summit Gear Co. delivers dependable performance with quality materials and thoughtful design. It is well suited for everyday use in the electronics category, offering a strong balance of value and functionality.",Electronics,"Essential, Giftable, Lightweight, Rechargeable, Bestseller",505.76,3.1,3116,336,2016-03-29,"m>,n40Eq+}MA",Kalen Emsley,https://unsplash.com/@kalenemsley?utm_source=sse554_capstone&utm_medium=referral
https://example.com/images/classic_external_hard_drive_418.jpg,Classic External Hard Drive 418,UrbanNest,"The Classic External Hard Drive 418 by UrbanNest delivers dependable performance with quality materials and thoughtful design. It is well suited for everyday use in the books category, offering a strong balance of value and functionality.",Books,"Essential, Wireless, Bestseller, Giftable, Premium",293.45,3.1,6021,712,2017-10-19,",}huM|2{LU\%",Kalen Emsley,https://unsplash.com/@kalenemsley?utm_source=sse554_capstone&utm_medium=referral
https://example.com/images/premium_gaming_mouse_550.jpg,Premium Gaming Mouse 550,UrbanNest,"The Premium Gaming Mouse 550 by UrbanNest delivers dependable performance with quality materials and thoughtful design. It is well suited for everyday use in the electronics category, offering a strong balance of value and functionality.",Electronics,"Compact, Ergonomic, Portable, Limited Edition, Lightweight",165.39,2.1,3534,1671,2025-04-16,"vBuHkum_,lrB",Kalen Emsley,https://unsplash.com/@kalenemsley?utm_source=sse554_capstone&utm_medium=referral
https://example.com/images/premium_mechanical_keyboard_464.jpg,Premium Mechanical Keyboard 464,Horizon Tech,"The Premium Mechanical Keyboard 464 by Horizon Tech delivers dependable performance with quality materials and thoughtful design. It is well suited for everyday use in the sports & outdoors category, offering a strong balance of value and functionality.",Sports & Outdoors,"Giftable, Bestseller, Versatile, Modern, Durable",499.54,3.4,1245,41,2023-10-25,V'r=iY|9f)a1,Kalen Emsley,https://unsplash.com/@kalenemsley?utm_source=sse554_capstone&utm_medium=referral
https://example.com/images/premium_office_chair_874.jpg,Premium Office Chair 874,Summit Gear Co.,"The Premium Office Chair 874 by Summit Gear Co. delivers dependable performance with quality materials and thoughtful design. It is well suited for everyday use in the clothing category, offering a strong balance of value and functionality.",Clothing,"Modern, Compact, Versatile, Bestseller, Lightweight",386.25,4.5,625,1243,2016-01-23,RNqQ{3WXfYDS,Kalen Emsley,https://unsplash.com/@kalenemsley?utm_source=sse554_capstone&utm_medium=referral
https://example.com/images/advanced_bluetooth_speaker_688.jpg,Advanced Bluetooth Speaker 688,Maple Street Press,"The Advanced Bluetooth Speaker 688 by Maple Street Press delivers dependable performance with quality materials and thoughtful design. It is well suited for everyday use in the home & kitchen category, offering a strong balance of value and functionality.",Home & Kitchen,"Giftable, Compact, New Arrival, Limited Edition, Durable",254.56,2.6,5473,1245,2020-08-09,=(J=zWVc9}dH,Kalen Emsley,https://unsplash.com/@kalenemsley?utm_source=sse554_capstone&utm_medium=referral
https://example.com/images/premium_gaming_mouse_948.jpg,Premium Gaming Mouse 948,BlueRiver Outfitters,"The Premium Gaming Mouse 948 by BlueRiver Outfitters delivers dependable performance with quality materials and thoughtful design. It is well suited for everyday use in the home & kitchen category, offering a strong balance of value and functionality.",Home & Kitchen,"Modern, Portable, New Arrival, Essential, Rechargeable",112.77,2.9,2251,1033,2021-06-20,w5>\9%<dZ~wD,Kalen Emsley,https://unsplash.com/@kalenemsley?utm_source=sse554_capstone&utm_medium=referral
https://example.com/images/portable_bluetooth_speaker_973.jpg,Portable Bluetooth Speaker 973,Summit Gear Co.,"The Portable Bluetooth Speaker 973 by Summit Gear Co. delivers dependable performance with quality materials and thoughtful design. It is well suited for everyday use in the sports & outdoors category, offering a strong balance of value and functionality.",Sports & Outdoors,"Durable, Giftable, New Arrival, Wireless, Essential",741.94,3.7,7110,675,2023-10-02,bUDOAGHBM'vP,Kalen Emsley,https://unsplash.com/@kalenemsley?utm_source=sse554_capstone&utm_medium=referral
https://example.com/images/portable_led_desk_lamp_522.jpg,Portable LED Desk Lamp 522,Summit Gear Co.,"The Portable LED Desk Lamp 522 by Summit Gear Co. delivers dependable performance with quality materials and thoughtful design. It is well suited for everyday use in the electronics category, offering a strong balance of value and functionality.",Electronics,"Lightweight, Waterproof, Modern, Rechargeable, Compact",397.7,2.3,621,138,2021-03-28,K??ttC[x~x@n,Kalen Emsley,https://unsplash.com/@kalenemsley?utm_source=sse554_capstone&utm_medium=referral
https://example.com/images/professional_cookbook_990.jpg,Professional Cookbook 990,Maple Street Press,"The Professional Cookbook 990 by Maple Street Press delivers dependable performance with quality materials and thoughtful design. It is well suited for everyday use in the office supplies category, offering a strong balance of value and functionality.",Office Supplies,"New Arrival, Portable, Premium, Bestseller, Giftable",13.46,4.0,4754,181,2024-08-22,q-CIN)lC^4~*,Kalen Emsley,https://unsplash.com/@kalenemsley?utm_source=sse554_capstone&utm_medium=referral
https://example.com/images/professional_running_shoes_364.jpg,Professional Running Shoes 364,BrightLeaf Publishing,"The Professional Running Shoes 364 by BrightLeaf Publishing delivers dependable performance with quality materials and thoughtful design. It is well suited for everyday use in the home & kitchen category, offering a strong balance of value and functionality.",Home & Kitchen,"Compact, Essential, Giftable, Bestseller, Portable",264.17,4.5,510,1240,2017-03-24,C3|?DI1Zm7}r,Kalen Emsley,https://unsplash.com/@kalenemsley?utm_source=sse554_capstone&utm_medium=referral
https://example.com/images/compact_fitness_tracker_986.jpg,Compact Fitness Tracker 986,UrbanNest,"The Compact Fitness Tracker 986 by UrbanNest delivers dependable performance with quality materials and thoughtful design. It is well suited for everyday use in the clothing category, offering a strong balance of value and functionality.",Clothing,"Limited Edition, Bestseller, Durable, Portable, Premium",129.46,4.1,7749,1285,2025-07-30,+;Rj+r@[s$%',Kalen Emsley,https://unsplash.com/@kalenemsley?utm_source=sse554_capstone&utm_medium=referral
https://example.com/images/classic_running_shoes_463.jpg,Classic Running Shoes 463,Summit Gear Co.,"The Classic Running Shoes 463 by Summit Gear Co. delivers dependable performance with quality materials and thoughtful design. It is well suited for everyday use in the home & kitchen category, offering a strong balance of value and functionality.",Home & Kitchen,"Limited Edition, Compact, Essential, Rechargeable, Durable",792.98,4.2,4270,1844,2017-01-10,wQG'3@7~e)Rj,Kalen Emsley,https://unsplash.com/@kalenemsley?utm_source=sse554_capstone&utm_medium=referral
https://example.com/images/wireless_noise_cancelling_headphones_579.jpg,Wireless Noise Cancelling Headphones 579,Maple Street Press,"The Wireless Noise Cancelling Headphones 579 by Maple Street Press delivers dependable performance with quality materials and thoughtful design. It is well suited for everyday use in the sports & outdoors category, offering a strong balance of value and functionality.",Sports & Outdoors,"Wireless, Lightweight, Durable, Versatile, Giftable",564.64,1.3,6668,63,2025-10-26,m~c3$FMdy8q&,Kalen Emsley,https://unsplash.com/@kalenemsley?utm_source=sse554_capstone&utm_medium=referral
https://example.com/images/ultra_cookbook_633.jpg,Ultra Cookbook 633,BrightLeaf Publishing,"The Ultra Cookbook 633 by BrightLeaf Publishing delivers dependable performance with quality materials and thoughtful design. It is well suited for everyday use in the office supplies category, offering a strong balance of value and functionality.",Office Supplies,"Waterproof, Versatile, Wireless, Modern, Giftable",109.82,2.3,8350,1838,2024-05-06,VndLbu5wOY%{,Kalen Emsley,https://unsplash.com/@kalenemsley?utm_source=sse554_capstone&utm_medium=referral
https://example.com/images/ultra_cookbook_235.jpg,Ultra Cookbook 235,NorthPeak,"The Ultra Cookbook 235 by NorthPeak delivers dependable performance with quality materials and thoughtful design. It is well suited for everyday use in the office supplies category, offering a strong balance of value and functionality.",Office Supplies,"Ergonomic, Limited Edition, Durable, Wireless, Modern",314.36,2.8,4844,1870,2017-11-01,{v5b@Wy#Zk{Q,Kalen Emsley,https://unsplash.com/@kalenemsley?utm_source=sse554_capstone&utm_medium=referral
https://example.com/images/smart_cookbook_956.jpg,Smart Cookbook 956,Maple Street Press,"The Smart Cookbook 956 by Maple Street Press delivers dependable performance with quality materials and thoughtful design. It is well suited for everyday use in the sports & outdoors category, offering a strong balance of value and functionality.",Sports & Outdoors,"Lightweight, Modern, Compact, Versatile, Portable",12.02,1.3,1471,362,2025-06-12,ZhEX>>W!Qe9u,Kalen Emsley,https://unsplash.com/@kalenemsley?utm_source=sse554_capstone&utm_medium=referral
https://example.com/images/compact_gaming_mouse_632.jpg,Compact Gaming Mouse 632,UrbanNest,"The Compact Gaming Mouse 632 by UrbanNest delivers dependable performance with quality materials and thoughtful design. It is well suited for everyday use in the electronics category, offering a strong balance of value and functionality.",Electronics,"Premium, Giftable, Versatile, Compact, Durable",171.89,3.0,2046,933,2017-12-03,JBam6`H~7/{\,Kalen Emsley,https://unsplash.com/@kalenemsley?utm_source=sse554_capstone&utm_medium=referral
https://example.com/images/smart_external_hard_drive_271.jpg,Smart External Hard Drive 271,Maple Street Press,"The Smart External Hard Drive 271 by Maple Street Press delivers dependable performance with quality materials and thoughtful design. It is well suited for everyday use in the home & kitchen category, offering a strong balance of value and functionality.",Home & Kitchen,"Ergonomic, Compact, Rechargeable, Portable, Giftable",123.95,3.0,4750,959,2021-04-27,l:`4MQ]tV+{k,Kalen Emsley,https://unsplash.com/@kalenemsley?utm_source=sse554_capstone&utm_medium=referral
https://example.com/images/portable_action_camera_431.jpg,Portable Action Camera 431,SilverLine Electronics,"The Portable Action Camera 431 by SilverLine Electronics delivers dependable performance with quality materials and thoughtful design. It is well suited for everyday use in the sports & outdoors category, offering a strong balance of value and functionality.",Sports & Outdoors,"Modern, Premium, Limited Edition, Wireless, Bestseller",64.31,2.8,6228,1189,2017-10-02,evXPiNa.s`$E,Kalen Emsley,https://unsplash.com/@kalenemsley?utm_source=sse554_capstone&utm_medium=referral
https://example.com/images/advanced_office_chair_111.jpg,Advanced Office Chair 111,NorthPeak,"The Advanced Office Chair 111 by NorthPeak delivers dependable performance with quality materials and thoughtful design. It is well suited for everyday use in the clothing category, offering a strong balance of value and functionality.",Clothing,"Rechargeable, Versatile, Portable, Waterproof, New Arrival",44.51,3.5,8315,896,2021-11-18,0dlBN5UEsI"b,Kalen Emsley,https://unsplash.com/@kalenemsley?utm_source=sse554_capstone&utm_medium=referral
https://example.com/images/portable_cookware_set_784.jpg,Portable Cookware Set 784,Horizon Tech,"The Portable Cookware Set 784 by Horizon Tech delivers dependable performance with quality materials and thoughtful design. It is well suited for everyday use in the electronics category, offering a strong balance of value and functionality.",Electronics,"Lightweight, Wireless, Premium, Waterproof, Essential",567.28,4.0,6642,637,2024-01-22,zOJ!JqfEW}TG,Kalen Emsley,https://unsplash.com/@kalenemsley?utm_source=sse554_capstone&utm_medium=referral
https://example.com/images/compact_fitness_tracker_846.jpg,Compact Fitness Tracker 846,SilverLine Electronics,"The Compact Fitness Tracker 846 by SilverLine Electronics delivers dependable performance with quality materials and thoughtful design. It is well suited for everyday use in the office supplies category, offering a strong balance of value and functionality.",Office Supplies,"New Arrival, Portable, Compact, Limited Edition, Premium",752.85,2.4,5462,404,2018-08-24,F2H14W\iz$Rh,Kalen Emsley,https://unsplash.com/@kalenemsley?utm_source=sse554_capstone&utm_medium=referral
https://example.com/images/premium_fitness_tracker_170.jpg,Premium Fitness Tracker 170,UrbanNest,"The Premium Fitness Tracker 170 by UrbanNest delivers dependable performance with quality materials and thoughtful design. It is well suited for everyday use in the sports & outdoors category, offering a strong balance of value and functionality.",Sports & Outdoors,"Versatile, Wireless, Lightweight, Waterproof, Ergonomic",67.72,1.5,8623,421,2025-06-15,@%1F<.$G>-aJ,Kalen Emsley,https://unsplash.com/@kalenemsley?utm_source=sse554_capstone&utm_medium=referral
https://example.com/images/eco_gaming_mouse_447.jpg,Eco Gaming Mouse 447,SilverLine Electronics,"The Eco Gaming Mouse 447 by SilverLine Electronics delivers dependable performance with quality materials and thoughtful design. It is well suited for everyday use in the sports & outdoors category, offering a strong balance of value and functionality.",Sports & Outdoors,"Ergonomic, Limited Edition, Rechargeable, Compact, Lightweight",50.0,3.8,3004,1911,2024-06-27,5A63;48j*QT',Kalen Emsley,https://unsplash.com/@kalenemsley?utm_source=sse554_capstone&utm_medium=referral
https://example.com/images/advanced_noise_cancelling_headphones_214.jpg,Advanced Noise Cancelling Headphones 214,BrightLeaf Publishing,"The Advanced Noise Cancelling Headphones 214 by BrightLeaf Publishing delivers dependable performance with quality materials and thoughtful design. It is well suited for everyday use in the sports & outdoors category, offering a strong balance of value and functionality.",Sports & Outdoors,"Rechargeable, Ergonomic, Portable, Giftable, Premium",411.65,1.1,5798,79,2017-09-10,/=dtppe2tuK%,Kalen Emsley,https://unsplash.com/@kalenemsley?utm_source=sse554_capstone&utm_medium=referral
https://example.com/images/premium_office_chair_580.jpg,Premium Office Chair 580,NorthPeak,"The Premium Office Chair 580 by NorthPeak delivers dependable performance with quality materials and thoughtful design. It is well suited for everyday use in the office supplies category, offering a strong balance of value and functionality.",Office Supplies,"Rechargeable, Bestseller, Giftable, Limited Edition, Essential",20.64,4.5,1906,266,2020-02-22,IBF9S`CJpJdH,Kalen Emsley,https://unsplash.com/@kalenemsley?utm_source=sse554_capstone&utm_medium=referral
https://example.com/images/wireless_led_desk_lamp_138.jpg,Wireless LED Desk Lamp 138,Horizon Tech,"The Wireless LED Desk Lamp 138 by Horizon Tech delivers dependable performance with quality materials and thoughtful design. It is well suited for everyday use in the home & kitchen category, offering a strong balance of value and functionality.",Home & Kitchen,"Lightweight, New Arrival, Ergonomic, Modern, Wireless",199.03,4.0,4026,995,2021-06-25,8R'oyw2'Uud\,Kalen Emsley,https://unsplash.com/@kalenemsley?utm_source=sse554_capstone&utm_medium=referral
https://example.com/images/compact_mechanical_keyboard_949.jpg,Compact Mechanical Keyboard 949,Horizon Tech,"The Compact Mechanical Keyboard 949 by Horizon Tech delivers dependable performance with quality materials and thoughtful design. It is well suited for everyday use in the sports & outdoors category, offering a strong balance of value and functionality.",Sports & Outdoors,"Compact, New Arrival, Modern, Ergonomic, Durable",417.01,3.0,9948,1313,2024-05-29,"0v,Q(g+<Sm+Z",Kalen Emsley,https://unsplash.com/@kalenemsley?utm_source=sse554_capstone&utm_medium=referral
https://example.com/images/premium_bluetooth_speaker_915.jpg,Premium Bluetooth Speaker 915,Summit Gear Co.,"The Premium Bluetooth Speaker 915 by Summit Gear Co. delivers dependable performance with quality materials and thoughtful design. It is well suited for everyday use in the office supplies category, offering a strong balance of value and functionality.",Office Supplies,"Bestseller, Giftable, Lightweight, Ergonomic, Versatile",217.04,4.6,9420,1509,2021-01-28,md>C8[;:Hwx0,Kalen Emsley,https://unsplash.com/@kalenemsley?utm_source=sse554_capstone&utm_medium=referral
https://example.com/images/wireless_stainless_steel_water_bottle_986.jpg,Wireless Stainless Steel Water Bottle 986,BlueRiver Outfitters,"The Wireless Stainless Steel Water Bottle 986 by BlueRiver Outfitters delivers dependable performance with quality materials and thoughtful design. It is well suited for everyday use in the office supplies category, offering a strong balance of value and functionality.",Office Supplies,"Lightweight, Premium, Portable, Giftable, Rechargeable",192.48,4.8,3920,1249,2020-08-20,M3)^Y>3|{JI8,Kalen Emsley,https://unsplash.com/@kalenemsley?utm_source=sse554_capstone&utm_medium=referral
https://example.com/images/eco_action_camera_788.jpg,Eco Action Camera 788,Horizon Tech,"The Eco Action Camera 788 by Horizon Tech delivers dependable performance with quality materials and thoughtful design. It is well suited for everyday use in the books category, offering a strong balance of value and functionality.",Books,"Durable, Compact, Limited Edition, Lightweight, Bestseller",208.58,1.0,9230,406,2023-05-16,/ndZ{_@5~a:`,Kalen Emsley,https://unsplash.com/@kalenemsley?utm_source=sse554_capstone&utm_medium=referral
https://example.com/images/premium_mechanical_keyboard_383.jpg,Premium Mechanical Keyboard 383,UrbanNest,"The Premium Mechanical Keyboard 383 by UrbanNest delivers dependable performance with quality materials and thoughtful design. It is well suited for everyday use in the clothing category, offering a strong balance of value and functionality.",Clothing,"New Arrival, Versatile, Modern, Waterproof, Durable",670.58,1.8,8890,313,2016-07-16,c2vtbOq#wsr#,Kalen Emsley,https://unsplash.com/@kalenemsley?utm_source=sse554_capstone&utm_medium=referral
https://example.com/images/advanced_noise_cancelling_headphones_497.jpg,Advanced Noise Cancelling Headphones 497,Horizon Tech,"The Advanced Noise Cancelling Headphones 497 by Horizon Tech delivers dependable performance with quality materials and thoughtful design. It is well suited for everyday use in the electronics category, offering a strong balance of value and functionality.",Electronics,"Bestseller, Waterproof, Limited Edition, Ergonomic, Giftable",704.33,3.0,2896,1364,2021-08-03,5@9D4/-W1"M&,Kalen Emsley,https://unsplash.com/@kalenemsley?utm_source=sse554_capstone&utm_medium=referral
https://example.com/images/portable_bluetooth_speaker_539.jpg,Portable Bluetooth Speaker 539,UrbanNest,"The Portable Bluetooth Speaker 539 by UrbanNest delivers dependable performance with quality materials and thoughtful design. It is well suited for everyday use in the books category, offering a strong balance of value and functionality.",Books,"Compact, Ergonomic, Portable, Limited Edition, Bestseller",22.36,2.6,5115,1614,2020-12-08,C@%{)%hpBqk1,Kalen Emsley,https://unsplash.com/@kalenemsley?utm_source=sse554_capstone&utm_medium=referral
https://example.com/images/premium_external_hard_drive_395.jpg,Premium External Hard Drive 395,Maple Street Press,"The Premium External Hard Drive 395 by Maple Street Press delivers dependable performance with quality materials and thoughtful design. It is well suited for everyday use in the books category, offering a strong balance of value and functionality.",Books,"Rechargeable, Essential, Limited Edition, Portable, Lightweight",163.41,3.9,2983,1518,2022-02-26,"8~X~,9nU#[)&",Kalen Emsley,https://unsplash.com/@kalenemsley?utm_source=sse554_capstone&utm_medium=referral
https://example.com/images/smart_mechanical_keyboard_821.jpg,Smart Mechanical Keyboard 821,Horizon Tech,"The Smart Mechanical Keyboard 821 by Horizon Tech delivers dependable performance with quality materials and thoughtful design. It is well suited for everyday use in the home & kitchen category, offering a strong balance of value and functionality.",Home & Kitchen,"Premium, New Arrival, Lightweight, Ergonomic, Versatile",433.1,1.1,3477,1077,2022-12-18,Q3?Uob=Zv&zH,Kalen Emsley,https://unsplash.com/@kalenemsley?utm_source=sse554_capstone&utm_medium=referral
https://example.com/images/premium_gaming_mouse_682.jpg,Premium Gaming Mouse 682,NorthPeak,"The Premium Gaming Mouse 682 by NorthPeak delivers dependable performance with quality materials and thoughtful design. It is well suited for everyday use in the electronics category, offering a strong balance of value and functionality.",Electronics,"Compact, Durable, Wireless, Essential, Premium",673.88,2.4,524,363,2024-05-01,"VS+]_|6,3^Mp",Kalen Emsley,https://unsplash.com/@kalenemsley?utm_source=sse554_capstone&utm_medium=referral
https://example.com/images/portable_office_chair_221.jpg,Portable Office Chair 221,Horizon Tech,"The Portable Office Chair 221 by Horizon Tech delivers dependable performance with quality materials and thoughtful design. It is well suited for everyday use in the electronics category, offering a strong balance of value and functionality.",Electronics,"Durable, Waterproof, New Arrival, Giftable, Bestseller",688.75,4.6,2458,830,2016-04-15,TM<=5K"%EA{X,Kalen Emsley,https://unsplash.com/@kalenemsley?utm_source=sse554_capstone&utm_medium=referral
https://example.com/images/ultra_led_desk_lamp_824.jpg,Ultra LED Desk Lamp 824,Summit Gear Co.,"The Ultra LED Desk Lamp 824 by Summit Gear Co. delivers dependable performance with quality materials and thoughtful design. It is well suited for everyday use in the books category, offering a strong balance of value and functionality.",Books,"Versatile, Waterproof, Modern, Ergonomic, Compact",365.98,1.6,154,604,2021-11-04,^n<9-BVQ"f!r,Kalen Emsley,https://unsplash.com/@kalenemsley?utm_source=sse554_capstone&utm_medium=referral
https://example.com/images/advanced_4k_monitor_594.jpg,Advanced 4K Monitor 594,BlueRiver Outfitters,"The Advanced 4K Monitor 594 by BlueRiver Outfitters delivers dependable performance with quality materials and thoughtful design. It is well suited for everyday use in the office supplies category, offering a strong balance of value and functionality.",Office Supplies,"Giftable, Essential, Versatile, Waterproof, Lightweight",204.5,2.8,3233,156,2023-07-16,"4i@PC.KPCqF,",Kalen Emsley,https://unsplash.com/@kalenemsley?utm_source=sse554_capstone&utm_medium=referral
https://example.com/images/ultra_cookware_set_795.jpg,Ultra Cookware Set 795,Summit Gear Co.,"The Ultra Cookware Set 795 by Summit Gear Co. delivers dependable performance with quality materials and thoughtful design. It is well suited for everyday use in the home & kitchen category, offering a strong balance of value and functionality.",Home & Kitchen,"Premium, Modern, Ergonomic, Essential, Versatile",283.47,1.1,5118,491,2025-02-07,?[[g-oe{Rg|q,Kalen Emsley,https://unsplash.com/@kalenemsley?utm_source=sse554_capstone&utm_medium=referral
https://example.com/images/wireless_mechanical_keyboard_406.jpg,Wireless Mechanical Keyboard 406,Horizon Tech,"The Wireless Mechanical Keyboard 406 by Horizon Tech delivers dependable performance with quality materials and thoughtful design. It is well suited for everyday use in the sports & outdoors category, offering a strong balance of value and functionality.",Sports & Outdoors,"Essential, Versatile, Lightweight, Waterproof, Compact",345.23,3.8,3627,836,2019-02-04,x9RSSg?%%-F),Kalen Emsley,https://unsplash.com/@kalenemsley?utm_source=sse554_capstone&utm_medium=referral
https://example.com/images/wireless_running_shoes_218.jpg,Wireless Running Shoes 218,BlueRiver Outfitters,"The Wireless Running Shoes 218 by BlueRiver Outfitters delivers dependable performance with quality materials and thoughtful design. It is well suited for everyday use in the clothing category, offering a strong balance of value and functionality.",Clothing,"Compact, Giftable, Waterproof, Wireless, Modern",9.62,1.9,1363,1672,2024-10-02,\i'##FpauRFe,Kalen Emsley,https://unsplash.com/@kalenemsley?utm_source=sse554_capstone&utm_medium=referral
https://example.com/images/wireless_action_camera_577.jpg,Wireless Action Camera 577,BrightLeaf Publishing,"The Wireless Action Camera 577 by BrightLeaf Publishing delivers dependable performance with quality materials and thoughtful design. It is well suited for everyday use in the electronics category, offering a strong balance of value and functionality.",Electronics,"Premium, Lightweight, Bestseller, Durable, Limited Edition",409.68,4.4,7274,1803,2020-03-05,ti(}Z#o("P8>,Kalen Emsley,https://unsplash.com/@kalenemsley?utm_source=sse554_capstone&utm_medium=referral
https://example.com/images/advanced_4k_monitor_785.jpg,Advanced 4K Monitor 785,Maple Street Press,"The Advanced 4K Monitor 785 by Maple Street Press delivers dependable performance with quality materials and thoughtful design. It is well suited for everyday use in the home & kitchen category, offering a strong balance of value and functionality.",Home & Kitchen,"Ergonomic, Rechargeable, Limited Edition, Wireless, Compact",86.26,3.3,26,967,2019-02-26,*:h^b^u(j}p],Kalen Emsley,https://unsplash.com/@kalenemsley?utm_source=sse554_capstone&utm_medium=referral
https://example.com/images/compact_yoga_mat_622.jpg,Compact Yoga Mat 622,BlueRiver Outfitters,"The Compact Yoga Mat 622 by BlueRiver Outfitters delivers dependable performance with quality materials and thoughtful design. It is well suited for everyday use in the books category, offering a strong balance of value and functionality.",Books,"Premium, Bestseller, Compact, New Arrival, Portable",789.92,2.9,7283,1832,2020-12-07,|s/?Vg='m-yl,Kalen Emsley,https://unsplash.com/@kalenemsley?utm_source=sse554_capstone&utm_medium=referral
https://example.com/images/smart_fitness_tracker_157.jpg,Smart Fitness Tracker 157,SilverLine Electronics,"The Smart Fitness Tracker 157 by SilverLine Electronics delivers dependable performance with quality materials and thoughtful design. It is well suited for everyday use in the books category, offering a strong balance of value and functionality.",Books,"Premium, Essential, Modern, Waterproof, Durable",595.74,2.0,5959,1199,2022-03-29,>]"i2j\j.ikf,Kalen Emsley,https://unsplash.com/@kalenemsley?utm_source=sse554_capstone&utm_medium=referral
https://example.com/images/advanced_graphic_t-shirt_703.jpg,Advanced Graphic T-Shirt 703,Horizon Tech,"The Advanced Graphic T-Shirt 703 by Horizon Tech delivers dependable performance with quality materials and thoughtful design. It is well suited for everyday use in the clothing category, offering a strong balance of value and functionality.",Clothing,"Ergonomic, New Arrival, Premium, Waterproof, Durable",117.43,1.2,1651,5,2025-10-22,?ny-]Td"#wlM,Kalen Emsley,https://unsplash.com/@kalenemsley?utm_source=sse554_capstone&utm_medium=referral
https://example.com/images/eco_led_desk_lamp_696.jpg,Eco LED Desk Lamp 696,Maple Street Press,"The Eco LED Desk Lamp 696 by Maple Street Press delivers dependable performance with quality materials and thoughtful design. It is well suited for everyday use in the sports & outdoors category, offering a strong balance of value and functionality.",Sports & Outdoors,"Compact, Durable, Ergonomic, Rechargeable, Premium",370.53,1.9,2309,208,2019-05-24,>?UpY4'iWjXX,Kalen Emsley,https://unsplash.com/@kalenemsley?utm_source=sse554_capstone&utm_medium=referral
https://example.com/images/wireless_fitness_tracker_134.jpg,Wireless Fitness Tracker 134,UrbanNest,"The Wireless Fitness Tracker 134 by UrbanNest delivers dependable performance with quality materials and thoughtful design. It is well suited for everyday use in the sports & outdoors category, offering a strong balance of value and functionality.",Sports & Outdoors,"Bestseller, Versatile, Giftable, Ergonomic, Compact",449.8,3.7,6241,836,2021-10-12,s~Hpz(s}aa{3,Kalen Emsley,https://unsplash.com/@kalenemsley?utm_source=sse554_capstone&utm_medium=referral
https://example.com/images/eco_science_fiction_novel_637.jpg,Eco Science Fiction Novel 637,NorthPeak,"The Eco Science Fiction Novel 637 by NorthPeak delivers dependable performance with quality materials and thoughtful design. It is well suited for everyday use in the sports & outdoors category, offering a strong balance of value and functionality.",Sports & Outdoors,"Giftable, Versatile, Bestseller, Ergonomic, Limited Edition",717.8,1.5,2563,1998,2019-07-08,x4Lm%+o8"{J!,Kalen Emsley,https://unsplash.com/@kalenemsley?utm_source=sse554_capstone&utm_medium=referral
https://example.com/images/compact_action_camera_599.jpg,Compact Action Camera 599,Horizon Tech,"The Compact Action Camera 599 by Horizon Tech delivers dependable performance with quality materials and thoughtful design. It is well suited for everyday use in the office supplies category, offering a strong balance of value and functionality.",Office Supplies,"Compact, Durable, Wireless, Modern, Waterproof",570.72,3.3,2821,1118,2022-01-29,KE3D}_l!jGLL,Kalen Emsley,https://unsplash.com/@kalenemsley?utm_source=sse554_capstone&utm_medium=referral
https://example.com/images/premium_yoga_mat_949.jpg,Premium Yoga Mat 949,Maple Street Press,"The Premium Yoga Mat 949 by Maple Street Press delivers dependable performance with quality materials and thoughtful design. It is well suited for everyday use in the office supplies category, offering a strong balance of value and functionality.",Office Supplies,"Limited Edition, Modern, Lightweight, Portable, New Arrival",769.23,2.3,7476,727,2025-10-02,UYRl+*3<5_Ai,Kalen Emsley,https://unsplash.com/@kalenemsley?utm_source=sse554_capstone&utm_medium=referral
https://example.com/images/premium_led_desk_lamp_680.jpg,Premium LED Desk Lamp 680,Summit Gear Co.,"The Premium LED Desk Lamp 680 by Summit Gear Co. delivers dependable performance with quality materials and thoughtful design. It is well suited for everyday use in the electronics category, offering a strong balance of value and functionality.",Electronics,"Waterproof, New Arrival, Lightweight, Bestseller, Premium",99.98,2.0,7541,363,2017-04-28,/sUc2ULlQWxS,Kalen Emsley,https://unsplash.com/@kalenemsley?utm_source=sse554_capstone&utm_medium=referral
https://example.com/images/classic_led_desk_lamp_992.jpg,Classic LED Desk Lamp 992,UrbanNest,"The Classic LED Desk Lamp 992 by UrbanNest delivers dependable performance with quality materials and thoughtful design. It is well suited for everyday use in the home & kitchen category, offering a strong balance of value and functionality.",Home & Kitchen,"Ergonomic, Compact, Giftable, Waterproof, Durable",174.95,4.3,7764,868,2025-04-19,~Gb"sI/RY5u",Kalen Emsley,https://unsplash.com/@kalenemsley?utm_source=sse554_capstone&utm_medium=referral
https://example.com/images/eco_office_chair_637.jpg,Eco Office Chair 637,SilverLine Electronics,"The Eco Office Chair 637 by SilverLine Electronics delivers dependable performance with quality materials and thoughtful design. It is well suited for everyday use in the sports & outdoors category, offering a strong balance of value and functionality.",Sports & Outdoors,"Versatile, Limited Edition, Giftable, Rechargeable, Compact",405.92,3.8,5902,1331,2016-10-24,;)M9w%8}}*^Y,Kalen Emsley,https://unsplash.com/@kalenemsley?utm_source=sse554_capstone&utm_medium=referral
https://example.com/images/smart_running_shoes_939.jpg,Smart Running Shoes 939,SilverLine Electronics,"The Smart Running Shoes 939 by SilverLine Electronics delivers dependable performance with quality materials and thoughtful design. It is well suited for everyday use in the office supplies category, offering a strong balance of value and functionality.",Office Supplies,"Essential, New Arrival, Rechargeable, Durable, Bestseller",25.48,4.2,6166,1785,2022-04-12,Td[n'wub~/+%,Kalen Emsley,https://unsplash.com/@kalenemsley?utm_source=sse554_capstone&utm_medium=referral
https://example.com/images/compact_running_shoes_152.jpg,Compact Running Shoes 152,BrightLeaf Publishing,"The Compact Running Shoes 152 by BrightLeaf Publishing delivers dependable performance with quality materials and thoughtful design. It is well suited for everyday use in the clothing category, offering a strong balance of value and functionality.",Clothing,"Premium, Limited Edition, Lightweight, Waterproof, Wireless",567.93,2.6,9491,484,2021-10-19,5*(~Cl1^Z'Fx,Kalen Emsley,https://unsplash.com/@kalenemsley?utm_source=sse554_capstone&utm_medium=referral
https://example.com/images/premium_office_chair_423.jpg,Premium Office Chair 423,UrbanNest,"The Premium Office Chair 423 by UrbanNest delivers dependable performance with quality materials and thoughtful design. It is well suited for everyday use in the books category, offering a strong balance of value and functionality.",Books,"Portable, Ergonomic, Versatile, Modern, Premium",662.28,4.1,3933,691,2021-06-28,"|2)Dx8,ln&O6",Kalen Emsley,https://unsplash.com/@kalenemsley?utm_source=sse554_capstone&utm_medium=referral
https://example.com/images/premium_4k_monitor_924.jpg,Premium 4K Monitor 924,BlueRiver Outfitters,"The Premium 4K Monitor 924 by BlueRiver Outfitters delivers dependable performance with quality materials and thoughtful design. It is well suited for everyday use in the sports & outdoors category, offering a strong balance of value and functionality.",Sports & Outdoors,"Lightweight, Essential, New Arrival, Bestseller, Giftable",289.16,3.6,2581,243,2021-12-23,!Ka:83F[2gCo,Kalen Emsley,https://unsplash.com/@kalenemsley?utm_source=sse554_capstone&utm_medium=referral
https://example.com/images/smart_cookbook_773.jpg,Smart Cookbook 773,UrbanNest,"The Smart Cookbook 773 by UrbanNest delivers dependable performance with quality materials and thoughtful design. It is well suited for everyday use in the sports & outdoors category, offering a strong balance of value and functionality.",Sports & Outdoors,"Ergonomic, Premium, Compact, Limited Edition, Versatile",367.02,2.5,7659,706,2018-08-26,vCM)6A|Te&n<,Kalen Emsley,https://unsplash.com/@kalenemsley?utm_source=sse554_capstone&utm_medium=referral
https://example.com/images/ultra_yoga_mat_693.jpg,Ultra Yoga Mat 693,NorthPeak,"The Ultra Yoga Mat 693 by NorthPeak delivers dependable performance with quality materials and thoughtful design. It is well suited for everyday use in the sports & outdoors category, offering a strong balance of value and functionality.",Sports & Outdoors,"Wireless, Essential, Modern, Bestseller, New Arrival",715.66,3.8,5345,1649,2022-02-10,zurDR5pYQVy!,Kalen Emsley,https://unsplash.com/@kalenemsley?utm_source=sse554_capstone&utm_medium=referral
https://example.com/images/eco_electric_kettle_609.jpg,Eco Electric Kettle 609,BrightLeaf Publishing,"The Eco Electric Kettle 609 by BrightLeaf Publishing delivers dependable performance with quality materials and thoughtful design. It is well suited for everyday use in the books category, offering a strong balance of value and functionality.",Books,"Compact, Durable, Lightweight, Essential, Waterproof",273.44,2.6,9206,543,2019-06-14,UPEu~k(BALPI,Kalen Emsley,https://unsplash.com/@kalenemsley?utm_source=sse554_capstone&utm_medium=referral
https://example.com/images/portable_cookbook_457.jpg,Portable Cookbook 457,NorthPeak,"The Portable Cookbook 457 by NorthPeak delivers dependable performance with quality materials and thoughtful design. It is well suited for everyday use in the sports & outdoors category, offering a strong balance of value and functionality.",Sports & Outdoors,"Limited Edition, Lightweight, Durable, Wireless, Rechargeable",112.36,2.3,3107,420,2020-08-01,aR31tw-oHJ&r,Kalen Emsley,https://unsplash.com/@kalenemsley?utm_source=sse554_capstone&utm_medium=referral
https://example.com/images/ultra_electric_kettle_395.jpg,Ultra Electric Kettle 395,Maple Street Press,"The Ultra Electric Kettle 395 by Maple Street Press delivers dependable performance with quality materials and thoughtful design. It is well suited for everyday use in the office supplies category, offering a strong balance of value and functionality.",Office Supplies,"Durable, Limited Edition, Giftable, Lightweight, Wireless",587.41,1.1,3607,178,2018-09-22,\LLdkW&[=sWr,Kalen Emsley,https://unsplash.com/@kalenemsley?utm_source=sse554_capstone&utm_medium=referral
https://example.com/images/portable_noise_cancelling_headphones_474.jpg,Portable Noise Cancelling Headphones 474,Summit Gear Co.,"The Portable Noise Cancelling Headphones 474 by Summit Gear Co. delivers dependable performance with quality materials and thoughtful design. It is well suited for everyday use in the sports & outdoors category, offering a strong balance of value and functionality.",Sports & Outdoors,"Bestseller, New Arrival, Limited Edition, Waterproof, Premium",646.63,1.3,4757,442,2024-10-23,0#'v1q/yQick,Kalen Emsley,https://unsplash.com/@kalenemsley?utm_source=sse554_capstone&utm_medium=referral
https://example.com/images/compact_cookware_set_965.jpg,Compact Cookware Set 965,BlueRiver Outfitters,"The Compact Cookware Set 965 by BlueRiver Outfitters delivers dependable performance with quality materials and thoughtful design. It is well suited for everyday use in the electronics category, offering a strong balance of value and functionality.",Electronics,"Ergonomic, Compact, Bestseller, Essential, Limited Edition",269.4,1.5,1999,362,2019-05-29,:|\#`IE5M+an,Kalen Emsley,https://unsplash.com/@kalenemsley?utm_source=sse554_capstone&utm_medium=referral
https://example.com/images/smart_fitness_tracker_969.jpg,Smart Fitness Tracker 969,UrbanNest,"The Smart Fitness Tracker 969 by UrbanNest delivers dependable performance with quality materials and thoughtful design. It is well suited for everyday use in the home & kitchen category, offering a strong balance of value and functionality.",Home & Kitchen,"Compact, Lightweight, Modern, Portable, Versatile",121.01,3.9,9102,1979,2017-01-16,d9>U-yPcuy77,Kalen Emsley,https://unsplash.com/@kalenemsley?utm_source=sse554_capstone&utm_medium=referral
https://example.com/images/ultra_running_shoes_110.jpg,Ultra Running Shoes 110,Maple Street Press,"The Ultra Running Shoes 110 by Maple Street Press delivers dependable performance with quality materials and thoughtful design. It is well suited for everyday use in the electronics category, offering a strong balance of value and functionality.",Electronics,"Durable, Compact, Giftable, Lightweight, New Arrival",288.46,4.7,3366,486,2021-08-31,"b1X!+4MCiE@,",Kalen Emsley,https://unsplash.com/@kalenemsley?utm_source=sse554_capstone&utm_medium=referral
https://example.com/images/compact_4k_monitor_529.jpg,Compact 4K Monitor 529,Summit Gear Co.,"The Compact 4K Monitor 529 by Summit Gear Co. delivers dependable performance with quality materials and thoughtful design. It is well suited for everyday use in the office supplies category, offering a strong balance of value and functionality.",Office Supplies,"Versatile, Giftable, Essential, New Arrival, Compact",535.33,2.9,2544,1719,2018-10-05,rU#A&@h~Z0Tu,Kalen Emsley,https://unsplash.com/@kalenemsley?utm_source=sse554_capstone&utm_medium=referral
https://example.com/images/compact_office_chair_496.jpg,Compact Office Chair 496,NorthPeak,"The Compact Office Chair 496 by NorthPeak delivers dependable performance with quality materials and thoughtful design. It is well suited for everyday use in the clothing category, offering a strong balance of value and functionality.",Clothing,"Versatile, Limited Edition, New Arrival, Lightweight, Modern",148.19,2.2,1015,1224,2020-09-02,dC-;G8y<N?xl,Kalen Emsley,https://unsplash.com/@kalenemsley?utm_source=sse554_capstone&utm_medium=referral
https://example.com/images/classic_noise_cancelling_headphones_641.jpg,Classic Noise Cancelling Headphones 641,UrbanNest,"The Classic Noise Cancelling Headphones 641 by UrbanNest delivers dependable performance with quality materials and thoughtful design. It is well suited for everyday use in the electronics category, offering a strong balance of value and functionality.",Electronics,"Bestseller, New Arrival, Rechargeable, Portable, Lightweight",747.68,3.6,8749,1657,2016-02-02,Xv~*?<&;}dW4,Kalen Emsley,https://unsplash.com/@kalenemsley?utm_source=sse554_capstone&utm_medium=referral
https://example.com/images/professional_graphic_t-shirt_818.jpg,Professional Graphic T-Shirt 818,Horizon Tech,"The Professional Graphic T-Shirt 818 by Horizon Tech delivers dependable performance with quality materials and thoughtful design. It is well suited for everyday use in the electronics category, offering a strong balance of value and functionality.",Electronics,"Premium, Portable, Versatile, Giftable, Bestseller",163.11,4.0,8469,314,2016-03-27,OE|Vr*{mBN{p,Kalen Emsley,https://unsplash.com/@kalenemsley?utm_source=sse554_capstone&utm_medium=referral
https://example.com/images/compact_led_desk_lamp_742.jpg,Compact LED Desk Lamp 742,BlueRiver Outfitters,"The Compact LED Desk Lamp 742 by BlueRiver Outfitters delivers dependable performance with quality materials and thoughtful design. It is well suited for everyday use in the clothing category, offering a strong balance of value and functionality.",Clothing,"Versatile, Modern, Essential, Giftable, Portable",232.84,4.8,1752,1789,2024-08-10,XAM9h"cp';7F,Kalen Emsley,https://unsplash.com/@kalenemsley?utm_source=sse554_capstone&utm_medium=referral
https://example.com/images/wireless_led_desk_lamp_353.jpg,Wireless LED Desk Lamp 353,NorthPeak,"The Wireless LED Desk Lamp 353 by NorthPeak delivers dependable performance with quality materials and thoughtful design. It is well suited for everyday use in the home & kitchen category, offering a strong balance of value and functionality.",Home & Kitchen,"Essential, New Arrival, Modern, Wireless, Rechargeable",509.82,4.6,7396,434,2024-07-02,"b,P9;>F6]o6-",Kalen Emsley,https://unsplash.com/@kalenemsley?utm_source=sse554_capstone&utm_medium=referral
https://example.com/images/advanced_running_shoes_382.jpg,Advanced Running Shoes 382,NorthPeak,"The Advanced Running Shoes 382 by NorthPeak delivers dependable performance with quality materials and thoughtful design. It is well suited for everyday use in the office supplies category, offering a strong balance of value and functionality.",Office Supplies,"Portable, Premium, Rechargeable, Waterproof, Essential",457.35,3.3,1003,846,2023-02-22,"Vf#QX:VP_P@,",Kalen Emsley,https://unsplash.com/@kalenemsley?utm_source=sse554_capstone&utm_medium=referral
https://example.com/images/classic_stainless_steel_water_bottle_785.jpg,Classic Stainless Steel Water Bottle 785,BlueRiver Outfitters,"The Classic Stainless Steel Water Bottle 785 by BlueRiver Outfitters delivers dependable performance with quality materials and thoughtful design. It is well suited for everyday use in the books category, offering a strong balance of value and functionality.",Books,"New Arrival, Bestseller, Lightweight, Premium, Ergonomic",386.51,3.3,3425,1562,2020-01-06,DVpj:~EC8M%P,Kalen Emsley,https://unsplash.com/@kalenemsley?utm_source=sse554_capstone&utm_medium=referral
https://example.com/images/eco_gaming_mouse_488.jpg,Eco Gaming Mouse 488,Maple Street Press,"The Eco Gaming Mouse 488 by Maple Street Press delivers dependable performance with quality materials and thoughtful design. It is well suited for everyday use in the home & kitchen category, offering a strong balance of value and functionality.",Home & Kitchen,"Compact, Bestseller, Giftable, Limited Edition, Versatile",334.86,3.2,843,558,2021-03-26,MwThl#*:0]U),Kalen Emsley,https://unsplash.com/@kalenemsley?utm_source=sse554_capstone&utm_medium=referral
https://example.com/images/ultra_fitness_tracker_663.jpg,Ultra Fitness Tracker 663,Summit Gear Co.,"The Ultra Fitness Tracker 663 by Summit Gear Co. delivers dependable performance with quality materials and thoughtful design. It is well suited for everyday use in the electronics category, offering a strong balance of value and functionality.",Electronics,"Versatile, Waterproof, Wireless, Bestseller, Compact",621.57,4.2,7200,1232,2018-12-30,$41y&NGpO@DC,Kalen Emsley,https://unsplash.com/@kalenemsley?utm_source=sse554_capstone&utm_medium=referral
https://example.com/images/advanced_fitness_tracker_840.jpg,Advanced Fitness Tracker 840,SilverLine Electronics,"The Advanced Fitness Tracker 840 by SilverLine Electronics delivers dependable performance with quality materials and thoughtful design. It is well suited for everyday use in the books category, offering a strong balance of value and functionality.",Books,"Rechargeable, Ergonomic, Limited Edition, New Arrival, Durable",304.94,1.6,2154,610,2021-05-10,3w_'F;rHVo8x,Kalen Emsley,https://unsplash.com/@kalenemsley?utm_source=sse554_capstone&utm_medium=referral
https://example.com/images/wireless_bluetooth_speaker_777.jpg,Wireless Bluetooth Speaker 777,NorthPeak,"The Wireless Bluetooth Speaker 777 by NorthPeak delivers dependable performance with quality materials and thoughtful design. It is well suited for everyday use in the sports & outdoors category, offering a strong balance of value and functionality.",Sports & Outdoors,"New Arrival, Bestseller, Modern, Limited Edition, Premium",723.67,1.3,4242,1320,2022-04-28,G}fg6+!lU7ug,Kalen Emsley,https://unsplash.com/@kalenemsley?utm_source=sse554_capstone&utm_medium=referral
https://example.com/images/portable_noise_cancelling_headphones_532.jpg,Portable Noise Cancelling Headphones 532,BrightLeaf Publishing,"The Portable Noise Cancelling Headphones 532 by BrightLeaf Publishing delivers dependable performance with quality materials and thoughtful design. It is well suited for everyday use in the books category, offering a strong balance of value and functionality.",Books,"Rechargeable, Ergonomic, Giftable, Compact, Modern",19.87,1.2,5661,591,2022-10-09,jU{!U8(e}65c,Kalen Emsley,https://unsplash.com/@kalenemsley?utm_source=sse554_capstone&utm_medium=referral
https://example.com/images/compact_led_desk_lamp_758.jpg,Compact LED Desk Lamp 758,SilverLine Electronics,"The Compact LED Desk Lamp 758 by SilverLine Electronics delivers dependable performance with quality materials and thoughtful design. It is well suited for everyday use in the sports & outdoors category, offering a strong balance of value and functionality.",Sports & Outdoors,"Wireless, Lightweight, Bestseller, Waterproof, Giftable",232.02,1.3,207,1674,2022-07-14,5LP'C1%+rMFH,Kalen Emsley,https://unsplash.com/@kalenemsley?utm_source=sse554_capstone&utm_medium=referral
https://example.com/images/professional_graphic_t-shirt_900.jpg,Professional Graphic T-Shirt 900,NorthPeak,"The Professional Graphic T-Shirt 900 by NorthPeak delivers dependable performance with quality materials and thoughtful design. It is well suited for everyday use in the home & kitchen category, offering a strong balance of value and functionality.",Home & Kitchen,"Limited Edition, Modern, Premium, Portable, Giftable",346.26,2.9,310,737,2023-01-01,Qg\T|dHW-u[_,Kalen Emsley,https://unsplash.com/@kalenemsley?utm_source=sse554_capstone&utm_medium=referral
https://example.com/images/eco_graphic_t-shirt_150.jpg,Eco Graphic T-Shirt 150,BrightLeaf Publishing,"The Eco Graphic T-Shirt 150 by BrightLeaf Publishing delivers dependable performance with quality materials and thoughtful design. It is well suited for everyday use in the clothing category, offering a strong balance of value and functionality.",Clothing,"Ergonomic, Wireless, Giftable, Limited Edition, Bestseller",542.03,4.3,7574,1009,2019-11-06,#&^Z@J}wcQ{K,Kalen Emsley,https://unsplash.com/@kalenemsley?utm_source=sse554_capstone&utm_medium=referral
https://example.com/images/portable_action_camera_786.jpg,Portable Action Camera 786,UrbanNest,"The Portable Action Camera 786 by UrbanNest delivers dependable performance with quality materials and thoughtful design. It is well suited for everyday use in the clothing category, offering a strong balance of value and functionality.",Clothing,"Portable, Durable, Waterproof, Modern, Lightweight",712.67,2.8,4656,1394,2020-10-11,i/JRG}~FW`OA,Kalen Emsley,https://unsplash.com/@kalenemsley?utm_source=sse554_capstone&utm_medium=referral
https://example.com/images/eco_cookbook_371.jpg,Eco Cookbook 371,BlueRiver Outfitters,"The Eco Cookbook 371 by BlueRiver Outfitters delivers dependable performance with quality materials and thoughtful design. It is well suited for everyday use in the home & kitchen category, offering a strong balance of value and functionality.",Home & Kitchen,"Wireless, Versatile, Ergonomic, Compact, Premium",550.83,3.8,6160,1087,2022-08-04,qa-K-1\I7kxn,Kalen Emsley,https://unsplash.com/@kalenemsley?utm_source=sse554_capstone&utm_medium=referral
https://example.com/images/wireless_action_camera_929.jpg,Wireless Action Camera 929,BlueRiver Outfitters,"The Wireless Action Camera 929 by BlueRiver Outfitters delivers dependable performance with quality materials and thoughtful design. It is well suited for everyday use in the sports & outdoors category, offering a strong balance of value and functionality.",Sports & Outdoors,"Premium, New Arrival, Rechargeable, Ergonomic, Limited Edition",208.06,4.0,8084,13,2017-10-07,k36gY^#O*w/l,Kalen Emsley,https://unsplash.com/@kalenemsley?utm_source=sse554_capstone&utm_medium=referral
https://example.com/images/ultra_gaming_mouse_314.jpg,Ultra Gaming Mouse 314,Maple Street Press,"The Ultra Gaming Mouse 314 by Maple Street Press delivers dependable performance with quality materials and thoughtful design. It is well suited for everyday use in the books category, offering a strong balance of value and functionality.",Books,"Giftable, Modern, Portable, Versatile, Rechargeable",676.36,3.2,7368,1213,2025-01-23,"zO,/*qad_8GC",Kalen Emsley,https://unsplash.com/@kalenemsley?utm_source=sse554_capstone&utm_medium=referral
https://example.com/images/wireless_yoga_mat_107.jpg,Wireless Yoga Mat 107,BlueRiver Outfitters,"The Wireless Yoga Mat 107 by BlueRiver Outfitters delivers dependable performance with quality materials and thoughtful design. It is well suited for everyday use in the sports & outdoors category, offering a strong balance of value and functionality.",Sports & Outdoors,"Durable, Versatile, Modern, Lightweight, New Arrival",74.8,2.1,2951,1677,2018-01-06,Od?1%w;B>fZM,Kalen Emsley,https://unsplash.com/@kalenemsley?utm_source=sse554_capstone&utm_medium=referral
https://example.com/images/wireless_smartphone_stand_456.jpg,Wireless Smartphone Stand 456,SilverLine Electronics,"The Wireless Smartphone Stand 456 by SilverLine Electronics delivers dependable performance with quality materials and thoughtful design. It is well suited for everyday use in the sports & outdoors category, offering a strong balance of value and functionality.",Sports & Outdoors,"New Arrival, Giftable, Portable, Modern, Limited Edition",383.66,1.1,2873,1929,2022-12-24,folk<FvhhUF;,Kalen Emsley,https://unsplash.com/@kalenemsley?utm_source=sse554_capstone&utm_medium=referral
https://example.com/images/portable_science_fiction_novel_553.jpg,Portable Science Fiction Novel 553,UrbanNest,"The Portable Science Fiction Novel 553 by UrbanNest delivers dependable performance with quality materials and thoughtful design. It is well suited for everyday use in the office supplies category, offering a strong balance of value and functionality.",Office Supplies,"Premium, Waterproof, New Arrival, Compact, Essential",264.57,4.0,9704,1506,2017-10-21,Z/%FV_Vq'obT,Kalen Emsley,https://unsplash.com/@kalenemsley?utm_source=sse554_capstone&utm_medium=referral
https://example.com/images/wireless_mechanical_keyboard_770.jpg,Wireless Mechanical Keyboard 770,BlueRiver Outfitters,"The Wireless Mechanical Keyboard 770 by BlueRiver Outfitters delivers dependable performance with quality materials and thoughtful design. It is well suited for everyday use in the books category, offering a strong balance of value and functionality.",Books,"Versatile, Durable, Premium, Waterproof, New Arrival",95.21,2.7,9633,1146,2020-04-04,3Xtei[.jim1],Kalen Emsley,https://unsplash.com/@kalenemsley?utm_source=sse554_capstone&utm_medium=referral
https://example.com/images/professional_smartphone_stand_714.jpg,Professional Smartphone Stand 714,Maple Street Press,"The Professional Smartphone Stand 714 by Maple Street Press delivers dependable performance with quality materials and thoughtful design. It is well suited for everyday use in the electronics category, offering a strong balance of value and functionality.",Electronics,"Premium, Waterproof, Modern, Limited Edition, Durable",505.53,1.1,8209,1428,2016-05-18,Gx3%'0dfWj2H,Kalen Emsley,https://unsplash.com/@kalenemsley?utm_source=sse554_capstone&utm_medium=referral
https://example.com/images/wireless_external_hard_drive_559.jpg,Wireless External Hard Drive 559,Horizon Tech,"The Wireless External Hard Drive 559 by Horizon Tech delivers dependable performance with quality materials and thoughtful design. It is well suited for everyday use in the electronics category, offering a strong balance of value and functionality.",Electronics,"Versatile, Modern, Premium, Durable, Lightweight",204.0,3.6,7569,836,2019-04-24,"r~Z'}Nuu7_,z",Kalen Emsley,https://unsplash.com/@kalenemsley?utm_source=sse554_capstone&utm_medium=referral
https://example.com/images/premium_science_fiction_novel_792.jpg,Premium Science Fiction Novel 792,Maple Street Press,"The Premium Science Fiction Novel 792 by Maple Street Press delivers dependable performance with quality materials and thoughtful design. It is well suited for everyday use in the clothing category, offering a strong balance of value and functionality.",Clothing,"Modern, Durable, Waterproof, Ergonomic, Versatile",255.09,4.5,5967,80,2025-03-08,2hWJ<z`DS427,Kalen Emsley,https://unsplash.com/@kalenemsley?utm_source=sse554_capstone&utm_medium=referral
https://example.com/images/smart_fitness_tracker_443.jpg,Smart Fitness Tracker 443,BlueRiver Outfitters,"The Smart Fitness Tracker 443 by BlueRiver Outfitters delivers dependable performance with quality materials and thoughtful design. It is well suited for everyday use in the sports & outdoors category, offering a strong balance of value and functionality.",Sports & Outdoors,"Modern, New Arrival, Durable, Bestseller, Versatile",642.88,1.7,608,1976,2017-01-19,5L6-X8delCni,Kalen Emsley,https://unsplash.com/@kalenemsley?utm_source=sse554_capstone&utm_medium=referral
https://example.com/images/wireless_graphic_t-shirt_798.jpg,Wireless Graphic T-Shirt 798,UrbanNest,"The Wireless Graphic T-Shirt 798 by UrbanNest delivers dependable performance with quality materials and thoughtful design. It is well suited for everyday use in the books category, offering a strong balance of value and functionality.",Books,"Portable, Lightweight, New Arrival, Modern, Essential",271.12,4.1,7072,108,2023-07-19,"',idW^;t1u%p",Kalen Emsley,https://unsplash.com/@kalenemsley?utm_source=sse554_capstone&utm_medium=referral
https://example.com/images/smart_backpack_786.jpg,Smart Backpack 786,Horizon Tech,"The Smart Backpack 786 by Horizon Tech delivers dependable performance with quality materials and thoughtful design. It is well suited for everyday use in the office supplies category, offering a strong balance of value and functionality.",Office Supplies,"Essential, Modern, Limited Edition, New Arrival, Lightweight",493.78,4.6,6002,1589,2024-06-04,Hg3SN;.b-C>8,Kalen Emsley,https://unsplash.com/@kalenemsley?utm_source=sse554_capstone&utm_medium=referral
https://example.com/images/wireless_cookware_set_436.jpg,Wireless Cookware Set 436,BrightLeaf Publishing,"The Wireless Cookware Set 436 by BrightLeaf Publishing delivers dependable performance with quality materials and thoughtful design. It is well suited for everyday use in the clothing category, offering a strong balance of value and functionality.",Clothing,"Premium, Essential, Giftable, Portable, Limited Edition",622.38,3.6,2445,330,2024-09-28,!68P#&UL2`Y%,Kalen Emsley,https://unsplash.com/@kalenemsley?utm_source=sse554_capstone&utm_medium=referral
https://example.com/images/smart_stainless_steel_water_bottle_442.jpg,Smart Stainless Steel Water Bottle 442,BrightLeaf Publishing,"The Smart Stainless Steel Water Bottle 442 by BrightLeaf Publishing delivers dependable performance with quality materials and thoughtful design. It is well suited for everyday use in the office supplies category, offering a strong balance of value and functionality.",Office Supplies,"Limited Edition, Wireless, Waterproof, Portable, Premium",346.65,4.7,1715,1620,2016-08-23,bz?0'06FGAoV,Kalen Emsley,https://unsplash.com/@kalenemsley?utm_source=sse554_capstone&utm_medium=referral
https://example.com/images/professional_noise_cancelling_headphones_649.jpg,Professional Noise Cancelling Headphones 649,BrightLeaf Publishing,"The Professional Noise Cancelling Headphones 649 by BrightLeaf Publishing delivers dependable performance with quality materials and thoughtful design. It is well suited for everyday use in the home & kitchen category, offering a strong balance of value and functionality.",Home & Kitchen,"Durable, Compact, Wireless, Premium, Giftable",369.96,1.1,3856,23,2016-11-18,j?2b=%i3`LzJ,Kalen Emsley,https://unsplash.com/@kalenemsley?utm_source=sse554_capstone&utm_medium=referral
https://example.com/images/premium_smartphone_stand_599.jpg,Premium Smartphone Stand 599,Horizon Tech,"The Premium Smartphone Stand 599 by Horizon Tech delivers dependable performance with quality materials and thoughtful design. It is well suited for everyday use in the books category, offering a strong balance of value and functionality.",Books,"Rechargeable, Essential, Lightweight, Waterproof, New Arrival",160.89,1.2,2130,1627,2024-09-17,k3i1j%R7&qTp,Kalen Emsley,https://unsplash.com/@kalenemsley?utm_source=sse554_capstone&utm_medium=referral
https://example.com/images/professional_running_shoes_188.jpg,Professional Running Shoes 188,Summit Gear Co.,"The Professional Running Shoes 188 by Summit Gear Co. delivers dependable performance with quality materials and thoughtful design. It is well suited for everyday use in the clothing category, offering a strong balance of value and functionality.",Clothing,"Rechargeable, Bestseller, Durable, Limited Edition, Lightweight",18.35,4.1,7440,434,2018-11-01,":s,Xa0F*'L<r",Kalen Emsley,https://unsplash.com/@kalenemsley?utm_source=sse554_capstone&utm_medium=referral
https://example.com/images/advanced_mechanical_keyboard_763.jpg,Advanced Mechanical Keyboard 763,UrbanNest,"The Advanced Mechanical Keyboard 763 by UrbanNest delivers dependable performance with quality materials and thoughtful design. It is well suited for everyday use in the electronics category, offering a strong balance of value and functionality.",Electronics,"Bestseller, Giftable, Versatile, Rechargeable, Limited Edition",193.99,1.9,7499,814,2021-09-10,]mb~D~?BK.MW,Kalen Emsley,https://unsplash.com/@kalenemsley?utm_source=sse554_capstone&utm_medium=referral
https://example.com/images/compact_mechanical_keyboard_730.jpg,Compact Mechanical Keyboard 730,BrightLeaf Publishing,"The Compact Mechanical Keyboard 730 by BrightLeaf Publishing delivers dependable performance with quality materials and thoughtful design. It is well suited for everyday use in the home & kitchen category, offering a strong balance of value and functionality.",Home & Kitchen,"Premium, Limited Edition, Versatile, Giftable, Rechargeable",594.62,4.5,4055,319,2019-08-27,"ilxU^:3,SM-9",Kalen Emsley,https://unsplash.com/@kalenemsley?utm_source=sse554_capstone&utm_medium=referral
https://example.com/images/classic_fitness_tracker_747.jpg,Classic Fitness Tracker 747,Maple Street Press,"The Classic Fitness Tracker 747 by Maple Street Press delivers dependable performance with quality materials and thoughtful design. It is well suited for everyday use in the electronics category, offering a strong balance of value and functionality.",Electronics,"Ergonomic, Premium, Bestseller, Waterproof, Limited Edition",36.22,3.3,5136,184,2019-03-24,"vd,Ju?|C}$dE",Kalen Emsley,https://unsplash.com/@kalenemsley?utm_source=sse554_capstone&utm_medium=referral
https://example.com/images/eco_graphic_t-shirt_138.jpg,Eco Graphic T-Shirt 138,Summit Gear Co.,"The Eco Graphic T-Shirt 138 by Summit Gear Co. delivers dependable performance with quality materials and thoughtful design. It is well suited for everyday use in the books category, offering a strong balance of value and functionality.",Books,"Portable, Rechargeable, Essential, Bestseller, Limited Edition",290.63,4.9,6980,1184,2023-05-23,8%(&#hNz`a-Y,Kalen Emsley,https://unsplash.com/@kalenemsley?utm_source=sse554_capstone&utm_medium=referral
https://example.com/images/classic_running_shoes_709.jpg,Classic Running Shoes 709,Maple Street Press,"The Classic Running Shoes 709 by Maple Street Press delivers dependable performance with quality materials and thoughtful design. It is well suited for everyday use in the home & kitchen category, offering a strong balance of value and functionality.",Home & Kitchen,"Giftable, Portable, Bestseller, Versatile, Ergonomic",418.97,3.5,8471,249,2020-01-07,1*/HB?]lva<S,Kalen Emsley,https://unsplash.com/@kalenemsley?utm_source=sse554_capstone&utm_medium=referral
https://example.com/images/advanced_external_hard_drive_776.jpg,Advanced External Hard Drive 776,Horizon Tech,"The Advanced External Hard Drive 776 by Horizon Tech delivers dependable performance with quality materials and thoughtful design. It is well suited for everyday use in the office supplies category, offering a strong balance of value and functionality.",Office Supplies,"Portable, Waterproof, Rechargeable, Modern, Essential",33.79,1.6,9139,281,2024-11-20,!jaw{>7SBdAo,Kalen Emsley,https://unsplash.com/@kalenemsley?utm_source=sse554_capstone&utm_medium=referral
https://example.com/images/premium_external_hard_drive_314.jpg,Premium External Hard Drive 314,NorthPeak,"The Premium External Hard Drive 314 by NorthPeak delivers dependable performance with quality materials and thoughtful design. It is well suited for everyday use in the office supplies category, offering a strong balance of value and functionality.",Office Supplies,"Ergonomic, Bestseller, Compact, Portable, Premium",798.06,1.9,7661,1791,2020-08-10,M`[Hf?gZ23Y;,Kalen Emsley,https://unsplash.com/@kalenemsley?utm_source=sse554_capstone&utm_medium=referral
https://example.com/images/classic_running_shoes_107.jpg,Classic Running Shoes 107,Horizon Tech,"The Classic Running Shoes 107 by Horizon Tech delivers dependable performance with quality materials and thoughtful design. It is well suited for everyday use in the home & kitchen category, offering a strong balance of value and functionality.",Home & Kitchen,"Durable, Wireless, Bestseller, Lightweight, Portable",757.86,3.0,4143,343,2022-03-25,Mb'{uy{ECr7],Kalen Emsley,https://unsplash.com/@kalenemsley?utm_source=sse554_capstone&utm_medium=referral
https://example.com/images/eco_external_hard_drive_757.jpg,Eco External Hard Drive 757,Summit Gear Co.,"The Eco External Hard Drive 757 by Summit Gear Co. delivers dependable performance with quality materials and thoughtful design. It is well suited for everyday use in the clothing category, offering a strong balance of value and functionality.",Clothing,"New Arrival, Rechargeable, Durable, Compact, Versatile",502.02,3.5,9683,550,2023-02-05,zVY=;6N>qn5#,Kalen Emsley,https://unsplash.com/@kalenemsley?utm_source=sse554_capstone&utm_medium=referral
https://example.com/images/portable_action_camera_991.jpg,Portable Action Camera 991,BlueRiver Outfitters,"The Portable Action Camera 991 by BlueRiver Outfitters delivers dependable performance with quality materials and thoughtful design. It is well suited for everyday use in the books category, offering a strong balance of value and functionality.",Books,"Waterproof, Portable, Bestseller, Wireless, Giftable",77.62,3.2,9665,264,2019-12-13,"k4+aY/dDMh,4",Kalen Emsley,https://unsplash.com/@kalenemsley?utm_source=sse554_capstone&utm_medium=referral
https://example.com/images/classic_backpack_994.jpg,Classic Backpack 994,BlueRiver Outfitters,"The Classic Backpack 994 by BlueRiver Outfitters delivers dependable performance with quality materials and thoughtful design. It is well suited for everyday use in the electronics category, offering a strong balance of value and functionality.",Electronics,"New Arrival, Compact, Rechargeable, Bestseller, Portable",487.05,1.0,324,1145,2025-05-15,I>P*Fw0Wp}Pa,Kalen Emsley,https://unsplash.com/@kalenemsley?utm_source=sse554_capstone&utm_medium=referral
https://example.com/images/portable_4k_monitor_654.jpg,Portable 4K Monitor 654,Summit Gear Co.,"The Portable 4K Monitor 654 by Summit Gear Co. delivers dependable performance with quality materials and thoughtful design. It is well suited for everyday use in the home & kitchen category, offering a strong balance of value and functionality.",Home & Kitchen,"Versatile, Bestseller, Premium, Modern, Durable",11.7,1.2,6679,1975,2018-10-04,h>3novTI2iVe,Kalen Emsley,https://unsplash.com/@kalenemsley?utm_source=sse554_capstone&utm_medium=referral
https://example.com/images/classic_running_shoes_700.jpg,Classic Running Shoes 700,UrbanNest,"The Classic Running Shoes 700 by UrbanNest delivers dependable performance with quality materials and thoughtful design. It is well suited for everyday use in the clothing category, offering a strong balance of value and functionality.",Clothing,"Portable, Compact, Waterproof, Ergonomic, Wireless",629.89,3.4,2442,1734,2019-02-16,P+4G:Eh#KZ&Q,Kalen Emsley,https://unsplash.com/@kalenemsley?utm_source=sse554_capstone&utm_medium=referral
https://example.com/images/classic_electric_kettle_899.jpg,Classic Electric Kettle 899,Summit Gear Co.,"The Classic Electric Kettle 899 by Summit Gear Co. delivers dependable performance with quality materials and thoughtful design. It is well suited for everyday use in the home & kitchen category, offering a strong balance of value and functionality.",Home & Kitchen,"New Arrival, Ergonomic, Giftable, Versatile, Compact",444.71,2.3,6873,538,2019-06-21,kLh)tUO&(4=},Kalen Emsley,https://unsplash.com/@kalenemsley?utm_source=sse554_capstone&utm_medium=referral
https://example.com/images/smart_led_desk_lamp_473.jpg,Smart LED Desk Lamp 473,SilverLine Electronics,"The Smart LED Desk Lamp 473 by SilverLine Electronics delivers dependable performance with quality materials and thoughtful design. It is well suited for everyday use in the clothing category, offering a strong balance of value and functionality.",Clothing,"Limited Edition, Giftable, Essential, Modern, Waterproof",90.49,4.0,4874,75,2019-11-22,SPspo$WL)6wd,Kalen Emsley,https://unsplash.com/@kalenemsley?utm_source=sse554_capstone&utm_medium=referral
https://example.com/images/wireless_gaming_mouse_503.jpg,Wireless Gaming Mouse 503,UrbanNest,"The Wireless Gaming Mouse 503 by UrbanNest delivers dependable performance with quality materials and thoughtful design. It is well suited for everyday use in the clothing category, offering a strong balance of value and functionality.",Clothing,"New Arrival, Rechargeable, Wireless, Premium, Compact",628.1,2.4,4075,1888,2018-11-21,@zR`:0q?4BH\,Kalen Emsley,https://unsplash.com/@kalenemsley?utm_source=sse554_capstone&utm_medium=referral
https://example.com/images/classic_mechanical_keyboard_704.jpg,Classic Mechanical Keyboard 704,BlueRiver Outfitters,"The Classic Mechanical Keyboard 704 by BlueRiver Outfitters delivers dependable performance with quality materials and thoughtful design. It is well suited for everyday use in the sports & outdoors category, offering a strong balance of value and functionality.",Sports & Outdoors,"Waterproof, Compact, Premium, Durable, Limited Edition",178.04,1.0,5027,1878,2016-07-05,B2GCH3k:=]b-,Kalen Emsley,https://unsplash.com/@kalenemsley?utm_source=sse554_capstone&utm_medium=referral
https://example.com/images/advanced_backpack_393.jpg,Advanced Backpack 393,Summit Gear Co.,"The Advanced Backpack 393 by Summit Gear Co. delivers dependable performance with quality materials and thoughtful design. It is well suited for everyday use in the office supplies category, offering a strong balance of value and functionality.",Office Supplies,"Wireless, Lightweight, Modern, New Arrival, Essential",96.28,2.5,4666,851,2017-08-09,G%wFxx]A/]Fq,Kalen Emsley,https://unsplash.com/@kalenemsley?utm_source=sse554_capstone&utm_medium=referral
https://example.com/images/wireless_gaming_mouse_823.jpg,Wireless Gaming Mouse 823,Summit Gear Co.,"The Wireless Gaming Mouse 823 by Summit Gear Co. delivers dependable performance with quality materials and thoughtful design. It is well suited for everyday use in the electronics category, offering a strong balance of value and functionality.",Electronics,"Limited Edition, Wireless, Compact, Essential, Premium",777.4,4.7,592,471,2020-01-05,P*'(rpd8{dgg,Kalen Emsley,https://unsplash.com/@kalenemsley?utm_source=sse554_capstone&utm_medium=referral
https://example.com/images/portable_mechanical_keyboard_956.jpg,Portable Mechanical Keyboard 956,BlueRiver Outfitters,"The Portable Mechanical Keyboard 956 by BlueRiver Outfitters delivers dependable performance with quality materials and thoughtful design. It is well suited for everyday use in the sports & outdoors category, offering a strong balance of value and functionality.",Sports & Outdoors,"Giftable, Limited Edition, Modern, Compact, Ergonomic",554.0,2.6,4303,927,2025-05-18,C`"*9%]|Se?U,Kalen Emsley,https://unsplash.com/@kalenemsley?utm_source=sse554_capstone&utm_medium=referral
https://example.com/images/classic_noise_cancelling_headphones_527.jpg,Classic Noise Cancelling Headphones 527,Horizon Tech,"The Classic Noise Cancelling Headphones 527 by Horizon Tech delivers dependable performance with quality materials and thoughtful design. It is well suited for everyday use in the sports & outdoors category, offering a strong balance of value and functionality.",Sports & Outdoors,"Waterproof, Ergonomic, Premium, Essential, Versatile",248.66,1.7,8408,1921,2019-04-28,(3@#=1.|G^5g,Kalen Emsley,https://unsplash.com/@kalenemsley?utm_source=sse554_capstone&utm_medium=referral
https://example.com/images/wireless_action_camera_594.jpg,Wireless Action Camera 594,UrbanNest,"The Wireless Action Camera 594 by UrbanNest delivers dependable performance with quality materials and thoughtful design. It is well suited for everyday use in the electronics category, offering a strong balance of value and functionality.",Electronics,"Compact, Limited Edition, New Arrival, Wireless, Bestseller",139.54,2.6,1305,1278,2022-01-22,%p]grSIUcPJ?,Kalen Emsley,https://unsplash.com/@kalenemsley?utm_source=sse554_capstone&utm_medium=referral
https://example.com/images/portable_led_desk_lamp_612.jpg,Portable LED Desk Lamp 612,BrightLeaf Publishing,"The Portable LED Desk Lamp 612 by BrightLeaf Publishing delivers dependable performance with quality materials and thoughtful design. It is well suited for everyday use in the clothing category, offering a strong balance of value and functionality.",Clothing,"Lightweight, New Arrival, Wireless, Giftable, Ergonomic",362.12,2.4,4546,1779,2021-03-25,:%Cu'=aBRtq&,Kalen Emsley,https://unsplash.com/@kalenemsley?utm_source=sse554_capstone&utm_medium=referral
https://example.com/images/professional_stainless_steel_water_bottle_592.jpg,Professional Stainless Steel Water Bottle 592,BrightLeaf Publishing,"The Professional Stainless Steel Water Bottle 592 by BrightLeaf Publishing delivers dependable performance with quality materials and thoughtful design. It is well suited for everyday use in the books category, offering a strong balance of value and functionality.",Books,"Wireless, Portable, Limited Edition, Essential, Lightweight",134.64,1.6,3315,919,2019-08-20,*}HOInt"MWfN,Kalen Emsley,https://unsplash.com/@kalenemsley?utm_source=sse554_capstone&utm_medium=referral
https://example.com/images/professional_backpack_826.jpg,Professional Backpack 826,BlueRiver Outfitters,"The Professional Backpack 826 by BlueRiver Outfitters delivers dependable performance with quality materials and thoughtful design. It is well suited for everyday use in the electronics category, offering a strong balance of value and functionality.",Electronics,"Waterproof, Modern, Durable, Lightweight, New Arrival",604.43,2.9,5244,381,2020-03-03,Ju=;=0NF[QEa,Kalen Emsley,https://unsplash.com/@kalenemsley?utm_source=sse554_capstone&utm_medium=referral
https://example.com/images/smart_external_hard_drive_817.jpg,Smart External Hard Drive 817,Horizon Tech,"The Smart External Hard Drive 817 by Horizon Tech delivers dependable performance with quality materials and thoughtful design. It is well suited for everyday use in the electronics category, offering a strong balance of value and functionality.",Electronics,"Limited Edition, Wireless, Portable, Bestseller, Modern",696.89,1.2,1502,472,2021-01-17,Z\z'U06ycEws,Kalen Emsley,https://unsplash.com/@kalenemsley?utm_source=sse554_capstone&utm_medium=referral
https://example.com/images/professional_bluetooth_speaker_909.jpg,Professional Bluetooth Speaker 909,NorthPeak,"The Professional Bluetooth Speaker 909 by NorthPeak delivers dependable performance with quality materials and thoughtful design. It is well suited for everyday use in the electronics category, offering a strong balance of value and functionality.",Electronics,"Wireless, Durable, Portable, Lightweight, Versatile",513.83,4.5,4616,1122,2018-12-23,foE)$9mX^!ei,Kalen Emsley,https://unsplash.com/@kalenemsley?utm_source=sse554_capstone&utm_medium=referral
https://example.com/images/compact_bluetooth_speaker_688.jpg,Compact Bluetooth Speaker 688,Maple Street Press,"The Compact Bluetooth Speaker 688 by Maple Street Press delivers dependable performance with quality materials and thoughtful design. It is well suited for everyday use in the office supplies category, offering a strong balance of value and functionality.",Office Supplies,"Portable, Compact, Lightweight, Giftable, Rechargeable",648.3,4.1,3708,1216,2024-07-17,"}\+ylJl\,wnH",Kalen Emsley,https://unsplash.com/@kalenemsley?utm_source=sse554_capstone&utm_medium=referral
https://example.com/images/professional_fitness_tracker_195.jpg,Professional Fitness Tracker 195,Summit Gear Co.,"The Professional Fitness Tracker 195 by Summit Gear Co. delivers dependable performance with quality materials and thoughtful design. It is well suited for everyday use in the electronics category, offering a strong balance of value and functionality.",Electronics,"Wireless, Modern, Versatile, New Arrival, Bestseller",461.77,3.9,5820,1347,2018-09-22,D`1Ru{Q1]D<b,Kalen Emsley,https://unsplash.com/@kalenemsley?utm_source=sse554_capstone&utm_medium=referral
https://example.com/images/smart_noise_cancelling_headphones_440.jpg,Smart Noise Cancelling Headphones 440,BlueRiver Outfitters,"The Smart Noise Cancelling Headphones 440 by BlueRiver Outfitters delivers dependable performance with quality materials and thoughtful design. It is well suited for everyday use in the home & kitchen category, offering a strong balance of value and functionality.",Home & Kitchen,"Wireless, Essential, Portable, Waterproof, New Arrival",82.34,2.7,6757,17,2021-01-07,TY6N"Mm_o7$i,Kalen Emsley,https://unsplash.com/@kalenemsley?utm_source=sse554_capstone&utm_medium=referral
https://example.com/images/compact_led_desk_lamp_855.jpg,Compact LED Desk Lamp 855,UrbanNest,"The Compact LED Desk Lamp 855 by UrbanNest delivers dependable performance with quality materials and thoughtful design. It is well suited for everyday use in the electronics category, offering a strong balance of value and functionality.",Electronics,"Rechargeable, Wireless, Essential, Premium, Lightweight",535.97,2.3,2086,1442,2021-11-18,u(]$G{TAjrZn,Kalen Emsley,https://unsplash.com/@kalenemsley?utm_source=sse554_capstone&utm_medium=referral
https://example.com/images/ultra_bluetooth_speaker_779.jpg,Ultra Bluetooth Speaker 779,BrightLeaf Publishing,"The Ultra Bluetooth Speaker 779 by BrightLeaf Publishing delivers dependable performance with quality materials and thoughtful design. It is well suited for everyday use in the sports & outdoors category, offering a strong balance of value and functionality.",Sports & Outdoors,"Giftable, Lightweight, Waterproof, New Arrival, Wireless",691.53,2.6,4184,1473,2017-08-16,.V'?X2g_OLj1,Kalen Emsley,https://unsplash.com/@kalenemsley?utm_source=sse554_capstone&utm_medium=referral
https://example.com/images/classic_led_desk_lamp_944.jpg,Classic LED Desk Lamp 944,Maple Street Press,"The Classic LED Desk Lamp 944 by Maple Street Press delivers dependable performance with quality materials and thoughtful design. It is well suited for everyday use in the home & kitchen category, offering a strong balance of value and functionality.",Home & Kitchen,"Versatile, Premium, Limited Edition, Waterproof, Lightweight",707.78,1.7,5379,937,2020-09-17,PrQL&^wCN56i,Kalen Emsley,https://unsplash.com/@kalenemsley?utm_source=sse554_capstone&utm_medium=referral
https://example.com/images/portable_mechanical_keyboard_703.jpg,Portable Mechanical Keyboard 703,Horizon Tech,"The Portable Mechanical Keyboard 703 by Horizon Tech delivers dependable performance with quality materials and thoughtful design. It is well suited for everyday use in the books category, offering a strong balance of value and functionality.",Books,"Rechargeable, Essential, Premium, Versatile, Ergonomic",669.44,1.2,2719,850,2018-06-12,3=Ty\g%ghaL9,Kalen Emsley,https://unsplash.com/@kalenemsley?utm_source=sse554_capstone&utm_medium=referral
https://example.com/images/compact_fitness_tracker_956.jpg,Compact Fitness Tracker 956,Horizon Tech,"The Compact Fitness Tracker 956 by Horizon Tech delivers dependable performance with quality materials and thoughtful design. It is well suited for everyday use in the books category, offering a strong balance of value and functionality.",Books,"New Arrival, Premium, Portable, Durable, Modern",308.69,4.6,7307,1219,2024-10-15,f<?|kMo2&7dl,Kalen Emsley,https://unsplash.com/@kalenemsley?utm_source=sse554_capstone&utm_medium=referral
https://example.com/images/classic_bluetooth_speaker_775.jpg,Classic Bluetooth Speaker 775,BrightLeaf Publishing,"The Classic Bluetooth Speaker 775 by BrightLeaf Publishing delivers dependable performance with quality materials and thoughtful design. It is well suited for everyday use in the books category, offering a strong balance of value and functionality.",Books,"Waterproof, Bestseller, Ergonomic, Giftable, Lightweight",464.07,2.3,5552,1231,2023-04-05,C7nlC\/F{"3O,Kalen Emsley,https://unsplash.com/@kalenemsley?utm_source=sse554_capstone&utm_medium=referral
https://example.com/images/classic_4k_monitor_513.jpg,Classic 4K Monitor 513,SilverLine Electronics,"The Classic 4K Monitor 513 by SilverLine Electronics delivers dependable performance with quality materials and thoughtful design. It is well suited for everyday use in the home & kitchen category, offering a strong balance of value and functionality.",Home & Kitchen,"Rechargeable, Wireless, Bestseller, Limited Edition, Essential",150.3,1.7,2596,1307,2019-12-24,8F/QjXO!PH`#,Kalen Emsley,https://unsplash.com/@kalenemsley?utm_source=sse554_capstone&utm_medium=referral
https://example.com/images/smart_mechanical_keyboard_754.jpg,Smart Mechanical Keyboard 754,Horizon Tech,"The Smart Mechanical Keyboard 754 by Horizon Tech delivers dependable performance with quality materials and thoughtful design. It is well suited for everyday use in the clothing category, offering a strong balance of value and functionality.",Clothing,"Versatile, Limited Edition, Durable, Modern, Essential",571.42,3.5,8712,247,2021-09-14,R+6sI7$4%QNa,Kalen Emsley,https://unsplash.com/@kalenemsley?utm_source=sse554_capstone&utm_medium=referral
https://example.com/images/portable_external_hard_drive_222.jpg,Portable External Hard Drive 222,NorthPeak,"The Portable External Hard Drive 222 by NorthPeak delivers dependable performance with quality materials and thoughtful design. It is well suited for everyday use in the office supplies category, offering a strong balance of value and functionality.",Office Supplies,"Ergonomic, Durable, Versatile, Premium, Compact",309.97,1.6,3977,22,2024-10-14,#jeRvBXLkL4],Kalen Emsley,https://unsplash.com/@kalenemsley?utm_source=sse554_capstone&utm_medium=referral
https://example.com/images/professional_noise_cancelling_headphones_725.jpg,Professional Noise Cancelling Headphones 725,UrbanNest,"The Professional Noise Cancelling Headphones 725 by UrbanNest delivers dependable performance with quality materials and thoughtful design. It is well suited for everyday use in the office supplies category, offering a strong balance of value and functionality.",Office Supplies,"Compact, Modern, Bestseller, Limited Edition, Ergonomic",664.73,3.7,4314,1381,2020-03-08,_+V6EGbZ=:C8,Kalen Emsley,https://unsplash.com/@kalenemsley?utm_source=sse554_capstone&utm_medium=referral
https://example.com/images/compact_electric_kettle_326.jpg,Compact Electric Kettle 326,Maple Street Press,"The Compact Electric Kettle 326 by Maple Street Press delivers dependable performance with quality materials and thoughtful design. It is well suited for everyday use in the home & kitchen category, offering a strong balance of value and functionality.",Home & Kitchen,"Lightweight, New Arrival, Premium, Modern, Waterproof",767.6,3.7,5991,990,2017-04-22,MJ8geK2mZUgz,Kalen Emsley,https://unsplash.com/@kalenemsley?utm_source=sse554_capstone&utm_medium=referral
https://example.com/images/portable_led_desk_lamp_150.jpg,Portable LED Desk Lamp 150,SilverLine Electronics,"The Portable LED Desk Lamp 150 by SilverLine Electronics delivers dependable performance with quality materials and thoughtful design. It is well suited for everyday use in the office supplies category, offering a strong balance of value and functionality.",Office Supplies,"Giftable, Premium, Wireless, Bestseller, New Arrival",798.03,2.2,2604,926,2024-10-15,|wq?_I'5{<>S,Kalen Emsley,https://unsplash.com/@kalenemsley?utm_source=sse554_capstone&utm_medium=referral
https://example.com/images/premium_action_camera_873.jpg,Premium Action Camera 873,Horizon Tech,"The Premium Action Camera 873 by Horizon Tech delivers dependable performance with quality materials and thoughtful design. It is well suited for everyday use in the home & kitchen category, offering a strong balance of value and functionality.",Home & Kitchen,"New Arrival, Wireless, Lightweight, Rechargeable, Waterproof",109.35,4.7,3909,1960,2022-04-12,"KCW?Y{,3taw$",Kalen Emsley,https://unsplash.com/@kalenemsley?utm_source=sse554_capstone&utm_medium=referral
https://example.com/images/compact_yoga_mat_302.jpg,Compact Yoga Mat 302,BlueRiver Outfitters,"The Compact Yoga Mat 302 by BlueRiver Outfitters delivers dependable performance with quality materials and thoughtful design. It is well suited for everyday use in the home & kitchen category, offering a strong balance of value and functionality.",Home & Kitchen,"Giftable, Portable, Versatile, Bestseller, New Arrival",668.9,4.8,7751,456,2017-11-18,"""!<k+P7Cu)B@",Kalen Emsley,https://unsplash.com/@kalenemsley?utm_source=sse554_capstone&utm_medium=referral
https://example.com/images/smart_4k_monitor_624.jpg,Smart 4K Monitor 624,SilverLine Electronics,"The Smart 4K Monitor 624 by SilverLine Electronics delivers dependable performance with quality materials and thoughtful design. It is well suited for everyday use in the office supplies category, offering a strong balance of value and functionality.",Office Supplies,"Portable, Compact, Lightweight, Giftable, Ergonomic",62.25,4.5,1771,831,2024-03-04,8xWFe9LQ`3Lp,Kalen Emsley,https://unsplash.com/@kalenemsley?utm_source=sse554_capstone&utm_medium=referral
https://example.com/images/wireless_fitness_tracker_545.jpg,Wireless Fitness Tracker 545,Horizon Tech,"The Wireless Fitness Tracker 545 by Horizon Tech delivers dependable performance with quality materials and thoughtful design. It is well suited for everyday use in the sports & outdoors category, offering a strong balance of value and functionality.",Sports & Outdoors,"Compact, Limited Edition, Rechargeable, Lightweight, Premium",450.26,1.8,3703,1281,2024-09-15,0k%Vc(Ok9^MA,Kalen Emsley,https://unsplash.com/@kalenemsley?utm_source=sse554_capstone&utm_medium=referral
https://example.com/images/portable_gaming_mouse_217.jpg,Portable Gaming Mouse 217,UrbanNest,"The Portable Gaming Mouse 217 by UrbanNest delivers dependable performance with quality materials and thoughtful design. It is well suited for everyday use in the sports & outdoors category, offering a strong balance of value and functionality.",Sports & Outdoors,"Portable, New Arrival, Durable, Bestseller, Limited Edition",473.8,4.8,4480,1659,2024-07-08,c|'9G'"/$@F8,Kalen Emsley,https://unsplash.com/@kalenemsley?utm_source=sse554_capstone&utm_medium=referral
https://example.com/images/eco_bluetooth_speaker_754.jpg,Eco Bluetooth Speaker 754,NorthPeak,"The Eco Bluetooth Speaker 754 by NorthPeak delivers dependable performance with quality materials and thoughtful design. It is well suited for everyday use in the office supplies category, offering a strong balance of value and functionality.",Office Supplies,"Limited Edition, Modern, New Arrival, Rechargeable, Ergonomic",663.6,1.4,3337,1070,2019-08-02,|*pZyy+BT\$|,Kalen Emsley,https://unsplash.com/@kalenemsley?utm_source=sse554_capstone&utm_medium=referral
https://example.com/images/professional_fitness_tracker_374.jpg,Professional Fitness Tracker 374,Summit Gear Co.,"The Professional Fitness Tracker 374 by Summit Gear Co. delivers dependable performance with quality materials and thoughtful design. It is well suited for everyday use in the office supplies category, offering a strong balance of value and functionality.",Office Supplies,"Bestseller, Giftable, Limited Edition, Premium, Lightweight",443.15,1.6,8353,578,2024-12-30,4'\[+lG>&o%k,Kalen Emsley,https://unsplash.com/@kalenemsley?utm_source=sse554_capstone&utm_medium=referral
https://example.com/images/classic_cookware_set_958.jpg,Classic Cookware Set 958,UrbanNest,"The Classic Cookware Set 958 by UrbanNest delivers dependable performance with quality materials and thoughtful design. It is well suited for everyday use in the clothing category, offering a strong balance of value and functionality.",Clothing,"Portable, Bestseller, Lightweight, Premium, Wireless",195.62,1.8,1262,782,2022-05-07,Wb?|sxp"SC5$,Kalen Emsley,https://unsplash.com/@kalenemsley?utm_source=sse554_capstone&utm_medium=referral
https://example.com/images/eco_science_fiction_novel_109.jpg,Eco Science Fiction Novel 109,Horizon Tech,"The Eco Science Fiction Novel 109 by Horizon Tech delivers dependable performance with quality materials and thoughtful design. It is well suited for everyday use in the clothing category, offering a strong balance of value and functionality.",Clothing,"Modern, Lightweight, Durable, Portable, Limited Edition",37.76,4.4,704,477,2025-02-28,Ki[y=w)|*~fG,Kalen Emsley,https://unsplash.com/@kalenemsley?utm_source=sse554_capstone&utm_medium=referral
https://example.com/images/wireless_fitness_tracker_958.jpg,Wireless Fitness Tracker 958,SilverLine Electronics,"The Wireless Fitness Tracker 958 by SilverLine Electronics delivers dependable performance with quality materials and thoughtful design. It is well suited for everyday use in the office supplies category, offering a strong balance of value and functionality.",Office Supplies,"Limited Edition, Bestseller, Wireless, Premium, Modern",17.25,3.3,8002,491,2021-12-22,"[+,JHm=vR{eK",Kalen Emsley,https://unsplash.com/@kalenemsley?utm_source=sse554_capstone&utm_medium=referral
https://example.com/images/ultra_smartphone_stand_864.jpg,Ultra Smartphone Stand 864,Horizon Tech,"The Ultra Smartphone Stand 864 by Horizon Tech delivers dependable performance with quality materials and thoughtful design. It is well suited for everyday use in the home & kitchen category, offering a strong balance of value and functionality.",Home & Kitchen,"Versatile, New Arrival, Lightweight, Premium, Modern",420.23,1.9,4333,1729,2020-04-11,'"$T{tK#_8z",Kalen Emsley,https://unsplash.com/@kalenemsley?utm_source=sse554_capstone&utm_medium=referral
https://example.com/images/classic_cookbook_200.jpg,Classic Cookbook 200,BlueRiver Outfitters,"The Classic Cookbook 200 by BlueRiver Outfitters delivers dependable performance with quality materials and thoughtful design. It is well suited for everyday use in the home & kitchen category, offering a strong balance of value and functionality.",Home & Kitchen,"Giftable, Bestseller, Versatile, Compact, Lightweight",548.28,2.7,9588,27,2022-11-02,D5zN:bo~04-A,Kalen Emsley,https://unsplash.com/@kalenemsley?utm_source=sse554_capstone&utm_medium=referral
https://example.com/images/wireless_mechanical_keyboard_628.jpg,Wireless Mechanical Keyboard 628,Horizon Tech,"The Wireless Mechanical Keyboard 628 by Horizon Tech delivers dependable performance with quality materials and thoughtful design. It is well suited for everyday use in the home & kitchen category, offering a strong balance of value and functionality.",Home & Kitchen,"Bestseller, Ergonomic, Compact, Essential, Modern",211.53,2.4,8439,1976,2024-06-05,"]Bcz,!@@(4Hh",Kalen Emsley,https://unsplash.com/@kalenemsley?utm_source=sse554_capstone&utm_medium=referral
https://example.com/images/ultra_4k_monitor_243.jpg,Ultra 4K Monitor 243,Horizon Tech,"The Ultra 4K Monitor 243 by Horizon Tech delivers dependable performance with quality materials and thoughtful design. It is well suited for everyday use in the home & kitchen category, offering a strong balance of value and functionality.",Home & Kitchen,"New Arrival, Rechargeable, Versatile, Lightweight, Bestseller",409.99,4.5,9970,205,2025-04-19,"mI,5y^k1L'0K",Kalen Emsley,https://unsplash.com/@kalenemsley?utm_source=sse554_capstone&utm_medium=referral
https://example.com/images/professional_yoga_mat_782.jpg,Professional Yoga Mat 782,Summit Gear Co.,"The Professional Yoga Mat 782 by Summit Gear Co. delivers dependable performance with quality materials and thoughtful design. It is well suited for everyday use in the clothing category, offering a strong balance of value and functionality.",Clothing,"Bestseller, Compact, New Arrival, Modern, Premium",500.57,2.8,7946,1935,2018-04-14,1Kuv)04R#>yX,Kalen Emsley,https://unsplash.com/@kalenemsley?utm_source=sse554_capstone&utm_medium=referral
https://example.com/images/eco_yoga_mat_723.jpg,Eco Yoga Mat 723,Horizon Tech,"The Eco Yoga Mat 723 by Horizon Tech delivers dependable performance with quality materials and thoughtful design. It is well suited for everyday use in the office supplies category, offering a strong balance of value and functionality.",Office Supplies,"Compact, Versatile, Ergonomic, Bestseller, Rechargeable",740.14,3.3,8262,710,2022-06-05,",aybx+C\WPBk",Kalen Emsley,https://unsplash.com/@kalenemsley?utm_source=sse554_capstone&utm_medium=referral
https://example.com/images/portable_graphic_t-shirt_619.jpg,Portable Graphic T-Shirt 619,Maple Street Press,"The Portable Graphic T-Shirt 619 by Maple Street Press delivers dependable performance with quality materials and thoughtful design. It is well suited for everyday use in the home & kitchen category, offering a strong balance of value and functionality.",Home & Kitchen,"Versatile, Giftable, Durable, Compact, Portable",611.42,3.7,9205,565,2022-10-30,~"S3D`N3;XF7,Kalen Emsley,https://unsplash.com/@kalenemsley?utm_source=sse554_capstone&utm_medium=referral
https://example.com/images/compact_mechanical_keyboard_535.jpg,Compact Mechanical Keyboard 535,UrbanNest,"The Compact Mechanical Keyboard 535 by UrbanNest delivers dependable performance with quality materials and thoughtful design. It is well suited for everyday use in the home & kitchen category, offering a strong balance of value and functionality.",Home & Kitchen,"Versatile, Essential, Portable, Bestseller, Limited Edition",100.53,3.5,6985,1100,2021-03-06,FiVE~O/=*~G},Kalen Emsley,https://unsplash.com/@kalenemsley?utm_source=sse554_capstone&utm_medium=referral
https://example.com/images/eco_external_hard_drive_451.jpg,Eco External Hard Drive 451,Horizon Tech,"The Eco External Hard Drive 451 by Horizon Tech delivers dependable performance with quality materials and thoughtful design. It is well suited for everyday use in the clothing category, offering a strong balance of value and functionality.",Clothing,"Giftable, Versatile, Ergonomic, Wireless, Portable",134.52,2.7,7338,1338,2019-08-28,D<|$2P9NQ;%o,Kalen Emsley,https://unsplash.com/@kalenemsley?utm_source=sse554_capstone&utm_medium=referral
https://example.com/images/wireless_electric_kettle_423.jpg,Wireless Electric Kettle 423,Maple Street Press,"The Wireless Electric Kettle 423 by Maple Street Press delivers dependable performance with quality materials and thoughtful design. It is well suited for everyday use in the sports & outdoors category, offering a strong balance of value and functionality.",Sports & Outdoors,"Wireless, New Arrival, Versatile, Compact, Premium",356.24,3.0,7847,1134,2022-02-20,~"mtn:v}e"c^,Kalen Emsley,https://unsplash.com/@kalenemsley?utm_source=sse554_capstone&utm_medium=referral
https://example.com/images/wireless_bluetooth_speaker_206.jpg,Wireless Bluetooth Speaker 206,BrightLeaf Publishing,"The Wireless Bluetooth Speaker 206 by BrightLeaf Publishing delivers dependable performance with quality materials and thoughtful design. It is well suited for everyday use in the home & kitchen category, offering a strong balance of value and functionality.",Home & Kitchen,"Portable, Ergonomic, Premium, Essential, Limited Edition",44.03,2.7,4657,1599,2023-08-07,\n1Awlv!efl>,Kalen Emsley,https://unsplash.com/@kalenemsley?utm_source=sse554_capstone&utm_medium=referral
https://example.com/images/wireless_science_fiction_novel_368.jpg,Wireless Science Fiction Novel 368,BrightLeaf Publishing,"The Wireless Science Fiction Novel 368 by BrightLeaf Publishing delivers dependable performance with quality materials and thoughtful design. It is well suited for everyday use in the sports & outdoors category, offering a strong balance of value and functionality.",Sports & Outdoors,"Durable, Versatile, Waterproof, Giftable, New Arrival",648.04,3.2,5507,1380,2020-02-16,/Fw*o::0*(k$,Kalen Emsley,https://unsplash.com/@kalenemsley?utm_source=sse554_capstone&utm_medium=referral
https://example.com/images/wireless_noise_cancelling_headphones_314.jpg,Wireless Noise Cancelling Headphones 314,BrightLeaf Publishing,"The Wireless Noise Cancelling Headphones 314 by BrightLeaf Publishing delivers dependable performance with quality materials and thoughtful design. It is well suited for everyday use in the sports & outdoors category, offering a strong balance of value and functionality.",Sports & Outdoors,"Lightweight, Modern, Giftable, Premium, Portable",414.25,2.2,5697,613,2022-07-10,*V|7A\GZkZE4,Kalen Emsley,https://unsplash.com/@kalenemsley?utm_source=sse554_capstone&utm_medium=referral
https://example.com/images/wireless_bluetooth_speaker_912.jpg,Wireless Bluetooth Speaker 912,BrightLeaf Publishing,"The Wireless Bluetooth Speaker 912 by BrightLeaf Publishing delivers dependable performance with quality materials and thoughtful design. It is well suited for everyday use in the electronics category, offering a strong balance of value and functionality.",Electronics,"Wireless, Lightweight, Durable, New Arrival, Ergonomic",398.66,1.3,8690,313,2017-08-22,"(hn51Do1&,7K",Kalen Emsley,https://unsplash.com/@kalenemsley?utm_source=sse554_capstone&utm_medium=referral
https://example.com/images/premium_graphic_t-shirt_675.jpg,Premium Graphic T-Shirt 675,NorthPeak,"The Premium Graphic T-Shirt 675 by NorthPeak delivers dependable performance with quality materials and thoughtful design. It is well suited for everyday use in the clothing category, offering a strong balance of value and functionality.",Clothing,"Premium, Waterproof, Wireless, Portable, Essential",521.3,2.8,7970,1021,2022-10-07,m4*T2f{i(\0r,Kalen Emsley,https://unsplash.com/@kalenemsley?utm_source=sse554_capstone&utm_medium=referral
https://example.com/images/advanced_graphic_t-shirt_631.jpg,Advanced Graphic T-Shirt 631,NorthPeak,"The Advanced Graphic T-Shirt 631 by NorthPeak delivers dependable performance with quality materials and thoughtful design. It is well suited for everyday use in the books category, offering a strong balance of value and functionality.",Books,"Versatile, Ergonomic, Compact, Essential, Rechargeable",264.04,3.9,4396,1759,2021-06-24,MzhQ>Rj6LiEY,Kalen Emsley,https://unsplash.com/@kalenemsley?utm_source=sse554_capstone&utm_medium=referral
https://example.com/images/eco_yoga_mat_528.jpg,Eco Yoga Mat 528,BlueRiver Outfitters,"The Eco Yoga Mat 528 by BlueRiver Outfitters delivers dependable performance with quality materials and thoughtful design. It is well suited for everyday use in the home & kitchen category, offering a strong balance of value and functionality.",Home & Kitchen,"Portable, Premium, Limited Edition, Modern, Compact",449.31,1.7,3201,441,2024-03-12,`keltn}+~)]y,Kalen Emsley,https://unsplash.com/@kalenemsley?utm_source=sse554_capstone&utm_medium=referral
https://example.com/images/classic_backpack_964.jpg,Classic Backpack 964,UrbanNest,"The Classic Backpack 964 by UrbanNest delivers dependable performance with quality materials and thoughtful design. It is well suited for everyday use in the clothing category, offering a strong balance of value and functionality.",Clothing,"Modern, Versatile, Wireless, Ergonomic, Premium",351.86,2.8,3294,1428,2025-04-07,hY4T??s;_~-x,Kalen Emsley,https://unsplash.com/@kalenemsley?utm_source=sse554_capstone&utm_medium=referral
https://example.com/images/advanced_action_camera_376.jpg,Advanced Action Camera 376,Summit Gear Co.,"The Advanced Action Camera 376 by Summit Gear Co. delivers dependable performance with quality materials and thoughtful design. It is well suited for everyday use in the electronics category, offering a strong balance of value and functionality.",Electronics,"Essential, Giftable, New Arrival, Premium, Portable",585.37,4.0,6479,507,2016-09-18,&h)IKmk$;kn8,Kalen Emsley,https://unsplash.com/@kalenemsley?utm_source=sse554_capstone&utm_medium=referral
https://example.com/images/premium_mechanical_keyboard_170.jpg,Premium Mechanical Keyboard 170,SilverLine Electronics,"The Premium Mechanical Keyboard 170 by SilverLine Electronics delivers dependable performance with quality materials and thoughtful design. It is well suited for everyday use in the books category, offering a strong balance of value and functionality.",Books,"Premium, Modern, Versatile, Bestseller, Lightweight",20.16,2.2,8808,136,2023-03-20,M-);ip'InheE,Kalen Emsley,https://unsplash.com/@kalenemsley?utm_source=sse554_capstone&utm_medium=referral
https://example.com/images/premium_electric_kettle_260.jpg,Premium Electric Kettle 260,Horizon Tech,"The Premium Electric Kettle 260 by Horizon Tech delivers dependable performance with quality materials and thoughtful design. It is well suited for everyday use in the home & kitchen category, offering a strong balance of value and functionality.",Home & Kitchen,"Modern, Lightweight, Rechargeable, Wireless, Waterproof",608.29,3.1,2328,644,2024-07-20,7CRv_{^H/ALL,Kalen Emsley,https://unsplash.com/@kalenemsley?utm_source=sse554_capstone&utm_medium=referral
https://example.com/images/eco_electric_kettle_436.jpg,Eco Electric Kettle 436,NorthPeak,"The Eco Electric Kettle 436 by NorthPeak delivers dependable performance with quality materials and thoughtful design. It is well suited for everyday use in the electronics category, offering a strong balance of value and functionality.",Electronics,"Giftable, Premium, Rechargeable, Bestseller, Ergonomic",319.64,2.2,4095,1504,2017-02-26,+SQ+q]|tMiN~,Kalen Emsley,https://unsplash.com/@kalenemsley?utm_source=sse554_capstone&utm_medium=referral
https://example.com/images/classic_graphic_t-shirt_395.jpg,Classic Graphic T-Shirt 395,Maple Street Press,"The Classic Graphic T-Shirt 395 by Maple Street Press delivers dependable performance with quality materials and thoughtful design. It is well suited for everyday use in the electronics category, offering a strong balance of value and functionality.",Electronics,"Durable, Limited Edition, Lightweight, Ergonomic, New Arrival",469.91,3.2,45,1618,2020-04-02,}E!UK2_?"iPz,Kalen Emsley,https://unsplash.com/@kalenemsley?utm_source=sse554_capstone&utm_medium=referral
https://example.com/images/compact_fitness_tracker_624.jpg,Compact Fitness Tracker 624,Summit Gear Co.,"The Compact Fitness Tracker 624 by Summit Gear Co. delivers dependable performance with quality materials and thoughtful design. It is well suited for everyday use in the sports & outdoors category, offering a strong balance of value and functionality.",Sports & Outdoors,"Wireless, Premium, Portable, Modern, Lightweight",212.24,2.6,7207,704,2018-10-25,L4Aho-TPk6K1,Kalen Emsley,https://unsplash.com/@kalenemsley?utm_source=sse554_capstone&utm_medium=referral
https://example.com/images/wireless_mechanical_keyboard_273.jpg,Wireless Mechanical Keyboard 273,Horizon Tech,"The Wireless Mechanical Keyboard 273 by Horizon Tech delivers dependable performance with quality materials and thoughtful design. It is well suited for everyday use in the sports & outdoors category, offering a strong balance of value and functionality.",Sports & Outdoors,"Essential, Ergonomic, Modern, Premium, Waterproof",122.07,2.4,9285,1006,2024-12-27,fz]\Rxsh<Q.j,Kalen Emsley,https://unsplash.com/@kalenemsley?utm_source=sse554_capstone&utm_medium=referral
https://example.com/images/eco_gaming_mouse_495.jpg,Eco Gaming Mouse 495,SilverLine Electronics,"The Eco Gaming Mouse 495 by SilverLine Electronics delivers dependable performance with quality materials and thoughtful design. It is well suited for everyday use in the books category, offering a strong balance of value and functionality.",Books,"Essential, Compact, Bestseller, Modern, Versatile",44.12,1.3,5240,698,2025-06-29,-izQm/2O;CEW,Kalen Emsley,https://unsplash.com/@kalenemsley?utm_source=sse554_capstone&utm_medium=referral
https://example.com/images/smart_electric_kettle_216.jpg,Smart Electric Kettle 216,Horizon Tech,"The Smart Electric Kettle 216 by Horizon Tech delivers dependable performance with quality materials and thoughtful design. It is well suited for everyday use in the clothing category, offering a strong balance of value and functionality.",Clothing,"Compact, Lightweight, New Arrival, Rechargeable, Essential",174.44,2.1,7469,1251,2020-05-24,It>?e>%sY3A.,Kalen Emsley,https://unsplash.com/@kalenemsley?utm_source=sse554_capstone&utm_medium=referral
https://example.com/images/eco_mechanical_keyboard_674.jpg,Eco Mechanical Keyboard 674,BrightLeaf Publishing,"The Eco Mechanical Keyboard 674 by BrightLeaf Publishing delivers dependable performance with quality materials and thoughtful design. It is well suited for everyday use in the books category, offering a strong balance of value and functionality.",Books,"New Arrival, Limited Edition, Premium, Waterproof, Portable",430.18,2.3,4811,1601,2021-04-02,[r~j5Lb4OgyD,Kalen Emsley,https://unsplash.com/@kalenemsley?utm_source=sse554_capstone&utm_medium=referral
https://example.com/images/professional_mechanical_keyboard_196.jpg,Professional Mechanical Keyboard 196,Horizon Tech,"The Professional Mechanical Keyboard 196 by Horizon Tech delivers dependable performance with quality materials and thoughtful design. It is well suited for everyday use in the electronics category, offering a strong balance of value and functionality.",Electronics,"Lightweight, Essential, Limited Edition, Giftable, Modern",622.57,2.8,2347,1310,2024-01-07,AEB&z[8/7#U',Kalen Emsley,https://unsplash.com/@kalenemsley?utm_source=sse554_capstone&utm_medium=referral
https://example.com/images/advanced_office_chair_172.jpg,Advanced Office Chair 172,BrightLeaf Publishing,"The Advanced Office Chair 172 by BrightLeaf Publishing delivers dependable performance with quality materials and thoughtful design. It is well suited for everyday use in the books category, offering a strong balance of value and functionality.",Books,"Durable, Premium, Wireless, Ergonomic, Essential",76.47,1.1,8903,1215,2017-08-17,{9F[5}0!'/t+,Kalen Emsley,https://unsplash.com/@kalenemsley?utm_source=sse554_capstone&utm_medium=referral
https://example.com/images/advanced_external_hard_drive_985.jpg,Advanced External Hard Drive 985,NorthPeak,"The Advanced External Hard Drive 985 by NorthPeak delivers dependable performance with quality materials and thoughtful design. It is well suited for everyday use in the books category, offering a strong balance of value and functionality.",Books,"Versatile, Bestseller, Waterproof, Rechargeable, Portable",425.9,4.5,139,740,2017-06-17,f`#;ob.tqA0R,Kalen Emsley,https://unsplash.com/@kalenemsley?utm_source=sse554_capstone&utm_medium=referral
https://example.com/images/wireless_science_fiction_novel_153.jpg,Wireless Science Fiction Novel 153,Maple Street Press,"The Wireless Science Fiction Novel 153 by Maple Street Press delivers dependable performance with quality materials and thoughtful design. It is well suited for everyday use in the sports & outdoors category, offering a strong balance of value and functionality.",Sports & Outdoors,"Wireless, Portable, Limited Edition, Compact, Giftable",760.46,2.2,3885,1536,2016-08-07,<^1w7U?-4@+z,Kalen Emsley,https://unsplash.com/@kalenemsley?utm_source=sse554_capstone&utm_medium=referral
https://example.com/images/premium_bluetooth_speaker_656.jpg,Premium Bluetooth Speaker 656,Maple Street Press,"The Premium Bluetooth Speaker 656 by Maple Street Press delivers dependable performance with quality materials and thoughtful design. It is well suited for everyday use in the electronics category, offering a strong balance of value and functionality.",Electronics,"Compact, Limited Edition, Giftable, New Arrival, Wireless",676.16,3.0,3861,395,2025-12-25,vqnp4T70%fGn,Kalen Emsley,https://unsplash.com/@kalenemsley?utm_source=sse554_capstone&utm_medium=referral
https://example.com/images/compact_electric_kettle_920.jpg,Compact Electric Kettle 920,SilverLine Electronics,"The Compact Electric Kettle 920 by SilverLine Electronics delivers dependable performance with quality materials and thoughtful design. It is well suited for everyday use in the electronics category, offering a strong balance of value and functionality.",Electronics,"Wireless, Portable, Essential, Premium, Limited Edition",718.8,4.1,9397,1553,2020-07-14,q3%mm!DBY"<`,Kalen Emsley,https://unsplash.com/@kalenemsley?utm_source=sse554_capstone&utm_medium=referral
https://example.com/images/advanced_4k_monitor_258.jpg,Advanced 4K Monitor 258,NorthPeak,"The Advanced 4K Monitor 258 by NorthPeak delivers dependable performance with quality materials and thoughtful design. It is well suited for everyday use in the clothing category, offering a strong balance of value and functionality.",Clothing,"Rechargeable, Ergonomic, Waterproof, Compact, Portable",279.73,4.4,9849,534,2017-07-18,:2mbo(u}gXY(,Kalen Emsley,https://unsplash.com/@kalenemsley?utm_source=sse554_capstone&utm_medium=referral
https://example.com/images/wireless_backpack_263.jpg,Wireless Backpack 263,NorthPeak,"The Wireless Backpack 263 by NorthPeak delivers dependable performance with quality materials and thoughtful design. It is well suited for everyday use in the books category, offering a strong balance of value and functionality.",Books,"Giftable, New Arrival, Versatile, Modern, Wireless",458.09,4.7,5159,1389,2020-01-19,O@fI{*^OW$0l,Kalen Emsley,https://unsplash.com/@kalenemsley?utm_source=sse554_capstone&utm_medium=referral
https://example.com/images/wireless_backpack_872.jpg,Wireless Backpack 872,Horizon Tech,"The Wireless Backpack 872 by Horizon Tech delivers dependable performance with quality materials and thoughtful design. It is well suited for everyday use in the office supplies category, offering a strong balance of value and functionality.",Office Supplies,"Modern, Ergonomic, New Arrival, Waterproof, Lightweight",87.03,2.5,6832,510,2020-04-12,s|'\=NP]=U)',Kalen Emsley,https://unsplash.com/@kalenemsley?utm_source=sse554_capstone&utm_medium=referral
https://example.com/images/wireless_running_shoes_585.jpg,Wireless Running Shoes 585,NorthPeak,"The Wireless Running Shoes 585 by NorthPeak delivers dependable performance with quality materials and thoughtful design. It is well suited for everyday use in the office supplies category, offering a strong balance of value and functionality.",Office Supplies,"Limited Edition, Versatile, Rechargeable, Giftable, Compact",214.65,2.8,1254,523,2017-04-29,"Ufq<l1(8Q,K%",Kalen Emsley,https://unsplash.com/@kalenemsley?utm_source=sse554_capstone&utm_medium=referral
https://example.com/images/smart_mechanical_keyboard_884.jpg,Smart Mechanical Keyboard 884,SilverLine Electronics,"The Smart Mechanical Keyboard 884 by SilverLine Electronics delivers dependable performance with quality materials and thoughtful design. It is well suited for everyday use in the home & kitchen category, offering a strong balance of value and functionality.",Home & Kitchen,"Essential, Versatile, Bestseller, Limited Edition, Ergonomic",593.19,2.1,6841,336,2017-02-13,|({v>0Zs;6&h,Kalen Emsley,https://unsplash.com/@kalenemsley?utm_source=sse554_capstone&utm_medium=referral
https://example.com/images/wireless_yoga_mat_422.jpg,Wireless Yoga Mat 422,BrightLeaf Publishing,"The Wireless Yoga Mat 422 by BrightLeaf Publishing delivers dependable performance with quality materials and thoughtful design. It is well suited for everyday use in the office supplies category, offering a strong balance of value and functionality.",Office Supplies,"Compact, Premium, Lightweight, Ergonomic, Giftable",660.62,4.8,6851,1982,2018-11-23,-DN-'il.pEjy,Kalen Emsley,https://unsplash.com/@kalenemsley?utm_source=sse554_capstone&utm_medium=referral
https://example.com/images/portable_smartphone_stand_973.jpg,Portable Smartphone Stand 973,Maple Street Press,"The Portable Smartphone Stand 973 by Maple Street Press delivers dependable performance with quality materials and thoughtful design. It is well suited for everyday use in the clothing category, offering a strong balance of value and functionality.",Clothing,"Ergonomic, New Arrival, Durable, Waterproof, Premium",495.25,2.2,4590,1206,2021-04-19,FFI/1E[(hOil,Kalen Emsley,https://unsplash.com/@kalenemsley?utm_source=sse554_capstone&utm_medium=referral
https://example.com/images/ultra_gaming_mouse_534.jpg,Ultra Gaming Mouse 534,BrightLeaf Publishing,"The Ultra Gaming Mouse 534 by BrightLeaf Publishing delivers dependable performance with quality materials and thoughtful design. It is well suited for everyday use in the books category, offering a strong balance of value and functionality.",Books,"Ergonomic, Portable, Essential, Waterproof, Compact",409.33,4.1,6638,949,2020-06-02,mMr'Zkd0Eojl,Kalen Emsley,https://unsplash.com/@kalenemsley?utm_source=sse554_capstone&utm_medium=referral
https://example.com/images/smart_bluetooth_speaker_742.jpg,Smart Bluetooth Speaker 742,SilverLine Electronics,"The Smart Bluetooth Speaker 742 by SilverLine Electronics delivers dependable performance with quality materials and thoughtful design. It is well suited for everyday use in the sports & outdoors category, offering a strong balance of value and functionality.",Sports & Outdoors,"Rechargeable, Bestseller, Compact, Wireless, Ergonomic",417.73,3.0,7854,384,2017-04-05,}FRQuSG<zaqd,Kalen Emsley,https://unsplash.com/@kalenemsley?utm_source=sse554_capstone&utm_medium=referral
https://example.com/images/advanced_graphic_t-shirt_359.jpg,Advanced Graphic T-Shirt 359,Maple Street Press,"The Advanced Graphic T-Shirt 359 by Maple Street Press delivers dependable performance with quality materials and thoughtful design. It is well suited for everyday use in the books category, offering a strong balance of value and functionality.",Books,"Limited Edition, Versatile, Giftable, New Arrival, Lightweight",222.88,1.7,9927,868,2018-05-19,ME1P:ZV`d>2M,Kalen Emsley,https://unsplash.com/@kalenemsley?utm_source=sse554_capstone&utm_medium=referral
https://example.com/images/classic_electric_kettle_347.jpg,Classic Electric Kettle 347,UrbanNest,"The Classic Electric Kettle 347 by UrbanNest delivers dependable performance with quality materials and thoughtful design. It is well suited for everyday use in the office supplies category, offering a strong balance of value and functionality.",Office Supplies,"Portable, Rechargeable, Bestseller, Giftable, Modern",481.08,4.8,41,595,2021-02-18,r}{<fP1Be!OD,Kalen Emsley,https://unsplash.com/@kalenemsley?utm_source=sse554_capstone&utm_medium=referral
https://example.com/images/wireless_noise_cancelling_headphones_211.jpg,Wireless Noise Cancelling Headphones 211,Maple Street Press,"The Wireless Noise Cancelling Headphones 211 by Maple Street Press delivers dependable performance with quality materials and thoughtful design. It is well suited for everyday use in the sports & outdoors category, offering a strong balance of value and functionality.",Sports & Outdoors,"Lightweight, Ergonomic, Portable, Modern, New Arrival",610.19,2.4,1000,43,2024-03-14,a=@#N.84b~W1,Kalen Emsley,https://unsplash.com/@kalenemsley?utm_source=sse554_capstone&utm_medium=referral
https://example.com/images/classic_graphic_t-shirt_410.jpg,Classic Graphic T-Shirt 410,Summit Gear Co.,"The Classic Graphic T-Shirt 410 by Summit Gear Co. delivers dependable performance with quality materials and thoughtful design. It is well suited for everyday use in the electronics category, offering a strong balance of value and functionality.",Electronics,"Rechargeable, Premium, Lightweight, Limited Edition, Wireless",685.51,1.1,2738,1325,2020-12-31,4FuS&[4*$C9K,Kalen Emsley,https://unsplash.com/@kalenemsley?utm_source=sse554_capstone&utm_medium=referral
https://example.com/images/classic_action_camera_153.jpg,Classic Action Camera 153,UrbanNest,"The Classic Action Camera 153 by UrbanNest delivers dependable performance with quality materials and thoughtful design. It is well suited for everyday use in the home & kitchen category, offering a strong balance of value and functionality.",Home & Kitchen,"Ergonomic, Durable, New Arrival, Wireless, Compact",180.3,1.1,6816,1262,2024-06-03,y"2<h[*fi[U+,Kalen Emsley,https://unsplash.com/@kalenemsley?utm_source=sse554_capstone&utm_medium=referral
https://example.com/images/advanced_science_fiction_novel_465.jpg,Advanced Science Fiction Novel 465,Maple Street Press,"The Advanced Science Fiction Novel 465 by Maple Street Press delivers dependable performance with quality materials and thoughtful design. It is well suited for everyday use in the office supplies category, offering a strong balance of value and functionality.",Office Supplies,"Compact, Ergonomic, Essential, Wireless, Giftable",405.27,3.9,6595,1639,2022-06-29,I|DXhc>+R'6m,Kalen Emsley,https://unsplash.com/@kalenemsley?utm_source=sse554_capstone&utm_medium=referral
https://example.com/images/premium_gaming_mouse_147.jpg,Premium Gaming Mouse 147,Horizon Tech,"The Premium Gaming Mouse 147 by Horizon Tech delivers dependable performance with quality materials and thoughtful design. It is well suited for everyday use in the clothing category, offering a strong balance of value and functionality.",Clothing,"Wireless, Giftable, New Arrival, Versatile, Essential",645.42,3.2,5901,1755,2024-10-23,`;G<JYLQ`?~X,Kalen Emsley,https://unsplash.com/@kalenemsley?utm_source=sse554_capstone&utm_medium=referral
https://example.com/images/premium_smartphone_stand_921.jpg,Premium Smartphone Stand 921,Maple Street Press,"The Premium Smartphone Stand 921 by Maple Street Press delivers dependable performance with quality materials and thoughtful design. It is well suited for everyday use in the sports & outdoors category, offering a strong balance of value and functionality.",Sports & Outdoors,"Ergonomic, Modern, New Arrival, Versatile, Lightweight",468.95,2.9,4533,1366,2021-11-22,Drrn>-)HOPe/,Kalen Emsley,https://unsplash.com/@kalenemsley?utm_source=sse554_capstone&utm_medium=referral
https://example.com/images/compact_bluetooth_speaker_731.jpg,Compact Bluetooth Speaker 731,SilverLine Electronics,"The Compact Bluetooth Speaker 731 by SilverLine Electronics delivers dependable performance with quality materials and thoughtful design. It is well suited for everyday use in the office supplies category, offering a strong balance of value and functionality.",Office Supplies,"Ergonomic, Rechargeable, Durable, Essential, Modern",592.18,3.4,9492,1630,2020-12-14,"Y0Er;QD,4r(*",Kalen Emsley,https://unsplash.com/@kalenemsley?utm_source=sse554_capstone&utm_medium=referral
https://example.com/images/eco_noise_cancelling_headphones_794.jpg,Eco Noise Cancelling Headphones 794,Maple Street Press,"The Eco Noise Cancelling Headphones 794 by Maple Street Press delivers dependable performance with quality materials and thoughtful design. It is well suited for everyday use in the sports & outdoors category, offering a strong balance of value and functionality.",Sports & Outdoors,"Giftable, Lightweight, Portable, Ergonomic, Limited Edition",529.15,3.8,6613,314,2017-06-10,=z;;B(\\{/vJ,Kalen Emsley,https://unsplash.com/@kalenemsley?utm_source=sse554_capstone&utm_medium=referral
https://example.com/images/classic_action_camera_688.jpg,Classic Action Camera 688,Horizon Tech,"The Classic Action Camera 688 by Horizon Tech delivers dependable performance with quality materials and thoughtful design. It is well suited for everyday use in the clothing category, offering a strong balance of value and functionality.",Clothing,"Durable, Bestseller, Limited Edition, Portable, Waterproof",534.65,4.5,7321,1329,2023-01-20,"qw9~Lb,4*dx-",Kalen Emsley,https://unsplash.com/@kalenemsley?utm_source=sse554_capstone&utm_medium=referral
https://example.com/images/eco_fitness_tracker_524.jpg,Eco Fitness Tracker 524,Horizon Tech,"The Eco Fitness Tracker 524 by Horizon Tech delivers dependable performance with quality materials and thoughtful design. It is well suited for everyday use in the sports & outdoors category, offering a strong balance of value and functionality.",Sports & Outdoors,"Essential, Ergonomic, Bestseller, Compact, New Arrival",351.88,1.8,9630,1935,2022-02-28,TS?Y7J^q1@!B,Kalen Emsley,https://unsplash.com/@kalenemsley?utm_source=sse554_capstone&utm_medium=referral
https://example.com/images/smart_stainless_steel_water_bottle_194.jpg,Smart Stainless Steel Water Bottle 194,BlueRiver Outfitters,"The Smart Stainless Steel Water Bottle 194 by BlueRiver Outfitters delivers dependable performance with quality materials and thoughtful design. It is well suited for everyday use in the office supplies category, offering a strong balance of value and functionality.",Office Supplies,"Bestseller, Ergonomic, Waterproof, Rechargeable, Modern",537.14,2.7,8136,1304,2021-01-12,;|^mW*m\~)4$,Kalen Emsley,https://unsplash.com/@kalenemsley?utm_source=sse554_capstone&utm_medium=referral
https://example.com/images/smart_smartphone_stand_498.jpg,Smart Smartphone Stand 498,Summit Gear Co.,"The Smart Smartphone Stand 498 by Summit Gear Co. delivers dependable performance with quality materials and thoughtful design. It is well suited for everyday use in the clothing category, offering a strong balance of value and functionality.",Clothing,"Durable, Rechargeable, Premium, Lightweight, Giftable",252.17,3.2,5662,818,2019-08-06,Ki3TcFw=Pgvd,Kalen Emsley,https://unsplash.com/@kalenemsley?utm_source=sse554_capstone&utm_medium=referral
https://example.com/images/premium_external_hard_drive_406.jpg,Premium External Hard Drive 406,UrbanNest,"The Premium External Hard Drive 406 by UrbanNest delivers dependable performance with quality materials and thoughtful design. It is well suited for everyday use in the books category, offering a strong balance of value and functionality.",Books,"Wireless, Durable, Modern, New Arrival, Giftable",757.56,4.3,6660,1947,2022-02-14,5)g*m<~MmXV',Kalen Emsley,https://unsplash.com/@kalenemsley?utm_source=sse554_capstone&utm_medium=referral
https://example.com/images/premium_graphic_t-shirt_712.jpg,Premium Graphic T-Shirt 712,SilverLine Electronics,"The Premium Graphic T-Shirt 712 by SilverLine Electronics delivers dependable performance with quality materials and thoughtful design. It is well suited for everyday use in the home & kitchen category, offering a strong balance of value and functionality.",Home & Kitchen,"Essential, Portable, Rechargeable, Ergonomic, Giftable",129.3,3.1,9605,1467,2022-12-25,"P/0W?eHd9,1o",Kalen Emsley,https://unsplash.com/@kalenemsley?utm_source=sse554_capstone&utm_medium=referral
https://example.com/images/advanced_led_desk_lamp_923.jpg,Advanced LED Desk Lamp 923,UrbanNest,"The Advanced LED Desk Lamp 923 by UrbanNest delivers dependable performance with quality materials and thoughtful design. It is well suited for everyday use in the home & kitchen category, offering a strong balance of value and functionality.",Home & Kitchen,"Giftable, Portable, Lightweight, Ergonomic, Limited Edition",221.63,1.8,3339,1446,2020-01-23,ogXe0AX|<'4f,Kalen Emsley,https://unsplash.com/@kalenemsley?utm_source=sse554_capstone&utm_medium=referral
https://example.com/images/portable_led_desk_lamp_513.jpg,Portable LED Desk Lamp 513,BlueRiver Outfitters,"The Portable LED Desk Lamp 513 by BlueRiver Outfitters delivers dependable performance with quality materials and thoughtful design. It is well suited for everyday use in the electronics category, offering a strong balance of value and functionality.",Electronics,"Compact, Modern, Essential, Limited Edition, Durable",495.75,3.3,2843,80,2023-01-25,_/0$awG{$sSx,Kalen Emsley,https://unsplash.com/@kalenemsley?utm_source=sse554_capstone&utm_medium=referral
https://example.com/images/smart_graphic_t-shirt_570.jpg,Smart Graphic T-Shirt 570,BrightLeaf Publishing,"The Smart Graphic T-Shirt 570 by BrightLeaf Publishing delivers dependable performance with quality materials and thoughtful design. It is well suited for everyday use in the office supplies category, offering a strong balance of value and functionality.",Office Supplies,"Premium, New Arrival, Giftable, Compact, Bestseller",53.92,3.8,7153,484,2023-05-30,G{p>X)a9]n6v,Kalen Emsley,https://unsplash.com/@kalenemsley?utm_source=sse554_capstone&utm_medium=referral
https://example.com/images/wireless_science_fiction_novel_884.jpg,Wireless Science Fiction Novel 884,Summit Gear Co.,"The Wireless Science Fiction Novel 884 by Summit Gear Co. delivers dependable performance with quality materials and thoughtful design. It is well suited for everyday use in the home & kitchen category, offering a strong balance of value and functionality.",Home & Kitchen,"Rechargeable, Compact, Portable, Lightweight, Giftable",360.58,4.4,4247,925,2024-07-30,k&fE~w(Ss&|o,Kalen Emsley,https://unsplash.com/@kalenemsley?utm_source=sse554_capstone&utm_medium=referral
https://example.com/images/portable_led_desk_lamp_963.jpg,Portable LED Desk Lamp 963,Horizon Tech,"The Portable LED Desk Lamp 963 by Horizon Tech delivers dependable performance with quality materials and thoughtful design. It is well suited for everyday use in the home & kitchen category, offering a strong balance of value and functionality.",Home & Kitchen,"Durable, Modern, Essential, Premium, Lightweight",105.33,4.7,2418,542,2025-09-02,"]jLi^B,J'c;d",Kalen Emsley,https://unsplash.com/@kalenemsley?utm_source=sse554_capstone&utm_medium=referral
https://example.com/images/ultra_yoga_mat_366.jpg,Ultra Yoga Mat 366,Maple Street Press,"The Ultra Yoga Mat 366 by Maple Street Press delivers dependable performance with quality materials and thoughtful design. It is well suited for everyday use in the books category, offering a strong balance of value and functionality.",Books,"Bestseller, Modern, Essential, Waterproof, Premium",590.65,1.8,2459,88,2017-06-04,h"g=w*>r1LY7,Kalen Emsley,https://unsplash.com/@kalenemsley?utm_source=sse554_capstone&utm_medium=referral
https://example.com/images/ultra_electric_kettle_105.jpg,Ultra Electric Kettle 105,UrbanNest,"The Ultra Electric Kettle 105 by UrbanNest delivers dependable performance with quality materials and thoughtful design. It is well suited for everyday use in the office supplies category, offering a strong balance of value and functionality.",Office Supplies,"Limited Edition, Premium, Durable, Essential, Compact",698.31,4.4,8906,1200,2024-01-10,"yALQA,,aswLg",Kalen Emsley,https://unsplash.com/@kalenemsley?utm_source=sse554_capstone&utm_medium=referral
https://example.com/images/premium_noise_cancelling_headphones_854.jpg,Premium Noise Cancelling Headphones 854,Horizon Tech,"The Premium Noise Cancelling Headphones 854 by Horizon Tech delivers dependable performance with quality materials and thoughtful design. It is well suited for everyday use in the sports & outdoors category, offering a strong balance of value and functionality.",Sports & Outdoors,"Wireless, Lightweight, Giftable, Versatile, Ergonomic",231.42,1.1,1341,328,2022-09-13,o31+l#PYjK9{,Kalen Emsley,https://unsplash.com/@kalenemsley?utm_source=sse554_capstone&utm_medium=referral
https://example.com/images/premium_yoga_mat_172.jpg,Premium Yoga Mat 172,Horizon Tech,"The Premium Yoga Mat 172 by Horizon Tech delivers dependable performance with quality materials and thoughtful design. It is well suited for everyday use in the books category, offering a strong balance of value and functionality.",Books,"New Arrival, Compact, Premium, Bestseller, Ergonomic",696.35,4.2,5035,1520,2019-03-04,@U>cE-yqt1$_,Kalen Emsley,https://unsplash.com/@kalenemsley?utm_source=sse554_capstone&utm_medium=referral
https://example.com/images/portable_bluetooth_speaker_157.jpg,Portable Bluetooth Speaker 157,Summit Gear Co.,"The Portable Bluetooth Speaker 157 by Summit Gear Co. delivers dependable performance with quality materials and thoughtful design. It is well suited for everyday use in the sports & outdoors category, offering a strong balance of value and functionality.",Sports & Outdoors,"Wireless, Rechargeable, Durable, Giftable, Portable",354.54,4.8,9896,358,2019-01-20,Uedyz4p~x_Q`,Kalen Emsley,https://unsplash.com/@kalenemsley?utm_source=sse554_capstone&utm_medium=referral
https://example.com/images/premium_graphic_t-shirt_400.jpg,Premium Graphic T-Shirt 400,SilverLine Electronics,"The Premium Graphic T-Shirt 400 by SilverLine Electronics delivers dependable performance with quality materials and thoughtful design. It is well suited for everyday use in the office supplies category, offering a strong balance of value and functionality.",Office Supplies,"Lightweight, Compact, Durable, Modern, Portable",584.02,1.0,5014,450,2025-05-21,)rrx!o*+JyG@,Kalen Emsley,https://unsplash.com/@kalenemsley?utm_source=sse554_capstone&utm_medium=referral
https://example.com/images/compact_office_chair_104.jpg,Compact Office Chair 104,SilverLine Electronics,"The Compact Office Chair 104 by SilverLine Electronics delivers dependable performance with quality materials and thoughtful design. It is well suited for everyday use in the sports & outdoors category, offering a strong balance of value and functionality.",Sports & Outdoors,"Versatile, Rechargeable, Premium, Waterproof, Durable",160.1,4.3,2494,54,2019-06-09,"""X,5r-whkQ<r",Kalen Emsley,https://unsplash.com/@kalenemsley?utm_source=sse554_capstone&utm_medium=referral
https://example.com/images/professional_stainless_steel_water_bottle_479.jpg,Professional Stainless Steel Water Bottle 479,NorthPeak,"The Professional Stainless Steel Water Bottle 479 by NorthPeak delivers dependable performance with quality materials and thoughtful design. It is well suited for everyday use in the home & kitchen category, offering a strong balance of value and functionality.",Home & Kitchen,"Portable, Versatile, Compact, Rechargeable, New Arrival",111.74,2.3,8001,12,2017-12-15,2~!6jkH$i@IA,Kalen Emsley,https://unsplash.com/@kalenemsley?utm_source=sse554_capstone&utm_medium=referral
https://example.com/images/smart_stainless_steel_water_bottle_565.jpg,Smart Stainless Steel Water Bottle 565,Summit Gear Co.,"The Smart Stainless Steel Water Bottle 565 by Summit Gear Co. delivers dependable performance with quality materials and thoughtful design. It is well suited for everyday use in the books category, offering a strong balance of value and functionality.",Books,"Premium, Essential, Waterproof, Versatile, Rechargeable",133.73,2.3,3003,74,2020-12-01,:/Jv%Ot=&VG5,Kalen Emsley,https://unsplash.com/@kalenemsley?utm_source=sse554_capstone&utm_medium=referral
https://example.com/images/compact_science_fiction_novel_954.jpg,Compact Science Fiction Novel 954,Summit Gear Co.,"The Compact Science Fiction Novel 954 by Summit Gear Co. delivers dependable performance with quality materials and thoughtful design. It is well suited for everyday use in the sports & outdoors category, offering a strong balance of value and functionality.",Sports & Outdoors,"Durable, Rechargeable, Giftable, Premium, Lightweight",380.82,3.7,4728,1141,2021-02-15,qm'\.thrPism,Kalen Emsley,https://unsplash.com/@kalenemsley?utm_source=sse554_capstone&utm_medium=referral
https://example.com/images/advanced_yoga_mat_450.jpg,Advanced Yoga Mat 450,Summit Gear Co.,"The Advanced Yoga Mat 450 by Summit Gear Co. delivers dependable performance with quality materials and thoughtful design. It is well suited for everyday use in the clothing category, offering a strong balance of value and functionality.",Clothing,"Limited Edition, Ergonomic, New Arrival, Bestseller, Versatile",309.91,1.4,4051,379,2018-07-13,<LwFXIt`KR-',Kalen Emsley,https://unsplash.com/@kalenemsley?utm_source=sse554_capstone&utm_medium=referral
https://example.com/images/advanced_smartphone_stand_636.jpg,Advanced Smartphone Stand 636,UrbanNest,"The Advanced Smartphone Stand 636 by UrbanNest delivers dependable performance with quality materials and thoughtful design. It is well suited for everyday use in the sports & outdoors category, offering a strong balance of value and functionality.",Sports & Outdoors,"Limited Edition, Wireless, Durable, Versatile, Essential",197.34,2.1,3385,1727,2019-12-29,Wxck:"-SLiI%,Kalen Emsley,https://unsplash.com/@kalenemsley?utm_source=sse554_capstone&utm_medium=referral
https://example.com/images/ultra_backpack_359.jpg,Ultra Backpack 359,Summit Gear Co.,"The Ultra Backpack 359 by Summit Gear Co. delivers dependable performance with quality materials and thoughtful design. It is well suited for everyday use in the home & kitchen category, offering a strong balance of value and functionality.",Home & Kitchen,"Compact, Versatile, Essential, Giftable, Limited Edition",758.82,3.0,2830,1554,2016-05-25,!BvrfA+$vXb@,Kalen Emsley,https://unsplash.com/@kalenemsley?utm_source=sse554_capstone&utm_medium=referral
https://example.com/images/premium_stainless_steel_water_bottle_727.jpg,Premium Stainless Steel Water Bottle 727,SilverLine Electronics,"The Premium Stainless Steel Water Bottle 727 by SilverLine Electronics delivers dependable performance with quality materials and thoughtful design. It is well suited for everyday use in the books category, offering a strong balance of value and functionality.",Books,"Ergonomic, Essential, Rechargeable, Limited Edition, Giftable",663.62,5.0,9501,1000,2020-03-12,"4=,Om?6'XV/R",Kalen Emsley,https://unsplash.com/@kalenemsley?utm_source=sse554_capstone&utm_medium=referral
https://example.com/images/portable_led_desk_lamp_766.jpg,Portable LED Desk Lamp 766,UrbanNest,"The Portable LED Desk Lamp 766 by UrbanNest delivers dependable performance with quality materials and thoughtful design. It is well suited for everyday use in the sports & outdoors category, offering a strong balance of value and functionality.",Sports & Outdoors,"New Arrival, Bestseller, Premium, Waterproof, Modern",485.44,1.7,4012,638,2022-03-12,j6~xZP`:/SmK,Kalen Emsley,https://unsplash.com/@kalenemsley?utm_source=sse554_capstone&utm_medium=referral
https://example.com/images/premium_external_hard_drive_451.jpg,Premium External Hard Drive 451,Horizon Tech,"The Premium External Hard Drive 451 by Horizon Tech delivers dependable performance with quality materials and thoughtful design. It is well suited for everyday use in the home & kitchen category, offering a strong balance of value and functionality.",Home & Kitchen,"Portable, Wireless, Premium, Durable, Ergonomic",589.94,4.3,8269,253,2020-03-02,X"#Yi@{IFvr\,Kalen Emsley,https://unsplash.com/@kalenemsley?utm_source=sse554_capstone&utm_medium=referral
https://example.com/images/compact_fitness_tracker_659.jpg,Compact Fitness Tracker 659,Horizon Tech,"The Compact Fitness Tracker 659 by Horizon Tech delivers dependable performance with quality materials and thoughtful design. It is well suited for everyday use in the home & kitchen category, offering a strong balance of value and functionality.",Home & Kitchen,"Durable, Compact, Lightweight, Bestseller, Essential",513.61,1.2,692,1399,2016-08-16,X^+eRmpHhhB+,Kalen Emsley,https://unsplash.com/@kalenemsley?utm_source=sse554_capstone&utm_medium=referral
https://example.com/images/professional_cookbook_960.jpg,Professional Cookbook 960,SilverLine Electronics,"The Professional Cookbook 960 by SilverLine Electronics delivers dependable performance with quality materials and thoughtful design. It is well suited for everyday use in the clothing category, offering a strong balance of value and functionality.",Clothing,"Wireless, Limited Edition, Compact, Waterproof, Bestseller",388.82,2.5,7167,1757,2022-02-05,"HEll_AD,Qt#>",Kalen Emsley,https://unsplash.com/@kalenemsley?utm_source=sse554_capstone&utm_medium=referral
https://example.com/images/compact_stainless_steel_water_bottle_649.jpg,Compact Stainless Steel Water Bottle 649,SilverLine Electronics,"The Compact Stainless Steel Water Bottle 649 by SilverLine Electronics delivers dependable performance with quality materials and thoughtful design. It is well suited for everyday use in the sports & outdoors category, offering a strong balance of value and functionality.",Sports & Outdoors,"Giftable, Wireless, Versatile, Essential, Limited Edition",516.23,2.3,6312,917,2024-05-28,QlecM}NH'P@m,Kalen Emsley,https://unsplash.com/@kalenemsley?utm_source=sse554_capstone&utm_medium=referral
https://example.com/images/wireless_science_fiction_novel_659.jpg,Wireless Science Fiction Novel 659,NorthPeak,"The Wireless Science Fiction Novel 659 by NorthPeak delivers dependable performance with quality materials and thoughtful design. It is well suited for everyday use in the electronics category, offering a strong balance of value and functionality.",Electronics,"Durable, Compact, Rechargeable, Modern, Waterproof",318.02,4.5,1617,1267,2021-02-01,T]|7pd/zdl7{,Kalen Emsley,https://unsplash.com/@kalenemsley?utm_source=sse554_capstone&utm_medium=referral
https://example.com/images/ultra_smartphone_stand_628.jpg,Ultra Smartphone Stand 628,BlueRiver Outfitters,"The Ultra Smartphone Stand 628 by BlueRiver Outfitters delivers dependable performance with quality materials and thoughtful design. It is well suited for everyday use in the home & kitchen category, offering a strong balance of value and functionality.",Home & Kitchen,"Essential, Durable, New Arrival, Compact, Waterproof",735.03,4.5,7915,1243,2025-06-17,?Piyr+`}>`n),Kalen Emsley,https://unsplash.com/@kalenemsley?utm_source=sse554_capstone&utm_medium=referral
https://example.com/images/professional_yoga_mat_489.jpg,Professional Yoga Mat 489,SilverLine Electronics,"The Professional Yoga Mat 489 by SilverLine Electronics delivers dependable performance with quality materials and thoughtful design. It is well suited for everyday use in the electronics category, offering a strong balance of value and functionality.",Electronics,"Bestseller, Giftable, Compact, Premium, Ergonomic",688.19,3.8,3449,1962,2020-10-30,t@5#a2c80b/<,Kalen Emsley,https://unsplash.com/@kalenemsley?utm_source=sse554_capstone&utm_medium=referral
