image_url,name,publisher,description,category,tags,price,review_score,review_count,stock_quantity,date_added,id
https://example.com/images/ultra_yoga_mat_430.jpg,Ultra Yoga Mat 430,BrightLeaf Publishing,"The Ultra Yoga Mat 430 by BrightLeaf Publishing delivers dependable performance with quality materials and thoughtful design. It is well suited for everyday use in the home & kitchen category, offering a strong balance of value and functionality.",Home & Kitchen,"Rechargeable, Lightweight, Compact, New Arrival, Bestseller",758.15,4.15,9359,1043,2021-06-03,2048
https://example.com/images/classic_backpack_167.jpg,Classic Backpack 167,BrightLeaf Publishing,"The Classic Backpack 167 by BrightLeaf Publishing delivers dependable performance with quality materials and thoughtful design. It is well suited for everyday use in the clothing category, offering a strong balance of value and functionality.",Clothing,"Premium, Durable, Modern, Versatile, New Arrival",15.08,2.23,20,1123,2020-08-15,4
https://example.com/images/portable_bluetooth_speaker_488.jpg,Portable Bluetooth Speaker 488,UrbanNest,"The Portable Bluetooth Speaker 488 by UrbanNest delivers dependable performance with quality materials and thoughtful design. It is well suited for everyday use in the books category, offering a strong balance of value and functionality.",Books,"Durable, Wireless, Bestseller, New Arrival, Lightweight",256.36,2.76,5144,1406,2018-05-12,30725
https://example.com/images/advanced_gaming_mouse_316.jpg,Advanced Gaming Mouse 316,UrbanNest,"The Advanced Gaming Mouse 316 by UrbanNest delivers dependable performance with quality materials and thoughtful design. It is well suited for everyday use in the books category, offering a strong balance of value and functionality.",Books,"New Arrival, Giftable, Wireless, Bestseller, Essential",76.85,4.59,3235,1420,2016-08-21,28680
https://example.com/images/portable_gaming_mouse_352.jpg,Portable Gaming Mouse 352,BlueRiver Outfitters,"The Portable Gaming Mouse 352 by BlueRiver Outfitters delivers dependable performance with quality materials and thoughtful design. It is well suited for everyday use in the clothing category, offering a strong balance of value and functionality.",Clothing,"New Arrival, Durable, Lightweight, Essential, Wireless",235.86,4.16,5747,906,2018-12-03,26633
https://example.com/images/smart_yoga_mat_320.jpg,Smart Yoga Mat 320,Summit Gear Co.,"The Smart Yoga Mat 320 by Summit Gear Co. delivers dependable performance with quality materials and thoughtful design. It is well suited for everyday use in the home & kitchen category, offering a strong balance of value and functionality.",Home & Kitchen,"Versatile, Compact, Modern, Waterproof, Lightweight",635.04,1.87,8267,729,2023-05-26,2059
https://example.com/images/advanced_gaming_mouse_342.jpg,Advanced Gaming Mouse 342,UrbanNest,"The Advanced Gaming Mouse 342 by UrbanNest delivers dependable performance with quality materials and thoughtful design. It is well suited for everyday use in the clothing category, offering a strong balance of value and functionality.",Clothing,"Durable, Wireless, Waterproof, Compact, Giftable",311.24,4.32,592,1020,2020-09-30,14349
https://example.com/images/portable_office_chair_492.jpg,Portable Office Chair 492,SilverLine Electronics,"The Portable Office Chair 492 by SilverLine Electronics delivers dependable performance with quality materials and thoughtful design. It is well suited for everyday use in the home & kitchen category, offering a strong balance of value and functionality.",Home & Kitchen,"Versatile, Wireless, Rechargeable, Bestseller, Ergonomic",467.06,3.46,2428,1331,2019-11-24,30736
https://example.com/images/smart_gaming_mouse_601.jpg,Smart Gaming Mouse 601,BrightLeaf Publishing,"The Smart Gaming Mouse 601 by BrightLeaf Publishing delivers dependable performance with quality materials and thoughtful design. It is well suited for everyday use in the home & kitchen category, offering a strong balance of value and functionality.",Home & Kitchen,"Versatile, Essential, Waterproof, Ergonomic, Wireless",316.6,2.06,4105,1520,2018-12-13,16400
https://example.com/images/professional_graphic_t-shirt_152.jpg,Professional Graphic T-Shirt 152,Maple Street Press,"The Professional Graphic T-Shirt 152 by Maple Street Press delivers dependable performance with quality materials and thoughtful design. It is well suited for everyday use in the clothing category, offering a strong balance of value and functionality.",Clothing,"Durable, Wireless, Waterproof, Lightweight, Limited Edition",392.18,1.15,8660,1926,2025-03-15,20497
https://example.com/images/professional_led_desk_lamp_491.jpg,Professional LED Desk Lamp 491,Horizon Tech,"The Professional LED Desk Lamp 491 by Horizon Tech delivers dependable performance with quality materials and thoughtful design. It is well suited for everyday use in the office supplies category, offering a strong balance of value and functionality.",Office Supplies,"Bestseller, Waterproof, Versatile, Lightweight, Rechargeable",177.73,3.29,21,404,2025-03-20,22549
https://example.com/images/professional_led_desk_lamp_363.jpg,Professional LED Desk Lamp 363,SilverLine Electronics,"The Professional LED Desk Lamp 363 by SilverLine Electronics delivers dependable performance with quality materials and thoughtful design. It is well suited for everyday use in the electronics category, offering a strong balance of value and functionality.",Electronics,"Rechargeable, Lightweight, Essential, Giftable, Durable",181.82,3.91,7031,1585,2019-04-30,30747
https://example.com/images/professional_gaming_mouse_219.jpg,Professional Gaming Mouse 219,Maple Street Press,"The Professional Gaming Mouse 219 by Maple Street Press delivers dependable performance with quality materials and thoughtful design. It is well suited for everyday use in the books category, offering a strong balance of value and functionality.",Books,"Portable, Ergonomic, Versatile, Limited Edition, Premium",226.9,2.02,3321,16,2018-08-23,30748
https://example.com/images/compact_external_hard_drive_394.jpg,Compact External Hard Drive 394,BlueRiver Outfitters,"The Compact External Hard Drive 394 by BlueRiver Outfitters delivers dependable performance with quality materials and thoughtful design. It is well suited for everyday use in the books category, offering a strong balance of value and functionality.",Books,"Giftable, Durable, Bestseller, Essential, Waterproof",189.89,4.97,1715,1911,2025-12-25,16412
https://example.com/images/smart_science_fiction_novel_619.jpg,Smart Science Fiction Novel 619,Summit Gear Co.,"The Smart Science Fiction Novel 619 by Summit Gear Co. delivers dependable performance with quality materials and thoughtful design. It is well suited for everyday use in the books category, offering a strong balance of value and functionality.",Books,"Portable, Wireless, Lightweight, Giftable, Limited Edition",777.92,1.22,4852,735,2021-01-24,12317
https://example.com/images/portable_stainless_steel_water_bottle_841.jpg,Portable Stainless Steel Water Bottle 841,Horizon Tech,"The Portable Stainless Steel Water Bottle 841 by Horizon Tech delivers dependable performance with quality materials and thoughtful design. It is well suited for everyday use in the electronics category, offering a strong balance of value and functionality.",Electronics,"Modern, Durable, Giftable, Portable, Compact",175.88,1.89,5118,913,2017-01-25,14368
https://example.com/images/professional_stainless_steel_water_bottle_830.jpg,Professional Stainless Steel Water Bottle 830,BlueRiver Outfitters,"The Professional Stainless Steel Water Bottle 830 by BlueRiver Outfitters delivers dependable performance with quality materials and thoughtful design. It is well suited for everyday use in the sports & outdoors category, offering a strong balance of value and functionality.",Sports & Outdoors,"Ergonomic, Modern, Waterproof, Essential, Giftable",221.44,1.61,5402,1504,2025-12-28,28706
https://example.com/images/ultra_backpack_708.jpg,Ultra Backpack 708,SilverLine Electronics,"The Ultra Backpack 708 by SilverLine Electronics delivers dependable performance with quality materials and thoughtful design. It is well suited for everyday use in the clothing category, offering a strong balance of value and functionality.",Clothing,"Limited Edition, Lightweight, Durable, Compact, Bestseller",421.96,1.3,4520,743,2016-01-20,2084
https://example.com/images/premium_running_shoes_678.jpg,Premium Running Shoes 678,BlueRiver Outfitters,"The Premium Running Shoes 678 by BlueRiver Outfitters delivers dependable performance with quality materials and thoughtful design. It is well suited for everyday use in the clothing category, offering a strong balance of value and functionality.",Clothing,"Premium, Limited Edition, Versatile, Essential, Wireless",324.1,3.88,2703,1115,2019-11-05,20517
https://example.com/images/smart_bluetooth_speaker_211.jpg,Smart Bluetooth Speaker 211,UrbanNest,"The Smart Bluetooth Speaker 211 by UrbanNest delivers dependable performance with quality materials and thoughtful design. It is well suited for everyday use in the home & kitchen category, offering a strong balance of value and functionality.",Home & Kitchen,"New Arrival, Portable, Wireless, Waterproof, Rechargeable",312.23,3.14,6799,1150,2018-05-13,26665
https://example.com/images/wireless_electric_kettle_248.jpg,Wireless Electric Kettle 248,BlueRiver Outfitters,"The Wireless Electric Kettle 248 by BlueRiver Outfitters delivers dependable performance with quality materials and thoughtful design. It is well suited for everyday use in the sports & outdoors category, offering a strong balance of value and functionality.",Sports & Outdoors,"New Arrival, Wireless, Giftable, Essential, Premium",158.17,3.78,2812,1936,2025-05-15,10281
https://example.com/images/smart_external_hard_drive_445.jpg,Smart External Hard Drive 445,SilverLine Electronics,"The Smart External Hard Drive 445 by SilverLine Electronics delivers dependable performance with quality materials and thoughtful design. It is well suited for everyday use in the office supplies category, offering a strong balance of value and functionality.",Office Supplies,"Lightweight, Rechargeable, Essential, Durable, Giftable",318.56,1.5,7168,1118,2024-05-13,16429
https://example.com/images/eco_4k_monitor_887.jpg,Eco 4K Monitor 887,BlueRiver Outfitters,"The Eco 4K Monitor 887 by BlueRiver Outfitters delivers dependable performance with quality materials and thoughtful design. It is well suited for everyday use in the electronics category, offering a strong balance of value and functionality.",Electronics,"Wireless, Waterproof, Ergonomic, Versatile, Giftable",129.36,2.24,4925,1443,2019-05-05,2096
https://example.com/images/smart_noise_cancelling_headphones_288.jpg,Smart Noise Cancelling Headphones 288,Maple Street Press,"The Smart Noise Cancelling Headphones 288 by Maple Street Press delivers dependable performance with quality materials and thoughtful design. It is well suited for everyday use in the clothing category, offering a strong balance of value and functionality.",Clothing,"Lightweight, Bestseller, Versatile, Limited Edition, Modern",61.11,4.42,5025,1705,2025-12-25,26678
https://example.com/images/professional_cookware_set_151.jpg,Professional Cookware Set 151,BrightLeaf Publishing,"The Professional Cookware Set 151 by BrightLeaf Publishing delivers dependable performance with quality materials and thoughtful design. It is well suited for everyday use in the office supplies category, offering a strong balance of value and functionality.",Office Supplies,"Compact, New Arrival, Modern, Rechargeable, Ergonomic",107.1,4.75,8720,969,2021-04-28,14391
https://example.com/images/premium_cookware_set_197.jpg,Premium Cookware Set 197,BlueRiver Outfitters,"The Premium Cookware Set 197 by BlueRiver Outfitters delivers dependable performance with quality materials and thoughtful design. It is well suited for everyday use in the electronics category, offering a strong balance of value and functionality.",Electronics,"Modern, Compact, Bestseller, Lightweight, Limited Edition",313.15,3.9,5248,1272,2017-11-30,24632
https://example.com/images/professional_running_shoes_324.jpg,Professional Running Shoes 324,NorthPeak,"The Professional Running Shoes 324 by NorthPeak delivers dependable performance with quality materials and thoughtful design. It is well suited for everyday use in the home & kitchen category, offering a strong balance of value and functionality.",Home & Kitchen,"Essential, Portable, Waterproof, Premium, Lightweight",131.02,1.89,4862,1091,2018-11-05,24636
https://example.com/images/compact_cookbook_349.jpg,Compact Cookbook 349,Summit Gear Co.,"The Compact Cookbook 349 by Summit Gear Co. delivers dependable performance with quality materials and thoughtful design. It is well suited for everyday use in the clothing category, offering a strong balance of value and functionality.",Clothing,"Compact, Rechargeable, Ergonomic, Durable, Premium",478.64,1.35,4381,1002,2023-11-16,8253
https://example.com/images/ultra_bluetooth_speaker_495.jpg,Ultra Bluetooth Speaker 495,Horizon Tech,"The Ultra Bluetooth Speaker 495 by Horizon Tech delivers dependable performance with quality materials and thoughtful design. It is well suited for everyday use in the office supplies category, offering a strong balance of value and functionality.",Office Supplies,"Durable, Giftable, Essential, Compact, Modern",791.96,3.63,5849,582,2020-02-14,4158
https://example.com/images/eco_fitness_tracker_968.jpg,Eco Fitness Tracker 968,Maple Street Press,"The Eco Fitness Tracker 968 by Maple Street Press delivers dependable performance with quality materials and thoughtful design. It is well suited for everyday use in the sports & outdoors category, offering a strong balance of value and functionality.",Sports & Outdoors,"Wireless, Giftable, Ergonomic, Bestseller, Premium",580.21,3.77,2309,1020,2017-09-12,18494
https://example.com/images/compact_yoga_mat_777.jpg,Compact Yoga Mat 777,Summit Gear Co.,"The Compact Yoga Mat 777 by Summit Gear Co. delivers dependable performance with quality materials and thoughtful design. It is well suited for everyday use in the books category, offering a strong balance of value and functionality.",Books,"New Arrival, Compact, Lightweight, Premium, Versatile",238.4,2.0,1843,734,2016-10-09,18495
https://example.com/images/professional_cookware_set_103.jpg,Professional Cookware Set 103,NorthPeak,"The Professional Cookware Set 103 by NorthPeak delivers dependable performance with quality materials and thoughtful design. It is well suited for everyday use in the books category, offering a strong balance of value and functionality.",Books,"Premium, New Arrival, Rechargeable, Waterproof, Essential",35.19,4.19,4280,88,2021-12-20,65
https://example.com/images/smart_science_fiction_novel_980.jpg,Smart Science Fiction Novel 980,Horizon Tech,"The Smart Science Fiction Novel 980 by Horizon Tech delivers dependable performance with quality materials and thoughtful design. It is well suited for everyday use in the home & kitchen category, offering a strong balance of value and functionality.",Home & Kitchen,"Wireless, Modern, Bestseller, Lightweight, Essential",351.38,4.9,3358,792,2023-09-04,6217
https://example.com/images/wireless_led_desk_lamp_550.jpg,Wireless LED Desk Lamp 550,BrightLeaf Publishing,"The Wireless LED Desk Lamp 550 by BrightLeaf Publishing delivers dependable performance with quality materials and thoughtful design. It is well suited for everyday use in the home & kitchen category, offering a strong balance of value and functionality.",Home & Kitchen,"Modern, Versatile, New Arrival, Ergonomic, Durable",432.49,1.45,3095,1864,2016-01-17,18506
https://example.com/images/classic_bluetooth_speaker_122.jpg,Classic Bluetooth Speaker 122,UrbanNest,"The Classic Bluetooth Speaker 122 by UrbanNest delivers dependable performance with quality materials and thoughtful design. It is well suited for everyday use in the books category, offering a strong balance of value and functionality.",Books,"Limited Edition, Durable, Premium, Versatile, Ergonomic",285.79,2.85,5460,1913,2017-03-01,22603
https://example.com/images/eco_office_chair_257.jpg,Eco Office Chair 257,Maple Street Press,"The Eco Office Chair 257 by Maple Street Press delivers dependable performance with quality materials and thoughtful design. It is well suited for everyday use in the electronics category, offering a strong balance of value and functionality.",Electronics,"Essential, Giftable, Portable, Compact, Modern",659.17,3.73,9259,131,2017-03-08,30796
https://example.com/images/smart_gaming_mouse_280.jpg,Smart Gaming Mouse 280,SilverLine Electronics,"The Smart Gaming Mouse 280 by SilverLine Electronics delivers dependable performance with quality materials and thoughtful design. It is well suited for everyday use in the home & kitchen category, offering a strong balance of value and functionality.",Home & Kitchen,"Portable, Limited Edition, Versatile, Waterproof, Modern",45.58,4.68,3740,533,2021-02-17,14413
https://example.com/images/ultra_science_fiction_novel_201.jpg,Ultra Science Fiction Novel 201,BlueRiver Outfitters,"The Ultra Science Fiction Novel 201 by BlueRiver Outfitters delivers dependable performance with quality materials and thoughtful design. It is well suited for everyday use in the clothing category, offering a strong balance of value and functionality.",Clothing,"Limited Edition, Portable, New Arrival, Lightweight, Modern",99.59,2.36,7961,1150,2024-08-15,14416
https://example.com/images/premium_noise_cancelling_headphones_294.jpg,Premium Noise Cancelling Headphones 294,Summit Gear Co.,"The Premium Noise Cancelling Headphones 294 by Summit Gear Co. delivers dependable performance with quality materials and thoughtful design. It is well suited for everyday use in the office supplies category, offering a strong balance of value and functionality.",Office Supplies,"Essential, Bestseller, Wireless, Premium, Giftable",550.04,3.21,8121,1547,2023-08-30,4177
https://example.com/images/eco_bluetooth_speaker_829.jpg,Eco Bluetooth Speaker 829,Summit Gear Co.,"The Eco Bluetooth Speaker 829 by Summit Gear Co. delivers dependable performance with quality materials and thoughtful design. It is well suited for everyday use in the home & kitchen category, offering a strong balance of value and functionality.",Home & Kitchen,"Limited Edition, Wireless, Durable, New Arrival, Compact",400.87,3.42,6566,106,2020-09-18,20566
https://example.com/images/portable_fitness_tracker_156.jpg,Portable Fitness Tracker 156,Horizon Tech,"The Portable Fitness Tracker 156 by Horizon Tech delivers dependable performance with quality materials and thoughtful design. It is well suited for everyday use in the electronics category, offering a strong balance of value and functionality.",Electronics,"Modern, Ergonomic, Waterproof, Limited Edition, Compact",537.03,1.22,5565,1282,2022-04-23,24664
https://example.com/images/classic_led_desk_lamp_929.jpg,Classic LED Desk Lamp 929,Horizon Tech,"The Classic LED Desk Lamp 929 by Horizon Tech delivers dependable performance with quality materials and thoughtful design. It is well suited for everyday use in the sports & outdoors category, offering a strong balance of value and functionality.",Sports & Outdoors,"Durable, Waterproof, Ergonomic, Limited Edition, Compact",261.39,3.53,5435,603,2021-09-15,91
https://example.com/images/eco_cookware_set_669.jpg,Eco Cookware Set 669,Summit Gear Co.,"The Eco Cookware Set 669 by Summit Gear Co. delivers dependable performance with quality materials and thoughtful design. It is well suited for everyday use in the clothing category, offering a strong balance of value and functionality.",Clothing,"Durable, Wireless, Rechargeable, Portable, Compact",586.07,1.77,7590,1274,2023-05-19,16476
https://example.com/images/portable_action_camera_320.jpg,Portable Action Camera 320,NorthPeak,"The Portable Action Camera 320 by NorthPeak delivers dependable performance with quality materials and thoughtful design. It is well suited for everyday use in the books category, offering a strong balance of value and functionality.",Books,"Premium, Durable, Portable, Giftable, Rechargeable",317.51,3.17,1269,920,2024-06-08,95
https://example.com/images/professional_4k_monitor_740.jpg,Professional 4K Monitor 740,BlueRiver Outfitters,"The Professional 4K Monitor 740 by BlueRiver Outfitters delivers dependable performance with quality materials and thoughtful design. It is well suited for everyday use in the office supplies category, offering a strong balance of value and functionality.",Office Supplies,"Ergonomic, Compact, Versatile, Limited Edition, Giftable",408.38,2.22,4808,160,2024-09-26,2144
https://example.com/images/wireless_mechanical_keyboard_120.jpg,Wireless Mechanical Keyboard 120,NorthPeak,"The Wireless Mechanical Keyboard 120 by NorthPeak delivers dependable performance with quality materials and thoughtful design. It is well suited for everyday use in the sports & outdoors category, offering a strong balance of value and functionality.",Sports & Outdoors,"Waterproof, Ergonomic, Limited Edition, Essential, Modern",231.19,4.85,7003,715,2021-07-02,14432
https://example.com/images/classic_external_hard_drive_529.jpg,Classic External Hard Drive 529,Horizon Tech,"The Classic External Hard Drive 529 by Horizon Tech delivers dependable performance with quality materials and thoughtful design. It is well suited for everyday use in the office supplies category, offering a strong balance of value and functionality.",Office Supplies,"Durable, Ergonomic, Compact, Giftable, Lightweight",501.9,1.33,3079,433,2018-11-24,30816
https://example.com/images/premium_4k_monitor_952.jpg,Premium 4K Monitor 952,BrightLeaf Publishing,"The Premium 4K Monitor 952 by BrightLeaf Publishing delivers dependable performance with quality materials and thoughtful design. It is well suited for everyday use in the office supplies category, offering a strong balance of value and functionality.",Office Supplies,"Versatile, Durable, Premium, Rechargeable, Ergonomic",374.41,3.62,9561,1930,2022-02-10,4193
https://example.com/images/classic_backpack_405.jpg,Classic Backpack 405,SilverLine Electronics,"The Classic Backpack 405 by SilverLine Electronics delivers dependable performance with quality materials and thoughtful design. It is well suited for everyday use in the home & kitchen category, offering a strong balance of value and functionality.",Home & Kitchen,"Rechargeable, Premium, Limited Edition, Giftable, Bestseller",188.84,2.99,5924,1635,2022-07-15,2147
https://example.com/images/smart_cookbook_530.jpg,Smart Cookbook 530,Summit Gear Co.,"The Smart Cookbook 530 by Summit Gear Co. delivers dependable performance with quality materials and thoughtful design. It is well suited for everyday use in the clothing category, offering a strong balance of value and functionality.",Clothing,"Limited Edition, Modern, Waterproof, Bestseller, Giftable",25.59,2.28,5502,548,2018-01-12,12387
https://example.com/images/classic_science_fiction_novel_186.jpg,Classic Science Fiction Novel 186,Maple Street Press,"The Classic Science Fiction Novel 186 by Maple Street Press delivers dependable performance with quality materials and thoughtful design. It is well suited for everyday use in the sports & outdoors category, offering a strong balance of value and functionality.",Sports & Outdoors,"Bestseller, Lightweight, Waterproof, Rechargeable, Premium",500.01,3.9,8943,946,2017-03-16,20581
https://example.com/images/advanced_graphic_t-shirt_733.jpg,Advanced Graphic T-Shirt 733,NorthPeak,"The Advanced Graphic T-Shirt 733 by NorthPeak delivers dependable performance with quality materials and thoughtful design. It is well suited for everyday use in the office supplies category, offering a strong balance of value and functionality.",Office Supplies,"Lightweight, Modern, Versatile, New Arrival, Bestseller",615.35,1.43,2661,1257,2018-09-27,14438
https://example.com/images/portable_stainless_steel_water_bottle_194.jpg,Portable Stainless Steel Water Bottle 194,BrightLeaf Publishing,"The Portable Stainless Steel Water Bottle 194 by BrightLeaf Publishing delivers dependable performance with quality materials and thoughtful design. It is well suited for everyday use in the electronics category, offering a strong balance of value and functionality.",Electronics,"Essential, Premium, Rechargeable, Compact, Modern",688.27,4.4,1694,1356,2022-12-12,20588
https://example.com/images/wireless_4k_monitor_107.jpg,Wireless 4K Monitor 107,UrbanNest,"The Wireless 4K Monitor 107 by UrbanNest delivers dependable performance with quality materials and thoughtful design. It is well suited for everyday use in the books category, offering a strong balance of value and functionality.",Books,"Essential, New Arrival, Premium, Giftable, Wireless",518.55,1.37,2533,228,2024-11-21,30837
https://example.com/images/wireless_cookware_set_696.jpg,Wireless Cookware Set 696,Summit Gear Co.,"The Wireless Cookware Set 696 by Summit Gear Co. delivers dependable performance with quality materials and thoughtful design. It is well suited for everyday use in the clothing category, offering a strong balance of value and functionality.",Clothing,"Essential, New Arrival, Limited Edition, Giftable, Versatile",586.24,4.07,2902,663,2019-10-24,8309
https://example.com/images/wireless_mechanical_keyboard_599.jpg,Wireless Mechanical Keyboard 599,SilverLine Electronics,"The Wireless Mechanical Keyboard 599 by SilverLine Electronics delivers dependable performance with quality materials and thoughtful design. It is well suited for everyday use in the clothing category, offering a strong balance of value and functionality.",Clothing,"Rechargeable, Wireless, Lightweight, New Arrival, Bestseller",244.87,4.97,5552,580,2023-01-22,28791
https://example.com/images/ultra_stainless_steel_water_bottle_704.jpg,Ultra Stainless Steel Water Bottle 704,UrbanNest,"The Ultra Stainless Steel Water Bottle 704 by UrbanNest delivers dependable performance with quality materials and thoughtful design. It is well suited for everyday use in the office supplies category, offering a strong balance of value and functionality.",Office Supplies,"Premium, Modern, Wireless, Waterproof, Rechargeable",407.5,3.64,4541,1382,2024-01-26,12409
https://example.com/images/premium_yoga_mat_129.jpg,Premium Yoga Mat 129,SilverLine Electronics,"The Premium Yoga Mat 129 by SilverLine Electronics delivers dependable performance with quality materials and thoughtful design. It is well suited for everyday use in the electronics category, offering a strong balance of value and functionality.",Electronics,"Portable, Ergonomic, Durable, Limited Edition, Giftable",489.51,3.52,2245,1823,2021-10-21,28799
https://example.com/images/compact_fitness_tracker_805.jpg,Compact Fitness Tracker 805,BrightLeaf Publishing,"The Compact Fitness Tracker 805 by BrightLeaf Publishing delivers dependable performance with quality materials and thoughtful design. It is well suited for everyday use in the clothing category, offering a strong balance of value and functionality.",Clothing,"Modern, Compact, Lightweight, Wireless, Bestseller",441.14,3.07,6604,1633,2021-04-04,2175
https://example.com/images/smart_external_hard_drive_601.jpg,Smart External Hard Drive 601,SilverLine Electronics,"The Smart External Hard Drive 601 by SilverLine Electronics delivers dependable performance with quality materials and thoughtful design. It is well suited for everyday use in the sports & outdoors category, offering a strong balance of value and functionality.",Sports & Outdoors,"Limited Edition, Modern, Portable, Giftable, Waterproof",95.04,4.08,1564,166,2017-01-09,24710
https://example.com/images/compact_smartphone_stand_293.jpg,Compact Smartphone Stand 293,NorthPeak,"The Compact Smartphone Stand 293 by NorthPeak delivers dependable performance with quality materials and thoughtful design. It is well suited for everyday use in the sports & outdoors category, offering a strong balance of value and functionality.",Sports & Outdoors,"Rechargeable, Giftable, Waterproof, Ergonomic, Essential",528.9,4.14,5161,1852,2023-11-01,30855
https://example.com/images/professional_cookbook_521.jpg,Professional Cookbook 521,UrbanNest,"The Professional Cookbook 521 by UrbanNest delivers dependable performance with quality materials and thoughtful design. It is well suited for everyday use in the books category, offering a strong balance of value and functionality.",Books,"Giftable, Durable, Versatile, New Arrival, Waterproof",406.72,4.36,4718,173,2022-12-26,22663
https://example.com/images/professional_science_fiction_novel_725.jpg,Professional Science Fiction Novel 725,BrightLeaf Publishing,"The Professional Science Fiction Novel 725 by BrightLeaf Publishing delivers dependable performance with quality materials and thoughtful design. It is well suited for everyday use in the books category, offering a strong balance of value and functionality.",Books,"Durable, Lightweight, Versatile, New Arrival, Giftable",14.67,2.75,8376,1142,2016-04-26,24712
https://example.com/images/ultra_gaming_mouse_437.jpg,Ultra Gaming Mouse 437,BrightLeaf Publishing,"The Ultra Gaming Mouse 437 by BrightLeaf Publishing delivers dependable performance with quality materials and thoughtful design. It is well suited for everyday use in the clothing category, offering a strong balance of value and functionality.",Clothing,"Durable, Portable, Versatile, Compact, Waterproof",324.93,4.79,9615,361,2025-03-24,6282
https://example.com/images/ultra_bluetooth_speaker_292.jpg,Ultra Bluetooth Speaker 292,Summit Gear Co.,"The Ultra Bluetooth Speaker 292 by Summit Gear Co. delivers dependable performance with quality materials and thoughtful design. It is well suited for everyday use in the books category, offering a strong balance of value and functionality.",Books,"Versatile, Premium, Portable, Bestseller, Compact",667.59,2.68,2541,476,2016-10-01,28811
https://example.com/images/professional_backpack_535.jpg,Professional Backpack 535,Summit Gear Co.,"The Professional Backpack 535 by Summit Gear Co. delivers dependable performance with quality materials and thoughtful design. It is well suited for everyday use in the clothing category, offering a strong balance of value and functionality.",Clothing,"Bestseller, Modern, Premium, Rechargeable, Compact",549.16,1.62,6320,1421,2024-07-15,30860
https://example.com/images/classic_science_fiction_novel_155.jpg,Classic Science Fiction Novel 155,Summit Gear Co.,"The Classic Science Fiction Novel 155 by Summit Gear Co. delivers dependable performance with quality materials and thoughtful design. It is well suited for everyday use in the books category, offering a strong balance of value and functionality.",Books,"Ergonomic, Versatile, Wireless, Modern, Limited Edition",730.92,4.28,6814,447,2023-02-07,16526
https://example.com/images/compact_science_fiction_novel_698.jpg,Compact Science Fiction Novel 698,Maple Street Press,"The Compact Science Fiction Novel 698 by Maple Street Press delivers dependable performance with quality materials and thoughtful design. It is well suited for everyday use in the electronics category, offering a strong balance of value and functionality.",Electronics,"Wireless, Versatile, Durable, Bestseller, Rechargeable",558.98,1.2,9534,1390,2023-04-21,28816
https://example.com/images/premium_bluetooth_speaker_944.jpg,Premium Bluetooth Speaker 944,UrbanNest,"The Premium Bluetooth Speaker 944 by UrbanNest delivers dependable performance with quality materials and thoughtful design. It is well suited for everyday use in the home & kitchen category, offering a strong balance of value and functionality.",Home & Kitchen,"Compact, New Arrival, Lightweight, Modern, Bestseller",67.81,3.74,9542,847,2019-01-18,12432
https://example.com/images/professional_4k_monitor_252.jpg,Professional 4K Monitor 252,UrbanNest,"The Professional 4K Monitor 252 by UrbanNest delivers dependable performance with quality materials and thoughtful design. It is well suited for everyday use in the clothing category, offering a strong balance of value and functionality.",Clothing,"Limited Edition, Giftable, Essential, Compact, Modern",81.83,4.16,9116,1300,2016-04-29,30872
https://example.com/images/ultra_action_camera_275.jpg,Ultra Action Camera 275,Summit Gear Co.,"The Ultra Action Camera 275 by Summit Gear Co. delivers dependable performance with quality materials and thoughtful design. It is well suited for everyday use in the office supplies category, offering a strong balance of value and functionality.",Office Supplies,"Rechargeable, Waterproof, Limited Edition, Versatile, Wireless",708.18,3.48,7840,1479,2024-04-15,8346
https://example.com/images/ultra_gaming_mouse_926.jpg,Ultra Gaming Mouse 926,NorthPeak,"The Ultra Gaming Mouse 926 by NorthPeak delivers dependable performance with quality materials and thoughtful design. It is well suited for everyday use in the electronics category, offering a strong balance of value and functionality.",Electronics,"Essential, Ergonomic, Bestseller, Limited Edition, Premium",483.5,3.33,6953,1297,2020-11-14,28826
https://example.com/images/premium_external_hard_drive_495.jpg,Premium External Hard Drive 495,Horizon Tech,"The Premium External Hard Drive 495 by Horizon Tech delivers dependable performance with quality materials and thoughtful design. It is well suited for everyday use in the clothing category, offering a strong balance of value and functionality.",Clothing,"Limited Edition, Versatile, Durable, Essential, Portable",613.45,4.71,6511,1435,2017-07-28,28827
https://example.com/images/portable_bluetooth_speaker_503.jpg,Portable Bluetooth Speaker 503,Horizon Tech,"The Portable Bluetooth Speaker 503 by Horizon Tech delivers dependable performance with quality materials and thoughtful design. It is well suited for everyday use in the clothing category, offering a strong balance of value and functionality.",Clothing,"Giftable, Compact, New Arrival, Essential, Bestseller",741.45,3.75,8679,1506,2023-02-05,26780
https://example.com/images/smart_science_fiction_novel_313.jpg,Smart Science Fiction Novel 313,BrightLeaf Publishing,"The Smart Science Fiction Novel 313 by BrightLeaf Publishing delivers dependable performance with quality materials and thoughtful design. It is well suited for everyday use in the home & kitchen category, offering a strong balance of value and functionality.",Home & Kitchen,"Rechargeable, Ergonomic, Versatile, Bestseller, Waterproof",218.26,3.4,2623,901,2025-03-11,4253
https://example.com/images/eco_noise_cancelling_headphones_420.jpg,Eco Noise Cancelling Headphones 420,Summit Gear Co.,"The Eco Noise Cancelling Headphones 420 by Summit Gear Co. delivers dependable performance with quality materials and thoughtful design. It is well suited for everyday use in the books category, offering a strong balance of value and functionality.",Books,"Rechargeable, Limited Edition, Compact, New Arrival, Bestseller",601.18,1.85,1842,1853,2017-05-04,20639
https://example.com/images/smart_gaming_mouse_893.jpg,Smart Gaming Mouse 893,Horizon Tech,"The Smart Gaming Mouse 893 by Horizon Tech delivers dependable performance with quality materials and thoughtful design. It is well suited for everyday use in the home & kitchen category, offering a strong balance of value and functionality.",Home & Kitchen,"Giftable, Modern, Durable, New Arrival, Lightweight",368.9,2.31,3056,261,2017-08-28,16544
https://example.com/images/compact_4k_monitor_767.jpg,Compact 4K Monitor 767,UrbanNest,"The Compact 4K Monitor 767 by UrbanNest delivers dependable performance with quality materials and thoughtful design. It is well suited for everyday use in the electronics category, offering a strong balance of value and functionality.",Electronics,"Essential, Rechargeable, Lightweight, New Arrival, Compact",125.97,4.79,4437,1808,2016-03-05,14496
https://example.com/images/ultra_stainless_steel_water_bottle_457.jpg,Ultra Stainless Steel Water Bottle 457,Summit Gear Co.,"The Ultra Stainless Steel Water Bottle 457 by Summit Gear Co. delivers dependable performance with quality materials and thoughtful design. It is well suited for everyday use in the books category, offering a strong balance of value and functionality.",Books,"Premium, Portable, Lightweight, Giftable, Limited Edition",752.65,1.66,5957,1340,2022-07-24,16547
https://example.com/images/classic_cookware_set_567.jpg,Classic Cookware Set 567,BrightLeaf Publishing,"The Classic Cookware Set 567 by BrightLeaf Publishing delivers dependable performance with quality materials and thoughtful design. It is well suited for everyday use in the clothing category, offering a strong balance of value and functionality.",Clothing,"Durable, Versatile, Modern, Lightweight, Wireless",489.42,4.45,1649,115,2025-07-10,6311
https://example.com/images/smart_stainless_steel_water_bottle_874.jpg,Smart Stainless Steel Water Bottle 874,Summit Gear Co.,"The Smart Stainless Steel Water Bottle 874 by Summit Gear Co. delivers dependable performance with quality materials and thoughtful design. It is well suited for everyday use in the office supplies category, offering a strong balance of value and functionality.",Office Supplies,"Premium, Rechargeable, Durable, Ergonomic, Bestseller",622.24,4.81,4138,110,2023-03-17,4263
https://example.com/images/professional_cookware_set_562.jpg,Professional Cookware Set 562,Maple Street Press,"The Professional Cookware Set 562 by Maple Street Press delivers dependable performance with quality materials and thoughtful design. It is well suited for everyday use in the home & kitchen category, offering a strong balance of value and functionality.",Home & Kitchen,"Wireless, Limited Edition, Compact, Premium, Bestseller",74.45,3.81,6070,428,2021-02-09,22696
https://example.com/images/wireless_fitness_tracker_597.jpg,Wireless Fitness Tracker 597,BlueRiver Outfitters,"The Wireless Fitness Tracker 597 by BlueRiver Outfitters delivers dependable performance with quality materials and thoughtful design. It is well suited for everyday use in the home & kitchen category, offering a strong balance of value and functionality.",Home & Kitchen,"Ergonomic, Modern, Waterproof, Portable, Limited Edition",121.79,1.22,5722,1044,2017-06-12,22698
https://example.com/images/professional_4k_monitor_638.jpg,Professional 4K Monitor 638,SilverLine Electronics,"The Professional 4K Monitor 638 by SilverLine Electronics delivers dependable performance with quality materials and thoughtful design. It is well suited for everyday use in the office supplies category, offering a strong balance of value and functionality.",Office Supplies,"New Arrival, Durable, Essential, Portable, Rechargeable",616.27,4.94,8370,1732,2016-12-07,30891
https://example.com/images/wireless_bluetooth_speaker_788.jpg,Wireless Bluetooth Speaker 788,Horizon Tech,"The Wireless Bluetooth Speaker 788 by Horizon Tech delivers dependable performance with quality materials and thoughtful design. It is well suited for everyday use in the home & kitchen category, offering a strong balance of value and functionality.",Home & Kitchen,"Portable, Modern, Ergonomic, Wireless, Bestseller",511.3,2.71,2419,572,2019-03-25,20659
https://example.com/images/professional_led_desk_lamp_258.jpg,Professional LED Desk Lamp 258,NorthPeak,"The Professional LED Desk Lamp 258 by NorthPeak delivers dependable performance with quality materials and thoughtful design. It is well suited for everyday use in the office supplies category, offering a strong balance of value and functionality.",Office Supplies,"Essential, Bestseller, Lightweight, Waterproof, Durable",313.64,4.55,6882,125,2022-05-07,26803
https://example.com/images/premium_gaming_mouse_240.jpg,Premium Gaming Mouse 240,BlueRiver Outfitters,"The Premium Gaming Mouse 240 by BlueRiver Outfitters delivers dependable performance with quality materials and thoughtful design. It is well suited for everyday use in the books category, offering a strong balance of value and functionality.",Books,"Lightweight, Durable, Limited Edition, New Arrival, Versatile",711.49,4.23,4756,179,2020-04-20,20660
https://example.com/images/smart_backpack_703.jpg,Smart Backpack 703,BlueRiver Outfitters,"The Smart Backpack 703 by BlueRiver Outfitters delivers dependable performance with quality materials and thoughtful design. It is well suited for everyday use in the home & kitchen category, offering a strong balance of value and functionality.",Home & Kitchen,"Modern, Durable, Lightweight, Giftable, Rechargeable",20.91,2.44,1852,1373,2018-12-08,180
https://example.com/images/advanced_running_shoes_652.jpg,Advanced Running Shoes 652,BlueRiver Outfitters,"The Advanced Running Shoes 652 by BlueRiver Outfitters delivers dependable performance with quality materials and thoughtful design. It is well suited for everyday use in the books category, offering a strong balance of value and functionality.",Books,"Compact, Modern, Premium, New Arrival, Waterproof",197.41,3.84,2455,1461,2019-01-31,28854
https://example.com/images/professional_cookbook_626.jpg,Professional Cookbook 626,UrbanNest,"The Professional Cookbook 626 by UrbanNest delivers dependable performance with quality materials and thoughtful design. It is well suited for everyday use in the clothing category, offering a strong balance of value and functionality.",Clothing,"Giftable, New Arrival, Limited Edition, Modern, Compact",599.82,1.99,9714,503,2024-07-17,16570
https://example.com/images/premium_cookbook_609.jpg,Premium Cookbook 609,BrightLeaf Publishing,"The Premium Cookbook 609 by BrightLeaf Publishing delivers dependable performance with quality materials and thoughtful design. It is well suited for everyday use in the clothing category, offering a strong balance of value and functionality.",Clothing,"Essential, Versatile, Compact, Waterproof, Premium",375.39,1.18,2113,1901,2018-02-11,189
https://example.com/images/classic_science_fiction_novel_963.jpg,Classic Science Fiction Novel 963,BlueRiver Outfitters,"The Classic Science Fiction Novel 963 by BlueRiver Outfitters delivers dependable performance with quality materials and thoughtful design. It is well suited for everyday use in the electronics category, offering a strong balance of value and functionality.",Electronics,"Durable, Giftable, Rechargeable, Essential, Ergonomic",241.9,1.5,3485,1143,2019-02-17,191
https://example.com/images/wireless_led_desk_lamp_243.jpg,Wireless LED Desk Lamp 243,BlueRiver Outfitters,"The Wireless LED Desk Lamp 243 by BlueRiver Outfitters delivers dependable performance with quality materials and thoughtful design. It is well suited for everyday use in the electronics category, offering a strong balance of value and functionality.",Electronics,"Ergonomic, Versatile, Durable, New Arrival, Essential",34.02,1.22,6047,1471,2024-12-11,193
https://example.com/images/eco_mechanical_keyboard_911.jpg,Eco Mechanical Keyboard 911,BlueRiver Outfitters,"The Eco Mechanical Keyboard 911 by BlueRiver Outfitters delivers dependable performance with quality materials and thoughtful design. It is well suited for everyday use in the electronics category, offering a strong balance of value and functionality.",Electronics,"Giftable, Ergonomic, New Arrival, Limited Edition, Rechargeable",713.04,3.65,7866,412,2018-12-03,14532
https://example.com/images/advanced_fitness_tracker_431.jpg,Advanced Fitness Tracker 431,Maple Street Press,"The Advanced Fitness Tracker 431 by Maple Street Press delivers dependable performance with quality materials and thoughtful design. It is well suited for everyday use in the sports & outdoors category, offering a strong balance of value and functionality.",Sports & Outdoors,"Waterproof, Portable, Ergonomic, Compact, New Arrival",750.5,2.69,9208,1844,2023-03-30,12490
https://example.com/images/ultra_action_camera_319.jpg,Ultra Action Camera 319,BlueRiver Outfitters,"The Ultra Action Camera 319 by BlueRiver Outfitters delivers dependable performance with quality materials and thoughtful design. It is well suited for everyday use in the clothing category, offering a strong balance of value and functionality.",Clothing,"New Arrival, Rechargeable, Premium, Giftable, Versatile",338.21,2.66,4004,1430,2018-08-15,10446
https://example.com/images/portable_science_fiction_novel_464.jpg,Portable Science Fiction Novel 464,NorthPeak,"The Portable Science Fiction Novel 464 by NorthPeak delivers dependable performance with quality materials and thoughtful design. It is well suited for everyday use in the electronics category, offering a strong balance of value and functionality.",Electronics,"Giftable, New Arrival, Wireless, Rechargeable, Ergonomic",525.03,3.96,5664,552,2024-07-01,8402
https://example.com/images/professional_external_hard_drive_249.jpg,Professional External Hard Drive 249,Summit Gear Co.,"The Professional External Hard Drive 249 by Summit Gear Co. delivers dependable performance with quality materials and thoughtful design. It is well suited for everyday use in the books category, offering a strong balance of value and functionality.",Books,"Bestseller, Compact, Durable, Giftable, Modern",546.71,1.2,8786,1901,2023-09-21,12502
https://example.com/images/advanced_noise_cancelling_headphones_845.jpg,Advanced Noise Cancelling Headphones 845,UrbanNest,"The Advanced Noise Cancelling Headphones 845 by UrbanNest delivers dependable performance with quality materials and thoughtful design. It is well suited for everyday use in the electronics category, offering a strong balance of value and functionality.",Electronics,"New Arrival, Rechargeable, Essential, Premium, Wireless",264.38,3.66,2957,201,2018-06-20,14552
https://example.com/images/compact_led_desk_lamp_262.jpg,Compact LED Desk Lamp 262,SilverLine Electronics,"The Compact LED Desk Lamp 262 by SilverLine Electronics delivers dependable performance with quality materials and thoughtful design. It is well suited for everyday use in the sports & outdoors category, offering a strong balance of value and functionality.",Sports & Outdoors,"New Arrival, Rechargeable, Versatile, Ergonomic, Giftable",741.58,4.48,1602,1214,2025-03-25,20697
https://example.com/images/advanced_electric_kettle_621.jpg,Advanced Electric Kettle 621,NorthPeak,"The Advanced Electric Kettle 621 by NorthPeak delivers dependable performance with quality materials and thoughtful design. It is well suited for everyday use in the office supplies category, offering a strong balance of value and functionality.",Office Supplies,"Bestseller, Modern, Portable, Premium, New Arrival",426.79,1.78,2573,524,2022-01-16,6364
https://example.com/images/portable_fitness_tracker_436.jpg,Portable Fitness Tracker 436,Maple Street Press,"The Portable Fitness Tracker 436 by Maple Street Press delivers dependable performance with quality materials and thoughtful design. It is well suited for everyday use in the clothing category, offering a strong balance of value and functionality.",Clothing,"Giftable, Wireless, Ergonomic, Versatile, Essential",635.77,1.88,9300,1921,2016-11-23,24798
https://example.com/images/portable_cookbook_420.jpg,Portable Cookbook 420,UrbanNest,"The Portable Cookbook 420 by UrbanNest delivers dependable performance with quality materials and thoughtful design. It is well suited for everyday use in the books category, offering a strong balance of value and functionality.",Books,"Waterproof, Ergonomic, Bestseller, Compact, Modern",59.4,3.72,5538,102,2023-11-03,30948
https://example.com/images/professional_led_desk_lamp_663.jpg,Professional LED Desk Lamp 663,Horizon Tech,"The Professional LED Desk Lamp 663 by Horizon Tech delivers dependable performance with quality materials and thoughtful design. It is well suited for everyday use in the sports & outdoors category, offering a strong balance of value and functionality.",Sports & Outdoors,"New Arrival, Lightweight, Durable, Waterproof, Wireless",34.08,3.41,8695,547,2016-12-08,10468
https://example.com/images/premium_cookware_set_431.jpg,Premium Cookware Set 431,NorthPeak,"The Premium Cookware Set 431 by NorthPeak delivers dependable performance with quality materials and thoughtful design. It is well suited for everyday use in the home & kitchen category, offering a strong balance of value and functionality.",Home & Kitchen,"Bestseller, Wireless, Portable, New Arrival, Durable",472.58,2.69,9258,1231,2025-12-06,28901
https://example.com/images/wireless_running_shoes_187.jpg,Wireless Running Shoes 187,UrbanNest,"The Wireless Running Shoes 187 by UrbanNest delivers dependable performance with quality materials and thoughtful design. It is well suited for everyday use in the books category, offering a strong balance of value and functionality.",Books,"Bestseller, Wireless, New Arrival, Lightweight, Compact",624.67,3.6,4383,1353,2017-01-26,234
https://example.com/images/portable_fitness_tracker_488.jpg,Portable Fitness Tracker 488,BrightLeaf Publishing,"The Portable Fitness Tracker 488 by BrightLeaf Publishing delivers dependable performance with quality materials and thoughtful design. It is well suited for everyday use in the books category, offering a strong balance of value and functionality.",Books,"Rechargeable, Modern, Bestseller, Ergonomic, Premium",661.16,4.91,4615,17,2017-11-05,22762
https://example.com/images/professional_yoga_mat_415.jpg,Professional Yoga Mat 415,UrbanNest,"The Professional Yoga Mat 415 by UrbanNest delivers dependable performance with quality materials and thoughtful design. It is well suited for everyday use in the clothing category, offering a strong balance of value and functionality.",Clothing,"Premium, Bestseller, Essential, Lightweight, Durable",405.98,4.92,1587,1969,2018-01-19,30956
https://example.com/images/wireless_electric_kettle_767.jpg,Wireless Electric Kettle 767,BlueRiver Outfitters,"The Wireless Electric Kettle 767 by BlueRiver Outfitters delivers dependable performance with quality materials and thoughtful design. It is well suited for everyday use in the office supplies category, offering a strong balance of value and functionality.",Office Supplies,"Portable, Bestseller, Rechargeable, Giftable, Wireless",791.0,3.64,2598,839,2016-01-03,26862
https://example.com/images/premium_fitness_tracker_195.jpg,Premium Fitness Tracker 195,NorthPeak,"The Premium Fitness Tracker 195 by NorthPeak delivers dependable performance with quality materials and thoughtful design. It is well suited for everyday use in the office supplies category, offering a strong balance of value and functionality.",Office Supplies,"Modern, Giftable, Ergonomic, Lightweight, New Arrival",454.45,1.47,7000,744,2019-02-13,14575
https://example.com/images/smart_stainless_steel_water_bottle_747.jpg,Smart Stainless Steel Water Bottle 747,Maple Street Press,"The Smart Stainless Steel Water Bottle 747 by Maple Street Press delivers dependable performance with quality materials and thoughtful design. It is well suited for everyday use in the electronics category, offering a strong balance of value and functionality.",Electronics,"Compact, New Arrival, Essential, Waterproof, Rechargeable",82.74,2.21,6784,1690,2023-12-08,16623
https://example.com/images/ultra_electric_kettle_250.jpg,Ultra Electric Kettle 250,Horizon Tech,"The Ultra Electric Kettle 250 by Horizon Tech delivers dependable performance with quality materials and thoughtful design. It is well suited for everyday use in the home & kitchen category, offering a strong balance of value and functionality.",Home & Kitchen,"Wireless, Bestseller, Modern, Rechargeable, Ergonomic",369.57,4.39,3449,1623,2016-07-03,30963
https://example.com/images/classic_cookbook_519.jpg,Classic Cookbook 519,Maple Street Press,"The Classic Cookbook 519 by Maple Street Press delivers dependable performance with quality materials and thoughtful design. It is well suited for everyday use in the office supplies category, offering a strong balance of value and functionality.",Office Supplies,"Giftable, Waterproof, Portable, Durable, Limited Edition",703.5,2.14,1586,1236,2023-06-12,246
https://example.com/images/eco_graphic_t-shirt_270.jpg,Eco Graphic T-Shirt 270,BrightLeaf Publishing,"The Eco Graphic T-Shirt 270 by BrightLeaf Publishing delivers dependable performance with quality materials and thoughtful design. It is well suited for everyday use in the books category, offering a strong balance of value and functionality.",Books,"Ergonomic, Modern, Wireless, Durable, Essential",492.21,4.75,3270,644,2019-09-12,20726
https://example.com/images/classic_graphic_t-shirt_901.jpg,Classic Graphic T-Shirt 901,Maple Street Press,"The Classic Graphic T-Shirt 901 by Maple Street Press delivers dependable performance with quality materials and thoughtful design. It is well suited for everyday use in the electronics category, offering a strong balance of value and functionality.",Electronics,"Essential, Wireless, Limited Edition, Portable, Giftable",234.2,4.33,8714,1070,2020-11-12,4343
https://example.com/images/eco_science_fiction_novel_212.jpg,Eco Science Fiction Novel 212,Horizon Tech,"The Eco Science Fiction Novel 212 by Horizon Tech delivers dependable performance with quality materials and thoughtful design. It is well suited for everyday use in the home & kitchen category, offering a strong balance of value and functionality.",Home & Kitchen,"Ergonomic, Limited Edition, Essential, Durable, Versatile",739.43,3.36,7569,0,2017-10-06,6392
https://example.com/images/ultra_electric_kettle_225.jpg,Ultra Electric Kettle 225,NorthPeak,"The Ultra Electric Kettle 225 by NorthPeak delivers dependable performance with quality materials and thoughtful design. It is well suited for everyday use in the electronics category, offering a strong balance of value and functionality.",Electronics,"Bestseller, Waterproof, Compact, Lightweight, Rechargeable",511.35,2.69,6508,1067,2022-09-04,30969
https://example.com/images/wireless_noise_cancelling_headphones_779.jpg,Wireless Noise Cancelling Headphones 779,Summit Gear Co.,"The Wireless Noise Cancelling Headphones 779 by Summit Gear Co. delivers dependable performance with quality materials and thoughtful design. It is well suited for everyday use in the office supplies category, offering a strong balance of value and functionality.",Office Supplies,"Lightweight, Wireless, Essential, New Arrival, Ergonomic",493.84,1.18,4653,526,2021-02-03,20730
https://example.com/images/wireless_led_desk_lamp_580.jpg,Wireless LED Desk Lamp 580,SilverLine Electronics,"The Wireless LED Desk Lamp 580 by SilverLine Electronics delivers dependable performance with quality materials and thoughtful design. It is well suited for everyday use in the sports & outdoors category, offering a strong balance of value and functionality.",Sports & Outdoors,"Giftable, Modern, Versatile, Bestseller, New Arrival",165.92,4.41,6159,422,2018-01-24,6395
https://example.com/images/ultra_running_shoes_218.jpg,Ultra Running Shoes 218,Summit Gear Co.,"The Ultra Running Shoes 218 by Summit Gear Co. delivers dependable performance with quality materials and thoughtful design. It is well suited for everyday use in the clothing category, offering a strong balance of value and functionality.",Clothing,"Ergonomic, Giftable, Rechargeable, Modern, Limited Edition",663.28,2.32,7758,849,2017-06-11,8445
https://example.com/images/professional_graphic_t-shirt_457.jpg,Professional Graphic T-Shirt 457,BlueRiver Outfitters,"The Professional Graphic T-Shirt 457 by BlueRiver Outfitters delivers dependable performance with quality materials and thoughtful design. It is well suited for everyday use in the clothing category, offering a strong balance of value and functionality.",Clothing,"Rechargeable, Wireless, Waterproof, Versatile, Bestseller",17.24,4.2,6679,1835,2023-12-15,12541
https://example.com/images/ultra_electric_kettle_942.jpg,Ultra Electric Kettle 942,Summit Gear Co.,"The Ultra Electric Kettle 942 by Summit Gear Co. delivers dependable performance with quality materials and thoughtful design. It is well suited for everyday use in the clothing category, offering a strong balance of value and functionality.",Clothing,"Limited Edition, Compact, Lightweight, Premium, Durable",150.4,2.16,9657,266,2018-04-06,16638
https://example.com/images/classic_graphic_t-shirt_469.jpg,Classic Graphic T-Shirt 469,Maple Street Press,"The Classic Graphic T-Shirt 469 by Maple Street Press delivers dependable performance with quality materials and thoughtful design. It is well suited for everyday use in the sports & outdoors category, offering a strong balance of value and functionality.",Sports & Outdoors,"Essential, Rechargeable, Portable, Durable, Ergonomic",70.04,3.96,2501,170,2022-03-09,26879
https://example.com/images/eco_4k_monitor_201.jpg,Eco 4K Monitor 201,Maple Street Press,"The Eco 4K Monitor 201 by Maple Street Press delivers dependable performance with quality materials and thoughtful design. It is well suited for everyday use in the office supplies category, offering a strong balance of value and functionality.",Office Supplies,"Compact, Rechargeable, Portable, Durable, Wireless",28.09,2.58,4876,102,2023-06-08,14592
https://example.com/images/advanced_noise_cancelling_headphones_149.jpg,Advanced Noise Cancelling Headphones 149,NorthPeak,"The Advanced Noise Cancelling Headphones 149 by NorthPeak delivers dependable performance with quality materials and thoughtful design. It is well suited for everyday use in the books category, offering a strong balance of value and functionality.",Books,"Durable, Waterproof, Versatile, Compact, Limited Edition",613.72,1.34,1217,1035,2016-02-08,30978
https://example.com/images/compact_mechanical_keyboard_910.jpg,Compact Mechanical Keyboard 910,Maple Street Press,"The Compact Mechanical Keyboard 910 by Maple Street Press delivers dependable performance with quality materials and thoughtful design. It is well suited for everyday use in the books category, offering a strong balance of value and functionality.",Books,"Modern, Versatile, Ergonomic, Wireless, Giftable",638.07,2.03,1625,656,2019-12-26,4355
https://example.com/images/classic_cookbook_588.jpg,Classic Cookbook 588,BlueRiver Outfitters,"The Classic Cookbook 588 by BlueRiver Outfitters delivers dependable performance with quality materials and thoughtful design. It is well suited for everyday use in the home & kitchen category, offering a strong balance of value and functionality.",Home & Kitchen,"Premium, Versatile, New Arrival, Giftable, Portable",351.22,3.24,9229,1997,2025-03-27,8456
https://example.com/images/wireless_fitness_tracker_376.jpg,Wireless Fitness Tracker 376,NorthPeak,"The Wireless Fitness Tracker 376 by NorthPeak delivers dependable performance with quality materials and thoughtful design. It is well suited for everyday use in the sports & outdoors category, offering a strong balance of value and functionality.",Sports & Outdoors,"Modern, Limited Edition, Bestseller, Portable, Essential",778.23,4.15,6453,1845,2023-11-03,26888
https://example.com/images/portable_yoga_mat_601.jpg,Portable Yoga Mat 601,NorthPeak,"The Portable Yoga Mat 601 by NorthPeak delivers dependable performance with quality materials and thoughtful design. It is well suited for everyday use in the office supplies category, offering a strong balance of value and functionality.",Office Supplies,"Bestseller, Limited Edition, Modern, Rechargeable, Portable",793.25,2.48,3352,1722,2018-01-30,265
https://example.com/images/compact_science_fiction_novel_949.jpg,Compact Science Fiction Novel 949,SilverLine Electronics,"The Compact Science Fiction Novel 949 by SilverLine Electronics delivers dependable performance with quality materials and thoughtful design. It is well suited for everyday use in the clothing category, offering a strong balance of value and functionality.",Clothing,"Durable, Modern, Wireless, Portable, Essential",177.79,3.13,7753,1905,2016-12-28,266
https://example.com/images/advanced_bluetooth_speaker_272.jpg,Advanced Bluetooth Speaker 272,NorthPeak,"The Advanced Bluetooth Speaker 272 by NorthPeak delivers dependable performance with quality materials and thoughtful design. It is well suited for everyday use in the clothing category, offering a strong balance of value and functionality.",Clothing,"Wireless, Bestseller, Giftable, Lightweight, Premium",682.86,4.99,8512,71,2024-09-09,28943
https://example.com/images/advanced_stainless_steel_water_bottle_588.jpg,Advanced Stainless Steel Water Bottle 588,BrightLeaf Publishing,"The Advanced Stainless Steel Water Bottle 588 by BrightLeaf Publishing delivers dependable performance with quality materials and thoughtful design. It is well suited for everyday use in the books category, offering a strong balance of value and functionality.",Books,"Giftable, Premium, Versatile, Durable, Limited Edition",153.74,4.06,577,1755,2021-08-20,24847
https://example.com/images/eco_electric_kettle_810.jpg,Eco Electric Kettle 810,BlueRiver Outfitters,"The Eco Electric Kettle 810 by BlueRiver Outfitters delivers dependable performance with quality materials and thoughtful design. It is well suited for everyday use in the books category, offering a strong balance of value and functionality.",Books,"Portable, Rechargeable, Durable, Giftable, New Arrival",613.39,3.13,6449,964,2019-07-01,26897
https://example.com/images/ultra_stainless_steel_water_bottle_228.jpg,Ultra Stainless Steel Water Bottle 228,BlueRiver Outfitters,"The Ultra Stainless Steel Water Bottle 228 by BlueRiver Outfitters delivers dependable performance with quality materials and thoughtful design. It is well suited for everyday use in the sports & outdoors category, offering a strong balance of value and functionality.",Sports & Outdoors,"Compact, New Arrival, Wireless, Bestseller, Lightweight",788.73,5.0,1023,1910,2022-12-14,26898
https://example.com/images/premium_action_camera_241.jpg,Premium Action Camera 241,BlueRiver Outfitters,"The Premium Action Camera 241 by BlueRiver Outfitters delivers dependable performance with quality materials and thoughtful design. It is well suited for everyday use in the electronics category, offering a strong balance of value and functionality.",Electronics,"Waterproof, Essential, Premium, Ergonomic, Portable",222.41,2.69,1684,1323,2024-05-30,16660
https://example.com/images/professional_smartphone_stand_170.jpg,Professional Smartphone Stand 170,NorthPeak,"The Professional Smartphone Stand 170 by NorthPeak delivers dependable performance with quality materials and thoughtful design. It is well suited for everyday use in the clothing category, offering a strong balance of value and functionality.",Clothing,"Giftable, Portable, New Arrival, Durable, Essential",410.82,3.62,3707,839,2016-01-27,24855
https://example.com/images/classic_external_hard_drive_703.jpg,Classic External Hard Drive 703,BlueRiver Outfitters,"The Classic External Hard Drive 703 by BlueRiver Outfitters delivers dependable performance with quality materials and thoughtful design. It is well suited for everyday use in the home & kitchen category, offering a strong balance of value and functionality.",Home & Kitchen,"Giftable, Versatile, Modern, Bestseller, Ergonomic",530.05,4.59,7348,1016,2022-07-25,10523
https://example.com/images/smart_external_hard_drive_260.jpg,Smart External Hard Drive 260,Maple Street Press,"The Smart External Hard Drive 260 by Maple Street Press delivers dependable performance with quality materials and thoughtful design. It is well suited for everyday use in the books category, offering a strong balance of value and functionality.",Books,"Versatile, Waterproof, Limited Edition, Rechargeable, Bestseller",688.91,1.35,7342,1555,2024-01-05,2333
https://example.com/images/portable_science_fiction_novel_362.jpg,Portable Science Fiction Novel 362,SilverLine Electronics,"The Portable Science Fiction Novel 362 by SilverLine Electronics delivers dependable performance with quality materials and thoughtful design. It is well suited for everyday use in the books category, offering a strong balance of value and functionality.",Books,"Ergonomic, Portable, Essential, New Arrival, Limited Edition",429.63,1.74,9103,1654,2023-05-20,286
https://example.com/images/ultra_bluetooth_speaker_286.jpg,Ultra Bluetooth Speaker 286,Maple Street Press,"The Ultra Bluetooth Speaker 286 by Maple Street Press delivers dependable performance with quality materials and thoughtful design. It is well suited for everyday use in the clothing category, offering a strong balance of value and functionality.",Clothing,"Limited Edition, Durable, Ergonomic, Rechargeable, New Arrival",265.34,3.35,6742,1233,2017-10-23,6433
https://example.com/images/advanced_external_hard_drive_698.jpg,Advanced External Hard Drive 698,BrightLeaf Publishing,"The Advanced External Hard Drive 698 by BrightLeaf Publishing delivers dependable performance with quality materials and thoughtful design. It is well suited for everyday use in the office supplies category, offering a strong balance of value and functionality.",Office Supplies,"Limited Edition, Rechargeable, Waterproof, Giftable, Modern",130.11,3.11,7203,814,2018-09-29,22826
https://example.com/images/advanced_action_camera_536.jpg,Advanced Action Camera 536,BlueRiver Outfitters,"The Advanced Action Camera 536 by BlueRiver Outfitters delivers dependable performance with quality materials and thoughtful design. It is well suited for everyday use in the books category, offering a strong balance of value and functionality.",Books,"Compact, Premium, Waterproof, Durable, Giftable",127.99,3.88,7766,1501,2024-04-18,22831
https://example.com/images/classic_fitness_tracker_573.jpg,Classic Fitness Tracker 573,NorthPeak,"The Classic Fitness Tracker 573 by NorthPeak delivers dependable performance with quality materials and thoughtful design. It is well suited for everyday use in the office supplies category, offering a strong balance of value and functionality.",Office Supplies,"Compact, New Arrival, Versatile, Premium, Portable",459.92,3.42,6247,1073,2017-08-27,20783
https://example.com/images/premium_external_hard_drive_813.jpg,Premium External Hard Drive 813,BrightLeaf Publishing,"The Premium External Hard Drive 813 by BrightLeaf Publishing delivers dependable performance with quality materials and thoughtful design. It is well suited for everyday use in the sports & outdoors category, offering a strong balance of value and functionality.",Sports & Outdoors,"Ergonomic, Premium, Lightweight, Limited Edition, Compact",308.26,1.38,2989,1797,2025-10-01,6449
https://example.com/images/smart_yoga_mat_178.jpg,Smart Yoga Mat 178,BrightLeaf Publishing,"The Smart Yoga Mat 178 by BrightLeaf Publishing delivers dependable performance with quality materials and thoughtful design. It is well suited for everyday use in the sports & outdoors category, offering a strong balance of value and functionality.",Sports & Outdoors,"Limited Edition, New Arrival, Portable, Lightweight, Essential",447.53,4.8,2289,300,2025-02-18,18737
https://example.com/images/wireless_graphic_t-shirt_998.jpg,Wireless Graphic T-Shirt 998,Horizon Tech,"The Wireless Graphic T-Shirt 998 by Horizon Tech delivers dependable performance with quality materials and thoughtful design. It is well suited for everyday use in the office supplies category, offering a strong balance of value and functionality.",Office Supplies,"Versatile, Rechargeable, Essential, Giftable, Durable",388.28,4.9,1317,361,2023-11-02,8506
https://example.com/images/advanced_bluetooth_speaker_902.jpg,Advanced Bluetooth Speaker 902,BlueRiver Outfitters,"The Advanced Bluetooth Speaker 902 by BlueRiver Outfitters delivers dependable performance with quality materials and thoughtful design. It is well suited for everyday use in the clothing category, offering a strong balance of value and functionality.",Clothing,"Durable, New Arrival, Rechargeable, Versatile, Ergonomic",178.36,2.45,5027,1967,2020-01-30,20797
https://example.com/images/professional_stainless_steel_water_bottle_518.jpg,Professional Stainless Steel Water Bottle 518,UrbanNest,"The Professional Stainless Steel Water Bottle 518 by UrbanNest delivers dependable performance with quality materials and thoughtful design. It is well suited for everyday use in the sports & outdoors category, offering a strong balance of value and functionality.",Sports & Outdoors,"Modern, Durable, Bestseller, Giftable, Essential",330.89,4.25,5733,518,2024-03-07,10558
https://example.com/images/wireless_electric_kettle_113.jpg,Wireless Electric Kettle 113,BlueRiver Outfitters,"The Wireless Electric Kettle 113 by BlueRiver Outfitters delivers dependable performance with quality materials and thoughtful design. It is well suited for everyday use in the electronics category, offering a strong balance of value and functionality.",Electronics,"Limited Edition, Modern, Premium, Lightweight, New Arrival",310.57,4.28,5108,29,2025-10-14,4416
https://example.com/images/eco_smartphone_stand_700.jpg,Eco Smartphone Stand 700,Summit Gear Co.,"The Eco Smartphone Stand 700 by Summit Gear Co. delivers dependable performance with quality materials and thoughtful design. It is well suited for everyday use in the electronics category, offering a strong balance of value and functionality.",Electronics,"Durable, Versatile, Lightweight, Premium, Waterproof",748.02,4.01,6564,1528,2017-05-09,20801
https://example.com/images/compact_science_fiction_novel_193.jpg,Compact Science Fiction Novel 193,BlueRiver Outfitters,"The Compact Science Fiction Novel 193 by BlueRiver Outfitters delivers dependable performance with quality materials and thoughtful design. It is well suited for everyday use in the books category, offering a strong balance of value and functionality.",Books,"Lightweight, Limited Edition, Rechargeable, Modern, Bestseller",747.13,4.17,8750,1606,2025-07-09,8513
https://example.com/images/ultra_noise_cancelling_headphones_938.jpg,Ultra Noise Cancelling Headphones 938,BrightLeaf Publishing,"The Ultra Noise Cancelling Headphones 938 by BrightLeaf Publishing delivers dependable performance with quality materials and thoughtful design. It is well suited for everyday use in the sports & outdoors category, offering a strong balance of value and functionality.",Sports & Outdoors,"Rechargeable, Wireless, Giftable, Versatile, Lightweight",552.97,4.7,2822,1040,2019-06-29,26947
https://example.com/images/smart_office_chair_555.jpg,Smart Office Chair 555,NorthPeak,"The Smart Office Chair 555 by NorthPeak delivers dependable performance with quality materials and thoughtful design. It is well suited for everyday use in the home & kitchen category, offering a strong balance of value and functionality.",Home & Kitchen,"Rechargeable, Portable, Versatile, Durable, Compact",709.67,2.89,6659,380,2021-04-25,26953
https://example.com/images/smart_noise_cancelling_headphones_365.jpg,Smart Noise Cancelling Headphones 365,UrbanNest,"The Smart Noise Cancelling Headphones 365 by UrbanNest delivers dependable performance with quality materials and thoughtful design. It is well suited for everyday use in the books category, offering a strong balance of value and functionality.",Books,"Portable, Versatile, Lightweight, Giftable, New Arrival",790.42,4.95,3668,373,2022-06-09,20810
https://example.com/images/wireless_noise_cancelling_headphones_143.jpg,Wireless Noise Cancelling Headphones 143,NorthPeak,"The Wireless Noise Cancelling Headphones 143 by NorthPeak delivers dependable performance with quality materials and thoughtful design. It is well suited for everyday use in the sports & outdoors category, offering a strong balance of value and functionality.",Sports & Outdoors,"Compact, Giftable, Waterproof, Limited Edition, Wireless",77.44,2.32,4909,1318,2018-06-20,2379
https://example.com/images/portable_smartphone_stand_713.jpg,Portable Smartphone Stand 713,NorthPeak,"The Portable Smartphone Stand 713 by NorthPeak delivers dependable performance with quality materials and thoughtful design. It is well suited for everyday use in the office supplies category, offering a strong balance of value and functionality.",Office Supplies,"Bestseller, Premium, Limited Edition, Rechargeable, Waterproof",706.77,2.65,3424,1882,2020-08-04,337
https://example.com/images/ultra_4k_monitor_309.jpg,Ultra 4K Monitor 309,BlueRiver Outfitters,"The Ultra 4K Monitor 309 by BlueRiver Outfitters delivers dependable performance with quality materials and thoughtful design. It is well suited for everyday use in the office supplies category, offering a strong balance of value and functionality.",Office Supplies,"Waterproof, Essential, Limited Edition, Wireless, Lightweight",257.73,2.0,9398,794,2018-10-13,24914
https://example.com/images/compact_cookware_set_248.jpg,Compact Cookware Set 248,NorthPeak,"The Compact Cookware Set 248 by NorthPeak delivers dependable performance with quality materials and thoughtful design. It is well suited for everyday use in the sports & outdoors category, offering a strong balance of value and functionality.",Sports & Outdoors,"Modern, Portable, Bestseller, Ergonomic, Wireless",663.41,3.3,3426,495,2020-02-08,29010
https://example.com/images/ultra_running_shoes_789.jpg,Ultra Running Shoes 789,UrbanNest,"The Ultra Running Shoes 789 by UrbanNest delivers dependable performance with quality materials and thoughtful design. It is well suited for everyday use in the office supplies category, offering a strong balance of value and functionality.",Office Supplies,"Giftable, Bestseller, Essential, Ergonomic, Compact",620.17,2.12,5898,813,2019-01-26,29014
https://example.com/images/compact_gaming_mouse_465.jpg,Compact Gaming Mouse 465,Maple Street Press,"The Compact Gaming Mouse 465 by Maple Street Press delivers dependable performance with quality materials and thoughtful design. It is well suited for everyday use in the electronics category, offering a strong balance of value and functionality.",Electronics,"Limited Edition, Wireless, Premium, Essential, Rechargeable",434.96,1.38,6051,596,2024-03-03,29015
https://example.com/images/smart_smartphone_stand_170.jpg,Smart Smartphone Stand 170,Summit Gear Co.,"The Smart Smartphone Stand 170 by Summit Gear Co. delivers dependable performance with quality materials and thoughtful design. It is well suited for everyday use in the electronics category, offering a strong balance of value and functionality.",Electronics,"Bestseller, Limited Edition, Modern, Premium, Lightweight",499.7,3.95,825,1874,2023-06-29,18779
https://example.com/images/compact_smartphone_stand_657.jpg,Compact Smartphone Stand 657,NorthPeak,"The Compact Smartphone Stand 657 by NorthPeak delivers dependable performance with quality materials and thoughtful design. It is well suited for everyday use in the office supplies category, offering a strong balance of value and functionality.",Office Supplies,"Portable, Wireless, Waterproof, Essential, Rechargeable",188.7,4.64,4688,1988,2025-12-26,4444
https://example.com/images/portable_electric_kettle_988.jpg,Portable Electric Kettle 988,UrbanNest,"The Portable Electric Kettle 988 by UrbanNest delivers dependable performance with quality materials and thoughtful design. It is well suited for everyday use in the books category, offering a strong balance of value and functionality.",Books,"Waterproof, Versatile, New Arrival, Modern, Portable",273.36,3.71,1483,149,2017-11-17,29022
https://example.com/images/professional_electric_kettle_702.jpg,Professional Electric Kettle 702,BrightLeaf Publishing,"The Professional Electric Kettle 702 by BrightLeaf Publishing delivers dependable performance with quality materials and thoughtful design. It is well suited for everyday use in the sports & outdoors category, offering a strong balance of value and functionality.",Sports & Outdoors,"Limited Edition, Rechargeable, Giftable, Versatile, Durable",107.38,3.92,3432,640,2022-09-28,18784
https://example.com/images/compact_science_fiction_novel_408.jpg,Compact Science Fiction Novel 408,NorthPeak,"The Compact Science Fiction Novel 408 by NorthPeak delivers dependable performance with quality materials and thoughtful design. It is well suited for everyday use in the sports & outdoors category, offering a strong balance of value and functionality.",Sports & Outdoors,"Giftable, Modern, Limited Edition, Durable, Bestseller",22.31,4.44,75,1982,2017-10-20,12640
https://example.com/images/wireless_4k_monitor_664.jpg,Wireless 4K Monitor 664,Horizon Tech,"The Wireless 4K Monitor 664 by Horizon Tech delivers dependable performance with quality materials and thoughtful design. It is well suited for everyday use in the home & kitchen category, offering a strong balance of value and functionality.",Home & Kitchen,"Versatile, Wireless, Ergonomic, Modern, Lightweight",678.13,3.21,8958,250,2020-03-04,12644
https://example.com/images/ultra_noise_cancelling_headphones_554.jpg,Ultra Noise Cancelling Headphones 554,Horizon Tech,"The Ultra Noise Cancelling Headphones 554 by Horizon Tech delivers dependable performance with quality materials and thoughtful design. It is well suited for everyday use in the books category, offering a strong balance of value and functionality.",Books,"Waterproof, Versatile, Essential, Limited Edition, Bestseller",348.23,4.08,4067,1813,2020-09-22,31078
https://example.com/images/ultra_fitness_tracker_518.jpg,Ultra Fitness Tracker 518,SilverLine Electronics,"The Ultra Fitness Tracker 518 by SilverLine Electronics delivers dependable performance with quality materials and thoughtful design. It is well suited for everyday use in the home & kitchen category, offering a strong balance of value and functionality.",Home & Kitchen,"Durable, New Arrival, Rechargeable, Bestseller, Limited Edition",757.55,3.69,2647,488,2018-10-03,26985
https://example.com/images/professional_gaming_mouse_220.jpg,Professional Gaming Mouse 220,Maple Street Press,"The Professional Gaming Mouse 220 by Maple Street Press delivers dependable performance with quality materials and thoughtful design. It is well suited for everyday use in the sports & outdoors category, offering a strong balance of value and functionality.",Sports & Outdoors,"Durable, Limited Edition, Ergonomic, Lightweight, Waterproof",450.43,1.8,9761,544,2021-09-28,12650
https://example.com/images/ultra_action_camera_696.jpg,Ultra Action Camera 696,Summit Gear Co.,"The Ultra Action Camera 696 by Summit Gear Co. delivers dependable performance with quality materials and thoughtful design. It is well suited for everyday use in the clothing category, offering a strong balance of value and functionality.",Clothing,"Ergonomic, Modern, Versatile, Premium, Giftable",716.23,3.2,1964,1351,2019-07-14,22891
https://example.com/images/professional_4k_monitor_501.jpg,Professional 4K Monitor 501,UrbanNest,"The Professional 4K Monitor 501 by UrbanNest delivers dependable performance with quality materials and thoughtful design. It is well suited for everyday use in the sports & outdoors category, offering a strong balance of value and functionality.",Sports & Outdoors,"Compact, Lightweight, Durable, New Arrival, Premium",212.64,3.26,3303,1350,2021-08-23,24940
https://example.com/images/eco_yoga_mat_644.jpg,Eco Yoga Mat 644,BrightLeaf Publishing,"The Eco Yoga Mat 644 by BrightLeaf Publishing delivers dependable performance with quality materials and thoughtful design. It is well suited for everyday use in the sports & outdoors category, offering a strong balance of value and functionality.",Sports & Outdoors,"Portable, Waterproof, Wireless, Limited Edition, Essential",337.43,1.0,7324,480,2024-08-23,18796
https://example.com/images/professional_bluetooth_speaker_752.jpg,Professional Bluetooth Speaker 752,Horizon Tech,"The Professional Bluetooth Speaker 752 by Horizon Tech delivers dependable performance with quality materials and thoughtful design. It is well suited for everyday use in the electronics category, offering a strong balance of value and functionality.",Electronics,"Modern, Portable, Lightweight, Essential, Compact",507.2,1.49,1262,451,2016-12-27,18797
https://example.com/images/smart_stainless_steel_water_bottle_650.jpg,Smart Stainless Steel Water Bottle 650,SilverLine Electronics,"The Smart Stainless Steel Water Bottle 650 by SilverLine Electronics delivers dependable performance with quality materials and thoughtful design. It is well suited for everyday use in the office supplies category, offering a strong balance of value and functionality.",Office Supplies,"Essential, Limited Edition, New Arrival, Modern, Ergonomic",460.28,2.86,1225,233,2022-12-06,4461
https://example.com/images/premium_yoga_mat_369.jpg,Premium Yoga Mat 369,BlueRiver Outfitters,"The Premium Yoga Mat 369 by BlueRiver Outfitters delivers dependable performance with quality materials and thoughtful design. It is well suited for everyday use in the office supplies category, offering a strong balance of value and functionality.",Office Supplies,"Portable, Premium, Limited Edition, Rechargeable, Modern",399.92,4.03,8974,1037,2024-01-02,12660
https://example.com/images/compact_running_shoes_459.jpg,Compact Running Shoes 459,UrbanNest,"The Compact Running Shoes 459 by UrbanNest delivers dependable performance with quality materials and thoughtful design. It is well suited for everyday use in the office supplies category, offering a strong balance of value and functionality.",Office Supplies,"Wireless, Premium, Versatile, New Arrival, Rechargeable",166.04,2.65,4943,585,2024-03-20,4472
https://example.com/images/premium_noise_cancelling_headphones_445.jpg,Premium Noise Cancelling Headphones 445,Maple Street Press,"The Premium Noise Cancelling Headphones 445 by Maple Street Press delivers dependable performance with quality materials and thoughtful design. It is well suited for everyday use in the clothing category, offering a strong balance of value and functionality.",Clothing,"Limited Edition, Bestseller, Portable, Giftable, Essential",483.49,2.85,4043,1595,2018-03-19,20857
https://example.com/images/wireless_smartphone_stand_331.jpg,Wireless Smartphone Stand 331,Summit Gear Co.,"The Wireless Smartphone Stand 331 by Summit Gear Co. delivers dependable performance with quality materials and thoughtful design. It is well suited for everyday use in the home & kitchen category, offering a strong balance of value and functionality.",Home & Kitchen,"New Arrival, Essential, Compact, Rechargeable, Giftable",190.7,3.85,6880,743,2018-04-01,20859
https://example.com/images/ultra_gaming_mouse_549.jpg,Ultra Gaming Mouse 549,NorthPeak,"The Ultra Gaming Mouse 549 by NorthPeak delivers dependable performance with quality materials and thoughtful design. It is well suited for everyday use in the home & kitchen category, offering a strong balance of value and functionality.",Home & Kitchen,"Lightweight, Rechargeable, Wireless, New Arrival, Premium",127.69,2.46,8832,1490,2021-09-01,16771
https://example.com/images/ultra_fitness_tracker_249.jpg,Ultra Fitness Tracker 249,SilverLine Electronics,"The Ultra Fitness Tracker 249 by SilverLine Electronics delivers dependable performance with quality materials and thoughtful design. It is well suited for everyday use in the books category, offering a strong balance of value and functionality.",Books,"Portable, Giftable, Versatile, Waterproof, Limited Edition",117.71,2.22,9418,306,2022-08-08,6534
https://example.com/images/wireless_electric_kettle_657.jpg,Wireless Electric Kettle 657,SilverLine Electronics,"The Wireless Electric Kettle 657 by SilverLine Electronics delivers dependable performance with quality materials and thoughtful design. It is well suited for everyday use in the books category, offering a strong balance of value and functionality.",Books,"Essential, Ergonomic, Versatile, New Arrival, Rechargeable",100.48,4.02,398,215,2017-03-25,20871
https://example.com/images/wireless_led_desk_lamp_750.jpg,Wireless LED Desk Lamp 750,UrbanNest,"The Wireless LED Desk Lamp 750 by UrbanNest delivers dependable performance with quality materials and thoughtful design. It is well suited for everyday use in the books category, offering a strong balance of value and functionality.",Books,"Rechargeable, Portable, Versatile, Bestseller, Essential",211.34,3.64,2462,389,2019-11-05,24968
https://example.com/images/ultra_cookbook_709.jpg,Ultra Cookbook 709,BrightLeaf Publishing,"The Ultra Cookbook 709 by BrightLeaf Publishing delivers dependable performance with quality materials and thoughtful design. It is well suited for everyday use in the sports & outdoors category, offering a strong balance of value and functionality.",Sports & Outdoors,"Portable, New Arrival, Compact, Durable, Rechargeable",549.01,3.79,9112,292,2019-06-17,27019
https://example.com/images/wireless_fitness_tracker_819.jpg,Wireless Fitness Tracker 819,BrightLeaf Publishing,"The Wireless Fitness Tracker 819 by BrightLeaf Publishing delivers dependable performance with quality materials and thoughtful design. It is well suited for everyday use in the sports & outdoors category, offering a strong balance of value and functionality.",Sports & Outdoors,"Portable, Lightweight, New Arrival, Giftable, Essential",377.86,3.7,5925,1271,2019-11-29,2447
https://example.com/images/advanced_yoga_mat_951.jpg,Advanced Yoga Mat 951,UrbanNest,"The Advanced Yoga Mat 951 by UrbanNest delivers dependable performance with quality materials and thoughtful design. It is well suited for everyday use in the sports & outdoors category, offering a strong balance of value and functionality.",Sports & Outdoors,"Compact, Limited Edition, Bestseller, Essential, Durable",554.49,2.17,6252,340,2017-05-31,18832
https://example.com/images/ultra_science_fiction_novel_768.jpg,Ultra Science Fiction Novel 768,Summit Gear Co.,"The Ultra Science Fiction Novel 768 by Summit Gear Co. delivers dependable performance with quality materials and thoughtful design. It is well suited for everyday use in the electronics category, offering a strong balance of value and functionality.",Electronics,"Essential, Lightweight, Rechargeable, Limited Edition, Modern",517.51,2.67,3385,1114,2018-12-12,14737
https://example.com/images/ultra_office_chair_992.jpg,Ultra Office Chair 992,BrightLeaf Publishing,"The Ultra Office Chair 992 by BrightLeaf Publishing delivers dependable performance with quality materials and thoughtful design. It is well suited for everyday use in the office supplies category, offering a strong balance of value and functionality.",Office Supplies,"Limited Edition, Wireless, Premium, Versatile, Waterproof",688.06,2.38,8165,30,2018-02-02,8593
https://example.com/images/ultra_cookware_set_543.jpg,Ultra Cookware Set 543,BlueRiver Outfitters,"The Ultra Cookware Set 543 by BlueRiver Outfitters delivers dependable performance with quality materials and thoughtful design. It is well suited for everyday use in the clothing category, offering a strong balance of value and functionality.",Clothing,"Lightweight, Portable, Waterproof, Limited Edition, New Arrival",265.41,4.66,4871,1448,2020-10-30,18833
https://example.com/images/advanced_cookware_set_139.jpg,Advanced Cookware Set 139,Summit Gear Co.,"The Advanced Cookware Set 139 by Summit Gear Co. delivers dependable performance with quality materials and thoughtful design. It is well suited for everyday use in the books category, offering a strong balance of value and functionality.",Books,"Versatile, Lightweight, Essential, Rechargeable, Portable",33.96,2.81,6606,1317,2025-08-11,24980
https://example.com/images/compact_noise_cancelling_headphones_366.jpg,Compact Noise Cancelling Headphones 366,SilverLine Electronics,"The Compact Noise Cancelling Headphones 366 by SilverLine Electronics delivers dependable performance with quality materials and thoughtful design. It is well suited for everyday use in the clothing category, offering a strong balance of value and functionality.",Clothing,"Durable, Limited Edition, Essential, Portable, Modern",357.98,1.01,1408,858,2017-10-23,27029
https://example.com/images/premium_cookbook_344.jpg,Premium Cookbook 344,SilverLine Electronics,"The Premium Cookbook 344 by SilverLine Electronics delivers dependable performance with quality materials and thoughtful design. It is well suited for everyday use in the office supplies category, offering a strong balance of value and functionality.",Office Supplies,"Modern, Portable, New Arrival, Versatile, Limited Edition",117.33,1.74,1696,742,2016-01-11,27034
https://example.com/images/portable_graphic_t-shirt_617.jpg,Portable Graphic T-Shirt 617,BlueRiver Outfitters,"The Portable Graphic T-Shirt 617 by BlueRiver Outfitters delivers dependable performance with quality materials and thoughtful design. It is well suited for everyday use in the electronics category, offering a strong balance of value and functionality.",Electronics,"Portable, Waterproof, Wireless, Ergonomic, Versatile",492.9,1.03,1225,105,2022-07-25,410
https://example.com/images/wireless_led_desk_lamp_143.jpg,Wireless LED Desk Lamp 143,NorthPeak,"The Wireless LED Desk Lamp 143 by NorthPeak delivers dependable performance with quality materials and thoughtful design. It is well suited for everyday use in the office supplies category, offering a strong balance of value and functionality.",Office Supplies,"Ergonomic, Wireless, Portable, Durable, Versatile",29.63,1.89,6286,1198,2020-03-11,20894
https://example.com/images/eco_yoga_mat_676.jpg,Eco Yoga Mat 676,UrbanNest,"The Eco Yoga Mat 676 by UrbanNest delivers dependable performance with quality materials and thoughtful design. It is well suited for everyday use in the home & kitchen category, offering a strong balance of value and functionality.",Home & Kitchen,"Bestseller, New Arrival, Waterproof, Durable, Versatile",153.87,4.14,7749,910,2018-12-09,27040
https://example.com/images/premium_office_chair_159.jpg,Premium Office Chair 159,Maple Street Press,"The Premium Office Chair 159 by Maple Street Press delivers dependable performance with quality materials and thoughtful design. It is well suited for everyday use in the sports & outdoors category, offering a strong balance of value and functionality.",Sports & Outdoors,"Giftable, Premium, Rechargeable, Modern, New Arrival",127.45,3.1,7100,75,2019-10-05,4514
https://example.com/images/wireless_stainless_steel_water_bottle_739.jpg,Wireless Stainless Steel Water Bottle 739,Summit Gear Co.,"The Wireless Stainless Steel Water Bottle 739 by Summit Gear Co. delivers dependable performance with quality materials and thoughtful design. It is well suited for everyday use in the office supplies category, offering a strong balance of value and functionality.",Office Supplies,"Modern, Bestseller, Compact, Premium, Giftable",312.14,4.72,7913,1910,2017-02-17,6566
https://example.com/images/compact_led_desk_lamp_421.jpg,Compact LED Desk Lamp 421,Horizon Tech,"The Compact LED Desk Lamp 421 by Horizon Tech delivers dependable performance with quality materials and thoughtful design. It is well suited for everyday use in the office supplies category, offering a strong balance of value and functionality.",Office Supplies,"New Arrival, Wireless, Versatile, Limited Edition, Waterproof",665.71,1.52,3847,185,2017-12-21,29095
https://example.com/images/portable_stainless_steel_water_bottle_996.jpg,Portable Stainless Steel Water Bottle 996,NorthPeak,"The Portable Stainless Steel Water Bottle 996 by NorthPeak delivers dependable performance with quality materials and thoughtful design. It is well suited for everyday use in the office supplies category, offering a strong balance of value and functionality.",Office Supplies,"Limited Edition, Giftable, Portable, New Arrival, Rechargeable",138.48,2.31,6324,1519,2019-08-12,12712
https://example.com/images/classic_4k_monitor_842.jpg,Classic 4K Monitor 842,UrbanNest,"The Classic 4K Monitor 842 by UrbanNest delivers dependable performance with quality materials and thoughtful design. It is well suited for everyday use in the electronics category, offering a strong balance of value and functionality.",Electronics,"Wireless, Lightweight, Limited Edition, Portable, New Arrival",169.58,4.41,8756,382,2022-05-25,6569
https://example.com/images/portable_graphic_t-shirt_658.jpg,Portable Graphic T-Shirt 658,BrightLeaf Publishing,"The Portable Graphic T-Shirt 658 by BrightLeaf Publishing delivers dependable performance with quality materials and thoughtful design. It is well suited for everyday use in the electronics category, offering a strong balance of value and functionality.",Electronics,"Lightweight, Waterproof, Portable, Premium, Durable",298.09,2.51,1782,1481,2019-03-15,12713
https://example.com/images/eco_bluetooth_speaker_823.jpg,Eco Bluetooth Speaker 823,NorthPeak,"The Eco Bluetooth Speaker 823 by NorthPeak delivers dependable performance with quality materials and thoughtful design. It is well suited for everyday use in the books category, offering a strong balance of value and functionality.",Books,"Bestseller, Waterproof, Durable, Compact, Portable",744.6,3.25,3652,938,2018-04-03,12718
https://example.com/images/classic_running_shoes_862.jpg,Classic Running Shoes 862,BlueRiver Outfitters,"The Classic Running Shoes 862 by BlueRiver Outfitters delivers dependable performance with quality materials and thoughtful design. It is well suited for everyday use in the books category, offering a strong balance of value and functionality.",Books,"Ergonomic, Wireless, New Arrival, Compact, Lightweight",710.04,3.93,6634,360,2019-07-12,29105
https://example.com/images/compact_stainless_steel_water_bottle_655.jpg,Compact Stainless Steel Water Bottle 655,BlueRiver Outfitters,"The Compact Stainless Steel Water Bottle 655 by BlueRiver Outfitters delivers dependable performance with quality materials and thoughtful design. It is well suited for everyday use in the sports & outdoors category, offering a strong balance of value and functionality.",Sports & Outdoors,"Versatile, New Arrival, Bestseller, Modern, Durable",726.99,4.08,9166,371,2021-02-12,18866
https://example.com/images/premium_stainless_steel_water_bottle_348.jpg,Premium Stainless Steel Water Bottle 348,NorthPeak,"The Premium Stainless Steel Water Bottle 348 by NorthPeak delivers dependable performance with quality materials and thoughtful design. It is well suited for everyday use in the electronics category, offering a strong balance of value and functionality.",Electronics,"Modern, Premium, Rechargeable, Compact, Durable",549.57,3.75,7364,322,2018-10-07,18872
https://example.com/images/classic_electric_kettle_890.jpg,Classic Electric Kettle 890,Summit Gear Co.,"The Classic Electric Kettle 890 by Summit Gear Co. delivers dependable performance with quality materials and thoughtful design. It is well suited for everyday use in the books category, offering a strong balance of value and functionality.",Books,"Durable, Ergonomic, Waterproof, Wireless, Lightweight",400.91,2.11,1562,1108,2017-08-08,25017
https://example.com/images/advanced_4k_monitor_131.jpg,Advanced 4K Monitor 131,BlueRiver Outfitters,"The Advanced 4K Monitor 131 by BlueRiver Outfitters delivers dependable performance with quality materials and thoughtful design. It is well suited for everyday use in the office supplies category, offering a strong balance of value and functionality.",Office Supplies,"Giftable, Lightweight, Versatile, Modern, Durable",236.99,1.71,5018,844,2025-02-26,18875
https://example.com/images/compact_4k_monitor_178.jpg,Compact 4K Monitor 178,Maple Street Press,"The Compact 4K Monitor 178 by Maple Street Press delivers dependable performance with quality materials and thoughtful design. It is well suited for everyday use in the home & kitchen category, offering a strong balance of value and functionality.",Home & Kitchen,"Bestseller, Limited Edition, Versatile, Waterproof, Ergonomic",743.58,3.15,6921,73,2018-09-20,22971
https://example.com/images/professional_office_chair_557.jpg,Professional Office Chair 557,BlueRiver Outfitters,"The Professional Office Chair 557 by BlueRiver Outfitters delivers dependable performance with quality materials and thoughtful design. It is well suited for everyday use in the electronics category, offering a strong balance of value and functionality.",Electronics,"Compact, Limited Edition, Modern, Rechargeable, Portable",144.62,1.76,1230,1003,2025-08-25,14785
https://example.com/images/wireless_action_camera_494.jpg,Wireless Action Camera 494,BrightLeaf Publishing,"The Wireless Action Camera 494 by BrightLeaf Publishing delivers dependable performance with quality materials and thoughtful design. It is well suited for everyday use in the office supplies category, offering a strong balance of value and functionality.",Office Supplies,"Ergonomic, Bestseller, Modern, Lightweight, Limited Edition",387.95,2.28,6610,200,2020-07-16,12737
https://example.com/images/wireless_cookware_set_841.jpg,Wireless Cookware Set 841,SilverLine Electronics,"The Wireless Cookware Set 841 by SilverLine Electronics delivers dependable performance with quality materials and thoughtful design. It is well suited for everyday use in the electronics category, offering a strong balance of value and functionality.",Electronics,"Wireless, Portable, Limited Edition, Rechargeable, Lightweight",268.32,3.33,3379,962,2024-10-14,14787
https://example.com/images/portable_cookbook_697.jpg,Portable Cookbook 697,Horizon Tech,"The Portable Cookbook 697 by Horizon Tech delivers dependable performance with quality materials and thoughtful design. It is well suited for everyday use in the sports & outdoors category, offering a strong balance of value and functionality.",Sports & Outdoors,"Portable, Wireless, Ergonomic, New Arrival, Bestseller",180.26,1.09,3428,108,2019-03-17,25027
https://example.com/images/compact_smartphone_stand_753.jpg,Compact Smartphone Stand 753,BrightLeaf Publishing,"The Compact Smartphone Stand 753 by BrightLeaf Publishing delivers dependable performance with quality materials and thoughtful design. It is well suited for everyday use in the books category, offering a strong balance of value and functionality.",Books,"Premium, Wireless, Rechargeable, Ergonomic, Lightweight",60.93,2.42,4796,847,2023-04-15,16841
https://example.com/images/wireless_action_camera_519.jpg,Wireless Action Camera 519,UrbanNest,"The Wireless Action Camera 519 by UrbanNest delivers dependable performance with quality materials and thoughtful design. It is well suited for everyday use in the clothing category, offering a strong balance of value and functionality.",Clothing,"Limited Edition, Giftable, Bestseller, Essential, Durable",241.6,4.04,4096,1165,2023-07-07,8649
https://example.com/images/compact_backpack_544.jpg,Compact Backpack 544,BrightLeaf Publishing,"The Compact Backpack 544 by BrightLeaf Publishing delivers dependable performance with quality materials and thoughtful design. It is well suited for everyday use in the clothing category, offering a strong balance of value and functionality.",Clothing,"Portable, Wireless, New Arrival, Limited Edition, Premium",704.43,4.05,3756,1006,2016-11-17,10698
https://example.com/images/eco_noise_cancelling_headphones_783.jpg,Eco Noise Cancelling Headphones 783,BlueRiver Outfitters,"The Eco Noise Cancelling Headphones 783 by BlueRiver Outfitters delivers dependable performance with quality materials and thoughtful design. It is well suited for everyday use in the sports & outdoors category, offering a strong balance of value and functionality.",Sports & Outdoors,"Durable, Essential, Portable, Premium, Modern",754.51,4.2,1804,1081,2016-01-21,8651
https://example.com/images/classic_mechanical_keyboard_393.jpg,Classic Mechanical Keyboard 393,NorthPeak,"The Classic Mechanical Keyboard 393 by NorthPeak delivers dependable performance with quality materials and thoughtful design. It is well suited for everyday use in the home & kitchen category, offering a strong balance of value and functionality.",Home & Kitchen,"Modern, Ergonomic, Wireless, Limited Edition, Giftable",594.4,2.59,3070,1724,2018-11-09,4559
https://example.com/images/ultra_smartphone_stand_758.jpg,Ultra Smartphone Stand 758,NorthPeak,"The Ultra Smartphone Stand 758 by NorthPeak delivers dependable performance with quality materials and thoughtful design. It is well suited for everyday use in the electronics category, offering a strong balance of value and functionality.",Electronics,"Rechargeable, Modern, Limited Edition, Compact, Ergonomic",427.66,2.73,3755,92,2020-08-27,12752
https://example.com/images/eco_gaming_mouse_907.jpg,Eco Gaming Mouse 907,Horizon Tech,"The Eco Gaming Mouse 907 by Horizon Tech delivers dependable performance with quality materials and thoughtful design. It is well suited for everyday use in the office supplies category, offering a strong balance of value and functionality.",Office Supplies,"Limited Edition, Compact, Rechargeable, Portable, Durable",283.88,2.39,1719,867,2024-02-17,12753
https://example.com/images/ultra_fitness_tracker_825.jpg,Ultra Fitness Tracker 825,Maple Street Press,"The Ultra Fitness Tracker 825 by Maple Street Press delivers dependable performance with quality materials and thoughtful design. It is well suited for everyday use in the home & kitchen category, offering a strong balance of value and functionality.",Home & Kitchen,"Essential, Compact, Lightweight, Bestseller, New Arrival",325.63,1.01,1671,739,2020-08-29,18897
https://example.com/images/eco_running_shoes_433.jpg,Eco Running Shoes 433,BlueRiver Outfitters,"The Eco Running Shoes 433 by BlueRiver Outfitters delivers dependable performance with quality materials and thoughtful design. It is well suited for everyday use in the home & kitchen category, offering a strong balance of value and functionality.",Home & Kitchen,"Waterproof, Wireless, Lightweight, Premium, New Arrival",175.11,2.23,3700,1464,2021-04-10,6609
https://example.com/images/professional_bluetooth_speaker_655.jpg,Professional Bluetooth Speaker 655,Horizon Tech,"The Professional Bluetooth Speaker 655 by Horizon Tech delivers dependable performance with quality materials and thoughtful design. It is well suited for everyday use in the books category, offering a strong balance of value and functionality.",Books,"Durable, Compact, Versatile, Lightweight, Giftable",73.68,2.11,5069,839,2021-03-25,31185
https://example.com/images/ultra_mechanical_keyboard_118.jpg,Ultra Mechanical Keyboard 118,SilverLine Electronics,"The Ultra Mechanical Keyboard 118 by SilverLine Electronics delivers dependable performance with quality materials and thoughtful design. It is well suited for everyday use in the sports & outdoors category, offering a strong balance of value and functionality.",Sports & Outdoors,"Versatile, Ergonomic, Limited Edition, Modern, New Arrival",367.04,3.1,1664,640,2025-12-17,6610
https://example.com/images/classic_running_shoes_604.jpg,Classic Running Shoes 604,NorthPeak,"The Classic Running Shoes 604 by NorthPeak delivers dependable performance with quality materials and thoughtful design. It is well suited for everyday use in the home & kitchen category, offering a strong balance of value and functionality.",Home & Kitchen,"Portable, Limited Edition, Lightweight, Versatile, Wireless",586.79,4.62,4814,907,2016-02-29,22994
https://example.com/images/premium_stainless_steel_water_bottle_107.jpg,Premium Stainless Steel Water Bottle 107,SilverLine Electronics,"The Premium Stainless Steel Water Bottle 107 by SilverLine Electronics delivers dependable performance with quality materials and thoughtful design. It is well suited for everyday use in the books category, offering a strong balance of value and functionality.",Books,"Premium, Durable, Ergonomic, Modern, Limited Edition",178.78,4.32,4292,1006,2016-11-15,468
https://example.com/images/premium_noise_cancelling_headphones_616.jpg,Premium Noise Cancelling Headphones 616,Maple Street Press,"The Premium Noise Cancelling Headphones 616 by Maple Street Press delivers dependable performance with quality materials and thoughtful design. It is well suited for everyday use in the clothing category, offering a strong balance of value and functionality.",Clothing,"Giftable, Compact, Versatile, Bestseller, Limited Edition",268.25,1.22,5711,641,2023-04-17,22996
https://example.com/images/advanced_electric_kettle_894.jpg,Advanced Electric Kettle 894,NorthPeak,"The Advanced Electric Kettle 894 by NorthPeak delivers dependable performance with quality materials and thoughtful design. It is well suited for everyday use in the electronics category, offering a strong balance of value and functionality.",Electronics,"Compact, Versatile, Portable, Durable, Premium",575.82,1.26,5173,1444,2023-07-27,10711
https://example.com/images/smart_yoga_mat_258.jpg,Smart Yoga Mat 258,Horizon Tech,"The Smart Yoga Mat 258 by Horizon Tech delivers dependable performance with quality materials and thoughtful design. It is well suited for everyday use in the home & kitchen category, offering a strong balance of value and functionality.",Home & Kitchen,"Premium, Essential, Wireless, Waterproof, Durable",106.87,2.0,7191,1296,2020-11-06,29143
https://example.com/images/portable_smartphone_stand_451.jpg,Portable Smartphone Stand 451,Summit Gear Co.,"The Portable Smartphone Stand 451 by Summit Gear Co. delivers dependable performance with quality materials and thoughtful design. It is well suited for everyday use in the home & kitchen category, offering a strong balance of value and functionality.",Home & Kitchen,"Modern, Limited Edition, Rechargeable, Giftable, Ergonomic",81.44,4.86,8708,1545,2021-04-16,23001
https://example.com/images/eco_science_fiction_novel_136.jpg,Eco Science Fiction Novel 136,BrightLeaf Publishing,"The Eco Science Fiction Novel 136 by BrightLeaf Publishing delivers dependable performance with quality materials and thoughtful design. It is well suited for everyday use in the sports & outdoors category, offering a strong balance of value and functionality.",Sports & Outdoors,"Giftable, Portable, Modern, Limited Edition, Premium",491.35,2.44,4605,36,2020-08-11,10714
https://example.com/images/eco_graphic_t-shirt_237.jpg,Eco Graphic T-Shirt 237,BrightLeaf Publishing,"The Eco Graphic T-Shirt 237 by BrightLeaf Publishing delivers dependable performance with quality materials and thoughtful design. It is well suited for everyday use in the sports & outdoors category, offering a strong balance of value and functionality.",Sports & Outdoors,"New Arrival, Waterproof, Wireless, Giftable, Bestseller",262.22,3.91,7190,1586,2021-05-18,4577
https://example.com/images/professional_cookware_set_409.jpg,Professional Cookware Set 409,BlueRiver Outfitters,"The Professional Cookware Set 409 by BlueRiver Outfitters delivers dependable performance with quality materials and thoughtful design. It is well suited for everyday use in the clothing category, offering a strong balance of value and functionality.",Clothing,"Compact, Bestseller, Premium, Giftable, Waterproof",119.54,4.9,3549,372,2019-05-19,29155
https://example.com/images/advanced_cookware_set_837.jpg,Advanced Cookware Set 837,NorthPeak,"The Advanced Cookware Set 837 by NorthPeak delivers dependable performance with quality materials and thoughtful design. It is well suited for everyday use in the home & kitchen category, offering a strong balance of value and functionality.",Home & Kitchen,"Durable, New Arrival, Versatile, Ergonomic, Bestseller",177.47,2.56,724,378,2025-11-30,2533
https://example.com/images/professional_external_hard_drive_941.jpg,Professional External Hard Drive 941,BrightLeaf Publishing,"The Professional External Hard Drive 941 by BrightLeaf Publishing delivers dependable performance with quality materials and thoughtful design. It is well suited for everyday use in the books category, offering a strong balance of value and functionality.",Books,"Wireless, Ergonomic, Versatile, Essential, Bestseller",237.91,3.98,4641,17,2016-05-19,14825
https://example.com/images/eco_gaming_mouse_906.jpg,Eco Gaming Mouse 906,Summit Gear Co.,"The Eco Gaming Mouse 906 by Summit Gear Co. delivers dependable performance with quality materials and thoughtful design. It is well suited for everyday use in the clothing category, offering a strong balance of value and functionality.",Clothing,"Versatile, Ergonomic, Modern, Compact, Portable",421.06,1.72,3428,1588,2018-02-21,10729
https://example.com/images/eco_action_camera_629.jpg,Eco Action Camera 629,Maple Street Press,"The Eco Action Camera 629 by Maple Street Press delivers dependable performance with quality materials and thoughtful design. It is well suited for everyday use in the sports & outdoors category, offering a strong balance of value and functionality.",Sports & Outdoors,"Premium, Rechargeable, Portable, Compact, Giftable",600.68,1.26,4981,1105,2023-10-13,18921
https://example.com/images/compact_cookware_set_371.jpg,Compact Cookware Set 371,BrightLeaf Publishing,"The Compact Cookware Set 371 by BrightLeaf Publishing delivers dependable performance with quality materials and thoughtful design. It is well suited for everyday use in the home & kitchen category, offering a strong balance of value and functionality.",Home & Kitchen,"Waterproof, New Arrival, Durable, Essential, Premium",677.39,4.93,2388,1826,2023-01-12,25066
https://example.com/images/smart_bluetooth_speaker_261.jpg,Smart Bluetooth Speaker 261,SilverLine Electronics,"The Smart Bluetooth Speaker 261 by SilverLine Electronics delivers dependable performance with quality materials and thoughtful design. It is well suited for everyday use in the clothing category, offering a strong balance of value and functionality.",Clothing,"Giftable, Limited Edition, Essential, New Arrival, Premium",244.71,3.56,9874,123,2017-08-09,18922
https://example.com/images/smart_external_hard_drive_970.jpg,Smart External Hard Drive 970,UrbanNest,"The Smart External Hard Drive 970 by UrbanNest delivers dependable performance with quality materials and thoughtful design. It is well suited for everyday use in the home & kitchen category, offering a strong balance of value and functionality.",Home & Kitchen,"Durable, Giftable, Essential, Rechargeable, Premium",11.73,3.73,907,1103,2016-04-22,12779
https://example.com/images/professional_graphic_t-shirt_904.jpg,Professional Graphic T-Shirt 904,UrbanNest,"The Professional Graphic T-Shirt 904 by UrbanNest delivers dependable performance with quality materials and thoughtful design. It is well suited for everyday use in the books category, offering a strong balance of value and functionality.",Books,"Essential, Compact, Bestseller, Portable, Ergonomic",632.42,4.48,1734,1853,2016-05-28,29169
https://example.com/images/classic_stainless_steel_water_bottle_374.jpg,Classic Stainless Steel Water Bottle 374,UrbanNest,"The Classic Stainless Steel Water Bottle 374 by UrbanNest delivers dependable performance with quality materials and thoughtful design. It is well suited for everyday use in the books category, offering a strong balance of value and functionality.",Books,"New Arrival, Wireless, Waterproof, Durable, Lightweight",19.23,2.25,2180,133,2017-12-14,10738
https://example.com/images/classic_cookbook_970.jpg,Classic Cookbook 970,Horizon Tech,"The Classic Cookbook 970 by Horizon Tech delivers dependable performance with quality materials and thoughtful design. It is well suited for everyday use in the office supplies category, offering a strong balance of value and functionality.",Office Supplies,"Limited Edition, Essential, Bestseller, Lightweight, Giftable",304.89,4.78,4339,177,2017-09-27,14834
https://example.com/images/eco_noise_cancelling_headphones_578.jpg,Eco Noise Cancelling Headphones 578,NorthPeak,"The Eco Noise Cancelling Headphones 578 by NorthPeak delivers dependable performance with quality materials and thoughtful design. It is well suited for everyday use in the books category, offering a strong balance of value and functionality.",Books,"Giftable, Versatile, New Arrival, Lightweight, Rechargeable",175.96,3.52,3763,663,2022-08-31,16882
https://example.com/images/advanced_fitness_tracker_254.jpg,Advanced Fitness Tracker 254,UrbanNest,"The Advanced Fitness Tracker 254 by UrbanNest delivers dependable performance with quality materials and thoughtful design. It is well suited for everyday use in the electronics category, offering a strong balance of value and functionality.",Electronics,"Bestseller, Essential, Giftable, Compact, Lightweight",255.34,2.3,4327,1050,2025-03-10,502
https://example.com/images/ultra_graphic_t-shirt_791.jpg,Ultra Graphic T-Shirt 791,NorthPeak,"The Ultra Graphic T-Shirt 791 by NorthPeak delivers dependable performance with quality materials and thoughtful design. It is well suited for everyday use in the sports & outdoors category, offering a strong balance of value and functionality.",Sports & Outdoors,"Essential, Ergonomic, Lightweight, Durable, Waterproof",770.79,1.46,6837,28,2023-04-23,16888
https://example.com/images/wireless_action_camera_336.jpg,Wireless Action Camera 336,UrbanNest,"The Wireless Action Camera 336 by UrbanNest delivers dependable performance with quality materials and thoughtful design. It is well suited for everyday use in the office supplies category, offering a strong balance of value and functionality.",Office Supplies,"New Arrival, Ergonomic, Rechargeable, Compact, Wireless",604.22,3.13,1247,490,2023-04-22,20984
https://example.com/images/professional_external_hard_drive_336.jpg,Professional External Hard Drive 336,Maple Street Press,"The Professional External Hard Drive 336 by Maple Street Press delivers dependable performance with quality materials and thoughtful design. It is well suited for everyday use in the clothing category, offering a strong balance of value and functionality.",Clothing,"Giftable, Versatile, Modern, Lightweight, Essential",150.57,2.12,4032,132,2017-03-09,29177
https://example.com/images/ultra_cookbook_716.jpg,Ultra Cookbook 716,UrbanNest,"The Ultra Cookbook 716 by UrbanNest delivers dependable performance with quality materials and thoughtful design. It is well suited for everyday use in the home & kitchen category, offering a strong balance of value and functionality.",Home & Kitchen,"Modern, Waterproof, Limited Edition, Giftable, Wireless",75.17,3.97,4155,334,2023-06-21,8700
https://example.com/images/portable_science_fiction_novel_485.jpg,Portable Science Fiction Novel 485,Horizon Tech,"The Portable Science Fiction Novel 485 by Horizon Tech delivers dependable performance with quality materials and thoughtful design. It is well suited for everyday use in the sports & outdoors category, offering a strong balance of value and functionality.",Sports & Outdoors,"Limited Edition, Rechargeable, Portable, Ergonomic, Bestseller",119.4,2.28,9812,960,2016-05-06,8702
https://example.com/images/smart_action_camera_102.jpg,Smart Action Camera 102,Horizon Tech,"The Smart Action Camera 102 by Horizon Tech delivers dependable performance with quality materials and thoughtful design. It is well suited for everyday use in the sports & outdoors category, offering a strong balance of value and functionality.",Sports & Outdoors,"Modern, Giftable, Ergonomic, Premium, Portable",271.15,2.83,3970,1771,2019-02-12,29186
https://example.com/images/eco_cookbook_740.jpg,Eco Cookbook 740,BlueRiver Outfitters,"The Eco Cookbook 740 by BlueRiver Outfitters delivers dependable performance with quality materials and thoughtful design. It is well suited for everyday use in the home & kitchen category, offering a strong balance of value and functionality.",Home & Kitchen,"Modern, Ergonomic, Versatile, Waterproof, Rechargeable",531.08,3.17,986,1134,2022-01-01,31238
https://example.com/images/eco_bluetooth_speaker_766.jpg,Eco Bluetooth Speaker 766,BlueRiver Outfitters,"The Eco Bluetooth Speaker 766 by BlueRiver Outfitters delivers dependable performance with quality materials and thoughtful design. It is well suited for everyday use in the electronics category, offering a strong balance of value and functionality.",Electronics,"Bestseller, Giftable, Durable, Compact, Waterproof",593.68,4.87,2189,1379,2016-07-10,23047
https://example.com/images/portable_gaming_mouse_257.jpg,Portable Gaming Mouse 257,Maple Street Press,"The Portable Gaming Mouse 257 by Maple Street Press delivers dependable performance with quality materials and thoughtful design. It is well suited for everyday use in the electronics category, offering a strong balance of value and functionality.",Electronics,"Portable, Ergonomic, New Arrival, Limited Edition, Premium",12.73,2.97,5483,1916,2019-10-28,31240
https://example.com/images/wireless_4k_monitor_457.jpg,Wireless 4K Monitor 457,SilverLine Electronics,"The Wireless 4K Monitor 457 by SilverLine Electronics delivers dependable performance with quality materials and thoughtful design. It is well suited for everyday use in the books category, offering a strong balance of value and functionality.",Books,"Modern, Waterproof, New Arrival, Wireless, Compact",757.84,4.69,6372,1108,2023-04-05,12814
https://example.com/images/classic_4k_monitor_207.jpg,Classic 4K Monitor 207,BrightLeaf Publishing,"The Classic 4K Monitor 207 by BrightLeaf Publishing delivers dependable performance with quality materials and thoughtful design. It is well suited for everyday use in the home & kitchen category, offering a strong balance of value and functionality.",Home & Kitchen,"Lightweight, Wireless, Compact, Ergonomic, Modern",64.93,4.08,7115,1045,2024-08-26,4624
https://example.com/images/advanced_running_shoes_618.jpg,Advanced Running Shoes 618,Maple Street Press,"The Advanced Running Shoes 618 by Maple Street Press delivers dependable performance with quality materials and thoughtful design. It is well suited for everyday use in the electronics category, offering a strong balance of value and functionality.",Electronics,"Premium, Compact, Wireless, Durable, Bestseller",297.17,4.26,327,1871,2018-05-05,6675
https://example.com/images/advanced_electric_kettle_816.jpg,Advanced Electric Kettle 816,UrbanNest,"The Advanced Electric Kettle 816 by UrbanNest delivers dependable performance with quality materials and thoughtful design. It is well suited for everyday use in the home & kitchen category, offering a strong balance of value and functionality.",Home & Kitchen,"Modern, Ergonomic, Rechargeable, Lightweight, Limited Edition",204.57,3.22,3149,630,2020-12-09,14868
https://example.com/images/portable_action_camera_806.jpg,Portable Action Camera 806,NorthPeak,"The Portable Action Camera 806 by NorthPeak delivers dependable performance with quality materials and thoughtful design. It is well suited for everyday use in the sports & outdoors category, offering a strong balance of value and functionality.",Sports & Outdoors,"Giftable, Modern, Wireless, Durable, Premium",73.91,3.45,5586,693,2021-04-18,2590
https://example.com/images/ultra_cookware_set_930.jpg,Ultra Cookware Set 930,BlueRiver Outfitters,"The Ultra Cookware Set 930 by BlueRiver Outfitters delivers dependable performance with quality materials and thoughtful design. It is well suited for everyday use in the sports & outdoors category, offering a strong balance of value and functionality.",Sports & Outdoors,"Versatile, Limited Edition, Waterproof, New Arrival, Wireless",530.52,4.93,6721,1563,2024-06-21,16927
https://example.com/images/wireless_action_camera_541.jpg,Wireless Action Camera 541,BlueRiver Outfitters,"The Wireless Action Camera 541 by BlueRiver Outfitters delivers dependable performance with quality materials and thoughtful design. It is well suited for everyday use in the home & kitchen category, offering a strong balance of value and functionality.",Home & Kitchen,"Modern, Bestseller, Wireless, Rechargeable, Ergonomic",718.45,4.42,9880,121,2019-05-21,25120
https://example.com/images/smart_science_fiction_novel_503.jpg,Smart Science Fiction Novel 503,Maple Street Press,"The Smart Science Fiction Novel 503 by Maple Street Press delivers dependable performance with quality materials and thoughtful design. It is well suited for everyday use in the sports & outdoors category, offering a strong balance of value and functionality.",Sports & Outdoors,"Wireless, Portable, Rechargeable, Durable, Versatile",731.57,3.61,4816,1385,2017-12-07,14880
https://example.com/images/eco_4k_monitor_560.jpg,Eco 4K Monitor 560,Maple Street Press,"The Eco 4K Monitor 560 by Maple Street Press delivers dependable performance with quality materials and thoughtful design. It is well suited for everyday use in the books category, offering a strong balance of value and functionality.",Books,"Modern, Ergonomic, Durable, Limited Edition, Versatile",55.24,3.65,1651,633,2019-07-05,546
https://example.com/images/advanced_cookbook_844.jpg,Advanced Cookbook 844,UrbanNest,"The Advanced Cookbook 844 by UrbanNest delivers dependable performance with quality materials and thoughtful design. It is well suited for everyday use in the electronics category, offering a strong balance of value and functionality.",Electronics,"Modern, Durable, Limited Edition, New Arrival, Premium",641.7,4.25,2196,1221,2022-01-21,29219
https://example.com/images/compact_4k_monitor_917.jpg,Compact 4K Monitor 917,Maple Street Press,"The Compact 4K Monitor 917 by Maple Street Press delivers dependable performance with quality materials and thoughtful design. It is well suited for everyday use in the home & kitchen category, offering a strong balance of value and functionality.",Home & Kitchen,"Limited Edition, Lightweight, Compact, Premium, Bestseller",774.88,2.87,1781,637,2023-06-12,31268
https://example.com/images/smart_noise_cancelling_headphones_701.jpg,Smart Noise Cancelling Headphones 701,Horizon Tech,"The Smart Noise Cancelling Headphones 701 by Horizon Tech delivers dependable performance with quality materials and thoughtful design. It is well suited for everyday use in the office supplies category, offering a strong balance of value and functionality.",Office Supplies,"Bestseller, New Arrival, Wireless, Versatile, Lightweight",721.94,2.98,8173,1167,2018-11-10,18984
https://example.com/images/wireless_science_fiction_novel_514.jpg,Wireless Science Fiction Novel 514,UrbanNest,"The Wireless Science Fiction Novel 514 by UrbanNest delivers dependable performance with quality materials and thoughtful design. It is well suited for everyday use in the office supplies category, offering a strong balance of value and functionality.",Office Supplies,"Modern, Compact, Portable, Versatile, Ergonomic",507.46,1.76,2412,208,2019-03-16,25131
https://example.com/images/advanced_led_desk_lamp_978.jpg,Advanced LED Desk Lamp 978,SilverLine Electronics,"The Advanced LED Desk Lamp 978 by SilverLine Electronics delivers dependable performance with quality materials and thoughtful design. It is well suited for everyday use in the office supplies category, offering a strong balance of value and functionality.",Office Supplies,"Wireless, Bestseller, Limited Edition, Ergonomic, Versatile",143.46,1.51,8747,1464,2023-01-17,31275
https://example.com/images/portable_action_camera_235.jpg,Portable Action Camera 235,Horizon Tech,"The Portable Action Camera 235 by Horizon Tech delivers dependable performance with quality materials and thoughtful design. It is well suited for everyday use in the office supplies category, offering a strong balance of value and functionality.",Office Supplies,"Wireless, Lightweight, Compact, Limited Edition, Portable",788.68,2.47,8441,1851,2019-04-03,8754
https://example.com/images/ultra_fitness_tracker_638.jpg,Ultra Fitness Tracker 638,BrightLeaf Publishing,"The Ultra Fitness Tracker 638 by BrightLeaf Publishing delivers dependable performance with quality materials and thoughtful design. It is well suited for everyday use in the home & kitchen category, offering a strong balance of value and functionality.",Home & Kitchen,"Bestseller, Limited Edition, Modern, Compact, Premium",346.75,1.9,3101,1153,2023-10-01,8755
https://example.com/images/advanced_action_camera_327.jpg,Advanced Action Camera 327,NorthPeak,"The Advanced Action Camera 327 by NorthPeak delivers dependable performance with quality materials and thoughtful design. It is well suited for everyday use in the office supplies category, offering a strong balance of value and functionality.",Office Supplies,"Modern, Compact, Durable, Premium, Rechargeable",499.51,2.61,595,1332,2020-11-25,29235
https://example.com/images/premium_smartphone_stand_416.jpg,Premium Smartphone Stand 416,SilverLine Electronics,"The Premium Smartphone Stand 416 by SilverLine Electronics delivers dependable performance with quality materials and thoughtful design. It is well suited for everyday use in the office supplies category, offering a strong balance of value and functionality.",Office Supplies,"Durable, Premium, Rechargeable, New Arrival, Limited Edition",54.63,1.69,1481,556,2025-04-14,8758
https://example.com/images/premium_noise_cancelling_headphones_540.jpg,Premium Noise Cancelling Headphones 540,Summit Gear Co.,"The Premium Noise Cancelling Headphones 540 by Summit Gear Co. delivers dependable performance with quality materials and thoughtful design. It is well suited for everyday use in the books category, offering a strong balance of value and functionality.",Books,"Lightweight, Bestseller, Wireless, Ergonomic, Premium",154.38,3.02,4556,14,2018-05-28,12860
https://example.com/images/ultra_stainless_steel_water_bottle_908.jpg,Ultra Stainless Steel Water Bottle 908,BrightLeaf Publishing,"The Ultra Stainless Steel Water Bottle 908 by BrightLeaf Publishing delivers dependable performance with quality materials and thoughtful design. It is well suited for everyday use in the office supplies category, offering a strong balance of value and functionality.",Office Supplies,"Compact, Portable, Modern, Premium, Rechargeable",22.05,2.11,1692,1289,2020-09-13,8764
https://example.com/images/ultra_bluetooth_speaker_761.jpg,Ultra Bluetooth Speaker 761,BlueRiver Outfitters,"The Ultra Bluetooth Speaker 761 by BlueRiver Outfitters delivers dependable performance with quality materials and thoughtful design. It is well suited for everyday use in the office supplies category, offering a strong balance of value and functionality.",Office Supplies,"Modern, Compact, Rechargeable, Portable, Giftable",166.46,1.97,8369,1767,2024-10-22,8766
https://example.com/images/portable_science_fiction_novel_286.jpg,Portable Science Fiction Novel 286,SilverLine Electronics,"The Portable Science Fiction Novel 286 by SilverLine Electronics delivers dependable performance with quality materials and thoughtful design. It is well suited for everyday use in the books category, offering a strong balance of value and functionality.",Books,"Modern, Essential, Ergonomic, Wireless, Waterproof",629.23,4.23,3845,522,2025-07-22,577
https://example.com/images/classic_bluetooth_speaker_781.jpg,Classic Bluetooth Speaker 781,Summit Gear Co.,"The Classic Bluetooth Speaker 781 by Summit Gear Co. delivers dependable performance with quality materials and thoughtful design. It is well suited for everyday use in the sports & outdoors category, offering a strong balance of value and functionality.",Sports & Outdoors,"Essential, Versatile, Modern, Waterproof, Limited Edition",395.56,3.03,5214,1122,2018-01-01,29249
https://example.com/images/advanced_action_camera_698.jpg,Advanced Action Camera 698,Summit Gear Co.,"The Advanced Action Camera 698 by Summit Gear Co. delivers dependable performance with quality materials and thoughtful design. It is well suited for everyday use in the office supplies category, offering a strong balance of value and functionality.",Office Supplies,"Durable, Rechargeable, Portable, Premium, Wireless",541.94,2.05,8616,1751,2017-11-24,19010
https://example.com/images/classic_cookbook_515.jpg,Classic Cookbook 515,BrightLeaf Publishing,"The Classic Cookbook 515 by BrightLeaf Publishing delivers dependable performance with quality materials and thoughtful design. It is well suited for everyday use in the sports & outdoors category, offering a strong balance of value and functionality.",Sports & Outdoors,"Ergonomic, Giftable, Durable, Compact, Rechargeable",732.25,4.65,5748,864,2023-07-04,16962
https://example.com/images/wireless_led_desk_lamp_972.jpg,Wireless LED Desk Lamp 972,BlueRiver Outfitters,"The Wireless LED Desk Lamp 972 by BlueRiver Outfitters delivers dependable performance with quality materials and thoughtful design. It is well suited for everyday use in the office supplies category, offering a strong balance of value and functionality.",Office Supplies,"Ergonomic, Bestseller, Giftable, Modern, Limited Edition",734.97,3.67,2054,92,2021-07-29,27203
https://example.com/images/advanced_4k_monitor_894.jpg,Advanced 4K Monitor 894,BrightLeaf Publishing,"The Advanced 4K Monitor 894 by BrightLeaf Publishing delivers dependable performance with quality materials and thoughtful design. It is well suited for everyday use in the office supplies category, offering a strong balance of value and functionality.",Office Supplies,"Ergonomic, Limited Edition, Bestseller, Wireless, New Arrival",581.06,4.5,1586,1481,2023-01-08,25163
https://example.com/images/professional_cookbook_738.jpg,Professional Cookbook 738,Horizon Tech,"The Professional Cookbook 738 by Horizon Tech delivers dependable performance with quality materials and thoughtful design. It is well suited for everyday use in the clothing category, offering a strong balance of value and functionality.",Clothing,"Bestseller, Limited Edition, Premium, Rechargeable, Waterproof",308.61,1.34,2500,1520,2020-10-29,589
https://example.com/images/portable_science_fiction_novel_755.jpg,Portable Science Fiction Novel 755,Maple Street Press,"The Portable Science Fiction Novel 755 by Maple Street Press delivers dependable performance with quality materials and thoughtful design. It is well suited for everyday use in the office supplies category, offering a strong balance of value and functionality.",Office Supplies,"Limited Edition, Giftable, Modern, Rechargeable, New Arrival",359.77,1.78,5474,1408,2018-05-07,593
https://example.com/images/compact_4k_monitor_349.jpg,Compact 4K Monitor 349,Summit Gear Co.,"The Compact 4K Monitor 349 by Summit Gear Co. delivers dependable performance with quality materials and thoughtful design. It is well suited for everyday use in the home & kitchen category, offering a strong balance of value and functionality.",Home & Kitchen,"Rechargeable, Portable, Wireless, Essential, Lightweight",623.93,3.39,3771,936,2018-08-18,10834
https://example.com/images/professional_office_chair_572.jpg,Professional Office Chair 572,NorthPeak,"The Professional Office Chair 572 by NorthPeak delivers dependable performance with quality materials and thoughtful design. It is well suited for everyday use in the home & kitchen category, offering a strong balance of value and functionality.",Home & Kitchen,"Wireless, Rechargeable, Essential, Durable, Lightweight",631.41,2.13,4650,504,2021-09-13,27222
https://example.com/images/compact_bluetooth_speaker_635.jpg,Compact Bluetooth Speaker 635,Maple Street Press,"The Compact Bluetooth Speaker 635 by Maple Street Press delivers dependable performance with quality materials and thoughtful design. It is well suited for everyday use in the home & kitchen category, offering a strong balance of value and functionality.",Home & Kitchen,"Waterproof, Durable, Essential, Compact, Premium",700.43,1.05,6993,317,2017-05-15,31320
https://example.com/images/professional_office_chair_909.jpg,Professional Office Chair 909,NorthPeak,"The Professional Office Chair 909 by NorthPeak delivers dependable performance with quality materials and thoughtful design. It is well suited for everyday use in the office supplies category, offering a strong balance of value and functionality.",Office Supplies,"Premium, Wireless, Giftable, Rechargeable, Limited Edition",788.14,1.32,3922,1776,2020-03-06,16984
https://example.com/images/wireless_yoga_mat_649.jpg,Wireless Yoga Mat 649,NorthPeak,"The Wireless Yoga Mat 649 by NorthPeak delivers dependable performance with quality materials and thoughtful design. It is well suited for everyday use in the electronics category, offering a strong balance of value and functionality.",Electronics,"New Arrival, Ergonomic, Lightweight, Modern, Wireless",134.23,4.85,5675,638,2019-06-21,25178
https://example.com/images/ultra_4k_monitor_430.jpg,Ultra 4K Monitor 430,BlueRiver Outfitters,"The Ultra 4K Monitor 430 by BlueRiver Outfitters delivers dependable performance with quality materials and thoughtful design. It is well suited for everyday use in the electronics category, offering a strong balance of value and functionality.",Electronics,"Durable, Essential, Portable, Premium, Rechargeable",545.57,3.45,5227,1414,2023-07-01,21085
https://example.com/images/professional_led_desk_lamp_197.jpg,Professional LED Desk Lamp 197,NorthPeak,"The Professional LED Desk Lamp 197 by NorthPeak delivers dependable performance with quality materials and thoughtful design. It is well suited for everyday use in the clothing category, offering a strong balance of value and functionality.",Clothing,"Lightweight, Versatile, Giftable, Modern, Premium",347.36,1.14,6330,160,2017-10-30,31326
https://example.com/images/ultra_yoga_mat_438.jpg,Ultra Yoga Mat 438,NorthPeak,"The Ultra Yoga Mat 438 by NorthPeak delivers dependable performance with quality materials and thoughtful design. It is well suited for everyday use in the electronics category, offering a strong balance of value and functionality.",Electronics,"Versatile, New Arrival, Modern, Lightweight, Limited Edition",234.13,3.24,2315,554,2016-08-10,25183
https://example.com/images/professional_noise_cancelling_headphones_305.jpg,Professional Noise Cancelling Headphones 305,Horizon Tech,"The Professional Noise Cancelling Headphones 305 by Horizon Tech delivers dependable performance with quality materials and thoughtful design. It is well suited for everyday use in the clothing category, offering a strong balance of value and functionality.",Clothing,"New Arrival, Bestseller, Essential, Versatile, Lightweight",65.84,4.45,6660,19,2017-01-10,27231
https://example.com/images/eco_stainless_steel_water_bottle_544.jpg,Eco Stainless Steel Water Bottle 544,SilverLine Electronics,"The Eco Stainless Steel Water Bottle 544 by SilverLine Electronics delivers dependable performance with quality materials and thoughtful design. It is well suited for everyday use in the home & kitchen category, offering a strong balance of value and functionality.",Home & Kitchen,"Bestseller, Ergonomic, Rechargeable, Versatile, Waterproof",22.51,1.27,3771,723,2016-09-13,2656
https://example.com/images/classic_4k_monitor_303.jpg,Classic 4K Monitor 303,NorthPeak,"The Classic 4K Monitor 303 by NorthPeak delivers dependable performance with quality materials and thoughtful design. It is well suited for everyday use in the sports & outdoors category, offering a strong balance of value and functionality.",Sports & Outdoors,"Compact, Portable, Rechargeable, Versatile, Durable",488.17,2.91,5649,852,2017-01-05,23137
https://example.com/images/smart_smartphone_stand_187.jpg,Smart Smartphone Stand 187,BrightLeaf Publishing,"The Smart Smartphone Stand 187 by BrightLeaf Publishing delivers dependable performance with quality materials and thoughtful design. It is well suited for everyday use in the home & kitchen category, offering a strong balance of value and functionality.",Home & Kitchen,"Lightweight, Giftable, Limited Edition, Waterproof, Bestseller",194.12,4.93,711,1046,2023-09-18,4709
https://example.com/images/premium_office_chair_500.jpg,Premium Office Chair 500,NorthPeak,"The Premium Office Chair 500 by NorthPeak delivers dependable performance with quality materials and thoughtful design. It is well suited for everyday use in the electronics category, offering a strong balance of value and functionality.",Electronics,"Lightweight, Durable, Ergonomic, Rechargeable, Modern",533.88,1.69,5274,1220,2019-01-18,10856
https://example.com/images/portable_mechanical_keyboard_261.jpg,Portable Mechanical Keyboard 261,Horizon Tech,"The Portable Mechanical Keyboard 261 by Horizon Tech delivers dependable performance with quality materials and thoughtful design. It is well suited for everyday use in the electronics category, offering a strong balance of value and functionality.",Electronics,"Ergonomic, Essential, Rechargeable, Modern, Portable",489.32,3.01,5511,1607,2019-01-31,10861
https://example.com/images/compact_office_chair_466.jpg,Compact Office Chair 466,Maple Street Press,"The Compact Office Chair 466 by Maple Street Press delivers dependable performance with quality materials and thoughtful design. It is well suited for everyday use in the electronics category, offering a strong balance of value and functionality.",Electronics,"Durable, Versatile, Essential, Limited Edition, New Arrival",98.04,2.83,9814,1804,2025-04-01,623
https://example.com/images/eco_running_shoes_650.jpg,Eco Running Shoes 650,UrbanNest,"The Eco Running Shoes 650 by UrbanNest delivers dependable performance with quality materials and thoughtful design. It is well suited for everyday use in the office supplies category, offering a strong balance of value and functionality.",Office Supplies,"Essential, Giftable, Versatile, Rechargeable, Limited Edition",385.8,3.45,103,219,2016-01-08,4721
https://example.com/images/classic_running_shoes_861.jpg,Classic Running Shoes 861,Horizon Tech,"The Classic Running Shoes 861 by Horizon Tech delivers dependable performance with quality materials and thoughtful design. It is well suited for everyday use in the office supplies category, offering a strong balance of value and functionality.",Office Supplies,"Waterproof, Versatile, Bestseller, New Arrival, Modern",251.65,4.86,959,145,2019-09-12,6771
https://example.com/images/classic_gaming_mouse_143.jpg,Classic Gaming Mouse 143,NorthPeak,"The Classic Gaming Mouse 143 by NorthPeak delivers dependable performance with quality materials and thoughtful design. It is well suited for everyday use in the clothing category, offering a strong balance of value and functionality.",Clothing,"Waterproof, Limited Edition, Durable, Lightweight, Compact",726.85,1.74,9355,1362,2016-07-18,4728
https://example.com/images/wireless_fitness_tracker_498.jpg,Wireless Fitness Tracker 498,UrbanNest,"The Wireless Fitness Tracker 498 by UrbanNest delivers dependable performance with quality materials and thoughtful design. It is well suited for everyday use in the home & kitchen category, offering a strong balance of value and functionality.",Home & Kitchen,"Giftable, Portable, Premium, Bestseller, New Arrival",35.62,3.12,6735,816,2017-07-08,31353
https://example.com/images/compact_4k_monitor_187.jpg,Compact 4K Monitor 187,UrbanNest,"The Compact 4K Monitor 187 by UrbanNest delivers dependable performance with quality materials and thoughtful design. It is well suited for everyday use in the office supplies category, offering a strong balance of value and functionality.",Office Supplies,"Modern, Bestseller, Giftable, New Arrival, Durable",581.65,2.19,3825,1024,2020-08-18,8826
https://example.com/images/compact_graphic_t-shirt_843.jpg,Compact Graphic T-Shirt 843,Horizon Tech,"The Compact Graphic T-Shirt 843 by Horizon Tech delivers dependable performance with quality materials and thoughtful design. It is well suited for everyday use in the sports & outdoors category, offering a strong balance of value and functionality.",Sports & Outdoors,"Premium, New Arrival, Durable, Essential, Portable",649.48,4.14,9157,1111,2017-02-17,10877
https://example.com/images/smart_4k_monitor_961.jpg,Smart 4K Monitor 961,BlueRiver Outfitters,"The Smart 4K Monitor 961 by BlueRiver Outfitters delivers dependable performance with quality materials and thoughtful design. It is well suited for everyday use in the sports & outdoors category, offering a strong balance of value and functionality.",Sports & Outdoors,"Premium, Waterproof, Portable, Rechargeable, Lightweight",730.97,2.8,6119,1322,2019-08-10,8832
https://example.com/images/classic_cookware_set_791.jpg,Classic Cookware Set 791,NorthPeak,"The Classic Cookware Set 791 by NorthPeak delivers dependable performance with quality materials and thoughtful design. It is well suited for everyday use in the sports & outdoors category, offering a strong balance of value and functionality.",Sports & Outdoors,"Essential, Bestseller, New Arrival, Compact, Rechargeable",600.07,3.36,2909,500,2022-09-29,12930
https://example.com/images/eco_graphic_t-shirt_111.jpg,Eco Graphic T-Shirt 111,NorthPeak,"The Eco Graphic T-Shirt 111 by NorthPeak delivers dependable performance with quality materials and thoughtful design. It is well suited for everyday use in the books category, offering a strong balance of value and functionality.",Books,"Durable, Compact, Rechargeable, Versatile, New Arrival",246.97,1.23,2614,1184,2016-08-04,21123
https://example.com/images/wireless_led_desk_lamp_391.jpg,Wireless LED Desk Lamp 391,SilverLine Electronics,"The Wireless LED Desk Lamp 391 by SilverLine Electronics delivers dependable performance with quality materials and thoughtful design. It is well suited for everyday use in the sports & outdoors category, offering a strong balance of value and functionality.",Sports & Outdoors,"Rechargeable, Durable, Waterproof, Giftable, Versatile",356.59,2.38,8607,228,2022-01-30,8836
https://example.com/images/ultra_gaming_mouse_505.jpg,Ultra Gaming Mouse 505,UrbanNest,"The Ultra Gaming Mouse 505 by UrbanNest delivers dependable performance with quality materials and thoughtful design. It is well suited for everyday use in the office supplies category, offering a strong balance of value and functionality.",Office Supplies,"Premium, Durable, Waterproof, Lightweight, New Arrival",192.72,1.96,4432,1964,2018-03-25,644
https://example.com/images/eco_graphic_t-shirt_746.jpg,Eco Graphic T-Shirt 746,Summit Gear Co.,"The Eco Graphic T-Shirt 746 by Summit Gear Co. delivers dependable performance with quality materials and thoughtful design. It is well suited for everyday use in the clothing category, offering a strong balance of value and functionality.",Clothing,"Compact, Waterproof, Limited Edition, Durable, Ergonomic",215.94,4.82,7005,523,2021-11-02,31371
https://example.com/images/smart_graphic_t-shirt_900.jpg,Smart Graphic T-Shirt 900,BrightLeaf Publishing,"The Smart Graphic T-Shirt 900 by BrightLeaf Publishing delivers dependable performance with quality materials and thoughtful design. It is well suited for everyday use in the clothing category, offering a strong balance of value and functionality.",Clothing,"Limited Edition, Rechargeable, Compact, Essential, Modern",751.73,2.09,5404,1981,2025-04-28,12941
https://example.com/images/advanced_noise_cancelling_headphones_160.jpg,Advanced Noise Cancelling Headphones 160,UrbanNest,"The Advanced Noise Cancelling Headphones 160 by UrbanNest delivers dependable performance with quality materials and thoughtful design. It is well suited for everyday use in the electronics category, offering a strong balance of value and functionality.",Electronics,"Wireless, Versatile, Limited Edition, Essential, Lightweight",631.63,3.68,9619,510,2016-12-29,23184
https://example.com/images/portable_mechanical_keyboard_735.jpg,Portable Mechanical Keyboard 735,Maple Street Press,"The Portable Mechanical Keyboard 735 by Maple Street Press delivers dependable performance with quality materials and thoughtful design. It is well suited for everyday use in the books category, offering a strong balance of value and functionality.",Books,"Premium, Compact, Essential, Wireless, Lightweight",634.61,2.08,5054,1044,2025-12-27,19089
https://example.com/images/smart_cookware_set_103.jpg,Smart Cookware Set 103,Maple Street Press,"The Smart Cookware Set 103 by Maple Street Press delivers dependable performance with quality materials and thoughtful design. It is well suited for everyday use in the electronics category, offering a strong balance of value and functionality.",Electronics,"Durable, Compact, New Arrival, Limited Edition, Rechargeable",146.16,2.27,9946,1872,2020-06-23,14994
https://example.com/images/smart_fitness_tracker_469.jpg,Smart Fitness Tracker 469,Horizon Tech,"The Smart Fitness Tracker 469 by Horizon Tech delivers dependable performance with quality materials and thoughtful design. It is well suited for everyday use in the sports & outdoors category, offering a strong balance of value and functionality.",Sports & Outdoors,"Modern, Compact, New Arrival, Durable, Limited Edition",545.52,2.12,141,602,2017-09-13,2708
https://example.com/images/eco_mechanical_keyboard_525.jpg,Eco Mechanical Keyboard 525,Maple Street Press,"The Eco Mechanical Keyboard 525 by Maple Street Press delivers dependable performance with quality materials and thoughtful design. It is well suited for everyday use in the electronics category, offering a strong balance of value and functionality.",Electronics,"Waterproof, Wireless, Compact, Durable, Lightweight",763.14,3.83,5709,906,2019-03-06,21144
https://example.com/images/portable_noise_cancelling_headphones_279.jpg,Portable Noise Cancelling Headphones 279,SilverLine Electronics,"The Portable Noise Cancelling Headphones 279 by SilverLine Electronics delivers dependable performance with quality materials and thoughtful design. It is well suited for everyday use in the sports & outdoors category, offering a strong balance of value and functionality.",Sports & Outdoors,"Modern, Wireless, Durable, Essential, Versatile",252.94,2.17,6933,1190,2023-12-12,23194
https://example.com/images/smart_gaming_mouse_618.jpg,Smart Gaming Mouse 618,SilverLine Electronics,"The Smart Gaming Mouse 618 by SilverLine Electronics delivers dependable performance with quality materials and thoughtful design. It is well suited for everyday use in the electronics category, offering a strong balance of value and functionality.",Electronics,"Waterproof, Rechargeable, Durable, Compact, Premium",178.1,2.6,6273,287,2022-11-16,21147
https://example.com/images/portable_4k_monitor_903.jpg,Portable 4K Monitor 903,BrightLeaf Publishing,"The Portable 4K Monitor 903 by BrightLeaf Publishing delivers dependable performance with quality materials and thoughtful design. It is well suited for everyday use in the home & kitchen category, offering a strong balance of value and functionality.",Home & Kitchen,"Wireless, Lightweight, Versatile, Compact, Essential",524.42,4.66,7088,1034,2016-01-28,10908
https://example.com/images/eco_gaming_mouse_957.jpg,Eco Gaming Mouse 957,Horizon Tech,"The Eco Gaming Mouse 957 by Horizon Tech delivers dependable performance with quality materials and thoughtful design. It is well suited for everyday use in the books category, offering a strong balance of value and functionality.",Books,"Waterproof, Limited Edition, Premium, Rechargeable, Giftable",744.03,1.14,8703,1111,2016-10-29,10911
https://example.com/images/portable_yoga_mat_665.jpg,Portable Yoga Mat 665,NorthPeak,"The Portable Yoga Mat 665 by NorthPeak delivers dependable performance with quality materials and thoughtful design. It is well suited for everyday use in the home & kitchen category, offering a strong balance of value and functionality.",Home & Kitchen,"Lightweight, Durable, Ergonomic, Compact, New Arrival",711.59,1.5,1082,806,2023-02-07,2727
https://example.com/images/wireless_gaming_mouse_155.jpg,Wireless Gaming Mouse 155,UrbanNest,"The Wireless Gaming Mouse 155 by UrbanNest delivers dependable performance with quality materials and thoughtful design. It is well suited for everyday use in the office supplies category, offering a strong balance of value and functionality.",Office Supplies,"Wireless, New Arrival, Modern, Bestseller, Portable",213.26,2.24,8419,1599,2022-07-22,8871
https://example.com/images/compact_mechanical_keyboard_397.jpg,Compact Mechanical Keyboard 397,UrbanNest,"The Compact Mechanical Keyboard 397 by UrbanNest delivers dependable performance with quality materials and thoughtful design. It is well suited for everyday use in the sports & outdoors category, offering a strong balance of value and functionality.",Sports & Outdoors,"Essential, Durable, Versatile, Bestseller, Premium",522.57,1.04,9648,1350,2018-04-27,19114
https://example.com/images/portable_mechanical_keyboard_336.jpg,Portable Mechanical Keyboard 336,BlueRiver Outfitters,"The Portable Mechanical Keyboard 336 by BlueRiver Outfitters delivers dependable performance with quality materials and thoughtful design. It is well suited for everyday use in the office supplies category, offering a strong balance of value and functionality.",Office Supplies,"Portable, Wireless, Essential, Premium, Durable",711.96,2.85,9270,1316,2020-07-21,31407
https://example.com/images/eco_graphic_t-shirt_555.jpg,Eco Graphic T-Shirt 555,Horizon Tech,"The Eco Graphic T-Shirt 555 by Horizon Tech delivers dependable performance with quality materials and thoughtful design. It is well suited for everyday use in the home & kitchen category, offering a strong balance of value and functionality.",Home & Kitchen,"Bestseller, Compact, Modern, Durable, Premium",548.96,2.71,8746,1891,2019-01-22,29364
https://example.com/images/smart_backpack_744.jpg,Smart Backpack 744,Maple Street Press,"The Smart Backpack 744 by Maple Street Press delivers dependable performance with quality materials and thoughtful design. It is well suited for everyday use in the home & kitchen category, offering a strong balance of value and functionality.",Home & Kitchen,"Essential, Durable, Portable, Compact, Waterproof",567.44,1.9,2296,254,2024-02-18,25271
https://example.com/images/premium_electric_kettle_507.jpg,Premium Electric Kettle 507,Summit Gear Co.,"The Premium Electric Kettle 507 by Summit Gear Co. delivers dependable performance with quality materials and thoughtful design. It is well suited for everyday use in the electronics category, offering a strong balance of value and functionality.",Electronics,"Rechargeable, Durable, Bestseller, Portable, Lightweight",686.42,3.69,4209,645,2021-04-11,8888
https://example.com/images/smart_noise_cancelling_headphones_317.jpg,Smart Noise Cancelling Headphones 317,UrbanNest,"The Smart Noise Cancelling Headphones 317 by UrbanNest delivers dependable performance with quality materials and thoughtful design. It is well suited for everyday use in the office supplies category, offering a strong balance of value and functionality.",Office Supplies,"Ergonomic, Portable, Modern, Bestseller, Essential",756.36,4.53,5006,1660,2020-03-30,696
https://example.com/images/advanced_cookware_set_274.jpg,Advanced Cookware Set 274,BrightLeaf Publishing,"The Advanced Cookware Set 274 by BrightLeaf Publishing delivers dependable performance with quality materials and thoughtful design. It is well suited for everyday use in the office supplies category, offering a strong balance of value and functionality.",Office Supplies,"Limited Edition, Wireless, New Arrival, Premium, Ergonomic",79.59,3.82,2558,69,2016-03-04,4792
https://example.com/images/wireless_noise_cancelling_headphones_783.jpg,Wireless Noise Cancelling Headphones 783,SilverLine Electronics,"The Wireless Noise Cancelling Headphones 783 by SilverLine Electronics delivers dependable performance with quality materials and thoughtful design. It is well suited for everyday use in the sports & outdoors category, offering a strong balance of value and functionality.",Sports & Outdoors,"Bestseller, Waterproof, Rechargeable, Limited Edition, Lightweight",120.92,1.49,3516,704,2025-07-09,17082
https://example.com/images/classic_mechanical_keyboard_350.jpg,Classic Mechanical Keyboard 350,BrightLeaf Publishing,"The Classic Mechanical Keyboard 350 by BrightLeaf Publishing delivers dependable performance with quality materials and thoughtful design. It is well suited for everyday use in the home & kitchen category, offering a strong balance of value and functionality.",Home & Kitchen,"Wireless, Premium, Waterproof, Compact, Portable",508.55,3.93,1746,624,2025-06-23,6842
https://example.com/images/classic_external_hard_drive_720.jpg,Classic External Hard Drive 720,BrightLeaf Publishing,"The Classic External Hard Drive 720 by BrightLeaf Publishing delivers dependable performance with quality materials and thoughtful design. It is well suited for everyday use in the sports & outdoors category, offering a strong balance of value and functionality.",Sports & Outdoors,"Rechargeable, Premium, Durable, Limited Edition, New Arrival",93.65,2.98,6335,13,2023-02-21,17084
https://example.com/images/ultra_action_camera_153.jpg,Ultra Action Camera 153,NorthPeak,"The Ultra Action Camera 153 by NorthPeak delivers dependable performance with quality materials and thoughtful design. It is well suited for everyday use in the electronics category, offering a strong balance of value and functionality.",Electronics,"Ergonomic, Wireless, Modern, Versatile, Giftable",214.8,3.83,218,506,2025-08-25,27326
https://example.com/images/professional_yoga_mat_412.jpg,Professional Yoga Mat 412,UrbanNest,"The Professional Yoga Mat 412 by UrbanNest delivers dependable performance with quality materials and thoughtful design. It is well suited for everyday use in the electronics category, offering a strong balance of value and functionality.",Electronics,"Wireless, Rechargeable, Ergonomic, Portable, Waterproof",284.8,3.3,1479,173,2025-12-19,12990
https://example.com/images/classic_yoga_mat_334.jpg,Classic Yoga Mat 334,SilverLine Electronics,"The Classic Yoga Mat 334 by SilverLine Electronics delivers dependable performance with quality materials and thoughtful design. It is well suited for everyday use in the home & kitchen category, offering a strong balance of value and functionality.",Home & Kitchen,"Versatile, Modern, Lightweight, New Arrival, Rechargeable",669.68,4.93,4883,43,2018-01-14,29376
https://example.com/images/eco_noise_cancelling_headphones_742.jpg,Eco Noise Cancelling Headphones 742,UrbanNest,"The Eco Noise Cancelling Headphones 742 by UrbanNest delivers dependable performance with quality materials and thoughtful design. It is well suited for everyday use in the office supplies category, offering a strong balance of value and functionality.",Office Supplies,"Waterproof, Compact, Essential, Modern, Rechargeable",343.54,3.53,4708,1674,2020-09-11,10944
https://example.com/images/classic_gaming_mouse_419.jpg,Classic Gaming Mouse 419,NorthPeak,"The Classic Gaming Mouse 419 by NorthPeak delivers dependable performance with quality materials and thoughtful design. It is well suited for everyday use in the electronics category, offering a strong balance of value and functionality.",Electronics,"Waterproof, Rechargeable, Bestseller, Essential, New Arrival",211.83,2.91,1657,909,2019-08-24,2755
https://example.com/images/smart_fitness_tracker_957.jpg,Smart Fitness Tracker 957,BrightLeaf Publishing,"The Smart Fitness Tracker 957 by BrightLeaf Publishing delivers dependable performance with quality materials and thoughtful design. It is well suited for everyday use in the books category, offering a strong balance of value and functionality.",Books,"Bestseller, Compact, Rechargeable, Modern, Limited Edition",142.14,4.44,9186,1257,2023-10-18,2757
https://example.com/images/advanced_backpack_512.jpg,Advanced Backpack 512,Horizon Tech,"The Advanced Backpack 512 by Horizon Tech delivers dependable performance with quality materials and thoughtful design. It is well suited for everyday use in the home & kitchen category, offering a strong balance of value and functionality.",Home & Kitchen,"Limited Edition, New Arrival, Modern, Ergonomic, Waterproof",783.44,4.2,9183,1675,2025-02-18,10956
https://example.com/images/advanced_office_chair_926.jpg,Advanced Office Chair 926,UrbanNest,"The Advanced Office Chair 926 by UrbanNest delivers dependable performance with quality materials and thoughtful design. It is well suited for everyday use in the office supplies category, offering a strong balance of value and functionality.",Office Supplies,"Waterproof, Giftable, Rechargeable, Portable, Essential",189.88,2.86,7301,697,2021-10-30,31436
https://example.com/images/eco_led_desk_lamp_727.jpg,Eco LED Desk Lamp 727,BrightLeaf Publishing,"The Eco LED Desk Lamp 727 by BrightLeaf Publishing delivers dependable performance with quality materials and thoughtful design. It is well suited for everyday use in the home & kitchen category, offering a strong balance of value and functionality.",Home & Kitchen,"Modern, Portable, Rechargeable, Versatile, New Arrival",83.28,4.3,3479,250,2020-04-26,29388
https://example.com/images/compact_fitness_tracker_629.jpg,Compact Fitness Tracker 629,SilverLine Electronics,"The Compact Fitness Tracker 629 by SilverLine Electronics delivers dependable performance with quality materials and thoughtful design. It is well suited for everyday use in the electronics category, offering a strong balance of value and functionality.",Electronics,"Waterproof, Versatile, Compact, Portable, Limited Edition",17.78,4.28,2871,719,2017-06-06,23246
https://example.com/images/eco_yoga_mat_778.jpg,Eco Yoga Mat 778,Summit Gear Co.,"The Eco Yoga Mat 778 by Summit Gear Co. delivers dependable performance with quality materials and thoughtful design. It is well suited for everyday use in the books category, offering a strong balance of value and functionality.",Books,"Modern, Bestseller, Wireless, Portable, Durable",524.93,2.13,2336,133,2021-02-18,10961
https://example.com/images/eco_bluetooth_speaker_657.jpg,Eco Bluetooth Speaker 657,UrbanNest,"The Eco Bluetooth Speaker 657 by UrbanNest delivers dependable performance with quality materials and thoughtful design. It is well suited for everyday use in the books category, offering a strong balance of value and functionality.",Books,"New Arrival, Limited Edition, Compact, Durable, Wireless",607.36,4.15,5302,536,2025-08-24,10967
https://example.com/images/compact_stainless_steel_water_bottle_990.jpg,Compact Stainless Steel Water Bottle 990,BlueRiver Outfitters,"The Compact Stainless Steel Water Bottle 990 by BlueRiver Outfitters delivers dependable performance with quality materials and thoughtful design. It is well suited for everyday use in the home & kitchen category, offering a strong balance of value and functionality.",Home & Kitchen,"Durable, Bestseller, Portable, Premium, Giftable",321.12,4.97,57,1770,2021-01-28,27351
https://example.com/images/classic_cookware_set_222.jpg,Classic Cookware Set 222,UrbanNest,"The Classic Cookware Set 222 by UrbanNest delivers dependable performance with quality materials and thoughtful design. It is well suited for everyday use in the home & kitchen category, offering a strong balance of value and functionality.",Home & Kitchen,"Wireless, Bestseller, Ergonomic, Essential, Rechargeable",711.36,4.12,6962,1630,2020-05-11,2779
https://example.com/images/eco_gaming_mouse_202.jpg,Eco Gaming Mouse 202,UrbanNest,"The Eco Gaming Mouse 202 by UrbanNest delivers dependable performance with quality materials and thoughtful design. It is well suited for everyday use in the clothing category, offering a strong balance of value and functionality.",Clothing,"Premium, Wireless, Ergonomic, Compact, Modern",112.73,3.14,2713,1015,2025-10-18,21212
https://example.com/images/premium_external_hard_drive_338.jpg,Premium External Hard Drive 338,BrightLeaf Publishing,"The Premium External Hard Drive 338 by BrightLeaf Publishing delivers dependable performance with quality materials and thoughtful design. It is well suited for everyday use in the electronics category, offering a strong balance of value and functionality.",Electronics,"Lightweight, Bestseller, New Arrival, Ergonomic, Modern",451.6,1.87,8828,1543,2020-09-06,21216
https://example.com/images/smart_stainless_steel_water_bottle_147.jpg,Smart Stainless Steel Water Bottle 147,Maple Street Press,"The Smart Stainless Steel Water Bottle 147 by Maple Street Press delivers dependable performance with quality materials and thoughtful design. It is well suited for everyday use in the electronics category, offering a strong balance of value and functionality.",Electronics,"Durable, Versatile, Ergonomic, Premium, Giftable",258.74,4.52,8594,1084,2023-11-30,21217
https://example.com/images/wireless_mechanical_keyboard_194.jpg,Wireless Mechanical Keyboard 194,BrightLeaf Publishing,"The Wireless Mechanical Keyboard 194 by BrightLeaf Publishing delivers dependable performance with quality materials and thoughtful design. It is well suited for everyday use in the office supplies category, offering a strong balance of value and functionality.",Office Supplies,"Modern, Rechargeable, Versatile, Lightweight, Compact",199.67,4.15,6875,306,2025-04-22,31465
https://example.com/images/professional_led_desk_lamp_546.jpg,Professional LED Desk Lamp 546,BlueRiver Outfitters,"The Professional LED Desk Lamp 546 by BlueRiver Outfitters delivers dependable performance with quality materials and thoughtful design. It is well suited for everyday use in the home & kitchen category, offering a strong balance of value and functionality.",Home & Kitchen,"Waterproof, Essential, New Arrival, Ergonomic, Premium",690.55,2.87,6818,1318,2019-11-20,13033
https://example.com/images/compact_running_shoes_855.jpg,Compact Running Shoes 855,BrightLeaf Publishing,"The Compact Running Shoes 855 by BrightLeaf Publishing delivers dependable performance with quality materials and thoughtful design. It is well suited for everyday use in the sports & outdoors category, offering a strong balance of value and functionality.",Sports & Outdoors,"Ergonomic, Waterproof, Limited Edition, Premium, Wireless",711.38,3.85,5777,1954,2020-04-05,8938
https://example.com/images/portable_cookbook_602.jpg,Portable Cookbook 602,SilverLine Electronics,"The Portable Cookbook 602 by SilverLine Electronics delivers dependable performance with quality materials and thoughtful design. It is well suited for everyday use in the home & kitchen category, offering a strong balance of value and functionality.",Home & Kitchen,"Versatile, Giftable, Bestseller, Rechargeable, Portable",401.3,2.71,9680,15,2018-08-18,4842
https://example.com/images/advanced_smartphone_stand_855.jpg,Advanced Smartphone Stand 855,NorthPeak,"The Advanced Smartphone Stand 855 by NorthPeak delivers dependable performance with quality materials and thoughtful design. It is well suited for everyday use in the electronics category, offering a strong balance of value and functionality.",Electronics,"Rechargeable, Durable, Premium, Compact, Wireless",81.38,2.75,2853,533,2024-05-17,29422
https://example.com/images/wireless_external_hard_drive_331.jpg,Wireless External Hard Drive 331,Horizon Tech,"The Wireless External Hard Drive 331 by Horizon Tech delivers dependable performance with quality materials and thoughtful design. It is well suited for everyday use in the home & kitchen category, offering a strong balance of value and functionality.",Home & Kitchen,"Modern, Limited Edition, Giftable, Rechargeable, Portable",654.61,1.52,5555,560,2021-12-24,4846
https://example.com/images/classic_bluetooth_speaker_757.jpg,Classic Bluetooth Speaker 757,NorthPeak,"The Classic Bluetooth Speaker 757 by NorthPeak delivers dependable performance with quality materials and thoughtful design. It is well suited for everyday use in the electronics category, offering a strong balance of value and functionality.",Electronics,"Wireless, Ergonomic, Portable, Versatile, Premium",278.54,1.52,9651,325,2022-09-09,31479
https://example.com/images/compact_cookbook_760.jpg,Compact Cookbook 760,BrightLeaf Publishing,"The Compact Cookbook 760 by BrightLeaf Publishing delivers dependable performance with quality materials and thoughtful design. It is well suited for everyday use in the clothing category, offering a strong balance of value and functionality.",Clothing,"Durable, New Arrival, Essential, Rechargeable, Wireless",743.51,2.15,7574,886,2020-03-13,767
https://example.com/images/premium_stainless_steel_water_bottle_859.jpg,Premium Stainless Steel Water Bottle 859,BlueRiver Outfitters,"The Premium Stainless Steel Water Bottle 859 by BlueRiver Outfitters delivers dependable performance with quality materials and thoughtful design. It is well suited for everyday use in the electronics category, offering a strong balance of value and functionality.",Electronics,"Bestseller, Versatile, Rechargeable, Limited Edition, Waterproof",582.1,4.76,9443,1351,2022-02-10,25351
https://example.com/images/classic_stainless_steel_water_bottle_438.jpg,Classic Stainless Steel Water Bottle 438,Maple Street Press,"The Classic Stainless Steel Water Bottle 438 by Maple Street Press delivers dependable performance with quality materials and thoughtful design. It is well suited for everyday use in the home & kitchen category, offering a strong balance of value and functionality.",Home & Kitchen,"Modern, Versatile, Rechargeable, Ergonomic, Compact",451.79,4.56,5232,610,2018-05-31,29447
https://example.com/images/professional_bluetooth_speaker_354.jpg,Professional Bluetooth Speaker 354,BlueRiver Outfitters,"The Professional Bluetooth Speaker 354 by BlueRiver Outfitters delivers dependable performance with quality materials and thoughtful design. It is well suited for everyday use in the office supplies category, offering a strong balance of value and functionality.",Office Supplies,"Modern, Ergonomic, Rechargeable, Lightweight, Giftable",44.47,2.0,370,1860,2023-11-10,8970
https://example.com/images/wireless_graphic_t-shirt_161.jpg,Wireless Graphic T-Shirt 161,SilverLine Electronics,"The Wireless Graphic T-Shirt 161 by SilverLine Electronics delivers dependable performance with quality materials and thoughtful design. It is well suited for everyday use in the electronics category, offering a strong balance of value and functionality.",Electronics,"New Arrival, Bestseller, Modern, Giftable, Lightweight",506.1,2.31,4520,812,2016-05-10,27402
https://example.com/images/smart_science_fiction_novel_434.jpg,Smart Science Fiction Novel 434,BrightLeaf Publishing,"The Smart Science Fiction Novel 434 by BrightLeaf Publishing delivers dependable performance with quality materials and thoughtful design. It is well suited for everyday use in the books category, offering a strong balance of value and functionality.",Books,"Modern, Bestseller, Giftable, Durable, Premium",277.57,3.57,8296,1457,2019-12-25,29452
https://example.com/images/premium_bluetooth_speaker_927.jpg,Premium Bluetooth Speaker 927,Summit Gear Co.,"The Premium Bluetooth Speaker 927 by Summit Gear Co. delivers dependable performance with quality materials and thoughtful design. It is well suited for everyday use in the books category, offering a strong balance of value and functionality.",Books,"Premium, Durable, Versatile, Portable, Ergonomic",668.43,2.55,2411,695,2016-02-14,13070
https://example.com/images/compact_running_shoes_381.jpg,Compact Running Shoes 381,BrightLeaf Publishing,"The Compact Running Shoes 381 by BrightLeaf Publishing delivers dependable performance with quality materials and thoughtful design. It is well suited for everyday use in the office supplies category, offering a strong balance of value and functionality.",Office Supplies,"Bestseller, Waterproof, Essential, Giftable, Modern",335.65,2.63,9139,1007,2016-10-01,31504
https://example.com/images/wireless_bluetooth_speaker_392.jpg,Wireless Bluetooth Speaker 392,UrbanNest,"The Wireless Bluetooth Speaker 392 by UrbanNest delivers dependable performance with quality materials and thoughtful design. It is well suited for everyday use in the electronics category, offering a strong balance of value and functionality.",Electronics,"Compact, Giftable, New Arrival, Waterproof, Portable",740.27,2.25,3440,513,2021-03-05,19219
https://example.com/images/portable_office_chair_974.jpg,Portable Office Chair 974,NorthPeak,"The Portable Office Chair 974 by NorthPeak delivers dependable performance with quality materials and thoughtful design. It is well suited for everyday use in the office supplies category, offering a strong balance of value and functionality.",Office Supplies,"Waterproof, Lightweight, New Arrival, Versatile, Durable",455.24,2.93,1111,1976,2021-12-31,17171
https://example.com/images/professional_external_hard_drive_586.jpg,Professional External Hard Drive 586,SilverLine Electronics,"The Professional External Hard Drive 586 by SilverLine Electronics delivers dependable performance with quality materials and thoughtful design. It is well suited for everyday use in the books category, offering a strong balance of value and functionality.",Books,"Essential, Ergonomic, Versatile, Limited Edition, Lightweight",206.93,4.16,8298,1259,2017-10-22,11028
https://example.com/images/wireless_stainless_steel_water_bottle_469.jpg,Wireless Stainless Steel Water Bottle 469,BlueRiver Outfitters,"The Wireless Stainless Steel Water Bottle 469 by BlueRiver Outfitters delivers dependable performance with quality materials and thoughtful design. It is well suited for everyday use in the home & kitchen category, offering a strong balance of value and functionality.",Home & Kitchen,"Bestseller, Ergonomic, Giftable, Modern, Limited Edition",442.41,1.71,4191,228,2020-05-30,6934
https://example.com/images/ultra_stainless_steel_water_bottle_510.jpg,Ultra Stainless Steel Water Bottle 510,BrightLeaf Publishing,"The Ultra Stainless Steel Water Bottle 510 by BrightLeaf Publishing delivers dependable performance with quality materials and thoughtful design. It is well suited for everyday use in the books category, offering a strong balance of value and functionality.",Books,"Rechargeable, Limited Edition, Giftable, New Arrival, Premium",516.36,1.11,2430,1062,2018-12-21,11030
https://example.com/images/professional_4k_monitor_552.jpg,Professional 4K Monitor 552,BrightLeaf Publishing,"The Professional 4K Monitor 552 by BrightLeaf Publishing delivers dependable performance with quality materials and thoughtful design. It is well suited for everyday use in the books category, offering a strong balance of value and functionality.",Books,"New Arrival, Versatile, Giftable, Waterproof, Essential",175.05,2.0,7990,131,2023-03-20,27415
https://example.com/images/professional_graphic_t-shirt_568.jpg,Professional Graphic T-Shirt 568,BrightLeaf Publishing,"The Professional Graphic T-Shirt 568 by BrightLeaf Publishing delivers dependable performance with quality materials and thoughtful design. It is well suited for everyday use in the office supplies category, offering a strong balance of value and functionality.",Office Supplies,"Bestseller, Compact, Limited Edition, Lightweight, New Arrival",319.4,4.86,8304,1083,2018-02-25,11038
https://example.com/images/advanced_fitness_tracker_232.jpg,Advanced Fitness Tracker 232,BlueRiver Outfitters,"The Advanced Fitness Tracker 232 by BlueRiver Outfitters delivers dependable performance with quality materials and thoughtful design. It is well suited for everyday use in the sports & outdoors category, offering a strong balance of value and functionality.",Sports & Outdoors,"New Arrival, Modern, Lightweight, Essential, Premium",431.17,3.79,9989,350,2025-01-30,21278
https://example.com/images/eco_stainless_steel_water_bottle_161.jpg,Eco Stainless Steel Water Bottle 161,Summit Gear Co.,"The Eco Stainless Steel Water Bottle 161 by Summit Gear Co. delivers dependable performance with quality materials and thoughtful design. It is well suited for everyday use in the sports & outdoors category, offering a strong balance of value and functionality.",Sports & Outdoors,"Ergonomic, Bestseller, Versatile, Lightweight, Modern",772.77,1.5,2423,382,2020-08-28,13089
https://example.com/images/classic_noise_cancelling_headphones_941.jpg,Classic Noise Cancelling Headphones 941,NorthPeak,"The Classic Noise Cancelling Headphones 941 by NorthPeak delivers dependable performance with quality materials and thoughtful design. It is well suited for everyday use in the clothing category, offering a strong balance of value and functionality.",Clothing,"Modern, Wireless, Essential, Versatile, Waterproof",445.97,1.69,4176,1347,2018-02-21,8995
https://example.com/images/wireless_cookware_set_943.jpg,Wireless Cookware Set 943,SilverLine Electronics,"The Wireless Cookware Set 943 by SilverLine Electronics delivers dependable performance with quality materials and thoughtful design. It is well suited for everyday use in the home & kitchen category, offering a strong balance of value and functionality.",Home & Kitchen,"Rechargeable, Lightweight, Waterproof, Modern, Portable",605.98,2.75,9660,1168,2020-07-24,29476
https://example.com/images/professional_cookbook_132.jpg,Professional Cookbook 132,UrbanNest,"The Professional Cookbook 132 by UrbanNest delivers dependable performance with quality materials and thoughtful design. It is well suited for everyday use in the office supplies category, offering a strong balance of value and functionality.",Office Supplies,"Limited Edition, Versatile, Durable, Essential, Portable",421.69,2.12,5410,1703,2020-03-24,25387
https://example.com/images/eco_external_hard_drive_199.jpg,Eco External Hard Drive 199,SilverLine Electronics,"The Eco External Hard Drive 199 by SilverLine Electronics delivers dependable performance with quality materials and thoughtful design. It is well suited for everyday use in the office supplies category, offering a strong balance of value and functionality.",Office Supplies,"Wireless, Premium, Essential, Waterproof, Durable",271.88,4.8,1320,1392,2020-06-28,13101
https://example.com/images/portable_running_shoes_546.jpg,Portable Running Shoes 546,Horizon Tech,"The Portable Running Shoes 546 by Horizon Tech delivers dependable performance with quality materials and thoughtful design. It is well suited for everyday use in the clothing category, offering a strong balance of value and functionality.",Clothing,"Wireless, Portable, Ergonomic, Durable, Compact",705.87,1.35,3714,245,2025-01-27,11057
https://example.com/images/advanced_cookbook_455.jpg,Advanced Cookbook 455,UrbanNest,"The Advanced Cookbook 455 by UrbanNest delivers dependable performance with quality materials and thoughtful design. It is well suited for everyday use in the electronics category, offering a strong balance of value and functionality.",Electronics,"Limited Edition, Portable, Waterproof, Giftable, Compact",131.64,2.23,8258,436,2022-10-08,2866
https://example.com/images/wireless_gaming_mouse_967.jpg,Wireless Gaming Mouse 967,BrightLeaf Publishing,"The Wireless Gaming Mouse 967 by BrightLeaf Publishing delivers dependable performance with quality materials and thoughtful design. It is well suited for everyday use in the home & kitchen category, offering a strong balance of value and functionality.",Home & Kitchen,"Premium, Modern, Bestseller, Wireless, Lightweight",396.53,1.28,8861,805,2020-04-25,27448
https://example.com/images/portable_science_fiction_novel_124.jpg,Portable Science Fiction Novel 124,UrbanNest,"The Portable Science Fiction Novel 124 by UrbanNest delivers dependable performance with quality materials and thoughtful design. It is well suited for everyday use in the home & kitchen category, offering a strong balance of value and functionality.",Home & Kitchen,"Essential, Bestseller, Modern, Versatile, Compact",645.93,1.08,4309,337,2024-05-01,27450
https://example.com/images/smart_action_camera_325.jpg,Smart Action Camera 325,SilverLine Electronics,"The Smart Action Camera 325 by SilverLine Electronics delivers dependable performance with quality materials and thoughtful design. It is well suited for everyday use in the home & kitchen category, offering a strong balance of value and functionality.",Home & Kitchen,"Premium, New Arrival, Essential, Durable, Wireless",55.93,1.7,548,703,2016-12-15,17210
https://example.com/images/premium_mechanical_keyboard_615.jpg,Premium Mechanical Keyboard 615,Maple Street Press,"The Premium Mechanical Keyboard 615 by Maple Street Press delivers dependable performance with quality materials and thoughtful design. It is well suited for everyday use in the electronics category, offering a strong balance of value and functionality.",Electronics,"Versatile, Giftable, Essential, Bestseller, Rechargeable",296.68,4.96,4176,42,2017-08-18,13115
https://example.com/images/smart_stainless_steel_water_bottle_463.jpg,Smart Stainless Steel Water Bottle 463,SilverLine Electronics,"The Smart Stainless Steel Water Bottle 463 by SilverLine Electronics delivers dependable performance with quality materials and thoughtful design. It is well suited for everyday use in the electronics category, offering a strong balance of value and functionality.",Electronics,"Lightweight, Limited Edition, Wireless, Ergonomic, Waterproof",497.06,1.73,6451,1238,2016-01-30,13117
https://example.com/images/premium_yoga_mat_901.jpg,Premium Yoga Mat 901,Maple Street Press,"The Premium Yoga Mat 901 by Maple Street Press delivers dependable performance with quality materials and thoughtful design. It is well suited for everyday use in the office supplies category, offering a strong balance of value and functionality.",Office Supplies,"Limited Edition, Giftable, Portable, Essential, Versatile",663.38,1.66,4628,564,2021-11-11,25410
https://example.com/images/ultra_action_camera_392.jpg,Ultra Action Camera 392,Maple Street Press,"The Ultra Action Camera 392 by Maple Street Press delivers dependable performance with quality materials and thoughtful design. It is well suited for everyday use in the clothing category, offering a strong balance of value and functionality.",Clothing,"New Arrival, Premium, Bestseller, Limited Edition, Essential",97.22,4.42,8542,1136,2023-04-21,23363
https://example.com/images/portable_yoga_mat_951.jpg,Portable Yoga Mat 951,NorthPeak,"The Portable Yoga Mat 951 by NorthPeak delivers dependable performance with quality materials and thoughtful design. It is well suited for everyday use in the books category, offering a strong balance of value and functionality.",Books,"Giftable, Durable, Rechargeable, Ergonomic, Bestseller",346.54,1.31,8361,1393,2025-04-29,11076
https://example.com/images/classic_action_camera_338.jpg,Classic Action Camera 338,BlueRiver Outfitters,"The Classic Action Camera 338 by BlueRiver Outfitters delivers dependable performance with quality materials and thoughtful design. It is well suited for everyday use in the clothing category, offering a strong balance of value and functionality.",Clothing,"Lightweight, Bestseller, Essential, Limited Edition, Waterproof",587.27,4.66,38,938,2019-06-21,25412
https://example.com/images/wireless_backpack_628.jpg,Wireless Backpack 628,NorthPeak,"The Wireless Backpack 628 by NorthPeak delivers dependable performance with quality materials and thoughtful design. It is well suited for everyday use in the home & kitchen category, offering a strong balance of value and functionality.",Home & Kitchen,"Wireless, Versatile, Limited Edition, Ergonomic, Bestseller",529.37,2.59,3623,1921,2024-02-02,29508
https://example.com/images/compact_gaming_mouse_584.jpg,Compact Gaming Mouse 584,BlueRiver Outfitters,"The Compact Gaming Mouse 584 by BlueRiver Outfitters delivers dependable performance with quality materials and thoughtful design. It is well suited for everyday use in the clothing category, offering a strong balance of value and functionality.",Clothing,"Limited Edition, Versatile, Ergonomic, Rechargeable, Bestseller",713.77,1.37,2933,838,2018-10-24,11077
https://example.com/images/professional_cookware_set_990.jpg,Professional Cookware Set 990,Horizon Tech,"The Professional Cookware Set 990 by Horizon Tech delivers dependable performance with quality materials and thoughtful design. It is well suited for everyday use in the electronics category, offering a strong balance of value and functionality.",Electronics,"Compact, Versatile, Giftable, Bestseller, Premium",327.18,2.78,3819,131,2019-06-20,2892
https://example.com/images/ultra_cookware_set_531.jpg,Ultra Cookware Set 531,NorthPeak,"The Ultra Cookware Set 531 by NorthPeak delivers dependable performance with quality materials and thoughtful design. It is well suited for everyday use in the books category, offering a strong balance of value and functionality.",Books,"New Arrival, Essential, Ergonomic, Portable, Lightweight",487.97,4.83,4251,792,2018-02-23,9037
https://example.com/images/professional_bluetooth_speaker_708.jpg,Professional Bluetooth Speaker 708,Summit Gear Co.,"The Professional Bluetooth Speaker 708 by Summit Gear Co. delivers dependable performance with quality materials and thoughtful design. It is well suited for everyday use in the office supplies category, offering a strong balance of value and functionality.",Office Supplies,"Wireless, Ergonomic, Waterproof, Lightweight, Rechargeable",790.33,1.74,8739,1005,2025-09-16,17231
https://example.com/images/classic_smartphone_stand_803.jpg,Classic Smartphone Stand 803,SilverLine Electronics,"The Classic Smartphone Stand 803 by SilverLine Electronics delivers dependable performance with quality materials and thoughtful design. It is well suited for everyday use in the clothing category, offering a strong balance of value and functionality.",Clothing,"Wireless, Waterproof, New Arrival, Portable, Giftable",656.89,3.97,5245,709,2020-10-23,19284
https://example.com/images/wireless_running_shoes_284.jpg,Wireless Running Shoes 284,BlueRiver Outfitters,"The Wireless Running Shoes 284 by BlueRiver Outfitters delivers dependable performance with quality materials and thoughtful design. It is well suited for everyday use in the clothing category, offering a strong balance of value and functionality.",Clothing,"Durable, Lightweight, Portable, Giftable, Bestseller",610.78,4.21,5250,765,2016-01-28,13142
https://example.com/images/portable_electric_kettle_746.jpg,Portable Electric Kettle 746,Summit Gear Co.,"The Portable Electric Kettle 746 by Summit Gear Co. delivers dependable performance with quality materials and thoughtful design. It is well suited for everyday use in the home & kitchen category, offering a strong balance of value and functionality.",Home & Kitchen,"Modern, Bestseller, Portable, Waterproof, Compact",451.07,2.03,5807,1767,2018-07-03,31577
https://example.com/images/smart_running_shoes_182.jpg,Smart Running Shoes 182,NorthPeak,"The Smart Running Shoes 182 by NorthPeak delivers dependable performance with quality materials and thoughtful design. It is well suited for everyday use in the electronics category, offering a strong balance of value and functionality.",Electronics,"Limited Edition, New Arrival, Premium, Portable, Rechargeable",611.09,4.27,1896,1012,2018-08-03,15194
https://example.com/images/professional_cookbook_145.jpg,Professional Cookbook 145,UrbanNest,"The Professional Cookbook 145 by UrbanNest delivers dependable performance with quality materials and thoughtful design. It is well suited for everyday use in the sports & outdoors category, offering a strong balance of value and functionality.",Sports & Outdoors,"Lightweight, Giftable, Waterproof, Rechargeable, Premium",362.17,2.89,7359,853,2019-09-10,11103
https://example.com/images/smart_office_chair_776.jpg,Smart Office Chair 776,BrightLeaf Publishing,"The Smart Office Chair 776 by BrightLeaf Publishing delivers dependable performance with quality materials and thoughtful design. It is well suited for everyday use in the electronics category, offering a strong balance of value and functionality.",Electronics,"Rechargeable, Limited Edition, Essential, New Arrival, Durable",130.21,3.08,9769,103,2016-05-13,25441
https://example.com/images/classic_cookbook_348.jpg,Classic Cookbook 348,Summit Gear Co.,"The Classic Cookbook 348 by Summit Gear Co. delivers dependable performance with quality materials and thoughtful design. It is well suited for everyday use in the books category, offering a strong balance of value and functionality.",Books,"Compact, Portable, Premium, Giftable, Versatile",463.45,1.88,9143,698,2018-10-31,11105
https://example.com/images/wireless_smartphone_stand_145.jpg,Wireless Smartphone Stand 145,NorthPeak,"The Wireless Smartphone Stand 145 by NorthPeak delivers dependable performance with quality materials and thoughtful design. It is well suited for everyday use in the office supplies category, offering a strong balance of value and functionality.",Office Supplies,"Bestseller, Durable, Wireless, Versatile, Limited Edition",54.18,1.87,245,1672,2024-09-27,9058
https://example.com/images/compact_cookbook_222.jpg,Compact Cookbook 222,Maple Street Press,"The Compact Cookbook 222 by Maple Street Press delivers dependable performance with quality materials and thoughtful design. It is well suited for everyday use in the home & kitchen category, offering a strong balance of value and functionality.",Home & Kitchen,"Wireless, Compact, New Arrival, Essential, Modern",643.98,4.62,3786,1102,2017-02-23,4963
https://example.com/images/classic_running_shoes_211.jpg,Classic Running Shoes 211,BrightLeaf Publishing,"The Classic Running Shoes 211 by BrightLeaf Publishing delivers dependable performance with quality materials and thoughtful design. It is well suited for everyday use in the books category, offering a strong balance of value and functionality.",Books,"Premium, Bestseller, Rechargeable, Portable, Compact",184.51,1.98,7336,623,2022-06-10,9059
https://example.com/images/compact_led_desk_lamp_467.jpg,Compact LED Desk Lamp 467,BlueRiver Outfitters,"The Compact LED Desk Lamp 467 by BlueRiver Outfitters delivers dependable performance with quality materials and thoughtful design. It is well suited for everyday use in the sports & outdoors category, offering a strong balance of value and functionality.",Sports & Outdoors,"Rechargeable, Versatile, Giftable, Lightweight, Portable",757.63,4.67,4680,1456,2021-10-23,21354
https://example.com/images/advanced_cookware_set_366.jpg,Advanced Cookware Set 366,UrbanNest,"The Advanced Cookware Set 366 by UrbanNest delivers dependable performance with quality materials and thoughtful design. It is well suited for everyday use in the home & kitchen category, offering a strong balance of value and functionality.",Home & Kitchen,"Portable, Compact, Bestseller, Ergonomic, Modern",343.41,1.9,3909,104,2019-08-14,29550
https://example.com/images/compact_led_desk_lamp_646.jpg,Compact LED Desk Lamp 646,Summit Gear Co.,"The Compact LED Desk Lamp 646 by Summit Gear Co. delivers dependable performance with quality materials and thoughtful design. It is well suited for everyday use in the clothing category, offering a strong balance of value and functionality.",Clothing,"Bestseller, New Arrival, Wireless, Essential, Lightweight",43.71,3.72,157,840,2017-01-18,27503
https://example.com/images/wireless_backpack_792.jpg,Wireless Backpack 792,Horizon Tech,"The Wireless Backpack 792 by Horizon Tech delivers dependable performance with quality materials and thoughtful design. It is well suited for everyday use in the clothing category, offering a strong balance of value and functionality.",Clothing,"Rechargeable, New Arrival, Versatile, Premium, Portable",538.86,4.36,8008,632,2017-10-28,27508
https://example.com/images/smart_fitness_tracker_895.jpg,Smart Fitness Tracker 895,Maple Street Press,"The Smart Fitness Tracker 895 by Maple Street Press delivers dependable performance with quality materials and thoughtful design. It is well suited for everyday use in the sports & outdoors category, offering a strong balance of value and functionality.",Sports & Outdoors,"Portable, Limited Edition, Rechargeable, New Arrival, Compact",539.93,3.39,9742,813,2022-08-18,11124
https://example.com/images/eco_graphic_t-shirt_811.jpg,Eco Graphic T-Shirt 811,BlueRiver Outfitters,"The Eco Graphic T-Shirt 811 by BlueRiver Outfitters delivers dependable performance with quality materials and thoughtful design. It is well suited for everyday use in the office supplies category, offering a strong balance of value and functionality.",Office Supplies,"Portable, Essential, Durable, Premium, Bestseller",354.85,3.86,2834,654,2018-12-19,17270
https://example.com/images/compact_running_shoes_243.jpg,Compact Running Shoes 243,Summit Gear Co.,"The Compact Running Shoes 243 by Summit Gear Co. delivers dependable performance with quality materials and thoughtful design. It is well suited for everyday use in the sports & outdoors category, offering a strong balance of value and functionality.",Sports & Outdoors,"Giftable, Versatile, Rechargeable, Limited Edition, Wireless",726.44,1.31,3622,545,2018-08-05,23416
https://example.com/images/advanced_office_chair_778.jpg,Advanced Office Chair 778,SilverLine Electronics,"The Advanced Office Chair 778 by SilverLine Electronics delivers dependable performance with quality materials and thoughtful design. It is well suited for everyday use in the sports & outdoors category, offering a strong balance of value and functionality.",Sports & Outdoors,"Lightweight, Ergonomic, Portable, Durable, Versatile",10.14,3.92,247,1031,2024-07-09,15224
https://example.com/images/smart_4k_monitor_990.jpg,Smart 4K Monitor 990,BlueRiver Outfitters,"The Smart 4K Monitor 990 by BlueRiver Outfitters delivers dependable performance with quality materials and thoughtful design. It is well suited for everyday use in the sports & outdoors category, offering a strong balance of value and functionality.",Sports & Outdoors,"Durable, Bestseller, Limited Edition, Versatile, Giftable",575.99,2.6,6761,1625,2019-01-08,31609
https://example.com/images/eco_led_desk_lamp_504.jpg,Eco LED Desk Lamp 504,BlueRiver Outfitters,"The Eco LED Desk Lamp 504 by BlueRiver Outfitters delivers dependable performance with quality materials and thoughtful design. It is well suited for everyday use in the electronics category, offering a strong balance of value and functionality.",Electronics,"Durable, Versatile, Compact, Waterproof, Rechargeable",379.72,1.21,3262,1426,2019-09-06,31610
https://example.com/images/eco_cookware_set_286.jpg,Eco Cookware Set 286,NorthPeak,"The Eco Cookware Set 286 by NorthPeak delivers dependable performance with quality materials and thoughtful design. It is well suited for everyday use in the home & kitchen category, offering a strong balance of value and functionality.",Home & Kitchen,"Wireless, Giftable, Durable, Essential, Modern",679.37,4.52,7708,415,2023-08-04,17275
https://example.com/images/eco_noise_cancelling_headphones_675.jpg,Eco Noise Cancelling Headphones 675,BrightLeaf Publishing,"The Eco Noise Cancelling Headphones 675 by BrightLeaf Publishing delivers dependable performance with quality materials and thoughtful design. It is well suited for everyday use in the books category, offering a strong balance of value and functionality.",Books,"Versatile, Limited Edition, Ergonomic, Giftable, Durable",106.94,4.66,3559,1637,2019-06-19,2942
https://example.com/images/wireless_backpack_773.jpg,Wireless Backpack 773,Summit Gear Co.,"The Wireless Backpack 773 by Summit Gear Co. delivers dependable performance with quality materials and thoughtful design. It is well suited for everyday use in the electronics category, offering a strong balance of value and functionality.",Electronics,"Versatile, Portable, Wireless, Limited Edition, Modern",573.74,4.21,8621,1046,2021-11-15,894
https://example.com/images/smart_fitness_tracker_939.jpg,Smart Fitness Tracker 939,BrightLeaf Publishing,"The Smart Fitness Tracker 939 by BrightLeaf Publishing delivers dependable performance with quality materials and thoughtful design. It is well suited for everyday use in the clothing category, offering a strong balance of value and functionality.",Clothing,"Essential, Ergonomic, Modern, New Arrival, Limited Edition",127.42,2.6,1263,1902,2017-05-26,27518
https://example.com/images/premium_graphic_t-shirt_485.jpg,Premium Graphic T-Shirt 485,NorthPeak,"The Premium Graphic T-Shirt 485 by NorthPeak delivers dependable performance with quality materials and thoughtful design. It is well suited for everyday use in the books category, offering a strong balance of value and functionality.",Books,"New Arrival, Rechargeable, Ergonomic, Versatile, Bestseller",534.33,4.05,3839,975,2025-05-17,9089
https://example.com/images/portable_led_desk_lamp_238.jpg,Portable LED Desk Lamp 238,Maple Street Press,"The Portable LED Desk Lamp 238 by Maple Street Press delivers dependable performance with quality materials and thoughtful design. It is well suited for everyday use in the clothing category, offering a strong balance of value and functionality.",Clothing,"Portable, Rechargeable, Versatile, Waterproof, Modern",58.24,4.69,4107,1218,2022-09-07,27521
https://example.com/images/portable_graphic_t-shirt_710.jpg,Portable Graphic T-Shirt 710,Summit Gear Co.,"The Portable Graphic T-Shirt 710 by Summit Gear Co. delivers dependable performance with quality materials and thoughtful design. It is well suited for everyday use in the electronics category, offering a strong balance of value and functionality.",Electronics,"Durable, Premium, Bestseller, New Arrival, Ergonomic",629.11,4.16,8934,1724,2021-02-27,15233
https://example.com/images/professional_gaming_mouse_786.jpg,Professional Gaming Mouse 786,Summit Gear Co.,"The Professional Gaming Mouse 786 by Summit Gear Co. delivers dependable performance with quality materials and thoughtful design. It is well suited for everyday use in the clothing category, offering a strong balance of value and functionality.",Clothing,"Lightweight, Rechargeable, Versatile, Limited Edition, Ergonomic",780.61,2.68,5847,1823,2025-06-17,4997
https://example.com/images/wireless_gaming_mouse_262.jpg,Wireless Gaming Mouse 262,Maple Street Press,"The Wireless Gaming Mouse 262 by Maple Street Press delivers dependable performance with quality materials and thoughtful design. It is well suited for everyday use in the books category, offering a strong balance of value and functionality.",Books,"Bestseller, Portable, Versatile, Compact, Rechargeable",550.75,1.33,7949,689,2020-08-04,31625
https://example.com/images/smart_running_shoes_329.jpg,Smart Running Shoes 329,Summit Gear Co.,"The Smart Running Shoes 329 by Summit Gear Co. delivers dependable performance with quality materials and thoughtful design. It is well suited for everyday use in the books category, offering a strong balance of value and functionality.",Books,"Lightweight, Compact, Versatile, Bestseller, Giftable",522.03,1.91,6125,1680,2024-04-04,21386
https://example.com/images/professional_smartphone_stand_510.jpg,Professional Smartphone Stand 510,SilverLine Electronics,"The Professional Smartphone Stand 510 by SilverLine Electronics delivers dependable performance with quality materials and thoughtful design. It is well suited for everyday use in the books category, offering a strong balance of value and functionality.",Books,"Ergonomic, Rechargeable, Limited Edition, Durable, Waterproof",490.76,2.1,4780,69,2021-05-13,29583
https://example.com/images/portable_bluetooth_speaker_584.jpg,Portable Bluetooth Speaker 584,BrightLeaf Publishing,"The Portable Bluetooth Speaker 584 by BrightLeaf Publishing delivers dependable performance with quality materials and thoughtful design. It is well suited for everyday use in the clothing category, offering a strong balance of value and functionality.",Clothing,"Waterproof, Portable, Essential, Limited Edition, New Arrival",114.65,2.57,4346,1353,2023-10-07,21391
https://example.com/images/eco_cookware_set_969.jpg,Eco Cookware Set 969,BrightLeaf Publishing,"The Eco Cookware Set 969 by BrightLeaf Publishing delivers dependable performance with quality materials and thoughtful design. It is well suited for everyday use in the home & kitchen category, offering a strong balance of value and functionality.",Home & Kitchen,"Compact, Lightweight, New Arrival, Limited Edition, Premium",637.65,1.52,505,28,2023-09-06,15250
https://example.com/images/classic_office_chair_724.jpg,Classic Office Chair 724,Summit Gear Co.,"The Classic Office Chair 724 by Summit Gear Co. delivers dependable performance with quality materials and thoughtful design. It is well suited for everyday use in the books category, offering a strong balance of value and functionality.",Books,"Lightweight, Portable, Giftable, Rechargeable, Modern",565.19,1.64,6118,687,2017-04-11,21401
https://example.com/images/advanced_gaming_mouse_281.jpg,Advanced Gaming Mouse 281,UrbanNest,"The Advanced Gaming Mouse 281 by UrbanNest delivers dependable performance with quality materials and thoughtful design. It is well suited for everyday use in the sports & outdoors category, offering a strong balance of value and functionality.",Sports & Outdoors,"Bestseller, Portable, Ergonomic, Premium, Durable",90.02,2.52,6028,1278,2020-09-21,25498
https://example.com/images/advanced_fitness_tracker_741.jpg,Advanced Fitness Tracker 741,Summit Gear Co.,"The Advanced Fitness Tracker 741 by Summit Gear Co. delivers dependable performance with quality materials and thoughtful design. It is well suited for everyday use in the electronics category, offering a strong balance of value and functionality.",Electronics,"Compact, Ergonomic, Versatile, Bestseller, Essential",583.54,4.34,6829,1241,2025-09-23,21407
https://example.com/images/portable_noise_cancelling_headphones_311.jpg,Portable Noise Cancelling Headphones 311,BlueRiver Outfitters,"The Portable Noise Cancelling Headphones 311 by BlueRiver Outfitters delivers dependable performance with quality materials and thoughtful design. It is well suited for everyday use in the books category, offering a strong balance of value and functionality.",Books,"Modern, Premium, Lightweight, Ergonomic, Compact",760.73,4.72,7017,1152,2020-03-12,5025
https://example.com/images/eco_smartphone_stand_390.jpg,Eco Smartphone Stand 390,Maple Street Press,"The Eco Smartphone Stand 390 by Maple Street Press delivers dependable performance with quality materials and thoughtful design. It is well suited for everyday use in the home & kitchen category, offering a strong balance of value and functionality.",Home & Kitchen,"Ergonomic, Limited Edition, Rechargeable, Premium, Durable",379.5,4.41,555,1238,2019-05-08,21410
https://example.com/images/classic_gaming_mouse_730.jpg,Classic Gaming Mouse 730,Maple Street Press,"The Classic Gaming Mouse 730 by Maple Street Press delivers dependable performance with quality materials and thoughtful design. It is well suited for everyday use in the clothing category, offering a strong balance of value and functionality.",Clothing,"Lightweight, Limited Edition, Modern, Wireless, Bestseller",186.17,2.84,1767,606,2025-06-26,27558
https://example.com/images/smart_gaming_mouse_391.jpg,Smart Gaming Mouse 391,BlueRiver Outfitters,"The Smart Gaming Mouse 391 by BlueRiver Outfitters delivers dependable performance with quality materials and thoughtful design. It is well suited for everyday use in the electronics category, offering a strong balance of value and functionality.",Electronics,"Versatile, Wireless, Lightweight, Modern, Essential",660.29,3.27,1774,191,2023-09-13,17320
https://example.com/images/classic_stainless_steel_water_bottle_411.jpg,Classic Stainless Steel Water Bottle 411,Summit Gear Co.,"The Classic Stainless Steel Water Bottle 411 by Summit Gear Co. delivers dependable performance with quality materials and thoughtful design. It is well suited for everyday use in the office supplies category, offering a strong balance of value and functionality.",Office Supplies,"Premium, Durable, Rechargeable, Giftable, Portable",195.84,1.09,1282,1156,2023-08-19,5033
https://example.com/images/compact_mechanical_keyboard_429.jpg,Compact Mechanical Keyboard 429,UrbanNest,"The Compact Mechanical Keyboard 429 by UrbanNest delivers dependable performance with quality materials and thoughtful design. It is well suited for everyday use in the office supplies category, offering a strong balance of value and functionality.",Office Supplies,"Lightweight, Versatile, Premium, Limited Edition, Essential",629.63,3.44,1517,1510,2016-12-04,15273
https://example.com/images/smart_gaming_mouse_820.jpg,Smart Gaming Mouse 820,NorthPeak,"The Smart Gaming Mouse 820 by NorthPeak delivers dependable performance with quality materials and thoughtful design. It is well suited for everyday use in the electronics category, offering a strong balance of value and functionality.",Electronics,"Bestseller, Premium, Rechargeable, Lightweight, Versatile",370.86,2.1,2575,952,2021-02-25,27563
https://example.com/images/advanced_science_fiction_novel_702.jpg,Advanced Science Fiction Novel 702,Summit Gear Co.,"The Advanced Science Fiction Novel 702 by Summit Gear Co. delivers dependable performance with quality materials and thoughtful design. It is well suited for everyday use in the sports & outdoors category, offering a strong balance of value and functionality.",Sports & Outdoors,"Waterproof, Rechargeable, Lightweight, Ergonomic, Portable",231.38,4.32,4712,185,2018-03-28,23468
https://example.com/images/compact_graphic_t-shirt_255.jpg,Compact Graphic T-Shirt 255,SilverLine Electronics,"The Compact Graphic T-Shirt 255 by SilverLine Electronics delivers dependable performance with quality materials and thoughtful design. It is well suited for everyday use in the sports & outdoors category, offering a strong balance of value and functionality.",Sports & Outdoors,"Essential, Wireless, Ergonomic, Giftable, Compact",213.26,4.05,7111,1290,2020-02-12,9134
https://example.com/images/advanced_external_hard_drive_624.jpg,Advanced External Hard Drive 624,NorthPeak,"The Advanced External Hard Drive 624 by NorthPeak delivers dependable performance with quality materials and thoughtful design. It is well suited for everyday use in the books category, offering a strong balance of value and functionality.",Books,"Compact, Giftable, Premium, Essential, Limited Edition",406.03,2.45,3356,1426,2022-02-14,15282
https://example.com/images/ultra_yoga_mat_995.jpg,Ultra Yoga Mat 995,NorthPeak,"The Ultra Yoga Mat 995 by NorthPeak delivers dependable performance with quality materials and thoughtful design. It is well suited for everyday use in the books category, offering a strong balance of value and functionality.",Books,"Portable, Versatile, Essential, Limited Edition, Lightweight",555.62,1.29,4381,1594,2019-05-07,9141
https://example.com/images/advanced_science_fiction_novel_273.jpg,Advanced Science Fiction Novel 273,Horizon Tech,"The Advanced Science Fiction Novel 273 by Horizon Tech delivers dependable performance with quality materials and thoughtful design. It is well suited for everyday use in the sports & outdoors category, offering a strong balance of value and functionality.",Sports & Outdoors,"Bestseller, Rechargeable, Durable, Wireless, Waterproof",488.85,3.09,6903,33,2016-11-30,21434
https://example.com/images/eco_mechanical_keyboard_227.jpg,Eco Mechanical Keyboard 227,Summit Gear Co.,"The Eco Mechanical Keyboard 227 by Summit Gear Co. delivers dependable performance with quality materials and thoughtful design. It is well suited for everyday use in the sports & outdoors category, offering a strong balance of value and functionality.",Sports & Outdoors,"Durable, Giftable, Waterproof, Ergonomic, Rechargeable",670.07,1.37,228,1204,2017-07-25,9146
https://example.com/images/compact_mechanical_keyboard_702.jpg,Compact Mechanical Keyboard 702,BlueRiver Outfitters,"The Compact Mechanical Keyboard 702 by BlueRiver Outfitters delivers dependable performance with quality materials and thoughtful design. It is well suited for everyday use in the clothing category, offering a strong balance of value and functionality.",Clothing,"Giftable, Compact, Wireless, Versatile, Premium",625.45,3.04,8218,1598,2023-09-29,25531
https://example.com/images/classic_noise_cancelling_headphones_122.jpg,Classic Noise Cancelling Headphones 122,BlueRiver Outfitters,"The Classic Noise Cancelling Headphones 122 by BlueRiver Outfitters delivers dependable performance with quality materials and thoughtful design. It is well suited for everyday use in the office supplies category, offering a strong balance of value and functionality.",Office Supplies,"Bestseller, Compact, Modern, Limited Edition, Portable",597.91,4.85,305,1659,2022-02-05,3004
https://example.com/images/classic_fitness_tracker_926.jpg,Classic Fitness Tracker 926,SilverLine Electronics,"The Classic Fitness Tracker 926 by SilverLine Electronics delivers dependable performance with quality materials and thoughtful design. It is well suited for everyday use in the home & kitchen category, offering a strong balance of value and functionality.",Home & Kitchen,"Versatile, Ergonomic, Modern, Compact, Essential",570.69,4.66,6232,61,2019-06-12,25532
https://example.com/images/advanced_electric_kettle_185.jpg,Advanced Electric Kettle 185,BrightLeaf Publishing,"The Advanced Electric Kettle 185 by BrightLeaf Publishing delivers dependable performance with quality materials and thoughtful design. It is well suited for everyday use in the sports & outdoors category, offering a strong balance of value and functionality.",Sports & Outdoors,"Ergonomic, Modern, Bestseller, Limited Edition, Durable",145.25,4.6,6701,1535,2021-09-02,957
https://example.com/images/portable_gaming_mouse_429.jpg,Portable Gaming Mouse 429,BrightLeaf Publishing,"The Portable Gaming Mouse 429 by BrightLeaf Publishing delivers dependable performance with quality materials and thoughtful design. It is well suited for everyday use in the sports & outdoors category, offering a strong balance of value and functionality.",Sports & Outdoors,"New Arrival, Modern, Limited Edition, Bestseller, Portable",68.31,3.77,1032,372,2018-03-31,21438
https://example.com/images/portable_fitness_tracker_635.jpg,Portable Fitness Tracker 635,BrightLeaf Publishing,"The Portable Fitness Tracker 635 by BrightLeaf Publishing delivers dependable performance with quality materials and thoughtful design. It is well suited for everyday use in the clothing category, offering a strong balance of value and functionality.",Clothing,"Rechargeable, Wireless, Essential, Bestseller, Giftable",209.3,2.97,3975,696,2025-12-04,29631
https://example.com/images/professional_smartphone_stand_434.jpg,Professional Smartphone Stand 434,Horizon Tech,"The Professional Smartphone Stand 434 by Horizon Tech delivers dependable performance with quality materials and thoughtful design. It is well suited for everyday use in the books category, offering a strong balance of value and functionality.",Books,"Waterproof, New Arrival, Portable, Modern, Wireless",25.78,1.72,759,964,2022-04-23,25537
https://example.com/images/ultra_gaming_mouse_914.jpg,Ultra Gaming Mouse 914,BlueRiver Outfitters,"The Ultra Gaming Mouse 914 by BlueRiver Outfitters delivers dependable performance with quality materials and thoughtful design. It is well suited for everyday use in the clothing category, offering a strong balance of value and functionality.",Clothing,"Limited Edition, Waterproof, Wireless, Rechargeable, New Arrival",540.56,2.19,4516,1534,2017-08-03,9160
https://example.com/images/wireless_external_hard_drive_550.jpg,Wireless External Hard Drive 550,NorthPeak,"The Wireless External Hard Drive 550 by NorthPeak delivers dependable performance with quality materials and thoughtful design. It is well suited for everyday use in the sports & outdoors category, offering a strong balance of value and functionality.",Sports & Outdoors,"Versatile, Limited Edition, Rechargeable, Giftable, Essential",616.34,1.44,5284,485,2022-09-03,3016
https://example.com/images/classic_yoga_mat_423.jpg,Classic Yoga Mat 423,Horizon Tech,"The Classic Yoga Mat 423 by Horizon Tech delivers dependable performance with quality materials and thoughtful design. It is well suited for everyday use in the office supplies category, offering a strong balance of value and functionality.",Office Supplies,"Bestseller, Premium, Portable, Ergonomic, Wireless",312.7,2.3,9184,527,2020-02-17,11208
https://example.com/images/advanced_graphic_t-shirt_973.jpg,Advanced Graphic T-Shirt 973,SilverLine Electronics,"The Advanced Graphic T-Shirt 973 by SilverLine Electronics delivers dependable performance with quality materials and thoughtful design. It is well suited for everyday use in the home & kitchen category, offering a strong balance of value and functionality.",Home & Kitchen,"Giftable, Lightweight, Ergonomic, Bestseller, Limited Edition",312.79,2.16,3671,1979,2021-11-18,31689
https://example.com/images/eco_external_hard_drive_944.jpg,Eco External Hard Drive 944,Maple Street Press,"The Eco External Hard Drive 944 by Maple Street Press delivers dependable performance with quality materials and thoughtful design. It is well suited for everyday use in the books category, offering a strong balance of value and functionality.",Books,"Lightweight, Premium, Versatile, Essential, Durable",511.71,1.57,5593,1822,2017-02-13,9162
https://example.com/images/portable_electric_kettle_772.jpg,Portable Electric Kettle 772,Summit Gear Co.,"The Portable Electric Kettle 772 by Summit Gear Co. delivers dependable performance with quality materials and thoughtful design. It is well suited for everyday use in the office supplies category, offering a strong balance of value and functionality.",Office Supplies,"Waterproof, Modern, Ergonomic, Lightweight, New Arrival",10.76,1.6,3625,961,2020-05-19,25546
https://example.com/images/classic_cookbook_513.jpg,Classic Cookbook 513,Summit Gear Co.,"The Classic Cookbook 513 by Summit Gear Co. delivers dependable performance with quality materials and thoughtful design. It is well suited for everyday use in the books category, offering a strong balance of value and functionality.",Books,"Portable, Premium, Compact, Durable, Waterproof",279.57,1.86,7316,1599,2025-07-22,23499
https://example.com/images/portable_mechanical_keyboard_808.jpg,Portable Mechanical Keyboard 808,BrightLeaf Publishing,"The Portable Mechanical Keyboard 808 by BrightLeaf Publishing delivers dependable performance with quality materials and thoughtful design. It is well suited for everyday use in the home & kitchen category, offering a strong balance of value and functionality.",Home & Kitchen,"Essential, Wireless, Portable, Limited Edition, Bestseller",395.73,2.03,9249,1591,2022-08-25,23501
https://example.com/images/professional_cookware_set_901.jpg,Professional Cookware Set 901,SilverLine Electronics,"The Professional Cookware Set 901 by SilverLine Electronics delivers dependable performance with quality materials and thoughtful design. It is well suited for everyday use in the sports & outdoors category, offering a strong balance of value and functionality.",Sports & Outdoors,"Portable, Giftable, Essential, Ergonomic, Premium",639.02,2.76,6153,332,2016-04-20,9166
https://example.com/images/eco_mechanical_keyboard_715.jpg,Eco Mechanical Keyboard 715,UrbanNest,"The Eco Mechanical Keyboard 715 by UrbanNest delivers dependable performance with quality materials and thoughtful design. It is well suited for everyday use in the home & kitchen category, offering a strong balance of value and functionality.",Home & Kitchen,"Portable, Essential, Wireless, Compact, Modern",51.87,3.57,1734,1855,2024-09-20,27599
https://example.com/images/premium_running_shoes_818.jpg,Premium Running Shoes 818,UrbanNest,"The Premium Running Shoes 818 by UrbanNest delivers dependable performance with quality materials and thoughtful design. It is well suited for everyday use in the books category, offering a strong balance of value and functionality.",Books,"Rechargeable, Ergonomic, Modern, Giftable, Essential",132.97,2.95,2003,301,2021-12-23,11217
https://example.com/images/premium_led_desk_lamp_602.jpg,Premium LED Desk Lamp 602,Horizon Tech,"The Premium LED Desk Lamp 602 by Horizon Tech delivers dependable performance with quality materials and thoughtful design. It is well suited for everyday use in the electronics category, offering a strong balance of value and functionality.",Electronics,"Limited Edition, Rechargeable, Ergonomic, Waterproof, Giftable",289.28,3.31,814,992,2023-03-02,29650
https://example.com/images/advanced_4k_monitor_456.jpg,Advanced 4K Monitor 456,Summit Gear Co.,"The Advanced 4K Monitor 456 by Summit Gear Co. delivers dependable performance with quality materials and thoughtful design. It is well suited for everyday use in the sports & outdoors category, offering a strong balance of value and functionality.",Sports & Outdoors,"Bestseller, Portable, Essential, Waterproof, Compact",404.82,3.27,6474,1049,2018-04-07,979
https://example.com/images/wireless_running_shoes_230.jpg,Wireless Running Shoes 230,NorthPeak,"The Wireless Running Shoes 230 by NorthPeak delivers dependable performance with quality materials and thoughtful design. It is well suited for everyday use in the office supplies category, offering a strong balance of value and functionality.",Office Supplies,"Wireless, Limited Edition, Premium, Waterproof, Portable",248.59,2.95,6433,467,2025-12-30,27604
https://example.com/images/ultra_stainless_steel_water_bottle_349.jpg,Ultra Stainless Steel Water Bottle 349,NorthPeak,"The Ultra Stainless Steel Water Bottle 349 by NorthPeak delivers dependable performance with quality materials and thoughtful design. It is well suited for everyday use in the clothing category, offering a strong balance of value and functionality.",Clothing,"New Arrival, Lightweight, Wireless, Versatile, Limited Edition",305.95,2.46,2930,1784,2024-03-14,11220
https://example.com/images/advanced_noise_cancelling_headphones_212.jpg,Advanced Noise Cancelling Headphones 212,Summit Gear Co.,"The Advanced Noise Cancelling Headphones 212 by Summit Gear Co. delivers dependable performance with quality materials and thoughtful design. It is well suited for everyday use in the office supplies category, offering a strong balance of value and functionality.",Office Supplies,"Giftable, Versatile, Premium, Durable, Compact",139.81,1.19,9500,1488,2019-05-17,983
https://example.com/images/compact_stainless_steel_water_bottle_349.jpg,Compact Stainless Steel Water Bottle 349,BlueRiver Outfitters,"The Compact Stainless Steel Water Bottle 349 by BlueRiver Outfitters delivers dependable performance with quality materials and thoughtful design. It is well suited for everyday use in the clothing category, offering a strong balance of value and functionality.",Clothing,"Essential, Limited Edition, Versatile, Compact, Bestseller",681.71,2.79,2729,466,2021-04-08,31703
https://example.com/images/smart_led_desk_lamp_590.jpg,Smart LED Desk Lamp 590,Maple Street Press,"The Smart LED Desk Lamp 590 by Maple Street Press delivers dependable performance with quality materials and thoughtful design. It is well suited for everyday use in the home & kitchen category, offering a strong balance of value and functionality.",Home & Kitchen,"Versatile, Compact, Waterproof, Bestseller, Wireless",633.48,2.16,7325,1064,2022-01-11,29656
https://example.com/images/smart_4k_monitor_264.jpg,Smart 4K Monitor 264,SilverLine Electronics,"The Smart 4K Monitor 264 by SilverLine Electronics delivers dependable performance with quality materials and thoughtful design. It is well suited for everyday use in the clothing category, offering a strong balance of value and functionality.",Clothing,"Waterproof, New Arrival, Giftable, Rechargeable, Modern",700.37,4.97,9452,909,2023-01-05,7128
https://example.com/images/professional_stainless_steel_water_bottle_228.jpg,Professional Stainless Steel Water Bottle 228,Summit Gear Co.,"The Professional Stainless Steel Water Bottle 228 by Summit Gear Co. delivers dependable performance with quality materials and thoughtful design. It is well suited for everyday use in the home & kitchen category, offering a strong balance of value and functionality.",Home & Kitchen,"Portable, Compact, Limited Edition, Durable, Lightweight",265.98,4.39,9735,691,2022-06-20,9178
https://example.com/images/ultra_running_shoes_655.jpg,Ultra Running Shoes 655,BrightLeaf Publishing,"The Ultra Running Shoes 655 by BrightLeaf Publishing delivers dependable performance with quality materials and thoughtful design. It is well suited for everyday use in the books category, offering a strong balance of value and functionality.",Books,"Lightweight, Durable, Giftable, Premium, Rechargeable",778.41,3.04,7081,1033,2022-02-03,13274
https://example.com/images/professional_cookbook_468.jpg,Professional Cookbook 468,Maple Street Press,"The Professional Cookbook 468 by Maple Street Press delivers dependable performance with quality materials and thoughtful design. It is well suited for everyday use in the books category, offering a strong balance of value and functionality.",Books,"Premium, Versatile, New Arrival, Giftable, Rechargeable",302.28,4.51,8265,1006,2018-10-10,11227
https://example.com/images/professional_office_chair_253.jpg,Professional Office Chair 253,Horizon Tech,"The Professional Office Chair 253 by Horizon Tech delivers dependable performance with quality materials and thoughtful design. It is well suited for everyday use in the electronics category, offering a strong balance of value and functionality.",Electronics,"Portable, Waterproof, Giftable, Essential, Ergonomic",396.88,2.45,3679,1062,2024-11-25,13278
https://example.com/images/portable_stainless_steel_water_bottle_317.jpg,Portable Stainless Steel Water Bottle 317,BrightLeaf Publishing,"The Portable Stainless Steel Water Bottle 317 by BrightLeaf Publishing delivers dependable performance with quality materials and thoughtful design. It is well suited for everyday use in the home & kitchen category, offering a strong balance of value and functionality.",Home & Kitchen,"Compact, Bestseller, Rechargeable, Portable, Essential",469.97,3.63,5880,1529,2025-05-15,3040
https://example.com/images/classic_fitness_tracker_522.jpg,Classic Fitness Tracker 522,NorthPeak,"The Classic Fitness Tracker 522 by NorthPeak delivers dependable performance with quality materials and thoughtful design. It is well suited for everyday use in the electronics category, offering a strong balance of value and functionality.",Electronics,"Versatile, Wireless, Modern, Essential, Waterproof",438.52,2.09,2085,1886,2022-05-08,23520
https://example.com/images/portable_cookware_set_147.jpg,Portable Cookware Set 147,SilverLine Electronics,"The Portable Cookware Set 147 by SilverLine Electronics delivers dependable performance with quality materials and thoughtful design. It is well suited for everyday use in the office supplies category, offering a strong balance of value and functionality.",Office Supplies,"Compact, Durable, Ergonomic, Bestseller, Wireless",698.55,4.12,1595,880,2020-01-26,29664
https://example.com/images/portable_led_desk_lamp_248.jpg,Portable LED Desk Lamp 248,Summit Gear Co.,"The Portable LED Desk Lamp 248 by Summit Gear Co. delivers dependable performance with quality materials and thoughtful design. It is well suited for everyday use in the electronics category, offering a strong balance of value and functionality.",Electronics,"Giftable, Waterproof, Portable, Compact, Essential",554.74,1.13,9273,580,2025-04-23,19426
https://example.com/images/compact_science_fiction_novel_259.jpg,Compact Science Fiction Novel 259,Maple Street Press,"The Compact Science Fiction Novel 259 by Maple Street Press delivers dependable performance with quality materials and thoughtful design. It is well suited for everyday use in the clothing category, offering a strong balance of value and functionality.",Clothing,"Giftable, Durable, Essential, Modern, Compact",675.5,3.48,5397,715,2023-10-13,31717
https://example.com/images/portable_mechanical_keyboard_198.jpg,Portable Mechanical Keyboard 198,Summit Gear Co.,"The Portable Mechanical Keyboard 198 by Summit Gear Co. delivers dependable performance with quality materials and thoughtful design. It is well suited for everyday use in the sports & outdoors category, offering a strong balance of value and functionality.",Sports & Outdoors,"Essential, Limited Edition, Premium, Durable, Portable",341.22,3.2,1618,1145,2020-09-18,27623
https://example.com/images/smart_graphic_t-shirt_892.jpg,Smart Graphic T-Shirt 892,Horizon Tech,"The Smart Graphic T-Shirt 892 by Horizon Tech delivers dependable performance with quality materials and thoughtful design. It is well suited for everyday use in the sports & outdoors category, offering a strong balance of value and functionality.",Sports & Outdoors,"Giftable, Compact, Waterproof, Durable, Versatile",238.67,1.83,5659,1349,2018-11-24,3048
https://example.com/images/eco_bluetooth_speaker_596.jpg,Eco Bluetooth Speaker 596,SilverLine Electronics,"The Eco Bluetooth Speaker 596 by SilverLine Electronics delivers dependable performance with quality materials and thoughtful design. It is well suited for everyday use in the office supplies category, offering a strong balance of value and functionality.",Office Supplies,"Lightweight, Bestseller, Compact, Waterproof, Rechargeable",331.56,4.66,4075,1877,2016-12-13,3049
https://example.com/images/smart_electric_kettle_193.jpg,Smart Electric Kettle 193,Summit Gear Co.,"The Smart Electric Kettle 193 by Summit Gear Co. delivers dependable performance with quality materials and thoughtful design. It is well suited for everyday use in the electronics category, offering a strong balance of value and functionality.",Electronics,"Rechargeable, Lightweight, Limited Edition, Versatile, Portable",145.91,3.17,8100,908,2023-12-30,29675
https://example.com/images/eco_smartphone_stand_237.jpg,Eco Smartphone Stand 237,SilverLine Electronics,"The Eco Smartphone Stand 237 by SilverLine Electronics delivers dependable performance with quality materials and thoughtful design. It is well suited for everyday use in the electronics category, offering a strong balance of value and functionality.",Electronics,"Premium, Compact, Limited Edition, Portable, Bestseller",747.09,4.64,6589,880,2017-05-01,15340
https://example.com/images/classic_mechanical_keyboard_187.jpg,Classic Mechanical Keyboard 187,BlueRiver Outfitters,"The Classic Mechanical Keyboard 187 by BlueRiver Outfitters delivers dependable performance with quality materials and thoughtful design. It is well suited for everyday use in the office supplies category, offering a strong balance of value and functionality.",Office Supplies,"Limited Edition, Durable, New Arrival, Premium, Ergonomic",324.76,4.06,9251,828,2020-10-01,23535
https://example.com/images/classic_electric_kettle_571.jpg,Classic Electric Kettle 571,BlueRiver Outfitters,"The Classic Electric Kettle 571 by BlueRiver Outfitters delivers dependable performance with quality materials and thoughtful design. It is well suited for everyday use in the office supplies category, offering a strong balance of value and functionality.",Office Supplies,"Durable, Waterproof, Rechargeable, Modern, Ergonomic",113.9,1.1,7898,564,2019-06-19,3056
https://example.com/images/wireless_action_camera_279.jpg,Wireless Action Camera 279,UrbanNest,"The Wireless Action Camera 279 by UrbanNest delivers dependable performance with quality materials and thoughtful design. It is well suited for everyday use in the office supplies category, offering a strong balance of value and functionality.",Office Supplies,"Compact, Essential, Portable, Bestseller, Versatile",572.09,3.04,5890,1383,2019-04-02,25585
https://example.com/images/wireless_smartphone_stand_539.jpg,Wireless Smartphone Stand 539,UrbanNest,"The Wireless Smartphone Stand 539 by UrbanNest delivers dependable performance with quality materials and thoughtful design. It is well suited for everyday use in the electronics category, offering a strong balance of value and functionality.",Electronics,"Lightweight, Waterproof, Ergonomic, Giftable, Modern",74.58,3.81,4665,1946,2025-05-31,9202
https://example.com/images/portable_graphic_t-shirt_750.jpg,Portable Graphic T-Shirt 750,SilverLine Electronics,"The Portable Graphic T-Shirt 750 by SilverLine Electronics delivers dependable performance with quality materials and thoughtful design. It is well suited for everyday use in the office supplies category, offering a strong balance of value and functionality.",Office Supplies,"New Arrival, Portable, Ergonomic, Giftable, Premium",366.04,4.11,41,1476,2024-08-26,25589
https://example.com/images/ultra_bluetooth_speaker_234.jpg,Ultra Bluetooth Speaker 234,Horizon Tech,"The Ultra Bluetooth Speaker 234 by Horizon Tech delivers dependable performance with quality materials and thoughtful design. It is well suited for everyday use in the home & kitchen category, offering a strong balance of value and functionality.",Home & Kitchen,"Compact, Essential, Limited Edition, Portable, Ergonomic",786.9,2.56,8370,819,2018-06-22,17402
https://example.com/images/premium_mechanical_keyboard_667.jpg,Premium Mechanical Keyboard 667,Summit Gear Co.,"The Premium Mechanical Keyboard 667 by Summit Gear Co. delivers dependable performance with quality materials and thoughtful design. It is well suited for everyday use in the sports & outdoors category, offering a strong balance of value and functionality.",Sports & Outdoors,"Bestseller, Compact, Lightweight, Portable, Waterproof",353.9,3.56,863,1344,2017-05-07,27645
https://example.com/images/portable_bluetooth_speaker_310.jpg,Portable Bluetooth Speaker 310,BrightLeaf Publishing,"The Portable Bluetooth Speaker 310 by BrightLeaf Publishing delivers dependable performance with quality materials and thoughtful design. It is well suited for everyday use in the home & kitchen category, offering a strong balance of value and functionality.",Home & Kitchen,"Rechargeable, Durable, Wireless, Bestseller, Premium",586.6,1.92,1199,1928,2019-02-15,11262
https://example.com/images/premium_gaming_mouse_785.jpg,Premium Gaming Mouse 785,Horizon Tech,"The Premium Gaming Mouse 785 by Horizon Tech delivers dependable performance with quality materials and thoughtful design. It is well suited for everyday use in the office supplies category, offering a strong balance of value and functionality.",Office Supplies,"Limited Edition, Bestseller, Ergonomic, Premium, Modern",378.57,3.33,623,902,2021-07-05,15359
https://example.com/images/advanced_office_chair_805.jpg,Advanced Office Chair 805,NorthPeak,"The Advanced Office Chair 805 by NorthPeak delivers dependable performance with quality materials and thoughtful design. It is well suited for everyday use in the sports & outdoors category, offering a strong balance of value and functionality.",Sports & Outdoors,"Portable, Ergonomic, Rechargeable, Versatile, Giftable",385.49,1.61,5817,1359,2022-02-22,27650
https://example.com/images/compact_bluetooth_speaker_998.jpg,Compact Bluetooth Speaker 998,UrbanNest,"The Compact Bluetooth Speaker 998 by UrbanNest delivers dependable performance with quality materials and thoughtful design. It is well suited for everyday use in the home & kitchen category, offering a strong balance of value and functionality.",Home & Kitchen,"Modern, Limited Edition, Premium, Rechargeable, Lightweight",259.28,3.69,9869,1940,2025-07-19,23554
https://example.com/images/professional_noise_cancelling_headphones_620.jpg,Professional Noise Cancelling Headphones 620,BrightLeaf Publishing,"The Professional Noise Cancelling Headphones 620 by BrightLeaf Publishing delivers dependable performance with quality materials and thoughtful design. It is well suited for everyday use in the sports & outdoors category, offering a strong balance of value and functionality.",Sports & Outdoors,"Wireless, Rechargeable, Lightweight, Durable, Giftable",445.74,1.68,7006,1671,2018-07-10,9225
https://example.com/images/eco_cookbook_943.jpg,Eco Cookbook 943,UrbanNest,"The Eco Cookbook 943 by UrbanNest delivers dependable performance with quality materials and thoughtful design. It is well suited for everyday use in the books category, offering a strong balance of value and functionality.",Books,"Versatile, Essential, Premium, Compact, Portable",568.41,3.97,7375,1214,2020-10-11,21514
https://example.com/images/classic_stainless_steel_water_bottle_679.jpg,Classic Stainless Steel Water Bottle 679,Maple Street Press,"The Classic Stainless Steel Water Bottle 679 by Maple Street Press delivers dependable performance with quality materials and thoughtful design. It is well suited for everyday use in the home & kitchen category, offering a strong balance of value and functionality.",Home & Kitchen,"Ergonomic, Waterproof, Modern, Limited Edition, Essential",189.59,4.35,9421,556,2020-01-20,23564
https://example.com/images/eco_external_hard_drive_138.jpg,Eco External Hard Drive 138,BlueRiver Outfitters,"The Eco External Hard Drive 138 by BlueRiver Outfitters delivers dependable performance with quality materials and thoughtful design. It is well suited for everyday use in the office supplies category, offering a strong balance of value and functionality.",Office Supplies,"Wireless, Giftable, Ergonomic, Portable, Modern",750.27,2.37,6394,1562,2025-01-15,31757
https://example.com/images/professional_led_desk_lamp_794.jpg,Professional LED Desk Lamp 794,Maple Street Press,"The Professional LED Desk Lamp 794 by Maple Street Press delivers dependable performance with quality materials and thoughtful design. It is well suited for everyday use in the books category, offering a strong balance of value and functionality.",Books,"Compact, Ergonomic, Bestseller, Giftable, Lightweight",68.31,1.83,9354,195,2025-09-07,19471
https://example.com/images/compact_fitness_tracker_780.jpg,Compact Fitness Tracker 780,Summit Gear Co.,"The Compact Fitness Tracker 780 by Summit Gear Co. delivers dependable performance with quality materials and thoughtful design. It is well suited for everyday use in the sports & outdoors category, offering a strong balance of value and functionality.",Sports & Outdoors,"Waterproof, Modern, New Arrival, Compact, Ergonomic",685.96,2.23,3832,88,2017-05-13,5136
https://example.com/images/wireless_external_hard_drive_961.jpg,Wireless External Hard Drive 961,UrbanNest,"The Wireless External Hard Drive 961 by UrbanNest delivers dependable performance with quality materials and thoughtful design. It is well suited for everyday use in the sports & outdoors category, offering a strong balance of value and functionality.",Sports & Outdoors,"Portable, Giftable, Waterproof, Ergonomic, Rechargeable",66.95,4.17,6655,563,2019-03-30,13330
https://example.com/images/eco_smartphone_stand_949.jpg,Eco Smartphone Stand 949,SilverLine Electronics,"The Eco Smartphone Stand 949 by SilverLine Electronics delivers dependable performance with quality materials and thoughtful design. It is well suited for everyday use in the clothing category, offering a strong balance of value and functionality.",Clothing,"Giftable, Bestseller, Compact, Limited Edition, Lightweight",140.76,1.85,8288,591,2020-02-01,3092
https://example.com/images/premium_4k_monitor_367.jpg,Premium 4K Monitor 367,BrightLeaf Publishing,"The Premium 4K Monitor 367 by BrightLeaf Publishing delivers dependable performance with quality materials and thoughtful design. It is well suited for everyday use in the clothing category, offering a strong balance of value and functionality.",Clothing,"Bestseller, Essential, Giftable, Ergonomic, Limited Edition",240.13,3.45,9472,967,2020-06-08,19476
https://example.com/images/classic_running_shoes_137.jpg,Classic Running Shoes 137,Horizon Tech,"The Classic Running Shoes 137 by Horizon Tech delivers dependable performance with quality materials and thoughtful design. It is well suited for everyday use in the sports & outdoors category, offering a strong balance of value and functionality.",Sports & Outdoors,"Rechargeable, Premium, Versatile, Compact, Durable",410.04,4.16,4095,1380,2018-01-11,3093
https://example.com/images/professional_running_shoes_661.jpg,Professional Running Shoes 661,BrightLeaf Publishing,"The Professional Running Shoes 661 by BrightLeaf Publishing delivers dependable performance with quality materials and thoughtful design. It is well suited for everyday use in the clothing category, offering a strong balance of value and functionality.",Clothing,"Wireless, Limited Edition, Premium, Compact, Bestseller",560.59,1.06,7449,108,2018-06-18,21528
https://example.com/images/ultra_fitness_tracker_132.jpg,Ultra Fitness Tracker 132,NorthPeak,"The Ultra Fitness Tracker 132 by NorthPeak delivers dependable performance with quality materials and thoughtful design. It is well suited for everyday use in the electronics category, offering a strong balance of value and functionality.",Electronics,"Modern, Waterproof, Premium, New Arrival, Portable",155.1,1.29,3120,1143,2020-10-11,29724
https://example.com/images/classic_electric_kettle_697.jpg,Classic Electric Kettle 697,BrightLeaf Publishing,"The Classic Electric Kettle 697 by BrightLeaf Publishing delivers dependable performance with quality materials and thoughtful design. It is well suited for everyday use in the sports & outdoors category, offering a strong balance of value and functionality.",Sports & Outdoors,"Essential, Compact, New Arrival, Bestseller, Durable",717.93,3.3,322,704,2016-02-17,31772
https://example.com/images/classic_noise_cancelling_headphones_997.jpg,Classic Noise Cancelling Headphones 997,SilverLine Electronics,"The Classic Noise Cancelling Headphones 997 by SilverLine Electronics delivers dependable performance with quality materials and thoughtful design. It is well suited for everyday use in the home & kitchen category, offering a strong balance of value and functionality.",Home & Kitchen,"Rechargeable, Waterproof, Durable, Portable, Ergonomic",443.41,2.44,1270,535,2025-05-16,21533
https://example.com/images/wireless_yoga_mat_659.jpg,Wireless Yoga Mat 659,NorthPeak,"The Wireless Yoga Mat 659 by NorthPeak delivers dependable performance with quality materials and thoughtful design. It is well suited for everyday use in the books category, offering a strong balance of value and functionality.",Books,"Bestseller, Limited Edition, Giftable, Modern, Portable",483.17,3.69,3809,1992,2017-08-11,13342
https://example.com/images/premium_electric_kettle_255.jpg,Premium Electric Kettle 255,BlueRiver Outfitters,"The Premium Electric Kettle 255 by BlueRiver Outfitters delivers dependable performance with quality materials and thoughtful design. It is well suited for everyday use in the home & kitchen category, offering a strong balance of value and functionality.",Home & Kitchen,"Premium, Waterproof, Durable, Portable, Giftable",312.49,1.14,2471,944,2022-03-06,3105
https://example.com/images/smart_gaming_mouse_815.jpg,Smart Gaming Mouse 815,UrbanNest,"The Smart Gaming Mouse 815 by UrbanNest delivers dependable performance with quality materials and thoughtful design. It is well suited for everyday use in the office supplies category, offering a strong balance of value and functionality.",Office Supplies,"Modern, Bestseller, Durable, Portable, Ergonomic",672.5,2.78,8139,1744,2024-06-12,11299
https://example.com/images/eco_4k_monitor_954.jpg,Eco 4K Monitor 954,Horizon Tech,"The Eco 4K Monitor 954 by Horizon Tech delivers dependable performance with quality materials and thoughtful design. It is well suited for everyday use in the books category, offering a strong balance of value and functionality.",Books,"Premium, Waterproof, Lightweight, Bestseller, Modern",326.56,1.04,8074,856,2019-03-10,1060
https://example.com/images/ultra_noise_cancelling_headphones_884.jpg,Ultra Noise Cancelling Headphones 884,Horizon Tech,"The Ultra Noise Cancelling Headphones 884 by Horizon Tech delivers dependable performance with quality materials and thoughtful design. It is well suited for everyday use in the home & kitchen category, offering a strong balance of value and functionality.",Home & Kitchen,"Compact, Versatile, Giftable, New Arrival, Rechargeable",111.86,2.94,6103,299,2020-07-29,17445
https://example.com/images/eco_electric_kettle_687.jpg,Eco Electric Kettle 687,SilverLine Electronics,"The Eco Electric Kettle 687 by SilverLine Electronics delivers dependable performance with quality materials and thoughtful design. It is well suited for everyday use in the home & kitchen category, offering a strong balance of value and functionality.",Home & Kitchen,"Bestseller, Waterproof, Modern, Durable, Essential",121.84,3.2,8813,194,2019-01-28,5159
https://example.com/images/ultra_cookware_set_799.jpg,Ultra Cookware Set 799,Horizon Tech,"The Ultra Cookware Set 799 by Horizon Tech delivers dependable performance with quality materials and thoughtful design. It is well suited for everyday use in the electronics category, offering a strong balance of value and functionality.",Electronics,"Lightweight, New Arrival, Waterproof, Essential, Durable",245.51,4.96,7033,1850,2022-08-14,23600
https://example.com/images/compact_fitness_tracker_478.jpg,Compact Fitness Tracker 478,NorthPeak,"The Compact Fitness Tracker 478 by NorthPeak delivers dependable performance with quality materials and thoughtful design. It is well suited for everyday use in the home & kitchen category, offering a strong balance of value and functionality.",Home & Kitchen,"Wireless, Giftable, Durable, Premium, Lightweight",244.09,2.14,4425,504,2025-01-14,11312
https://example.com/images/wireless_fitness_tracker_537.jpg,Wireless Fitness Tracker 537,BlueRiver Outfitters,"The Wireless Fitness Tracker 537 by BlueRiver Outfitters delivers dependable performance with quality materials and thoughtful design. It is well suited for everyday use in the sports & outdoors category, offering a strong balance of value and functionality.",Sports & Outdoors,"Giftable, Compact, New Arrival, Limited Edition, Portable",444.28,1.31,3470,1458,2021-09-27,5171
https://example.com/images/advanced_running_shoes_272.jpg,Advanced Running Shoes 272,NorthPeak,"The Advanced Running Shoes 272 by NorthPeak delivers dependable performance with quality materials and thoughtful design. It is well suited for everyday use in the home & kitchen category, offering a strong balance of value and functionality.",Home & Kitchen,"Compact, Portable, Modern, Essential, Giftable",439.92,3.49,774,1998,2021-01-17,11320
https://example.com/images/classic_bluetooth_speaker_860.jpg,Classic Bluetooth Speaker 860,BrightLeaf Publishing,"The Classic Bluetooth Speaker 860 by BrightLeaf Publishing delivers dependable performance with quality materials and thoughtful design. It is well suited for everyday use in the sports & outdoors category, offering a strong balance of value and functionality.",Sports & Outdoors,"Lightweight, Bestseller, Wireless, Modern, Premium",47.61,4.5,1826,1487,2018-03-03,19515
https://example.com/images/premium_graphic_t-shirt_196.jpg,Premium Graphic T-Shirt 196,BrightLeaf Publishing,"The Premium Graphic T-Shirt 196 by BrightLeaf Publishing delivers dependable performance with quality materials and thoughtful design. It is well suited for everyday use in the books category, offering a strong balance of value and functionality.",Books,"New Arrival, Rechargeable, Limited Edition, Essential, Versatile",230.75,1.76,4963,1446,2020-09-11,25661
https://example.com/images/ultra_cookware_set_190.jpg,Ultra Cookware Set 190,NorthPeak,"The Ultra Cookware Set 190 by NorthPeak delivers dependable performance with quality materials and thoughtful design. It is well suited for everyday use in the electronics category, offering a strong balance of value and functionality.",Electronics,"Essential, Rechargeable, Ergonomic, Wireless, Modern",464.84,1.25,2292,1399,2022-07-18,9278
https://example.com/images/classic_running_shoes_814.jpg,Classic Running Shoes 814,BrightLeaf Publishing,"The Classic Running Shoes 814 by BrightLeaf Publishing delivers dependable performance with quality materials and thoughtful design. It is well suited for everyday use in the home & kitchen category, offering a strong balance of value and functionality.",Home & Kitchen,"Compact, Wireless, Rechargeable, Premium, Limited Edition",502.49,4.17,24,696,2025-10-21,5183
https://example.com/images/advanced_graphic_t-shirt_875.jpg,Advanced Graphic T-Shirt 875,BrightLeaf Publishing,"The Advanced Graphic T-Shirt 875 by BrightLeaf Publishing delivers dependable performance with quality materials and thoughtful design. It is well suited for everyday use in the sports & outdoors category, offering a strong balance of value and functionality.",Sports & Outdoors,"Premium, Bestseller, Lightweight, Portable, Ergonomic",187.16,2.57,4423,1124,2024-02-01,31808
https://example.com/images/smart_fitness_tracker_920.jpg,Smart Fitness Tracker 920,SilverLine Electronics,"The Smart Fitness Tracker 920 by SilverLine Electronics delivers dependable performance with quality materials and thoughtful design. It is well suited for everyday use in the office supplies category, offering a strong balance of value and functionality.",Office Supplies,"Durable, New Arrival, Rechargeable, Essential, Ergonomic",195.84,2.77,1080,400,2024-01-10,15425
https://example.com/images/professional_noise_cancelling_headphones_812.jpg,Professional Noise Cancelling Headphones 812,SilverLine Electronics,"The Professional Noise Cancelling Headphones 812 by SilverLine Electronics delivers dependable performance with quality materials and thoughtful design. It is well suited for everyday use in the home & kitchen category, offering a strong balance of value and functionality.",Home & Kitchen,"Giftable, Portable, Durable, Ergonomic, Compact",322.32,3.59,6068,1393,2017-05-11,23621
https://example.com/images/premium_cookbook_412.jpg,Premium Cookbook 412,BrightLeaf Publishing,"The Premium Cookbook 412 by BrightLeaf Publishing delivers dependable performance with quality materials and thoughtful design. It is well suited for everyday use in the home & kitchen category, offering a strong balance of value and functionality.",Home & Kitchen,"Giftable, Portable, Essential, Durable, Wireless",435.8,4.53,1633,732,2023-06-05,31816
https://example.com/images/eco_gaming_mouse_677.jpg,Eco Gaming Mouse 677,BlueRiver Outfitters,"The Eco Gaming Mouse 677 by BlueRiver Outfitters delivers dependable performance with quality materials and thoughtful design. It is well suited for everyday use in the books category, offering a strong balance of value and functionality.",Books,"Limited Edition, Waterproof, New Arrival, Portable, Essential",393.16,1.06,3031,695,2016-01-13,23629
https://example.com/images/premium_bluetooth_speaker_564.jpg,Premium Bluetooth Speaker 564,NorthPeak,"The Premium Bluetooth Speaker 564 by NorthPeak delivers dependable performance with quality materials and thoughtful design. It is well suited for everyday use in the clothing category, offering a strong balance of value and functionality.",Clothing,"Lightweight, Modern, New Arrival, Bestseller, Giftable",360.91,3.38,5499,924,2016-07-22,11342
https://example.com/images/compact_cookbook_683.jpg,Compact Cookbook 683,Summit Gear Co.,"The Compact Cookbook 683 by Summit Gear Co. delivers dependable performance with quality materials and thoughtful design. It is well suited for everyday use in the sports & outdoors category, offering a strong balance of value and functionality.",Sports & Outdoors,"Premium, Essential, Durable, Lightweight, Waterproof",239.54,2.85,6912,1302,2020-02-28,21583
https://example.com/images/classic_science_fiction_novel_823.jpg,Classic Science Fiction Novel 823,BlueRiver Outfitters,"The Classic Science Fiction Novel 823 by BlueRiver Outfitters delivers dependable performance with quality materials and thoughtful design. It is well suited for everyday use in the home & kitchen category, offering a strong balance of value and functionality.",Home & Kitchen,"Ergonomic, Premium, Compact, Essential, New Arrival",600.56,4.48,8360,756,2018-01-05,7252
https://example.com/images/advanced_gaming_mouse_996.jpg,Advanced Gaming Mouse 996,BrightLeaf Publishing,"The Advanced Gaming Mouse 996 by BrightLeaf Publishing delivers dependable performance with quality materials and thoughtful design. It is well suited for everyday use in the home & kitchen category, offering a strong balance of value and functionality.",Home & Kitchen,"Compact, New Arrival, Rechargeable, Waterproof, Limited Edition",333.55,2.19,2236,418,2024-12-20,31828
https://example.com/images/premium_gaming_mouse_911.jpg,Premium Gaming Mouse 911,BrightLeaf Publishing,"The Premium Gaming Mouse 911 by BrightLeaf Publishing delivers dependable performance with quality materials and thoughtful design. It is well suited for everyday use in the clothing category, offering a strong balance of value and functionality.",Clothing,"Essential, Rechargeable, Wireless, Compact, New Arrival",293.88,4.79,7403,1581,2021-11-30,1110
https://example.com/images/wireless_bluetooth_speaker_890.jpg,Wireless Bluetooth Speaker 890,SilverLine Electronics,"The Wireless Bluetooth Speaker 890 by SilverLine Electronics delivers dependable performance with quality materials and thoughtful design. It is well suited for everyday use in the books category, offering a strong balance of value and functionality.",Books,"Waterproof, Durable, Essential, Modern, Lightweight",147.43,3.48,9663,437,2024-10-02,17497
https://example.com/images/portable_gaming_mouse_316.jpg,Portable Gaming Mouse 316,BrightLeaf Publishing,"The Portable Gaming Mouse 316 by BrightLeaf Publishing delivers dependable performance with quality materials and thoughtful design. It is well suited for everyday use in the home & kitchen category, offering a strong balance of value and functionality.",Home & Kitchen,"Modern, New Arrival, Essential, Limited Edition, Wireless",643.23,2.26,9345,650,2023-06-06,9308
https://example.com/images/premium_running_shoes_928.jpg,Premium Running Shoes 928,BrightLeaf Publishing,"The Premium Running Shoes 928 by BrightLeaf Publishing delivers dependable performance with quality materials and thoughtful design. It is well suited for everyday use in the clothing category, offering a strong balance of value and functionality.",Clothing,"Versatile, New Arrival, Durable, Giftable, Bestseller",531.06,4.53,1085,1722,2018-10-19,17500
https://example.com/images/smart_fitness_tracker_883.jpg,Smart Fitness Tracker 883,BlueRiver Outfitters,"The Smart Fitness Tracker 883 by BlueRiver Outfitters delivers dependable performance with quality materials and thoughtful design. It is well suited for everyday use in the home & kitchen category, offering a strong balance of value and functionality.",Home & Kitchen,"Durable, Bestseller, Essential, Ergonomic, Wireless",706.63,1.01,5544,163,2016-10-08,29788
https://example.com/images/premium_bluetooth_speaker_752.jpg,Premium Bluetooth Speaker 752,Horizon Tech,"The Premium Bluetooth Speaker 752 by Horizon Tech delivers dependable performance with quality materials and thoughtful design. It is well suited for everyday use in the books category, offering a strong balance of value and functionality.",Books,"Bestseller, Rechargeable, New Arrival, Waterproof, Modern",743.17,4.96,9686,916,2020-08-04,23646
https://example.com/images/portable_yoga_mat_395.jpg,Portable Yoga Mat 395,NorthPeak,"The Portable Yoga Mat 395 by NorthPeak delivers dependable performance with quality materials and thoughtful design. It is well suited for everyday use in the electronics category, offering a strong balance of value and functionality.",Electronics,"Rechargeable, Wireless, Limited Edition, Lightweight, Premium",72.24,3.14,3820,332,2016-01-14,5216
https://example.com/images/ultra_graphic_t-shirt_913.jpg,Ultra Graphic T-Shirt 913,BrightLeaf Publishing,"The Ultra Graphic T-Shirt 913 by BrightLeaf Publishing delivers dependable performance with quality materials and thoughtful design. It is well suited for everyday use in the home & kitchen category, offering a strong balance of value and functionality.",Home & Kitchen,"Waterproof, Premium, Ergonomic, Limited Edition, New Arrival",297.76,2.91,474,1739,2022-03-20,5217
https://example.com/images/classic_graphic_t-shirt_221.jpg,Classic Graphic T-Shirt 221,Summit Gear Co.,"The Classic Graphic T-Shirt 221 by Summit Gear Co. delivers dependable performance with quality materials and thoughtful design. It is well suited for everyday use in the home & kitchen category, offering a strong balance of value and functionality.",Home & Kitchen,"Portable, Bestseller, Versatile, Limited Edition, Essential",311.78,2.57,8015,572,2016-01-25,1123
https://example.com/images/eco_yoga_mat_396.jpg,Eco Yoga Mat 396,BlueRiver Outfitters,"The Eco Yoga Mat 396 by BlueRiver Outfitters delivers dependable performance with quality materials and thoughtful design. It is well suited for everyday use in the books category, offering a strong balance of value and functionality.",Books,"Giftable, Essential, Lightweight, Wireless, Waterproof",274.86,2.66,6282,1295,2022-08-30,11365
https://example.com/images/smart_backpack_180.jpg,Smart Backpack 180,NorthPeak,"The Smart Backpack 180 by NorthPeak delivers dependable performance with quality materials and thoughtful design. It is well suited for everyday use in the electronics category, offering a strong balance of value and functionality.",Electronics,"Versatile, Durable, Limited Edition, Portable, Wireless",527.65,1.6,585,1638,2024-01-29,7269
https://example.com/images/portable_smartphone_stand_587.jpg,Portable Smartphone Stand 587,BlueRiver Outfitters,"The Portable Smartphone Stand 587 by BlueRiver Outfitters delivers dependable performance with quality materials and thoughtful design. It is well suited for everyday use in the office supplies category, offering a strong balance of value and functionality.",Office Supplies,"Portable, Lightweight, Premium, Wireless, Essential",48.8,3.71,9507,760,2016-09-16,1127
https://example.com/images/smart_stainless_steel_water_bottle_180.jpg,Smart Stainless Steel Water Bottle 180,BlueRiver Outfitters,"The Smart Stainless Steel Water Bottle 180 by BlueRiver Outfitters delivers dependable performance with quality materials and thoughtful design. It is well suited for everyday use in the office supplies category, offering a strong balance of value and functionality.",Office Supplies,"Limited Edition, Modern, Rechargeable, Durable, Versatile",476.87,2.7,4789,1777,2018-04-16,19559
https://example.com/images/compact_office_chair_737.jpg,Compact Office Chair 737,UrbanNest,"The Compact Office Chair 737 by UrbanNest delivers dependable performance with quality materials and thoughtful design. It is well suited for everyday use in the clothing category, offering a strong balance of value and functionality.",Clothing,"Rechargeable, Premium, Durable, Wireless, Portable",778.67,1.16,980,1842,2024-07-21,5224
https://example.com/images/ultra_cookbook_963.jpg,Ultra Cookbook 963,NorthPeak,"The Ultra Cookbook 963 by NorthPeak delivers dependable performance with quality materials and thoughtful design. It is well suited for everyday use in the sports & outdoors category, offering a strong balance of value and functionality.",Sports & Outdoors,"Ergonomic, Lightweight, Rechargeable, Waterproof, Versatile",295.47,1.52,6864,1963,2025-05-26,1129
https://example.com/images/smart_fitness_tracker_724.jpg,Smart Fitness Tracker 724,Summit Gear Co.,"The Smart Fitness Tracker 724 by Summit Gear Co. delivers dependable performance with quality materials and thoughtful design. It is well suited for everyday use in the books category, offering a strong balance of value and functionality.",Books,"Ergonomic, Waterproof, New Arrival, Portable, Premium",796.47,2.07,5727,1821,2019-09-27,25708
https://example.com/images/compact_fitness_tracker_819.jpg,Compact Fitness Tracker 819,BlueRiver Outfitters,"The Compact Fitness Tracker 819 by BlueRiver Outfitters delivers dependable performance with quality materials and thoughtful design. It is well suited for everyday use in the sports & outdoors category, offering a strong balance of value and functionality.",Sports & Outdoors,"Versatile, New Arrival, Essential, Rechargeable, Giftable",600.76,4.57,4049,1854,2022-04-14,9326
https://example.com/images/professional_noise_cancelling_headphones_672.jpg,Professional Noise Cancelling Headphones 672,UrbanNest,"The Professional Noise Cancelling Headphones 672 by UrbanNest delivers dependable performance with quality materials and thoughtful design. It is well suited for everyday use in the electronics category, offering a strong balance of value and functionality.",Electronics,"Lightweight, Premium, Waterproof, Ergonomic, Versatile",795.88,1.5,3633,387,2023-12-23,3183
https://example.com/images/ultra_cookware_set_918.jpg,Ultra Cookware Set 918,Horizon Tech,"The Ultra Cookware Set 918 by Horizon Tech delivers dependable performance with quality materials and thoughtful design. It is well suited for everyday use in the office supplies category, offering a strong balance of value and functionality.",Office Supplies,"Wireless, Versatile, Modern, Essential, Limited Edition",357.81,4.47,9225,1825,2016-04-12,5233
https://example.com/images/compact_fitness_tracker_788.jpg,Compact Fitness Tracker 788,Summit Gear Co.,"The Compact Fitness Tracker 788 by Summit Gear Co. delivers dependable performance with quality materials and thoughtful design. It is well suited for everyday use in the books category, offering a strong balance of value and functionality.",Books,"Portable, Ergonomic, Rechargeable, Modern, Giftable",615.81,1.14,7307,1813,2017-11-21,9330
https://example.com/images/ultra_backpack_358.jpg,Ultra Backpack 358,Horizon Tech,"The Ultra Backpack 358 by Horizon Tech delivers dependable performance with quality materials and thoughtful design. It is well suited for everyday use in the electronics category, offering a strong balance of value and functionality.",Electronics,"Lightweight, Durable, New Arrival, Limited Edition, Ergonomic",550.22,2.05,7681,869,2023-07-04,3191
https://example.com/images/compact_external_hard_drive_319.jpg,Compact External Hard Drive 319,BlueRiver Outfitters,"The Compact External Hard Drive 319 by BlueRiver Outfitters delivers dependable performance with quality materials and thoughtful design. It is well suited for everyday use in the electronics category, offering a strong balance of value and functionality.",Electronics,"Portable, Waterproof, Giftable, Bestseller, Versatile",126.56,4.6,5177,1692,2017-08-15,1144
https://example.com/images/wireless_fitness_tracker_253.jpg,Wireless Fitness Tracker 253,NorthPeak,"The Wireless Fitness Tracker 253 by NorthPeak delivers dependable performance with quality materials and thoughtful design. It is well suited for everyday use in the electronics category, offering a strong balance of value and functionality.",Electronics,"Wireless, Compact, Giftable, Bestseller, Rechargeable",157.8,1.05,7349,455,2016-10-01,29816
https://example.com/images/smart_smartphone_stand_290.jpg,Smart Smartphone Stand 290,Horizon Tech,"The Smart Smartphone Stand 290 by Horizon Tech delivers dependable performance with quality materials and thoughtful design. It is well suited for everyday use in the sports & outdoors category, offering a strong balance of value and functionality.",Sports & Outdoors,"Durable, Compact, Essential, Limited Edition, Premium",9.72,2.72,4372,1177,2025-04-06,25724
https://example.com/images/ultra_yoga_mat_582.jpg,Ultra Yoga Mat 582,NorthPeak,"The Ultra Yoga Mat 582 by NorthPeak delivers dependable performance with quality materials and thoughtful design. It is well suited for everyday use in the home & kitchen category, offering a strong balance of value and functionality.",Home & Kitchen,"Versatile, Portable, Bestseller, Compact, Wireless",453.8,1.66,6849,1968,2016-07-08,9341
https://example.com/images/smart_graphic_t-shirt_373.jpg,Smart Graphic T-Shirt 373,SilverLine Electronics,"The Smart Graphic T-Shirt 373 by SilverLine Electronics delivers dependable performance with quality materials and thoughtful design. It is well suited for everyday use in the office supplies category, offering a strong balance of value and functionality.",Office Supplies,"Versatile, Giftable, Lightweight, Modern, Portable",382.68,2.49,56,1493,2021-06-17,21632
https://example.com/images/wireless_backpack_118.jpg,Wireless Backpack 118,SilverLine Electronics,"The Wireless Backpack 118 by SilverLine Electronics delivers dependable performance with quality materials and thoughtful design. It is well suited for everyday use in the office supplies category, offering a strong balance of value and functionality.",Office Supplies,"Modern, Wireless, Rechargeable, Waterproof, New Arrival",235.78,3.28,969,266,2024-07-09,13445
https://example.com/images/smart_science_fiction_novel_700.jpg,Smart Science Fiction Novel 700,NorthPeak,"The Smart Science Fiction Novel 700 by NorthPeak delivers dependable performance with quality materials and thoughtful design. It is well suited for everyday use in the clothing category, offering a strong balance of value and functionality.",Clothing,"Bestseller, Modern, Wireless, Versatile, Limited Edition",66.92,4.15,350,1058,2017-02-24,5256
https://example.com/images/advanced_running_shoes_218.jpg,Advanced Running Shoes 218,SilverLine Electronics,"The Advanced Running Shoes 218 by SilverLine Electronics delivers dependable performance with quality materials and thoughtful design. It is well suited for everyday use in the electronics category, offering a strong balance of value and functionality.",Electronics,"Versatile, Essential, Portable, Premium, Ergonomic",402.84,4.08,9663,212,2023-08-09,19592
https://example.com/images/compact_4k_monitor_197.jpg,Compact 4K Monitor 197,BrightLeaf Publishing,"The Compact 4K Monitor 197 by BrightLeaf Publishing delivers dependable performance with quality materials and thoughtful design. It is well suited for everyday use in the sports & outdoors category, offering a strong balance of value and functionality.",Sports & Outdoors,"Compact, Versatile, Premium, Waterproof, Giftable",485.96,2.77,4494,814,2019-06-02,29833
https://example.com/images/compact_smartphone_stand_740.jpg,Compact Smartphone Stand 740,BlueRiver Outfitters,"The Compact Smartphone Stand 740 by BlueRiver Outfitters delivers dependable performance with quality materials and thoughtful design. It is well suited for everyday use in the office supplies category, offering a strong balance of value and functionality.",Office Supplies,"Limited Edition, Lightweight, Giftable, Versatile, Premium",736.11,1.24,8077,1161,2022-05-13,31881
https://example.com/images/professional_running_shoes_516.jpg,Professional Running Shoes 516,NorthPeak,"The Professional Running Shoes 516 by NorthPeak delivers dependable performance with quality materials and thoughtful design. It is well suited for everyday use in the sports & outdoors category, offering a strong balance of value and functionality.",Sports & Outdoors,"Giftable, Limited Edition, Lightweight, Waterproof, Essential",398.04,4.56,2981,1768,2020-09-20,27786
https://example.com/images/premium_mechanical_keyboard_731.jpg,Premium Mechanical Keyboard 731,Summit Gear Co.,"The Premium Mechanical Keyboard 731 by Summit Gear Co. delivers dependable performance with quality materials and thoughtful design. It is well suited for everyday use in the electronics category, offering a strong balance of value and functionality.",Electronics,"Lightweight, Giftable, New Arrival, Portable, Durable",669.01,3.75,3965,1366,2018-04-20,31882
https://example.com/images/ultra_noise_cancelling_headphones_833.jpg,Ultra Noise Cancelling Headphones 833,NorthPeak,"The Ultra Noise Cancelling Headphones 833 by NorthPeak delivers dependable performance with quality materials and thoughtful design. It is well suited for everyday use in the books category, offering a strong balance of value and functionality.",Books,"Bestseller, Ergonomic, Durable, Wireless, Essential",442.33,1.06,3998,221,2022-04-12,27787
https://example.com/images/premium_running_shoes_141.jpg,Premium Running Shoes 141,UrbanNest,"The Premium Running Shoes 141 by UrbanNest delivers dependable performance with quality materials and thoughtful design. It is well suited for everyday use in the electronics category, offering a strong balance of value and functionality.",Electronics,"Premium, New Arrival, Portable, Limited Edition, Wireless",82.12,2.41,2434,776,2018-07-04,25739
https://example.com/images/advanced_led_desk_lamp_414.jpg,Advanced LED Desk Lamp 414,BlueRiver Outfitters,"The Advanced LED Desk Lamp 414 by BlueRiver Outfitters delivers dependable performance with quality materials and thoughtful design. It is well suited for everyday use in the clothing category, offering a strong balance of value and functionality.",Clothing,"Giftable, Rechargeable, Essential, Wireless, Portable",478.76,1.51,3385,1250,2016-07-17,3212
https://example.com/images/smart_noise_cancelling_headphones_949.jpg,Smart Noise Cancelling Headphones 949,NorthPeak,"The Smart Noise Cancelling Headphones 949 by NorthPeak delivers dependable performance with quality materials and thoughtful design. It is well suited for everyday use in the office supplies category, offering a strong balance of value and functionality.",Office Supplies,"Compact, Essential, Giftable, Durable, Versatile",560.83,4.31,696,916,2017-12-04,17553
https://example.com/images/advanced_mechanical_keyboard_219.jpg,Advanced Mechanical Keyboard 219,BlueRiver Outfitters,"The Advanced Mechanical Keyboard 219 by BlueRiver Outfitters delivers dependable performance with quality materials and thoughtful design. It is well suited for everyday use in the office supplies category, offering a strong balance of value and functionality.",Office Supplies,"Lightweight, Versatile, Compact, Ergonomic, Rechargeable",627.94,3.99,9016,853,2022-11-17,13458
https://example.com/images/premium_led_desk_lamp_885.jpg,Premium LED Desk Lamp 885,BlueRiver Outfitters,"The Premium LED Desk Lamp 885 by BlueRiver Outfitters delivers dependable performance with quality materials and thoughtful design. It is well suited for everyday use in the electronics category, offering a strong balance of value and functionality.",Electronics,"Rechargeable, Limited Edition, Lightweight, New Arrival, Wireless",386.24,1.3,6520,381,2017-03-20,5269
https://example.com/images/ultra_running_shoes_203.jpg,Ultra Running Shoes 203,Summit Gear Co.,"The Ultra Running Shoes 203 by Summit Gear Co. delivers dependable performance with quality materials and thoughtful design. It is well suited for everyday use in the clothing category, offering a strong balance of value and functionality.",Clothing,"Waterproof, Bestseller, Limited Edition, Lightweight, New Arrival",112.96,3.31,298,608,2017-12-24,3225
https://example.com/images/advanced_cookbook_250.jpg,Advanced Cookbook 250,NorthPeak,"The Advanced Cookbook 250 by NorthPeak delivers dependable performance with quality materials and thoughtful design. It is well suited for everyday use in the clothing category, offering a strong balance of value and functionality.",Clothing,"Wireless, Premium, Lightweight, Limited Edition, Rechargeable",692.29,2.18,2919,498,2025-02-18,27802
https://example.com/images/compact_stainless_steel_water_bottle_784.jpg,Compact Stainless Steel Water Bottle 784,Summit Gear Co.,"The Compact Stainless Steel Water Bottle 784 by Summit Gear Co. delivers dependable performance with quality materials and thoughtful design. It is well suited for everyday use in the clothing category, offering a strong balance of value and functionality.",Clothing,"Limited Edition, Premium, Lightweight, Portable, Rechargeable",166.02,4.82,3851,1167,2020-02-27,3227
https://example.com/images/premium_science_fiction_novel_382.jpg,Premium Science Fiction Novel 382,Maple Street Press,"The Premium Science Fiction Novel 382 by Maple Street Press delivers dependable performance with quality materials and thoughtful design. It is well suited for everyday use in the books category, offering a strong balance of value and functionality.",Books,"Compact, Bestseller, Lightweight, Portable, Wireless",606.82,3.8,2107,1843,2023-03-31,5275
https://example.com/images/smart_cookbook_430.jpg,Smart Cookbook 430,BrightLeaf Publishing,"The Smart Cookbook 430 by BrightLeaf Publishing delivers dependable performance with quality materials and thoughtful design. It is well suited for everyday use in the office supplies category, offering a strong balance of value and functionality.",Office Supplies,"Bestseller, Rechargeable, Essential, Giftable, Ergonomic",161.77,3.8,1351,880,2024-11-05,3229
https://example.com/images/eco_cookbook_902.jpg,Eco Cookbook 902,Maple Street Press,"The Eco Cookbook 902 by Maple Street Press delivers dependable performance with quality materials and thoughtful design. It is well suited for everyday use in the electronics category, offering a strong balance of value and functionality.",Electronics,"Waterproof, Wireless, Essential, Ergonomic, Compact",489.21,2.57,5237,92,2016-12-23,9374
https://example.com/images/eco_backpack_712.jpg,Eco Backpack 712,BlueRiver Outfitters,"The Eco Backpack 712 by BlueRiver Outfitters delivers dependable performance with quality materials and thoughtful design. It is well suited for everyday use in the home & kitchen category, offering a strong balance of value and functionality.",Home & Kitchen,"Modern, Compact, Ergonomic, Lightweight, Waterproof",444.16,3.94,515,205,2021-06-19,27811
https://example.com/images/professional_mechanical_keyboard_721.jpg,Professional Mechanical Keyboard 721,NorthPeak,"The Professional Mechanical Keyboard 721 by NorthPeak delivers dependable performance with quality materials and thoughtful design. It is well suited for everyday use in the office supplies category, offering a strong balance of value and functionality.",Office Supplies,"Ergonomic, New Arrival, Portable, Giftable, Wireless",105.09,2.79,514,1113,2017-11-05,23716
https://example.com/images/portable_mechanical_keyboard_969.jpg,Portable Mechanical Keyboard 969,BlueRiver Outfitters,"The Portable Mechanical Keyboard 969 by BlueRiver Outfitters delivers dependable performance with quality materials and thoughtful design. It is well suited for everyday use in the books category, offering a strong balance of value and functionality.",Books,"Durable, Essential, Portable, Bestseller, Rechargeable",314.2,4.39,2531,10,2017-02-17,5288
https://example.com/images/compact_running_shoes_346.jpg,Compact Running Shoes 346,Summit Gear Co.,"The Compact Running Shoes 346 by Summit Gear Co. delivers dependable performance with quality materials and thoughtful design. It is well suited for everyday use in the books category, offering a strong balance of value and functionality.",Books,"Versatile, Durable, Rechargeable, Bestseller, Lightweight",213.5,4.83,9825,49,2022-02-02,21674
https://example.com/images/wireless_action_camera_204.jpg,Wireless Action Camera 204,BrightLeaf Publishing,"The Wireless Action Camera 204 by BrightLeaf Publishing delivers dependable performance with quality materials and thoughtful design. It is well suited for everyday use in the home & kitchen category, offering a strong balance of value and functionality.",Home & Kitchen,"Modern, Bestseller, Waterproof, Lightweight, Essential",712.45,1.47,9556,683,2024-07-23,15536
https://example.com/images/classic_stainless_steel_water_bottle_408.jpg,Classic Stainless Steel Water Bottle 408,BrightLeaf Publishing,"The Classic Stainless Steel Water Bottle 408 by BrightLeaf Publishing delivers dependable performance with quality materials and thoughtful design. It is well suited for everyday use in the electronics category, offering a strong balance of value and functionality.",Electronics,"Premium, Compact, New Arrival, Ergonomic, Waterproof",639.37,3.12,8125,1070,2025-03-10,21680
https://example.com/images/wireless_smartphone_stand_909.jpg,Wireless Smartphone Stand 909,BlueRiver Outfitters,"The Wireless Smartphone Stand 909 by BlueRiver Outfitters delivers dependable performance with quality materials and thoughtful design. It is well suited for everyday use in the electronics category, offering a strong balance of value and functionality.",Electronics,"Essential, Durable, Compact, Lightweight, Giftable",645.01,1.2,3221,1518,2025-04-02,3255
https://example.com/images/wireless_office_chair_580.jpg,Wireless Office Chair 580,Maple Street Press,"The Wireless Office Chair 580 by Maple Street Press delivers dependable performance with quality materials and thoughtful design. It is well suited for everyday use in the office supplies category, offering a strong balance of value and functionality.",Office Supplies,"Compact, Ergonomic, Giftable, New Arrival, Waterproof",553.95,2.98,8082,352,2022-11-15,23736
https://example.com/images/smart_smartphone_stand_533.jpg,Smart Smartphone Stand 533,Horizon Tech,"The Smart Smartphone Stand 533 by Horizon Tech delivers dependable performance with quality materials and thoughtful design. It is well suited for everyday use in the books category, offering a strong balance of value and functionality.",Books,"Portable, Premium, Giftable, Wireless, Waterproof",398.58,2.18,547,7,2025-08-22,9402
https://example.com/images/wireless_stainless_steel_water_bottle_742.jpg,Wireless Stainless Steel Water Bottle 742,Maple Street Press,"The Wireless Stainless Steel Water Bottle 742 by Maple Street Press delivers dependable performance with quality materials and thoughtful design. It is well suited for everyday use in the home & kitchen category, offering a strong balance of value and functionality.",Home & Kitchen,"Wireless, New Arrival, Ergonomic, Modern, Giftable",71.88,2.42,6318,760,2019-04-25,5307
https://example.com/images/classic_yoga_mat_236.jpg,Classic Yoga Mat 236,Summit Gear Co.,"The Classic Yoga Mat 236 by Summit Gear Co. delivers dependable performance with quality materials and thoughtful design. It is well suited for everyday use in the home & kitchen category, offering a strong balance of value and functionality.",Home & Kitchen,"Premium, Versatile, Modern, New Arrival, Essential",600.79,1.31,7683,1678,2019-09-01,23739
https://example.com/images/portable_cookware_set_685.jpg,Portable Cookware Set 685,Horizon Tech,"The Portable Cookware Set 685 by Horizon Tech delivers dependable performance with quality materials and thoughtful design. It is well suited for everyday use in the home & kitchen category, offering a strong balance of value and functionality.",Home & Kitchen,"Essential, Bestseller, Modern, Giftable, Rechargeable",455.23,1.3,7743,1227,2021-03-09,11454
https://example.com/images/eco_action_camera_964.jpg,Eco Action Camera 964,BlueRiver Outfitters,"The Eco Action Camera 964 by BlueRiver Outfitters delivers dependable performance with quality materials and thoughtful design. It is well suited for everyday use in the office supplies category, offering a strong balance of value and functionality.",Office Supplies,"Limited Edition, Essential, Wireless, Rechargeable, Compact",520.92,4.03,7860,1282,2023-07-22,23743
https://example.com/images/eco_electric_kettle_467.jpg,Eco Electric Kettle 467,Summit Gear Co.,"The Eco Electric Kettle 467 by Summit Gear Co. delivers dependable performance with quality materials and thoughtful design. It is well suited for everyday use in the sports & outdoors category, offering a strong balance of value and functionality.",Sports & Outdoors,"Premium, Compact, Waterproof, Lightweight, New Arrival",419.27,1.2,948,247,2021-08-25,29893
https://example.com/images/wireless_fitness_tracker_967.jpg,Wireless Fitness Tracker 967,BlueRiver Outfitters,"The Wireless Fitness Tracker 967 by BlueRiver Outfitters delivers dependable performance with quality materials and thoughtful design. It is well suited for everyday use in the books category, offering a strong balance of value and functionality.",Books,"Wireless, Modern, Premium, Durable, Versatile",701.13,3.71,5605,1519,2022-10-03,13509
https://example.com/images/classic_fitness_tracker_977.jpg,Classic Fitness Tracker 977,SilverLine Electronics,"The Classic Fitness Tracker 977 by SilverLine Electronics delivers dependable performance with quality materials and thoughtful design. It is well suited for everyday use in the office supplies category, offering a strong balance of value and functionality.",Office Supplies,"Portable, Limited Edition, Durable, Versatile, Wireless",762.94,2.06,9368,1891,2022-10-28,1222
https://example.com/images/professional_graphic_t-shirt_527.jpg,Professional Graphic T-Shirt 527,BrightLeaf Publishing,"The Professional Graphic T-Shirt 527 by BrightLeaf Publishing delivers dependable performance with quality materials and thoughtful design. It is well suited for everyday use in the office supplies category, offering a strong balance of value and functionality.",Office Supplies,"Rechargeable, Waterproof, Essential, Giftable, Compact",30.23,2.29,1271,1859,2019-03-20,7373
https://example.com/images/compact_electric_kettle_181.jpg,Compact Electric Kettle 181,Summit Gear Co.,"The Compact Electric Kettle 181 by Summit Gear Co. delivers dependable performance with quality materials and thoughtful design. It is well suited for everyday use in the electronics category, offering a strong balance of value and functionality.",Electronics,"Ergonomic, Versatile, Limited Edition, Modern, Premium",665.05,1.58,1252,919,2022-07-07,1231
https://example.com/images/ultra_gaming_mouse_321.jpg,Ultra Gaming Mouse 321,BrightLeaf Publishing,"The Ultra Gaming Mouse 321 by BrightLeaf Publishing delivers dependable performance with quality materials and thoughtful design. It is well suited for everyday use in the home & kitchen category, offering a strong balance of value and functionality.",Home & Kitchen,"Wireless, Bestseller, Giftable, Waterproof, Rechargeable",143.4,4.15,7929,1897,2023-01-14,15568
https://example.com/images/compact_4k_monitor_257.jpg,Compact 4K Monitor 257,Maple Street Press,"The Compact 4K Monitor 257 by Maple Street Press delivers dependable performance with quality materials and thoughtful design. It is well suited for everyday use in the clothing category, offering a strong balance of value and functionality.",Clothing,"Limited Edition, Compact, Premium, Modern, Durable",509.22,3.99,7294,1224,2016-08-14,17616
https://example.com/images/smart_science_fiction_novel_185.jpg,Smart Science Fiction Novel 185,SilverLine Electronics,"The Smart Science Fiction Novel 185 by SilverLine Electronics delivers dependable performance with quality materials and thoughtful design. It is well suited for everyday use in the home & kitchen category, offering a strong balance of value and functionality.",Home & Kitchen,"Durable, Wireless, Rechargeable, Compact, Portable",341.49,4.4,6401,460,2020-02-10,1234
https://example.com/images/professional_4k_monitor_582.jpg,Professional 4K Monitor 582,SilverLine Electronics,"The Professional 4K Monitor 582 by SilverLine Electronics delivers dependable performance with quality materials and thoughtful design. It is well suited for everyday use in the office supplies category, offering a strong balance of value and functionality.",Office Supplies,"Bestseller, Premium, Limited Edition, Giftable, Versatile",292.14,2.9,4698,806,2024-10-03,23762
https://example.com/images/smart_graphic_t-shirt_963.jpg,Smart Graphic T-Shirt 963,UrbanNest,"The Smart Graphic T-Shirt 963 by UrbanNest delivers dependable performance with quality materials and thoughtful design. It is well suited for everyday use in the electronics category, offering a strong balance of value and functionality.",Electronics,"Limited Edition, Waterproof, Premium, Bestseller, Lightweight",261.67,2.48,772,1669,2019-07-04,21716
https://example.com/images/compact_backpack_354.jpg,Compact Backpack 354,Maple Street Press,"The Compact Backpack 354 by Maple Street Press delivers dependable performance with quality materials and thoughtful design. It is well suited for everyday use in the books category, offering a strong balance of value and functionality.",Books,"Versatile, Bestseller, Waterproof, Modern, New Arrival",315.85,3.88,9139,23,2023-01-13,27862
https://example.com/images/compact_office_chair_599.jpg,Compact Office Chair 599,NorthPeak,"The Compact Office Chair 599 by NorthPeak delivers dependable performance with quality materials and thoughtful design. It is well suited for everyday use in the sports & outdoors category, offering a strong balance of value and functionality.",Sports & Outdoors,"Ergonomic, Limited Edition, Modern, Wireless, Lightweight",534.6,3.37,3149,1684,2016-10-16,27864
https://example.com/images/premium_4k_monitor_578.jpg,Premium 4K Monitor 578,BlueRiver Outfitters,"The Premium 4K Monitor 578 by BlueRiver Outfitters delivers dependable performance with quality materials and thoughtful design. It is well suited for everyday use in the books category, offering a strong balance of value and functionality.",Books,"Durable, Rechargeable, Essential, Ergonomic, Portable",140.2,3.04,2939,1458,2023-08-27,15581
https://example.com/images/premium_backpack_725.jpg,Premium Backpack 725,Maple Street Press,"The Premium Backpack 725 by Maple Street Press delivers dependable performance with quality materials and thoughtful design. It is well suited for everyday use in the sports & outdoors category, offering a strong balance of value and functionality.",Sports & Outdoors,"Bestseller, Versatile, Lightweight, Wireless, Modern",274.77,3.07,76,586,2017-04-17,27870
https://example.com/images/eco_fitness_tracker_729.jpg,Eco Fitness Tracker 729,SilverLine Electronics,"The Eco Fitness Tracker 729 by SilverLine Electronics delivers dependable performance with quality materials and thoughtful design. It is well suited for everyday use in the books category, offering a strong balance of value and functionality.",Books,"Portable, Premium, Wireless, Compact, Modern",601.11,4.76,7600,376,2016-09-30,9439
https://example.com/images/premium_external_hard_drive_684.jpg,Premium External Hard Drive 684,Maple Street Press,"The Premium External Hard Drive 684 by Maple Street Press delivers dependable performance with quality materials and thoughtful design. It is well suited for everyday use in the electronics category, offering a strong balance of value and functionality.",Electronics,"Durable, Lightweight, Essential, Compact, Portable",486.17,1.36,4368,1086,2023-07-12,3300
https://example.com/images/smart_office_chair_297.jpg,Smart Office Chair 297,SilverLine Electronics,"The Smart Office Chair 297 by SilverLine Electronics delivers dependable performance with quality materials and thoughtful design. It is well suited for everyday use in the home & kitchen category, offering a strong balance of value and functionality.",Home & Kitchen,"Durable, Lightweight, Bestseller, Wireless, New Arrival",54.08,1.01,7628,1517,2019-06-29,1253
https://example.com/images/smart_4k_monitor_149.jpg,Smart 4K Monitor 149,Summit Gear Co.,"The Smart 4K Monitor 149 by Summit Gear Co. delivers dependable performance with quality materials and thoughtful design. It is well suited for everyday use in the office supplies category, offering a strong balance of value and functionality.",Office Supplies,"Durable, Essential, Compact, Lightweight, New Arrival",282.04,4.84,1733,490,2025-05-21,7398
https://example.com/images/professional_running_shoes_967.jpg,Professional Running Shoes 967,NorthPeak,"The Professional Running Shoes 967 by NorthPeak delivers dependable performance with quality materials and thoughtful design. It is well suited for everyday use in the office supplies category, offering a strong balance of value and functionality.",Office Supplies,"Rechargeable, Giftable, Essential, Bestseller, New Arrival",339.57,3.1,7273,385,2025-05-20,5352
https://example.com/images/wireless_led_desk_lamp_447.jpg,Wireless LED Desk Lamp 447,BrightLeaf Publishing,"The Wireless LED Desk Lamp 447 by BrightLeaf Publishing delivers dependable performance with quality materials and thoughtful design. It is well suited for everyday use in the clothing category, offering a strong balance of value and functionality.",Clothing,"Durable, Limited Edition, Wireless, Waterproof, Ergonomic",491.08,3.0,6016,1039,2025-02-19,25833
https://example.com/images/professional_science_fiction_novel_163.jpg,Professional Science Fiction Novel 163,BrightLeaf Publishing,"The Professional Science Fiction Novel 163 by BrightLeaf Publishing delivers dependable performance with quality materials and thoughtful design. It is well suited for everyday use in the home & kitchen category, offering a strong balance of value and functionality.",Home & Kitchen,"Limited Edition, Premium, Rechargeable, Bestseller, Modern",733.42,2.11,5470,67,2019-12-19,11498
https://example.com/images/classic_stainless_steel_water_bottle_255.jpg,Classic Stainless Steel Water Bottle 255,BlueRiver Outfitters,"The Classic Stainless Steel Water Bottle 255 by BlueRiver Outfitters delivers dependable performance with quality materials and thoughtful design. It is well suited for everyday use in the home & kitchen category, offering a strong balance of value and functionality.",Home & Kitchen,"Ergonomic, Compact, Portable, Modern, Essential",194.84,1.23,7128,237,2022-11-15,11506
https://example.com/images/compact_external_hard_drive_567.jpg,Compact External Hard Drive 567,Horizon Tech,"The Compact External Hard Drive 567 by Horizon Tech delivers dependable performance with quality materials and thoughtful design. It is well suited for everyday use in the books category, offering a strong balance of value and functionality.",Books,"Wireless, Rechargeable, Lightweight, New Arrival, Durable",56.0,1.32,2069,1342,2021-07-24,3318
https://example.com/images/professional_led_desk_lamp_297.jpg,Professional LED Desk Lamp 297,BrightLeaf Publishing,"The Professional LED Desk Lamp 297 by BrightLeaf Publishing delivers dependable performance with quality materials and thoughtful design. It is well suited for everyday use in the clothing category, offering a strong balance of value and functionality.",Clothing,"Limited Edition, Premium, Wireless, Portable, Giftable",319.88,3.6,9960,647,2025-08-14,29944
https://example.com/images/smart_4k_monitor_641.jpg,Smart 4K Monitor 641,SilverLine Electronics,"The Smart 4K Monitor 641 by SilverLine Electronics delivers dependable performance with quality materials and thoughtful design. It is well suited for everyday use in the clothing category, offering a strong balance of value and functionality.",Clothing,"Waterproof, Premium, Modern, Limited Edition, Rechargeable",789.37,4.79,4663,1698,2021-12-24,13564
https://example.com/images/smart_electric_kettle_317.jpg,Smart Electric Kettle 317,BlueRiver Outfitters,"The Smart Electric Kettle 317 by BlueRiver Outfitters delivers dependable performance with quality materials and thoughtful design. It is well suited for everyday use in the sports & outdoors category, offering a strong balance of value and functionality.",Sports & Outdoors,"Waterproof, Ergonomic, Portable, Premium, Durable",129.41,3.05,1190,1888,2017-01-22,31996
https://example.com/images/ultra_bluetooth_speaker_111.jpg,Ultra Bluetooth Speaker 111,SilverLine Electronics,"The Ultra Bluetooth Speaker 111 by SilverLine Electronics delivers dependable performance with quality materials and thoughtful design. It is well suited for everyday use in the clothing category, offering a strong balance of value and functionality.",Clothing,"Waterproof, Versatile, Compact, Lightweight, Premium",257.65,2.02,9173,1991,2025-07-04,3325
https://example.com/images/premium_running_shoes_538.jpg,Premium Running Shoes 538,UrbanNest,"The Premium Running Shoes 538 by UrbanNest delivers dependable performance with quality materials and thoughtful design. It is well suited for everyday use in the office supplies category, offering a strong balance of value and functionality.",Office Supplies,"New Arrival, Giftable, Wireless, Portable, Limited Edition",534.69,4.74,1184,157,2023-03-28,7423
https://example.com/images/classic_yoga_mat_566.jpg,Classic Yoga Mat 566,Horizon Tech,"The Classic Yoga Mat 566 by Horizon Tech delivers dependable performance with quality materials and thoughtful design. It is well suited for everyday use in the office supplies category, offering a strong balance of value and functionality.",Office Supplies,"Limited Edition, Rechargeable, Giftable, Ergonomic, Lightweight",238.79,2.44,6706,1228,2017-07-18,9473
https://example.com/images/classic_running_shoes_201.jpg,Classic Running Shoes 201,SilverLine Electronics,"The Classic Running Shoes 201 by SilverLine Electronics delivers dependable performance with quality materials and thoughtful design. It is well suited for everyday use in the books category, offering a strong balance of value and functionality.",Books,"Portable, Rechargeable, Giftable, Wireless, Compact",369.52,2.58,4798,90,2025-12-24,23813
https://example.com/images/eco_mechanical_keyboard_491.jpg,Eco Mechanical Keyboard 491,UrbanNest,"The Eco Mechanical Keyboard 491 by UrbanNest delivers dependable performance with quality materials and thoughtful design. It is well suited for everyday use in the clothing category, offering a strong balance of value and functionality.",Clothing,"Rechargeable, Essential, Modern, Bestseller, Compact",672.62,3.16,4521,150,2024-06-13,27910
https://example.com/images/advanced_action_camera_722.jpg,Advanced Action Camera 722,Summit Gear Co.,"The Advanced Action Camera 722 by Summit Gear Co. delivers dependable performance with quality materials and thoughtful design. It is well suited for everyday use in the books category, offering a strong balance of value and functionality.",Books,"Versatile, Compact, Waterproof, Limited Edition, Rechargeable",652.78,2.87,7513,1679,2016-11-06,27911
https://example.com/images/professional_fitness_tracker_628.jpg,Professional Fitness Tracker 628,Summit Gear Co.,"The Professional Fitness Tracker 628 by Summit Gear Co. delivers dependable performance with quality materials and thoughtful design. It is well suited for everyday use in the clothing category, offering a strong balance of value and functionality.",Clothing,"Wireless, Waterproof, Bestseller, Premium, Giftable",306.2,2.16,478,1019,2016-09-19,15624
https://example.com/images/compact_external_hard_drive_472.jpg,Compact External Hard Drive 472,Summit Gear Co.,"The Compact External Hard Drive 472 by Summit Gear Co. delivers dependable performance with quality materials and thoughtful design. It is well suited for everyday use in the electronics category, offering a strong balance of value and functionality.",Electronics,"Bestseller, Modern, Lightweight, Portable, Essential",249.8,2.34,6525,1756,2024-10-06,19723
https://example.com/images/eco_electric_kettle_739.jpg,Eco Electric Kettle 739,UrbanNest,"The Eco Electric Kettle 739 by UrbanNest delivers dependable performance with quality materials and thoughtful design. It is well suited for everyday use in the electronics category, offering a strong balance of value and functionality.",Electronics,"Portable, Ergonomic, Essential, Bestseller, Giftable",788.23,3.74,6934,1478,2021-03-05,32013
https://example.com/images/portable_cookware_set_476.jpg,Portable Cookware Set 476,UrbanNest,"The Portable Cookware Set 476 by UrbanNest delivers dependable performance with quality materials and thoughtful design. It is well suited for everyday use in the clothing category, offering a strong balance of value and functionality.",Clothing,"Premium, Versatile, Bestseller, Ergonomic, Essential",469.68,2.53,6943,1724,2021-05-24,27918
https://example.com/images/classic_mechanical_keyboard_114.jpg,Classic Mechanical Keyboard 114,BlueRiver Outfitters,"The Classic Mechanical Keyboard 114 by BlueRiver Outfitters delivers dependable performance with quality materials and thoughtful design. It is well suited for everyday use in the sports & outdoors category, offering a strong balance of value and functionality.",Sports & Outdoors,"Versatile, Wireless, Ergonomic, Bestseller, Portable",397.53,3.39,6835,246,2021-03-02,7439
https://example.com/images/wireless_mechanical_keyboard_597.jpg,Wireless Mechanical Keyboard 597,Summit Gear Co.,"The Wireless Mechanical Keyboard 597 by Summit Gear Co. delivers dependable performance with quality materials and thoughtful design. It is well suited for everyday use in the sports & outdoors category, offering a strong balance of value and functionality.",Sports & Outdoors,"Giftable, Versatile, Rechargeable, Essential, Modern",461.94,3.53,4576,485,2025-03-08,29968
https://example.com/images/wireless_cookbook_735.jpg,Wireless Cookbook 735,SilverLine Electronics,"The Wireless Cookbook 735 by SilverLine Electronics delivers dependable performance with quality materials and thoughtful design. It is well suited for everyday use in the home & kitchen category, offering a strong balance of value and functionality.",Home & Kitchen,"Wireless, Essential, New Arrival, Premium, Limited Edition",499.03,4.13,527,1055,2024-06-04,23824
https://example.com/images/classic_backpack_390.jpg,Classic Backpack 390,BrightLeaf Publishing,"The Classic Backpack 390 by BrightLeaf Publishing delivers dependable performance with quality materials and thoughtful design. It is well suited for everyday use in the office supplies category, offering a strong balance of value and functionality.",Office Supplies,"Giftable, Bestseller, Versatile, Essential, Limited Edition",545.16,3.48,1376,515,2017-04-04,21777
https://example.com/images/wireless_action_camera_452.jpg,Wireless Action Camera 452,Horizon Tech,"The Wireless Action Camera 452 by Horizon Tech delivers dependable performance with quality materials and thoughtful design. It is well suited for everyday use in the sports & outdoors category, offering a strong balance of value and functionality.",Sports & Outdoors,"Giftable, Compact, Waterproof, Modern, Portable",109.58,2.18,9359,1150,2019-06-15,13587
https://example.com/images/classic_smartphone_stand_603.jpg,Classic Smartphone Stand 603,BrightLeaf Publishing,"The Classic Smartphone Stand 603 by BrightLeaf Publishing delivers dependable performance with quality materials and thoughtful design. It is well suited for everyday use in the home & kitchen category, offering a strong balance of value and functionality.",Home & Kitchen,"Premium, New Arrival, Portable, Lightweight, Essential",784.99,2.58,3158,1957,2024-08-02,29972
https://example.com/images/eco_science_fiction_novel_571.jpg,Eco Science Fiction Novel 571,NorthPeak,"The Eco Science Fiction Novel 571 by NorthPeak delivers dependable performance with quality materials and thoughtful design. It is well suited for everyday use in the electronics category, offering a strong balance of value and functionality.",Electronics,"Modern, Giftable, Bestseller, Ergonomic, Durable",113.48,4.81,9294,1676,2016-08-29,3353
https://example.com/images/portable_gaming_mouse_562.jpg,Portable Gaming Mouse 562,UrbanNest,"The Portable Gaming Mouse 562 by UrbanNest delivers dependable performance with quality materials and thoughtful design. It is well suited for everyday use in the clothing category, offering a strong balance of value and functionality.",Clothing,"Durable, Premium, Ergonomic, Giftable, Limited Edition",463.96,4.82,3027,75,2021-05-30,9498
https://example.com/images/professional_cookbook_497.jpg,Professional Cookbook 497,Horizon Tech,"The Professional Cookbook 497 by Horizon Tech delivers dependable performance with quality materials and thoughtful design. It is well suited for everyday use in the home & kitchen category, offering a strong balance of value and functionality.",Home & Kitchen,"Waterproof, Lightweight, Premium, Rechargeable, Wireless",395.91,2.32,7392,1899,2024-04-26,21788
https://example.com/images/ultra_4k_monitor_965.jpg,Ultra 4K Monitor 965,Maple Street Press,"The Ultra 4K Monitor 965 by Maple Street Press delivers dependable performance with quality materials and thoughtful design. It is well suited for everyday use in the books category, offering a strong balance of value and functionality.",Books,"Giftable, Wireless, Ergonomic, Durable, Compact",773.06,3.65,8070,212,2023-07-04,1312
https://example.com/images/portable_backpack_698.jpg,Portable Backpack 698,UrbanNest,"The Portable Backpack 698 by UrbanNest delivers dependable performance with quality materials and thoughtful design. It is well suited for everyday use in the books category, offering a strong balance of value and functionality.",Books,"Waterproof, Bestseller, Modern, New Arrival, Durable",510.63,1.19,48,1485,2023-11-28,19750
https://example.com/images/compact_cookbook_108.jpg,Compact Cookbook 108,UrbanNest,"The Compact Cookbook 108 by UrbanNest delivers dependable performance with quality materials and thoughtful design. It is well suited for everyday use in the electronics category, offering a strong balance of value and functionality.",Electronics,"New Arrival, Lightweight, Essential, Premium, Giftable",724.47,4.1,3953,1026,2016-01-05,9510
https://example.com/images/portable_4k_monitor_443.jpg,Portable 4K Monitor 443,SilverLine Electronics,"The Portable 4K Monitor 443 by SilverLine Electronics delivers dependable performance with quality materials and thoughtful design. It is well suited for everyday use in the clothing category, offering a strong balance of value and functionality.",Clothing,"Compact, Lightweight, Premium, Limited Edition, New Arrival",666.67,1.0,9354,1818,2025-12-26,32039
https://example.com/images/eco_mechanical_keyboard_543.jpg,Eco Mechanical Keyboard 543,UrbanNest,"The Eco Mechanical Keyboard 543 by UrbanNest delivers dependable performance with quality materials and thoughtful design. It is well suited for everyday use in the home & kitchen category, offering a strong balance of value and functionality.",Home & Kitchen,"Portable, New Arrival, Rechargeable, Bestseller, Compact",402.43,1.82,8454,474,2019-06-10,25896
https://example.com/images/classic_stainless_steel_water_bottle_232.jpg,Classic Stainless Steel Water Bottle 232,Horizon Tech,"The Classic Stainless Steel Water Bottle 232 by Horizon Tech delivers dependable performance with quality materials and thoughtful design. It is well suited for everyday use in the electronics category, offering a strong balance of value and functionality.",Electronics,"Giftable, Modern, Compact, Premium, Essential",687.71,4.89,6928,1797,2016-05-08,13608
https://example.com/images/eco_bluetooth_speaker_618.jpg,Eco Bluetooth Speaker 618,UrbanNest,"The Eco Bluetooth Speaker 618 by UrbanNest delivers dependable performance with quality materials and thoughtful design. It is well suited for everyday use in the office supplies category, offering a strong balance of value and functionality.",Office Supplies,"Giftable, Portable, Compact, Modern, Essential",425.78,4.12,2358,1344,2017-06-09,9512
https://example.com/images/classic_external_hard_drive_960.jpg,Classic External Hard Drive 960,UrbanNest,"The Classic External Hard Drive 960 by UrbanNest delivers dependable performance with quality materials and thoughtful design. It is well suited for everyday use in the electronics category, offering a strong balance of value and functionality.",Electronics,"Premium, Rechargeable, Essential, Durable, Ergonomic",103.91,4.09,8378,1574,2025-05-25,15657
https://example.com/images/smart_action_camera_251.jpg,Smart Action Camera 251,UrbanNest,"The Smart Action Camera 251 by UrbanNest delivers dependable performance with quality materials and thoughtful design. It is well suited for everyday use in the sports & outdoors category, offering a strong balance of value and functionality.",Sports & Outdoors,"Wireless, Versatile, Waterproof, Ergonomic, Portable",49.45,4.32,5341,923,2018-01-07,7466
https://example.com/images/advanced_running_shoes_700.jpg,Advanced Running Shoes 700,UrbanNest,"The Advanced Running Shoes 700 by UrbanNest delivers dependable performance with quality materials and thoughtful design. It is well suited for everyday use in the books category, offering a strong balance of value and functionality.",Books,"Limited Edition, Ergonomic, Wireless, Essential, Premium",765.02,4.22,4914,792,2021-03-08,5424
https://example.com/images/eco_stainless_steel_water_bottle_510.jpg,Eco Stainless Steel Water Bottle 510,UrbanNest,"The Eco Stainless Steel Water Bottle 510 by UrbanNest delivers dependable performance with quality materials and thoughtful design. It is well suited for everyday use in the sports & outdoors category, offering a strong balance of value and functionality.",Sports & Outdoors,"Modern, New Arrival, Durable, Wireless, Compact",562.47,4.04,9875,1020,2021-09-03,1329
https://example.com/images/professional_electric_kettle_450.jpg,Professional Electric Kettle 450,Maple Street Press,"The Professional Electric Kettle 450 by Maple Street Press delivers dependable performance with quality materials and thoughtful design. It is well suited for everyday use in the home & kitchen category, offering a strong balance of value and functionality.",Home & Kitchen,"Bestseller, Premium, Wireless, New Arrival, Modern",314.67,3.48,7014,1429,2022-08-22,13617
https://example.com/images/professional_bluetooth_speaker_469.jpg,Professional Bluetooth Speaker 469,Maple Street Press,"The Professional Bluetooth Speaker 469 by Maple Street Press delivers dependable performance with quality materials and thoughtful design. It is well suited for everyday use in the office supplies category, offering a strong balance of value and functionality.",Office Supplies,"Premium, Modern, Essential, Portable, Waterproof",478.96,1.3,4257,261,2025-09-16,15667
https://example.com/images/professional_external_hard_drive_154.jpg,Professional External Hard Drive 154,Maple Street Press,"The Professional External Hard Drive 154 by Maple Street Press delivers dependable performance with quality materials and thoughtful design. It is well suited for everyday use in the clothing category, offering a strong balance of value and functionality.",Clothing,"Ergonomic, Compact, Modern, Limited Edition, Rechargeable",100.31,2.17,5772,423,2017-01-29,32051
https://example.com/images/compact_office_chair_464.jpg,Compact Office Chair 464,BrightLeaf Publishing,"The Compact Office Chair 464 by BrightLeaf Publishing delivers dependable performance with quality materials and thoughtful design. It is well suited for everyday use in the clothing category, offering a strong balance of value and functionality.",Clothing,"New Arrival, Giftable, Premium, Lightweight, Essential",120.01,1.73,5798,773,2016-10-12,30005
https://example.com/images/portable_science_fiction_novel_668.jpg,Portable Science Fiction Novel 668,Summit Gear Co.,"The Portable Science Fiction Novel 668 by Summit Gear Co. delivers dependable performance with quality materials and thoughtful design. It is well suited for everyday use in the electronics category, offering a strong balance of value and functionality.",Electronics,"Lightweight, Premium, Limited Edition, Rechargeable, Waterproof",575.74,1.77,2518,793,2018-03-04,23863
https://example.com/images/compact_mechanical_keyboard_135.jpg,Compact Mechanical Keyboard 135,Summit Gear Co.,"The Compact Mechanical Keyboard 135 by Summit Gear Co. delivers dependable performance with quality materials and thoughtful design. It is well suited for everyday use in the clothing category, offering a strong balance of value and functionality.",Clothing,"Lightweight, Wireless, Versatile, Portable, Limited Edition",390.5,4.18,5827,1092,2021-04-24,7481
https://example.com/images/premium_bluetooth_speaker_690.jpg,Premium Bluetooth Speaker 690,UrbanNest,"The Premium Bluetooth Speaker 690 by UrbanNest delivers dependable performance with quality materials and thoughtful design. It is well suited for everyday use in the home & kitchen category, offering a strong balance of value and functionality.",Home & Kitchen,"Essential, Limited Edition, Bestseller, New Arrival, Versatile",790.71,2.37,4674,1942,2020-02-22,13626
https://example.com/images/smart_led_desk_lamp_290.jpg,Smart LED Desk Lamp 290,BlueRiver Outfitters,"The Smart LED Desk Lamp 290 by BlueRiver Outfitters delivers dependable performance with quality materials and thoughtful design. It is well suited for everyday use in the books category, offering a strong balance of value and functionality.",Books,"Wireless, Lightweight, Waterproof, New Arrival, Rechargeable",142.76,2.43,8139,1442,2022-04-21,11580
https://example.com/images/premium_graphic_t-shirt_932.jpg,Premium Graphic T-Shirt 932,NorthPeak,"The Premium Graphic T-Shirt 932 by NorthPeak delivers dependable performance with quality materials and thoughtful design. It is well suited for everyday use in the office supplies category, offering a strong balance of value and functionality.",Office Supplies,"Versatile, Compact, Ergonomic, Waterproof, Giftable",37.75,1.42,1411,1024,2024-09-11,27966
https://example.com/images/ultra_smartphone_stand_743.jpg,Ultra Smartphone Stand 743,NorthPeak,"The Ultra Smartphone Stand 743 by NorthPeak delivers dependable performance with quality materials and thoughtful design. It is well suited for everyday use in the office supplies category, offering a strong balance of value and functionality.",Office Supplies,"Portable, Ergonomic, Compact, Rechargeable, Essential",55.72,3.69,2395,1066,2020-12-01,19777
https://example.com/images/ultra_fitness_tracker_553.jpg,Ultra Fitness Tracker 553,Summit Gear Co.,"The Ultra Fitness Tracker 553 by Summit Gear Co. delivers dependable performance with quality materials and thoughtful design. It is well suited for everyday use in the clothing category, offering a strong balance of value and functionality.",Clothing,"Limited Edition, Essential, Giftable, New Arrival, Wireless",162.68,4.17,5030,1032,2025-05-26,19783
https://example.com/images/ultra_science_fiction_novel_892.jpg,Ultra Science Fiction Novel 892,Maple Street Press,"The Ultra Science Fiction Novel 892 by Maple Street Press delivers dependable performance with quality materials and thoughtful design. It is well suited for everyday use in the clothing category, offering a strong balance of value and functionality.",Clothing,"Portable, Lightweight, Essential, Limited Edition, Compact",442.91,3.25,9601,1953,2017-04-11,17738
https://example.com/images/advanced_science_fiction_novel_394.jpg,Advanced Science Fiction Novel 394,BrightLeaf Publishing,"The Advanced Science Fiction Novel 394 by BrightLeaf Publishing delivers dependable performance with quality materials and thoughtful design. It is well suited for everyday use in the books category, offering a strong balance of value and functionality.",Books,"Limited Edition, Durable, Giftable, Rechargeable, Portable",356.95,2.69,2692,1009,2022-07-25,1354
https://example.com/images/wireless_stainless_steel_water_bottle_880.jpg,Wireless Stainless Steel Water Bottle 880,NorthPeak,"The Wireless Stainless Steel Water Bottle 880 by NorthPeak delivers dependable performance with quality materials and thoughtful design. It is well suited for everyday use in the clothing category, offering a strong balance of value and functionality.",Clothing,"Modern, Rechargeable, Essential, Lightweight, Wireless",687.16,2.78,1748,1941,2022-01-18,3411
https://example.com/images/smart_4k_monitor_977.jpg,Smart 4K Monitor 977,BrightLeaf Publishing,"The Smart 4K Monitor 977 by BrightLeaf Publishing delivers dependable performance with quality materials and thoughtful design. It is well suited for everyday use in the home & kitchen category, offering a strong balance of value and functionality.",Home & Kitchen,"Rechargeable, Compact, Ergonomic, Modern, Premium",11.39,2.73,3711,1219,2016-04-20,13652
https://example.com/images/smart_electric_kettle_214.jpg,Smart Electric Kettle 214,Horizon Tech,"The Smart Electric Kettle 214 by Horizon Tech delivers dependable performance with quality materials and thoughtful design. It is well suited for everyday use in the home & kitchen category, offering a strong balance of value and functionality.",Home & Kitchen,"Waterproof, Essential, Premium, Lightweight, Compact",768.46,1.31,5247,1467,2020-04-09,3413
https://example.com/images/smart_running_shoes_724.jpg,Smart Running Shoes 724,Horizon Tech,"The Smart Running Shoes 724 by Horizon Tech delivers dependable performance with quality materials and thoughtful design. It is well suited for everyday use in the clothing category, offering a strong balance of value and functionality.",Clothing,"Limited Edition, Ergonomic, Giftable, New Arrival, Portable",242.7,3.87,5837,846,2017-04-17,1366
https://example.com/images/portable_office_chair_720.jpg,Portable Office Chair 720,Maple Street Press,"The Portable Office Chair 720 by Maple Street Press delivers dependable performance with quality materials and thoughtful design. It is well suited for everyday use in the electronics category, offering a strong balance of value and functionality.",Electronics,"Wireless, Compact, New Arrival, Modern, Durable",744.05,3.1,2222,1927,2021-07-20,32088
https://example.com/images/ultra_stainless_steel_water_bottle_940.jpg,Ultra Stainless Steel Water Bottle 940,NorthPeak,"The Ultra Stainless Steel Water Bottle 940 by NorthPeak delivers dependable performance with quality materials and thoughtful design. It is well suited for everyday use in the sports & outdoors category, offering a strong balance of value and functionality.",Sports & Outdoors,"Ergonomic, Giftable, Lightweight, Bestseller, New Arrival",488.07,1.88,3445,1718,2020-08-25,30041
https://example.com/images/compact_science_fiction_novel_261.jpg,Compact Science Fiction Novel 261,Summit Gear Co.,"The Compact Science Fiction Novel 261 by Summit Gear Co. delivers dependable performance with quality materials and thoughtful design. It is well suited for everyday use in the electronics category, offering a strong balance of value and functionality.",Electronics,"Portable, Lightweight, Limited Edition, Essential, Ergonomic",28.35,1.01,8499,1543,2022-12-29,17757
https://example.com/images/wireless_cookware_set_239.jpg,Wireless Cookware Set 239,Maple Street Press,"The Wireless Cookware Set 239 by Maple Street Press delivers dependable performance with quality materials and thoughtful design. It is well suited for everyday use in the sports & outdoors category, offering a strong balance of value and functionality.",Sports & Outdoors,"Essential, Limited Edition, Wireless, New Arrival, Waterproof",80.26,4.52,7974,751,2019-11-17,30046
https://example.com/images/ultra_cookbook_948.jpg,Ultra Cookbook 948,Maple Street Press,"The Ultra Cookbook 948 by Maple Street Press delivers dependable performance with quality materials and thoughtful design. It is well suited for everyday use in the sports & outdoors category, offering a strong balance of value and functionality.",Sports & Outdoors,"Waterproof, Giftable, Essential, Lightweight, Bestseller",146.18,3.7,2095,643,2019-04-16,23902
https://example.com/images/compact_backpack_986.jpg,Compact Backpack 986,BrightLeaf Publishing,"The Compact Backpack 986 by BrightLeaf Publishing delivers dependable performance with quality materials and thoughtful design. It is well suited for everyday use in the books category, offering a strong balance of value and functionality.",Books,"Bestseller, Versatile, Waterproof, Wireless, Rechargeable",19.53,4.63,8537,971,2025-07-01,5475
https://example.com/images/wireless_bluetooth_speaker_576.jpg,Wireless Bluetooth Speaker 576,Horizon Tech,"The Wireless Bluetooth Speaker 576 by Horizon Tech delivers dependable performance with quality materials and thoughtful design. It is well suited for everyday use in the home & kitchen category, offering a strong balance of value and functionality.",Home & Kitchen,"Wireless, Modern, Essential, Waterproof, New Arrival",29.09,2.37,1660,478,2022-03-06,17764
https://example.com/images/premium_stainless_steel_water_bottle_901.jpg,Premium Stainless Steel Water Bottle 901,UrbanNest,"The Premium Stainless Steel Water Bottle 901 by UrbanNest delivers dependable performance with quality materials and thoughtful design. It is well suited for everyday use in the clothing category, offering a strong balance of value and functionality.",Clothing,"Waterproof, Limited Edition, Modern, Lightweight, Premium",273.67,3.08,9478,757,2018-12-14,7526
https://example.com/images/classic_backpack_197.jpg,Classic Backpack 197,Summit Gear Co.,"The Classic Backpack 197 by Summit Gear Co. delivers dependable performance with quality materials and thoughtful design. It is well suited for everyday use in the office supplies category, offering a strong balance of value and functionality.",Office Supplies,"Waterproof, Giftable, Durable, Essential, New Arrival",691.17,4.63,8865,1057,2024-03-04,3435
https://example.com/images/classic_smartphone_stand_339.jpg,Classic Smartphone Stand 339,Horizon Tech,"The Classic Smartphone Stand 339 by Horizon Tech delivers dependable performance with quality materials and thoughtful design. It is well suited for everyday use in the sports & outdoors category, offering a strong balance of value and functionality.",Sports & Outdoors,"Wireless, Durable, Essential, Premium, New Arrival",655.87,2.58,6184,576,2019-11-18,25964
https://example.com/images/advanced_science_fiction_novel_201.jpg,Advanced Science Fiction Novel 201,SilverLine Electronics,"The Advanced Science Fiction Novel 201 by SilverLine Electronics delivers dependable performance with quality materials and thoughtful design. It is well suited for everyday use in the sports & outdoors category, offering a strong balance of value and functionality.",Sports & Outdoors,"Durable, Wireless, Portable, Ergonomic, Versatile",179.43,2.13,9387,1011,2025-12-29,1389
https://example.com/images/professional_science_fiction_novel_151.jpg,Professional Science Fiction Novel 151,Summit Gear Co.,"The Professional Science Fiction Novel 151 by Summit Gear Co. delivers dependable performance with quality materials and thoughtful design. It is well suited for everyday use in the sports & outdoors category, offering a strong balance of value and functionality.",Sports & Outdoors,"Lightweight, Rechargeable, Bestseller, Durable, Modern",209.67,3.69,7641,1730,2018-12-31,9581
https://example.com/images/ultra_graphic_t-shirt_663.jpg,Ultra Graphic T-Shirt 663,NorthPeak,"The Ultra Graphic T-Shirt 663 by NorthPeak delivers dependable performance with quality materials and thoughtful design. It is well suited for everyday use in the electronics category, offering a strong balance of value and functionality.",Electronics,"Premium, Versatile, Modern, New Arrival, Bestseller",529.0,1.95,1483,1875,2022-09-01,25969
https://example.com/images/ultra_running_shoes_285.jpg,Ultra Running Shoes 285,BrightLeaf Publishing,"The Ultra Running Shoes 285 by BrightLeaf Publishing delivers dependable performance with quality materials and thoughtful design. It is well suited for everyday use in the office supplies category, offering a strong balance of value and functionality.",Office Supplies,"Waterproof, Premium, Giftable, Wireless, Ergonomic",761.77,3.63,5167,1027,2018-04-16,28021
https://example.com/images/professional_running_shoes_356.jpg,Professional Running Shoes 356,NorthPeak,"The Professional Running Shoes 356 by NorthPeak delivers dependable performance with quality materials and thoughtful design. It is well suited for everyday use in the books category, offering a strong balance of value and functionality.",Books,"Ergonomic, Modern, Versatile, Rechargeable, Waterproof",23.18,2.64,1213,128,2017-07-24,30070
https://example.com/images/professional_fitness_tracker_950.jpg,Professional Fitness Tracker 950,BrightLeaf Publishing,"The Professional Fitness Tracker 950 by BrightLeaf Publishing delivers dependable performance with quality materials and thoughtful design. It is well suited for everyday use in the home & kitchen category, offering a strong balance of value and functionality.",Home & Kitchen,"Essential, New Arrival, Versatile, Giftable, Modern",200.02,1.27,998,1840,2023-05-30,3455
https://example.com/images/portable_noise_cancelling_headphones_987.jpg,Portable Noise Cancelling Headphones 987,BlueRiver Outfitters,"The Portable Noise Cancelling Headphones 987 by BlueRiver Outfitters delivers dependable performance with quality materials and thoughtful design. It is well suited for everyday use in the home & kitchen category, offering a strong balance of value and functionality.",Home & Kitchen,"Portable, Giftable, Premium, Bestseller, Durable",16.23,4.91,4518,696,2016-10-02,1414
https://example.com/images/wireless_science_fiction_novel_939.jpg,Wireless Science Fiction Novel 939,Maple Street Press,"The Wireless Science Fiction Novel 939 by Maple Street Press delivers dependable performance with quality materials and thoughtful design. It is well suited for everyday use in the home & kitchen category, offering a strong balance of value and functionality.",Home & Kitchen,"Versatile, Giftable, Rechargeable, Limited Edition, Durable",256.6,1.99,6096,616,2019-03-24,3464
https://example.com/images/classic_running_shoes_653.jpg,Classic Running Shoes 653,UrbanNest,"The Classic Running Shoes 653 by UrbanNest delivers dependable performance with quality materials and thoughtful design. It is well suited for everyday use in the home & kitchen category, offering a strong balance of value and functionality.",Home & Kitchen,"New Arrival, Premium, Lightweight, Bestseller, Waterproof",411.87,1.21,1287,234,2020-03-13,17803
https://example.com/images/advanced_action_camera_825.jpg,Advanced Action Camera 825,NorthPeak,"The Advanced Action Camera 825 by NorthPeak delivers dependable performance with quality materials and thoughtful design. It is well suited for everyday use in the clothing category, offering a strong balance of value and functionality.",Clothing,"New Arrival, Rechargeable, Premium, Ergonomic, Portable",730.19,4.91,4563,156,2017-09-23,23949
https://example.com/images/ultra_mechanical_keyboard_276.jpg,Ultra Mechanical Keyboard 276,UrbanNest,"The Ultra Mechanical Keyboard 276 by UrbanNest delivers dependable performance with quality materials and thoughtful design. It is well suited for everyday use in the electronics category, offering a strong balance of value and functionality.",Electronics,"Versatile, New Arrival, Compact, Giftable, Modern",577.89,1.13,4499,592,2020-11-03,15759
https://example.com/images/premium_action_camera_944.jpg,Premium Action Camera 944,Summit Gear Co.,"The Premium Action Camera 944 by Summit Gear Co. delivers dependable performance with quality materials and thoughtful design. It is well suited for everyday use in the home & kitchen category, offering a strong balance of value and functionality.",Home & Kitchen,"Essential, Versatile, Lightweight, Bestseller, Compact",39.27,2.91,1180,1024,2024-04-19,5520
https://example.com/images/wireless_action_camera_721.jpg,Wireless Action Camera 721,Horizon Tech,"The Wireless Action Camera 721 by Horizon Tech delivers dependable performance with quality materials and thoughtful design. It is well suited for everyday use in the electronics category, offering a strong balance of value and functionality.",Electronics,"Versatile, Lightweight, Wireless, Ergonomic, Premium",107.38,4.44,4121,142,2017-07-14,7568
https://example.com/images/compact_electric_kettle_379.jpg,Compact Electric Kettle 379,Horizon Tech,"The Compact Electric Kettle 379 by Horizon Tech delivers dependable performance with quality materials and thoughtful design. It is well suited for everyday use in the books category, offering a strong balance of value and functionality.",Books,"Wireless, Modern, Lightweight, Rechargeable, Premium",74.34,1.76,7011,1120,2020-11-15,32145
https://example.com/images/compact_noise_cancelling_headphones_957.jpg,Compact Noise Cancelling Headphones 957,NorthPeak,"The Compact Noise Cancelling Headphones 957 by NorthPeak delivers dependable performance with quality materials and thoughtful design. It is well suited for everyday use in the electronics category, offering a strong balance of value and functionality.",Electronics,"Giftable, Ergonomic, Essential, Versatile, Rechargeable",58.77,2.81,9683,879,2023-06-12,21907
https://example.com/images/premium_led_desk_lamp_165.jpg,Premium LED Desk Lamp 165,SilverLine Electronics,"The Premium LED Desk Lamp 165 by SilverLine Electronics delivers dependable performance with quality materials and thoughtful design. It is well suited for everyday use in the home & kitchen category, offering a strong balance of value and functionality.",Home & Kitchen,"Portable, Modern, Premium, Durable, Giftable",780.51,1.43,5804,797,2022-08-11,21908
https://example.com/images/premium_mechanical_keyboard_289.jpg,Premium Mechanical Keyboard 289,Maple Street Press,"The Premium Mechanical Keyboard 289 by Maple Street Press delivers dependable performance with quality materials and thoughtful design. It is well suited for everyday use in the books category, offering a strong balance of value and functionality.",Books,"Premium, Wireless, Bestseller, Limited Edition, Essential",752.89,1.26,711,441,2023-05-21,3480
https://example.com/images/classic_electric_kettle_271.jpg,Classic Electric Kettle 271,NorthPeak,"The Classic Electric Kettle 271 by NorthPeak delivers dependable performance with quality materials and thoughtful design. It is well suited for everyday use in the home & kitchen category, offering a strong balance of value and functionality.",Home & Kitchen,"Modern, Waterproof, Durable, Wireless, Compact",654.6,2.31,9591,1671,2022-09-25,7578
https://example.com/images/smart_graphic_t-shirt_164.jpg,Smart Graphic T-Shirt 164,BrightLeaf Publishing,"The Smart Graphic T-Shirt 164 by BrightLeaf Publishing delivers dependable performance with quality materials and thoughtful design. It is well suited for everyday use in the books category, offering a strong balance of value and functionality.",Books,"Premium, New Arrival, Giftable, Modern, Wireless",700.76,1.03,48,1158,2019-06-01,9628
https://example.com/images/smart_electric_kettle_309.jpg,Smart Electric Kettle 309,BlueRiver Outfitters,"The Smart Electric Kettle 309 by BlueRiver Outfitters delivers dependable performance with quality materials and thoughtful design. It is well suited for everyday use in the books category, offering a strong balance of value and functionality.",Books,"Waterproof, Versatile, Essential, Bestseller, Giftable",81.15,3.99,2270,1805,2017-05-10,28060
https://example.com/images/classic_gaming_mouse_639.jpg,Classic Gaming Mouse 639,Summit Gear Co.,"The Classic Gaming Mouse 639 by Summit Gear Co. delivers dependable performance with quality materials and thoughtful design. It is well suited for everyday use in the electronics category, offering a strong balance of value and functionality.",Electronics,"Premium, Versatile, Durable, Essential, Wireless",12.61,1.93,1326,1686,2022-10-11,5533
https://example.com/images/premium_mechanical_keyboard_881.jpg,Premium Mechanical Keyboard 881,Maple Street Press,"The Premium Mechanical Keyboard 881 by Maple Street Press delivers dependable performance with quality materials and thoughtful design. It is well suited for everyday use in the office supplies category, offering a strong balance of value and functionality.",Office Supplies,"Bestseller, Ergonomic, Rechargeable, Lightweight, Essential",706.35,1.56,5606,1124,2020-10-24,1442
https://example.com/images/advanced_cookware_set_744.jpg,Advanced Cookware Set 744,BlueRiver Outfitters,"The Advanced Cookware Set 744 by BlueRiver Outfitters delivers dependable performance with quality materials and thoughtful design. It is well suited for everyday use in the clothing category, offering a strong balance of value and functionality.",Clothing,"Limited Edition, Lightweight, Wireless, Waterproof, Durable",284.87,1.34,4513,1839,2018-07-23,13736
https://example.com/images/compact_action_camera_881.jpg,Compact Action Camera 881,Summit Gear Co.,"The Compact Action Camera 881 by Summit Gear Co. delivers dependable performance with quality materials and thoughtful design. It is well suited for everyday use in the office supplies category, offering a strong balance of value and functionality.",Office Supplies,"Limited Edition, Durable, Ergonomic, Waterproof, Essential",710.9,4.51,4287,266,2018-07-12,5544
https://example.com/images/smart_led_desk_lamp_882.jpg,Smart LED Desk Lamp 882,NorthPeak,"The Smart LED Desk Lamp 882 by NorthPeak delivers dependable performance with quality materials and thoughtful design. It is well suited for everyday use in the books category, offering a strong balance of value and functionality.",Books,"Versatile, Waterproof, Bestseller, Limited Edition, Durable",91.58,1.31,9562,1284,2024-09-24,30121
https://example.com/images/smart_fitness_tracker_456.jpg,Smart Fitness Tracker 456,Maple Street Press,"The Smart Fitness Tracker 456 by Maple Street Press delivers dependable performance with quality materials and thoughtful design. It is well suited for everyday use in the books category, offering a strong balance of value and functionality.",Books,"Lightweight, Waterproof, Portable, Giftable, Premium",131.19,2.05,3686,835,2021-11-15,26027
https://example.com/images/smart_noise_cancelling_headphones_292.jpg,Smart Noise Cancelling Headphones 292,NorthPeak,"The Smart Noise Cancelling Headphones 292 by NorthPeak delivers dependable performance with quality materials and thoughtful design. It is well suited for everyday use in the office supplies category, offering a strong balance of value and functionality.",Office Supplies,"Lightweight, Limited Edition, Wireless, Compact, Essential",790.49,2.94,8276,1084,2022-09-20,23979
https://example.com/images/advanced_office_chair_916.jpg,Advanced Office Chair 916,Horizon Tech,"The Advanced Office Chair 916 by Horizon Tech delivers dependable performance with quality materials and thoughtful design. It is well suited for everyday use in the sports & outdoors category, offering a strong balance of value and functionality.",Sports & Outdoors,"Wireless, Lightweight, New Arrival, Compact, Limited Edition",85.14,2.06,6734,154,2022-01-28,15789
https://example.com/images/portable_noise_cancelling_headphones_836.jpg,Portable Noise Cancelling Headphones 836,NorthPeak,"The Portable Noise Cancelling Headphones 836 by NorthPeak delivers dependable performance with quality materials and thoughtful design. It is well suited for everyday use in the electronics category, offering a strong balance of value and functionality.",Electronics,"Wireless, Ergonomic, Essential, Portable, Durable",31.08,3.66,982,834,2017-12-20,26035
https://example.com/images/premium_gaming_mouse_597.jpg,Premium Gaming Mouse 597,BrightLeaf Publishing,"The Premium Gaming Mouse 597 by BrightLeaf Publishing delivers dependable performance with quality materials and thoughtful design. It is well suited for everyday use in the office supplies category, offering a strong balance of value and functionality.",Office Supplies,"Portable, Versatile, Modern, New Arrival, Lightweight",644.59,3.87,2175,1022,2020-01-28,11701
https://example.com/images/smart_graphic_t-shirt_100.jpg,Smart Graphic T-Shirt 100,BrightLeaf Publishing,"The Smart Graphic T-Shirt 100 by BrightLeaf Publishing delivers dependable performance with quality materials and thoughtful design. It is well suited for everyday use in the electronics category, offering a strong balance of value and functionality.",Electronics,"Modern, Waterproof, Ergonomic, Bestseller, New Arrival",494.79,3.05,8668,552,2019-01-29,3513
https://example.com/images/eco_led_desk_lamp_645.jpg,Eco LED Desk Lamp 645,Summit Gear Co.,"The Eco LED Desk Lamp 645 by Summit Gear Co. delivers dependable performance with quality materials and thoughtful design. It is well suited for everyday use in the home & kitchen category, offering a strong balance of value and functionality.",Home & Kitchen,"Modern, Versatile, Portable, New Arrival, Lightweight",456.11,1.73,8990,1863,2017-04-18,1468
https://example.com/images/ultra_office_chair_930.jpg,Ultra Office Chair 930,UrbanNest,"The Ultra Office Chair 930 by UrbanNest delivers dependable performance with quality materials and thoughtful design. It is well suited for everyday use in the sports & outdoors category, offering a strong balance of value and functionality.",Sports & Outdoors,"Premium, Limited Edition, Lightweight, Wireless, Versatile",127.33,1.97,4796,303,2020-06-02,13758
https://example.com/images/premium_noise_cancelling_headphones_643.jpg,Premium Noise Cancelling Headphones 643,SilverLine Electronics,"The Premium Noise Cancelling Headphones 643 by SilverLine Electronics delivers dependable performance with quality materials and thoughtful design. It is well suited for everyday use in the sports & outdoors category, offering a strong balance of value and functionality.",Sports & Outdoors,"Versatile, Portable, Lightweight, Premium, Rechargeable",723.31,3.0,4061,836,2020-11-20,23998
https://example.com/images/portable_gaming_mouse_323.jpg,Portable Gaming Mouse 323,Horizon Tech,"The Portable Gaming Mouse 323 by Horizon Tech delivers dependable performance with quality materials and thoughtful design. It is well suited for everyday use in the electronics category, offering a strong balance of value and functionality.",Electronics,"Portable, Giftable, Versatile, Durable, Compact",524.08,4.02,4063,1577,2022-07-20,17855
https://example.com/images/ultra_cookbook_564.jpg,Ultra Cookbook 564,Summit Gear Co.,"The Ultra Cookbook 564 by Summit Gear Co. delivers dependable performance with quality materials and thoughtful design. It is well suited for everyday use in the clothing category, offering a strong balance of value and functionality.",Clothing,"Bestseller, Versatile, Premium, Durable, New Arrival",418.05,2.97,8779,1743,2020-09-06,23999
https://example.com/images/classic_science_fiction_novel_491.jpg,Classic Science Fiction Novel 491,BrightLeaf Publishing,"The Classic Science Fiction Novel 491 by BrightLeaf Publishing delivers dependable performance with quality materials and thoughtful design. It is well suited for everyday use in the books category, offering a strong balance of value and functionality.",Books,"Lightweight, Bestseller, Versatile, Portable, Giftable",138.71,3.04,6026,249,2021-09-06,32195
https://example.com/images/wireless_4k_monitor_395.jpg,Wireless 4K Monitor 395,Summit Gear Co.,"The Wireless 4K Monitor 395 by Summit Gear Co. delivers dependable performance with quality materials and thoughtful design. It is well suited for everyday use in the clothing category, offering a strong balance of value and functionality.",Clothing,"Rechargeable, New Arrival, Portable, Lightweight, Wireless",493.55,3.9,1415,636,2024-05-21,7620
https://example.com/images/compact_electric_kettle_253.jpg,Compact Electric Kettle 253,BrightLeaf Publishing,"The Compact Electric Kettle 253 by BrightLeaf Publishing delivers dependable performance with quality materials and thoughtful design. It is well suited for everyday use in the home & kitchen category, offering a strong balance of value and functionality.",Home & Kitchen,"Portable, Giftable, Durable, Essential, Compact",33.19,4.13,7999,1523,2021-02-16,5573
https://example.com/images/wireless_action_camera_915.jpg,Wireless Action Camera 915,SilverLine Electronics,"The Wireless Action Camera 915 by SilverLine Electronics delivers dependable performance with quality materials and thoughtful design. It is well suited for everyday use in the home & kitchen category, offering a strong balance of value and functionality.",Home & Kitchen,"Giftable, Premium, Limited Edition, Durable, Modern",729.15,3.28,9596,1363,2024-12-15,24005
https://example.com/images/ultra_stainless_steel_water_bottle_573.jpg,Ultra Stainless Steel Water Bottle 573,NorthPeak,"The Ultra Stainless Steel Water Bottle 573 by NorthPeak delivers dependable performance with quality materials and thoughtful design. It is well suited for everyday use in the office supplies category, offering a strong balance of value and functionality.",Office Supplies,"Essential, Wireless, Waterproof, Modern, Ergonomic",161.51,1.33,4410,1276,2021-09-10,11717
https://example.com/images/premium_backpack_185.jpg,Premium Backpack 185,Maple Street Press,"The Premium Backpack 185 by Maple Street Press delivers dependable performance with quality materials and thoughtful design. It is well suited for everyday use in the clothing category, offering a strong balance of value and functionality.",Clothing,"Modern, Bestseller, Versatile, Waterproof, Wireless",719.81,4.39,9971,220,2022-08-20,21957
https://example.com/images/eco_noise_cancelling_headphones_181.jpg,Eco Noise Cancelling Headphones 181,Maple Street Press,"The Eco Noise Cancelling Headphones 181 by Maple Street Press delivers dependable performance with quality materials and thoughtful design. It is well suited for everyday use in the books category, offering a strong balance of value and functionality.",Books,"Giftable, Limited Edition, Portable, Versatile, Durable",428.18,4.22,659,552,2022-10-21,7628
https://example.com/images/smart_led_desk_lamp_306.jpg,Smart LED Desk Lamp 306,SilverLine Electronics,"The Smart LED Desk Lamp 306 by SilverLine Electronics delivers dependable performance with quality materials and thoughtful design. It is well suited for everyday use in the clothing category, offering a strong balance of value and functionality.",Clothing,"Limited Edition, Waterproof, Rechargeable, Modern, Premium",454.81,2.52,2193,646,2016-03-25,3533
https://example.com/images/ultra_led_desk_lamp_486.jpg,Ultra LED Desk Lamp 486,Horizon Tech,"The Ultra LED Desk Lamp 486 by Horizon Tech delivers dependable performance with quality materials and thoughtful design. It is well suited for everyday use in the sports & outdoors category, offering a strong balance of value and functionality.",Sports & Outdoors,"Bestseller, Modern, Versatile, Essential, Portable",59.21,3.03,6988,755,2019-01-21,26061
https://example.com/images/eco_mechanical_keyboard_470.jpg,Eco Mechanical Keyboard 470,BrightLeaf Publishing,"The Eco Mechanical Keyboard 470 by BrightLeaf Publishing delivers dependable performance with quality materials and thoughtful design. It is well suited for everyday use in the electronics category, offering a strong balance of value and functionality.",Electronics,"Durable, Rechargeable, New Arrival, Premium, Versatile",715.87,2.22,7789,46,2021-11-22,7631
https://example.com/images/wireless_science_fiction_novel_268.jpg,Wireless Science Fiction Novel 268,Maple Street Press,"The Wireless Science Fiction Novel 268 by Maple Street Press delivers dependable performance with quality materials and thoughtful design. It is well suited for everyday use in the electronics category, offering a strong balance of value and functionality.",Electronics,"New Arrival, Waterproof, Rechargeable, Wireless, Limited Edition",698.06,1.32,2699,401,2022-11-22,19923
https://example.com/images/eco_action_camera_956.jpg,Eco Action Camera 956,NorthPeak,"The Eco Action Camera 956 by NorthPeak delivers dependable performance with quality materials and thoughtful design. It is well suited for everyday use in the books category, offering a strong balance of value and functionality.",Books,"Ergonomic, New Arrival, Versatile, Rechargeable, Giftable",653.7,1.01,7391,384,2019-08-24,17877
https://example.com/images/professional_backpack_711.jpg,Professional Backpack 711,Summit Gear Co.,"The Professional Backpack 711 by Summit Gear Co. delivers dependable performance with quality materials and thoughtful design. It is well suited for everyday use in the sports & outdoors category, offering a strong balance of value and functionality.",Sports & Outdoors,"Modern, Bestseller, Durable, Limited Edition, Compact",344.31,1.22,5734,1791,2021-02-25,28122
https://example.com/images/premium_action_camera_857.jpg,Premium Action Camera 857,BrightLeaf Publishing,"The Premium Action Camera 857 by BrightLeaf Publishing delivers dependable performance with quality materials and thoughtful design. It is well suited for everyday use in the home & kitchen category, offering a strong balance of value and functionality.",Home & Kitchen,"Rechargeable, Essential, Limited Edition, Waterproof, Bestseller",191.62,1.1,5658,1025,2021-09-17,19931
https://example.com/images/compact_yoga_mat_677.jpg,Compact Yoga Mat 677,BrightLeaf Publishing,"The Compact Yoga Mat 677 by BrightLeaf Publishing delivers dependable performance with quality materials and thoughtful design. It is well suited for everyday use in the home & kitchen category, offering a strong balance of value and functionality.",Home & Kitchen,"Durable, Premium, Portable, Bestseller, Versatile",309.08,2.52,9265,95,2021-07-10,15837
https://example.com/images/classic_action_camera_928.jpg,Classic Action Camera 928,Horizon Tech,"The Classic Action Camera 928 by Horizon Tech delivers dependable performance with quality materials and thoughtful design. It is well suited for everyday use in the clothing category, offering a strong balance of value and functionality.",Clothing,"Durable, Limited Edition, Bestseller, Compact, Waterproof",227.6,2.53,3640,995,2020-03-07,28125
https://example.com/images/ultra_noise_cancelling_headphones_775.jpg,Ultra Noise Cancelling Headphones 775,BrightLeaf Publishing,"The Ultra Noise Cancelling Headphones 775 by BrightLeaf Publishing delivers dependable performance with quality materials and thoughtful design. It is well suited for everyday use in the books category, offering a strong balance of value and functionality.",Books,"Lightweight, Giftable, Wireless, Waterproof, Essential",67.95,4.99,2424,1109,2017-03-03,5601
https://example.com/images/eco_electric_kettle_962.jpg,Eco Electric Kettle 962,BlueRiver Outfitters,"The Eco Electric Kettle 962 by BlueRiver Outfitters delivers dependable performance with quality materials and thoughtful design. It is well suited for everyday use in the sports & outdoors category, offering a strong balance of value and functionality.",Sports & Outdoors,"Versatile, Portable, Lightweight, Giftable, Compact",509.45,3.41,315,1596,2016-11-10,19940
https://example.com/images/portable_smartphone_stand_884.jpg,Portable Smartphone Stand 884,Summit Gear Co.,"The Portable Smartphone Stand 884 by Summit Gear Co. delivers dependable performance with quality materials and thoughtful design. It is well suited for everyday use in the office supplies category, offering a strong balance of value and functionality.",Office Supplies,"Rechargeable, Compact, New Arrival, Wireless, Essential",550.62,1.71,6582,389,2024-08-27,30184
https://example.com/images/professional_stainless_steel_water_bottle_763.jpg,Professional Stainless Steel Water Bottle 763,SilverLine Electronics,"The Professional Stainless Steel Water Bottle 763 by SilverLine Electronics delivers dependable performance with quality materials and thoughtful design. It is well suited for everyday use in the sports & outdoors category, offering a strong balance of value and functionality.",Sports & Outdoors,"Durable, Giftable, Waterproof, Ergonomic, Limited Edition",669.11,1.93,5833,350,2025-06-07,13801
https://example.com/images/advanced_mechanical_keyboard_825.jpg,Advanced Mechanical Keyboard 825,Summit Gear Co.,"The Advanced Mechanical Keyboard 825 by Summit Gear Co. delivers dependable performance with quality materials and thoughtful design. It is well suited for everyday use in the office supplies category, offering a strong balance of value and functionality.",Office Supplies,"Rechargeable, Modern, Portable, Giftable, New Arrival",476.73,1.05,8971,116,2017-12-22,1513
https://example.com/images/ultra_gaming_mouse_663.jpg,Ultra Gaming Mouse 663,BrightLeaf Publishing,"The Ultra Gaming Mouse 663 by BrightLeaf Publishing delivers dependable performance with quality materials and thoughtful design. It is well suited for everyday use in the electronics category, offering a strong balance of value and functionality.",Electronics,"Durable, Versatile, Giftable, Wireless, Limited Edition",156.73,3.22,3985,132,2017-02-10,30187
https://example.com/images/classic_graphic_t-shirt_175.jpg,Classic Graphic T-Shirt 175,Horizon Tech,"The Classic Graphic T-Shirt 175 by Horizon Tech delivers dependable performance with quality materials and thoughtful design. It is well suited for everyday use in the clothing category, offering a strong balance of value and functionality.",Clothing,"Versatile, Bestseller, Limited Edition, Durable, Compact",573.9,1.34,3126,894,2020-01-13,7662
https://example.com/images/wireless_office_chair_998.jpg,Wireless Office Chair 998,Maple Street Press,"The Wireless Office Chair 998 by Maple Street Press delivers dependable performance with quality materials and thoughtful design. It is well suited for everyday use in the electronics category, offering a strong balance of value and functionality.",Electronics,"Compact, Rechargeable, Essential, Limited Edition, Giftable",153.59,1.97,7243,1729,2019-09-19,24047
https://example.com/images/classic_yoga_mat_241.jpg,Classic Yoga Mat 241,Horizon Tech,"The Classic Yoga Mat 241 by Horizon Tech delivers dependable performance with quality materials and thoughtful design. It is well suited for everyday use in the home & kitchen category, offering a strong balance of value and functionality.",Home & Kitchen,"Waterproof, Modern, Wireless, Durable, Lightweight",366.18,2.68,5505,1979,2025-01-16,32239
https://example.com/images/premium_4k_monitor_419.jpg,Premium 4K Monitor 419,NorthPeak,"The Premium 4K Monitor 419 by NorthPeak delivers dependable performance with quality materials and thoughtful design. It is well suited for everyday use in the sports & outdoors category, offering a strong balance of value and functionality.",Sports & Outdoors,"Limited Edition, Premium, Lightweight, Giftable, New Arrival",625.75,2.78,9426,587,2019-04-07,32244
https://example.com/images/wireless_4k_monitor_354.jpg,Wireless 4K Monitor 354,Horizon Tech,"The Wireless 4K Monitor 354 by Horizon Tech delivers dependable performance with quality materials and thoughtful design. It is well suited for everyday use in the electronics category, offering a strong balance of value and functionality.",Electronics,"Rechargeable, Portable, Waterproof, Lightweight, Versatile",115.74,2.88,5137,1963,2020-04-29,1525
https://example.com/images/wireless_backpack_257.jpg,Wireless Backpack 257,SilverLine Electronics,"The Wireless Backpack 257 by SilverLine Electronics delivers dependable performance with quality materials and thoughtful design. It is well suited for everyday use in the office supplies category, offering a strong balance of value and functionality.",Office Supplies,"Portable, Rechargeable, Limited Edition, Giftable, Bestseller",473.59,1.03,9010,1773,2020-07-10,19957
https://example.com/images/classic_4k_monitor_358.jpg,Classic 4K Monitor 358,NorthPeak,"The Classic 4K Monitor 358 by NorthPeak delivers dependable performance with quality materials and thoughtful design. It is well suited for everyday use in the office supplies category, offering a strong balance of value and functionality.",Office Supplies,"Durable, New Arrival, Bestseller, Waterproof, Modern",527.24,4.64,446,1892,2025-06-05,30198
https://example.com/images/eco_bluetooth_speaker_866.jpg,Eco Bluetooth Speaker 866,BlueRiver Outfitters,"The Eco Bluetooth Speaker 866 by BlueRiver Outfitters delivers dependable performance with quality materials and thoughtful design. It is well suited for everyday use in the office supplies category, offering a strong balance of value and functionality.",Office Supplies,"Portable, Modern, Wireless, Rechargeable, Premium",98.83,3.43,9363,1382,2017-12-15,13819
https://example.com/images/classic_cookware_set_613.jpg,Classic Cookware Set 613,NorthPeak,"The Classic Cookware Set 613 by NorthPeak delivers dependable performance with quality materials and thoughtful design. It is well suited for everyday use in the books category, offering a strong balance of value and functionality.",Books,"Durable, Premium, Ergonomic, Versatile, Essential",440.1,1.11,2501,579,2018-11-28,32258
https://example.com/images/advanced_cookbook_537.jpg,Advanced Cookbook 537,SilverLine Electronics,"The Advanced Cookbook 537 by SilverLine Electronics delivers dependable performance with quality materials and thoughtful design. It is well suited for everyday use in the home & kitchen category, offering a strong balance of value and functionality.",Home & Kitchen,"Waterproof, Limited Edition, Essential, Modern, Giftable",523.68,1.82,9304,1658,2020-08-10,3588
https://example.com/images/classic_external_hard_drive_655.jpg,Classic External Hard Drive 655,NorthPeak,"The Classic External Hard Drive 655 by NorthPeak delivers dependable performance with quality materials and thoughtful design. It is well suited for everyday use in the electronics category, offering a strong balance of value and functionality.",Electronics,"Modern, Waterproof, Ergonomic, Lightweight, Rechargeable",692.85,3.29,8574,1946,2022-08-06,22021
https://example.com/images/ultra_fitness_tracker_240.jpg,Ultra Fitness Tracker 240,SilverLine Electronics,"The Ultra Fitness Tracker 240 by SilverLine Electronics delivers dependable performance with quality materials and thoughtful design. It is well suited for everyday use in the home & kitchen category, offering a strong balance of value and functionality.",Home & Kitchen,"Portable, Modern, Lightweight, Giftable, Ergonomic",505.18,2.2,8400,1971,2022-11-12,30215
https://example.com/images/smart_stainless_steel_water_bottle_923.jpg,Smart Stainless Steel Water Bottle 923,Horizon Tech,"The Smart Stainless Steel Water Bottle 923 by Horizon Tech delivers dependable performance with quality materials and thoughtful design. It is well suited for everyday use in the office supplies category, offering a strong balance of value and functionality.",Office Supplies,"Limited Edition, Premium, Waterproof, Ergonomic, New Arrival",618.38,4.0,4273,176,2025-04-02,13835
https://example.com/images/wireless_led_desk_lamp_128.jpg,Wireless LED Desk Lamp 128,Horizon Tech,"The Wireless LED Desk Lamp 128 by Horizon Tech delivers dependable performance with quality materials and thoughtful design. It is well suited for everyday use in the clothing category, offering a strong balance of value and functionality.",Clothing,"Portable, Modern, Wireless, Limited Edition, Premium",698.0,3.6,2207,1282,2021-09-29,28171
https://example.com/images/ultra_external_hard_drive_129.jpg,Ultra External Hard Drive 129,Summit Gear Co.,"The Ultra External Hard Drive 129 by Summit Gear Co. delivers dependable performance with quality materials and thoughtful design. It is well suited for everyday use in the home & kitchen category, offering a strong balance of value and functionality.",Home & Kitchen,"Lightweight, Limited Edition, Giftable, Durable, Compact",188.34,1.87,4134,1804,2024-06-18,28174
https://example.com/images/professional_fitness_tracker_957.jpg,Professional Fitness Tracker 957,NorthPeak,"The Professional Fitness Tracker 957 by NorthPeak delivers dependable performance with quality materials and thoughtful design. It is well suited for everyday use in the sports & outdoors category, offering a strong balance of value and functionality.",Sports & Outdoors,"Ergonomic, Wireless, Durable, Giftable, Compact",92.54,4.37,6033,494,2020-10-03,13840
https://example.com/images/compact_gaming_mouse_613.jpg,Compact Gaming Mouse 613,BrightLeaf Publishing,"The Compact Gaming Mouse 613 by BrightLeaf Publishing delivers dependable performance with quality materials and thoughtful design. It is well suited for everyday use in the books category, offering a strong balance of value and functionality.",Books,"Compact, Ergonomic, Portable, Bestseller, Modern",236.65,1.99,7303,1309,2017-02-15,5648
https://example.com/images/smart_yoga_mat_366.jpg,Smart Yoga Mat 366,Summit Gear Co.,"The Smart Yoga Mat 366 by Summit Gear Co. delivers dependable performance with quality materials and thoughtful design. It is well suited for everyday use in the clothing category, offering a strong balance of value and functionality.",Clothing,"Modern, Essential, Ergonomic, Durable, Premium",311.62,2.41,1318,1679,2021-12-03,22032
https://example.com/images/premium_cookbook_178.jpg,Premium Cookbook 178,Horizon Tech,"The Premium Cookbook 178 by Horizon Tech delivers dependable performance with quality materials and thoughtful design. It is well suited for everyday use in the clothing category, offering a strong balance of value and functionality.",Clothing,"Compact, Bestseller, Portable, Waterproof, Premium",232.25,1.3,6057,38,2021-11-06,9744
https://example.com/images/professional_graphic_t-shirt_378.jpg,Professional Graphic T-Shirt 378,SilverLine Electronics,"The Professional Graphic T-Shirt 378 by SilverLine Electronics delivers dependable performance with quality materials and thoughtful design. It is well suited for everyday use in the electronics category, offering a strong balance of value and functionality.",Electronics,"Essential, Wireless, Modern, Rechargeable, Premium",352.77,3.05,5997,1006,2025-12-02,9748
https://example.com/images/ultra_gaming_mouse_827.jpg,Ultra Gaming Mouse 827,NorthPeak,"The Ultra Gaming Mouse 827 by NorthPeak delivers dependable performance with quality materials and thoughtful design. It is well suited for everyday use in the home & kitchen category, offering a strong balance of value and functionality.",Home & Kitchen,"Wireless, Modern, Giftable, Durable, Compact",597.73,4.07,7463,662,2016-06-19,32276
https://example.com/images/wireless_bluetooth_speaker_968.jpg,Wireless Bluetooth Speaker 968,BrightLeaf Publishing,"The Wireless Bluetooth Speaker 968 by BrightLeaf Publishing delivers dependable performance with quality materials and thoughtful design. It is well suited for everyday use in the sports & outdoors category, offering a strong balance of value and functionality.",Sports & Outdoors,"Premium, Giftable, Rechargeable, Waterproof, Lightweight",362.01,4.06,1268,1313,2021-02-03,7703
https://example.com/images/eco_smartphone_stand_570.jpg,Eco Smartphone Stand 570,Summit Gear Co.,"The Eco Smartphone Stand 570 by Summit Gear Co. delivers dependable performance with quality materials and thoughtful design. It is well suited for everyday use in the office supplies category, offering a strong balance of value and functionality.",Office Supplies,"Portable, Essential, Limited Edition, Premium, Waterproof",602.95,3.75,3516,1100,2024-10-27,28189
https://example.com/images/wireless_noise_cancelling_headphones_794.jpg,Wireless Noise Cancelling Headphones 794,BrightLeaf Publishing,"The Wireless Noise Cancelling Headphones 794 by BrightLeaf Publishing delivers dependable performance with quality materials and thoughtful design. It is well suited for everyday use in the clothing category, offering a strong balance of value and functionality.",Clothing,"Wireless, Durable, Essential, Giftable, Lightweight",29.5,2.68,3847,751,2019-04-25,19998
https://example.com/images/professional_stainless_steel_water_bottle_149.jpg,Professional Stainless Steel Water Bottle 149,NorthPeak,"The Professional Stainless Steel Water Bottle 149 by NorthPeak delivers dependable performance with quality materials and thoughtful design. It is well suited for everyday use in the electronics category, offering a strong balance of value and functionality.",Electronics,"Limited Edition, Bestseller, Essential, Compact, Ergonomic",535.88,3.8,1407,1811,2016-01-26,19999
https://example.com/images/advanced_smartphone_stand_877.jpg,Advanced Smartphone Stand 877,Maple Street Press,"The Advanced Smartphone Stand 877 by Maple Street Press delivers dependable performance with quality materials and thoughtful design. It is well suited for everyday use in the sports & outdoors category, offering a strong balance of value and functionality.",Sports & Outdoors,"Limited Edition, Compact, Portable, Premium, Ergonomic",291.48,3.6,6120,1221,2016-01-26,11807
https://example.com/images/smart_led_desk_lamp_886.jpg,Smart LED Desk Lamp 886,SilverLine Electronics,"The Smart LED Desk Lamp 886 by SilverLine Electronics delivers dependable performance with quality materials and thoughtful design. It is well suited for everyday use in the office supplies category, offering a strong balance of value and functionality.",Office Supplies,"Versatile, Essential, Limited Edition, Giftable, Portable",724.82,1.58,3492,364,2018-01-24,22051
https://example.com/images/smart_cookbook_626.jpg,Smart Cookbook 626,NorthPeak,"The Smart Cookbook 626 by NorthPeak delivers dependable performance with quality materials and thoughtful design. It is well suited for everyday use in the clothing category, offering a strong balance of value and functionality.",Clothing,"Waterproof, Durable, Premium, Compact, Lightweight",781.64,2.82,5680,848,2017-09-07,13859
https://example.com/images/classic_smartphone_stand_136.jpg,Classic Smartphone Stand 136,BlueRiver Outfitters,"The Classic Smartphone Stand 136 by BlueRiver Outfitters delivers dependable performance with quality materials and thoughtful design. It is well suited for everyday use in the books category, offering a strong balance of value and functionality.",Books,"Bestseller, Wireless, Giftable, Compact, Lightweight",413.03,4.73,3053,1054,2020-06-21,15908
https://example.com/images/eco_smartphone_stand_589.jpg,Eco Smartphone Stand 589,NorthPeak,"The Eco Smartphone Stand 589 by NorthPeak delivers dependable performance with quality materials and thoughtful design. It is well suited for everyday use in the electronics category, offering a strong balance of value and functionality.",Electronics,"Premium, Ergonomic, Compact, Versatile, Waterproof",526.89,1.26,2604,1729,2020-02-03,3620
https://example.com/images/portable_electric_kettle_576.jpg,Portable Electric Kettle 576,Summit Gear Co.,"The Portable Electric Kettle 576 by Summit Gear Co. delivers dependable performance with quality materials and thoughtful design. It is well suited for everyday use in the electronics category, offering a strong balance of value and functionality.",Electronics,"Essential, Giftable, Lightweight, Rechargeable, Bestseller",505.76,3.07,3116,336,2016-03-29,26150
https://example.com/images/classic_external_hard_drive_418.jpg,Classic External Hard Drive 418,UrbanNest,"The Classic External Hard Drive 418 by UrbanNest delivers dependable performance with quality materials and thoughtful design. It is well suited for everyday use in the books category, offering a strong balance of value and functionality.",Books,"Essential, Wireless, Bestseller, Giftable, Premium",293.45,3.14,6021,712,2017-10-19,1576
https://example.com/images/premium_gaming_mouse_550.jpg,Premium Gaming Mouse 550,UrbanNest,"The Premium Gaming Mouse 550 by UrbanNest delivers dependable performance with quality materials and thoughtful design. It is well suited for everyday use in the electronics category, offering a strong balance of value and functionality.",Electronics,"Compact, Ergonomic, Portable, Limited Edition, Lightweight",165.39,2.06,3534,1671,2025-04-16,5681
https://example.com/images/premium_mechanical_keyboard_464.jpg,Premium Mechanical Keyboard 464,Horizon Tech,"The Premium Mechanical Keyboard 464 by Horizon Tech delivers dependable performance with quality materials and thoughtful design. It is well suited for everyday use in the sports & outdoors category, offering a strong balance of value and functionality.",Sports & Outdoors,"Giftable, Bestseller, Versatile, Modern, Durable",499.54,3.37,1245,41,2023-10-25,20017
https://example.com/images/premium_office_chair_874.jpg,Premium Office Chair 874,Summit Gear Co.,"The Premium Office Chair 874 by Summit Gear Co. delivers dependable performance with quality materials and thoughtful design. It is well suited for everyday use in the clothing category, offering a strong balance of value and functionality.",Clothing,"Modern, Compact, Versatile, Bestseller, Lightweight",386.24,4.48,625,1243,2016-01-23,9780
https://example.com/images/advanced_bluetooth_speaker_688.jpg,Advanced Bluetooth Speaker 688,Maple Street Press,"The Advanced Bluetooth Speaker 688 by Maple Street Press delivers dependable performance with quality materials and thoughtful design. It is well suited for everyday use in the home & kitchen category, offering a strong balance of value and functionality.",Home & Kitchen,"Giftable, Compact, New Arrival, Limited Edition, Durable",254.56,2.58,5473,1245,2020-08-09,13878
https://example.com/images/premium_gaming_mouse_948.jpg,Premium Gaming Mouse 948,BlueRiver Outfitters,"The Premium Gaming Mouse 948 by BlueRiver Outfitters delivers dependable performance with quality materials and thoughtful design. It is well suited for everyday use in the home & kitchen category, offering a strong balance of value and functionality.",Home & Kitchen,"Modern, Portable, New Arrival, Essential, Rechargeable",112.77,2.93,2251,1033,2021-06-20,30262
https://example.com/images/portable_bluetooth_speaker_973.jpg,Portable Bluetooth Speaker 973,Summit Gear Co.,"The Portable Bluetooth Speaker 973 by Summit Gear Co. delivers dependable performance with quality materials and thoughtful design. It is well suited for everyday use in the sports & outdoors category, offering a strong balance of value and functionality.",Sports & Outdoors,"Durable, Giftable, New Arrival, Wireless, Essential",741.94,3.7,7110,675,2023-10-02,5686
https://example.com/images/portable_led_desk_lamp_522.jpg,Portable LED Desk Lamp 522,Summit Gear Co.,"The Portable LED Desk Lamp 522 by Summit Gear Co. delivers dependable performance with quality materials and thoughtful design. It is well suited for everyday use in the electronics category, offering a strong balance of value and functionality.",Electronics,"Lightweight, Waterproof, Modern, Rechargeable, Compact",397.7,2.3,621,138,2021-03-28,28217
https://example.com/images/professional_cookbook_990.jpg,Professional Cookbook 990,Maple Street Press,"The Professional Cookbook 990 by Maple Street Press delivers dependable performance with quality materials and thoughtful design. It is well suited for everyday use in the office supplies category, offering a strong balance of value and functionality.",Office Supplies,"New Arrival, Portable, Premium, Bestseller, Giftable",13.46,3.97,4754,181,2024-08-22,28218
https://example.com/images/professional_running_shoes_364.jpg,Professional Running Shoes 364,BrightLeaf Publishing,"The Professional Running Shoes 364 by BrightLeaf Publishing delivers dependable performance with quality materials and thoughtful design. It is well suited for everyday use in the home & kitchen category, offering a strong balance of value and functionality.",Home & Kitchen,"Compact, Essential, Giftable, Bestseller, Portable",264.17,4.54,510,1240,2017-03-24,9787
https://example.com/images/compact_fitness_tracker_986.jpg,Compact Fitness Tracker 986,UrbanNest,"The Compact Fitness Tracker 986 by UrbanNest delivers dependable performance with quality materials and thoughtful design. It is well suited for everyday use in the clothing category, offering a strong balance of value and functionality.",Clothing,"Limited Edition, Bestseller, Durable, Portable, Premium",129.46,4.14,7749,1285,2025-07-30,24129
https://example.com/images/classic_running_shoes_463.jpg,Classic Running Shoes 463,Summit Gear Co.,"The Classic Running Shoes 463 by Summit Gear Co. delivers dependable performance with quality materials and thoughtful design. It is well suited for everyday use in the home & kitchen category, offering a strong balance of value and functionality.",Home & Kitchen,"Limited Edition, Compact, Essential, Rechargeable, Durable",792.98,4.22,4270,1844,2017-01-10,7745
https://example.com/images/wireless_noise_cancelling_headphones_579.jpg,Wireless Noise Cancelling Headphones 579,Maple Street Press,"The Wireless Noise Cancelling Headphones 579 by Maple Street Press delivers dependable performance with quality materials and thoughtful design. It is well suited for everyday use in the sports & outdoors category, offering a strong balance of value and functionality.",Sports & Outdoors,"Wireless, Lightweight, Durable, Versatile, Giftable",564.64,1.25,6668,63,2025-10-26,7746
https://example.com/images/ultra_cookbook_633.jpg,Ultra Cookbook 633,BrightLeaf Publishing,"The Ultra Cookbook 633 by BrightLeaf Publishing delivers dependable performance with quality materials and thoughtful design. It is well suited for everyday use in the office supplies category, offering a strong balance of value and functionality.",Office Supplies,"Waterproof, Versatile, Wireless, Modern, Giftable",109.82,2.31,8350,1838,2024-05-06,1602
https://example.com/images/ultra_cookbook_235.jpg,Ultra Cookbook 235,NorthPeak,"The Ultra Cookbook 235 by NorthPeak delivers dependable performance with quality materials and thoughtful design. It is well suited for everyday use in the office supplies category, offering a strong balance of value and functionality.",Office Supplies,"Ergonomic, Limited Edition, Durable, Wireless, Modern",314.36,2.81,4844,1870,2017-11-01,11842
https://example.com/images/smart_cookbook_956.jpg,Smart Cookbook 956,Maple Street Press,"The Smart Cookbook 956 by Maple Street Press delivers dependable performance with quality materials and thoughtful design. It is well suited for everyday use in the sports & outdoors category, offering a strong balance of value and functionality.",Sports & Outdoors,"Lightweight, Modern, Compact, Versatile, Portable",12.02,1.29,1471,362,2025-06-12,15939
https://example.com/images/compact_gaming_mouse_632.jpg,Compact Gaming Mouse 632,UrbanNest,"The Compact Gaming Mouse 632 by UrbanNest delivers dependable performance with quality materials and thoughtful design. It is well suited for everyday use in the electronics category, offering a strong balance of value and functionality.",Electronics,"Premium, Giftable, Versatile, Compact, Durable",171.89,3.04,2046,933,2017-12-03,20035
https://example.com/images/smart_external_hard_drive_271.jpg,Smart External Hard Drive 271,Maple Street Press,"The Smart External Hard Drive 271 by Maple Street Press delivers dependable performance with quality materials and thoughtful design. It is well suited for everyday use in the home & kitchen category, offering a strong balance of value and functionality.",Home & Kitchen,"Ergonomic, Compact, Rechargeable, Portable, Giftable",123.95,3.03,4750,959,2021-04-27,9796
https://example.com/images/portable_action_camera_431.jpg,Portable Action Camera 431,SilverLine Electronics,"The Portable Action Camera 431 by SilverLine Electronics delivers dependable performance with quality materials and thoughtful design. It is well suited for everyday use in the sports & outdoors category, offering a strong balance of value and functionality.",Sports & Outdoors,"Modern, Premium, Limited Edition, Wireless, Bestseller",64.31,2.83,6228,1189,2017-10-02,1606
https://example.com/images/advanced_office_chair_111.jpg,Advanced Office Chair 111,NorthPeak,"The Advanced Office Chair 111 by NorthPeak delivers dependable performance with quality materials and thoughtful design. It is well suited for everyday use in the clothing category, offering a strong balance of value and functionality.",Clothing,"Rechargeable, Versatile, Portable, Waterproof, New Arrival",44.51,3.47,8315,896,2021-11-18,13896
https://example.com/images/portable_cookware_set_784.jpg,Portable Cookware Set 784,Horizon Tech,"The Portable Cookware Set 784 by Horizon Tech delivers dependable performance with quality materials and thoughtful design. It is well suited for everyday use in the electronics category, offering a strong balance of value and functionality.",Electronics,"Lightweight, Wireless, Premium, Waterproof, Essential",567.28,4.04,6642,637,2024-01-22,13898
https://example.com/images/compact_fitness_tracker_846.jpg,Compact Fitness Tracker 846,SilverLine Electronics,"The Compact Fitness Tracker 846 by SilverLine Electronics delivers dependable performance with quality materials and thoughtful design. It is well suited for everyday use in the office supplies category, offering a strong balance of value and functionality.",Office Supplies,"New Arrival, Portable, Compact, Limited Edition, Premium",752.85,2.35,5462,404,2018-08-24,26187
https://example.com/images/premium_fitness_tracker_170.jpg,Premium Fitness Tracker 170,UrbanNest,"The Premium Fitness Tracker 170 by UrbanNest delivers dependable performance with quality materials and thoughtful design. It is well suited for everyday use in the sports & outdoors category, offering a strong balance of value and functionality.",Sports & Outdoors,"Versatile, Wireless, Lightweight, Waterproof, Ergonomic",67.72,1.5,8623,421,2025-06-15,1613
https://example.com/images/eco_gaming_mouse_447.jpg,Eco Gaming Mouse 447,SilverLine Electronics,"The Eco Gaming Mouse 447 by SilverLine Electronics delivers dependable performance with quality materials and thoughtful design. It is well suited for everyday use in the sports & outdoors category, offering a strong balance of value and functionality.",Sports & Outdoors,"Ergonomic, Limited Edition, Rechargeable, Compact, Lightweight",50.0,3.83,3004,1911,2024-06-27,22096
https://example.com/images/advanced_noise_cancelling_headphones_214.jpg,Advanced Noise Cancelling Headphones 214,BrightLeaf Publishing,"The Advanced Noise Cancelling Headphones 214 by BrightLeaf Publishing delivers dependable performance with quality materials and thoughtful design. It is well suited for everyday use in the sports & outdoors category, offering a strong balance of value and functionality.",Sports & Outdoors,"Rechargeable, Ergonomic, Portable, Giftable, Premium",411.65,1.05,5798,79,2017-09-10,32339
https://example.com/images/premium_office_chair_580.jpg,Premium Office Chair 580,NorthPeak,"The Premium Office Chair 580 by NorthPeak delivers dependable performance with quality materials and thoughtful design. It is well suited for everyday use in the office supplies category, offering a strong balance of value and functionality.",Office Supplies,"Rechargeable, Bestseller, Giftable, Limited Edition, Essential",20.64,4.49,1906,266,2020-02-22,26196
https://example.com/images/wireless_led_desk_lamp_138.jpg,Wireless LED Desk Lamp 138,Horizon Tech,"The Wireless LED Desk Lamp 138 by Horizon Tech delivers dependable performance with quality materials and thoughtful design. It is well suited for everyday use in the home & kitchen category, offering a strong balance of value and functionality.",Home & Kitchen,"Lightweight, New Arrival, Ergonomic, Modern, Wireless",199.03,4.02,4026,995,2021-06-25,11860
https://example.com/images/compact_mechanical_keyboard_949.jpg,Compact Mechanical Keyboard 949,Horizon Tech,"The Compact Mechanical Keyboard 949 by Horizon Tech delivers dependable performance with quality materials and thoughtful design. It is well suited for everyday use in the sports & outdoors category, offering a strong balance of value and functionality.",Sports & Outdoors,"Compact, New Arrival, Modern, Ergonomic, Durable",417.01,3.03,9948,1313,2024-05-29,1622
https://example.com/images/premium_bluetooth_speaker_915.jpg,Premium Bluetooth Speaker 915,Summit Gear Co.,"The Premium Bluetooth Speaker 915 by Summit Gear Co. delivers dependable performance with quality materials and thoughtful design. It is well suited for everyday use in the office supplies category, offering a strong balance of value and functionality.",Office Supplies,"Bestseller, Giftable, Lightweight, Ergonomic, Versatile",217.04,4.57,9420,1509,2021-01-28,5718
https://example.com/images/wireless_stainless_steel_water_bottle_986.jpg,Wireless Stainless Steel Water Bottle 986,BlueRiver Outfitters,"The Wireless Stainless Steel Water Bottle 986 by BlueRiver Outfitters delivers dependable performance with quality materials and thoughtful design. It is well suited for everyday use in the office supplies category, offering a strong balance of value and functionality.",Office Supplies,"Lightweight, Premium, Portable, Giftable, Rechargeable",192.48,4.78,3920,1249,2020-08-20,1625
https://example.com/images/eco_action_camera_788.jpg,Eco Action Camera 788,Horizon Tech,"The Eco Action Camera 788 by Horizon Tech delivers dependable performance with quality materials and thoughtful design. It is well suited for everyday use in the books category, offering a strong balance of value and functionality.",Books,"Durable, Compact, Limited Edition, Lightweight, Bestseller",208.58,1.02,9230,406,2023-05-16,15967
https://example.com/images/premium_mechanical_keyboard_383.jpg,Premium Mechanical Keyboard 383,UrbanNest,"The Premium Mechanical Keyboard 383 by UrbanNest delivers dependable performance with quality materials and thoughtful design. It is well suited for everyday use in the clothing category, offering a strong balance of value and functionality.",Clothing,"New Arrival, Versatile, Modern, Waterproof, Durable",670.58,1.82,8890,313,2016-07-16,3682
https://example.com/images/advanced_noise_cancelling_headphones_497.jpg,Advanced Noise Cancelling Headphones 497,Horizon Tech,"The Advanced Noise Cancelling Headphones 497 by Horizon Tech delivers dependable performance with quality materials and thoughtful design. It is well suited for everyday use in the electronics category, offering a strong balance of value and functionality.",Electronics,"Bestseller, Waterproof, Limited Edition, Ergonomic, Giftable",704.33,3.04,2896,1364,2021-08-03,3683
https://example.com/images/portable_bluetooth_speaker_539.jpg,Portable Bluetooth Speaker 539,UrbanNest,"The Portable Bluetooth Speaker 539 by UrbanNest delivers dependable performance with quality materials and thoughtful design. It is well suited for everyday use in the books category, offering a strong balance of value and functionality.",Books,"Compact, Ergonomic, Portable, Limited Edition, Bestseller",22.36,2.61,5115,1614,2020-12-08,7780
https://example.com/images/premium_external_hard_drive_395.jpg,Premium External Hard Drive 395,Maple Street Press,"The Premium External Hard Drive 395 by Maple Street Press delivers dependable performance with quality materials and thoughtful design. It is well suited for everyday use in the books category, offering a strong balance of value and functionality.",Books,"Rechargeable, Essential, Limited Edition, Portable, Lightweight",163.41,3.88,2983,1518,2022-02-26,18021
https://example.com/images/smart_mechanical_keyboard_821.jpg,Smart Mechanical Keyboard 821,Horizon Tech,"The Smart Mechanical Keyboard 821 by Horizon Tech delivers dependable performance with quality materials and thoughtful design. It is well suited for everyday use in the home & kitchen category, offering a strong balance of value and functionality.",Home & Kitchen,"Premium, New Arrival, Lightweight, Ergonomic, Versatile",433.1,1.1,3477,1077,2022-12-18,26214
https://example.com/images/premium_gaming_mouse_682.jpg,Premium Gaming Mouse 682,NorthPeak,"The Premium Gaming Mouse 682 by NorthPeak delivers dependable performance with quality materials and thoughtful design. It is well suited for everyday use in the electronics category, offering a strong balance of value and functionality.",Electronics,"Compact, Durable, Wireless, Essential, Premium",673.88,2.44,524,363,2024-05-01,22120
https://example.com/images/portable_office_chair_221.jpg,Portable Office Chair 221,Horizon Tech,"The Portable Office Chair 221 by Horizon Tech delivers dependable performance with quality materials and thoughtful design. It is well suited for everyday use in the electronics category, offering a strong balance of value and functionality.",Electronics,"Durable, Waterproof, New Arrival, Giftable, Bestseller",688.75,4.64,2458,830,2016-04-15,11882
https://example.com/images/ultra_led_desk_lamp_824.jpg,Ultra LED Desk Lamp 824,Summit Gear Co.,"The Ultra LED Desk Lamp 824 by Summit Gear Co. delivers dependable performance with quality materials and thoughtful design. It is well suited for everyday use in the books category, offering a strong balance of value and functionality.",Books,"Versatile, Waterproof, Modern, Ergonomic, Compact",365.98,1.6,154,604,2021-11-04,15979
https://example.com/images/advanced_4k_monitor_594.jpg,Advanced 4K Monitor 594,BlueRiver Outfitters,"The Advanced 4K Monitor 594 by BlueRiver Outfitters delivers dependable performance with quality materials and thoughtful design. It is well suited for everyday use in the office supplies category, offering a strong balance of value and functionality.",Office Supplies,"Giftable, Essential, Versatile, Waterproof, Lightweight",204.5,2.79,3233,156,2023-07-16,3692
https://example.com/images/ultra_cookware_set_795.jpg,Ultra Cookware Set 795,Summit Gear Co.,"The Ultra Cookware Set 795 by Summit Gear Co. delivers dependable performance with quality materials and thoughtful design. It is well suited for everyday use in the home & kitchen category, offering a strong balance of value and functionality.",Home & Kitchen,"Premium, Modern, Ergonomic, Essential, Versatile",283.47,1.12,5118,491,2025-02-07,22126
https://example.com/images/wireless_mechanical_keyboard_406.jpg,Wireless Mechanical Keyboard 406,Horizon Tech,"The Wireless Mechanical Keyboard 406 by Horizon Tech delivers dependable performance with quality materials and thoughtful design. It is well suited for everyday use in the sports & outdoors category, offering a strong balance of value and functionality.",Sports & Outdoors,"Essential, Versatile, Lightweight, Waterproof, Compact",345.23,3.78,3627,836,2019-02-04,26223
https://example.com/images/wireless_running_shoes_218.jpg,Wireless Running Shoes 218,BlueRiver Outfitters,"The Wireless Running Shoes 218 by BlueRiver Outfitters delivers dependable performance with quality materials and thoughtful design. It is well suited for everyday use in the clothing category, offering a strong balance of value and functionality.",Clothing,"Compact, Giftable, Waterproof, Wireless, Modern",9.62,1.93,1363,1672,2024-10-02,20080
https://example.com/images/wireless_action_camera_577.jpg,Wireless Action Camera 577,BrightLeaf Publishing,"The Wireless Action Camera 577 by BrightLeaf Publishing delivers dependable performance with quality materials and thoughtful design. It is well suited for everyday use in the electronics category, offering a strong balance of value and functionality.",Electronics,"Premium, Lightweight, Bestseller, Durable, Limited Edition",409.68,4.41,7274,1803,2020-03-05,24183
https://example.com/images/advanced_4k_monitor_785.jpg,Advanced 4K Monitor 785,Maple Street Press,"The Advanced 4K Monitor 785 by Maple Street Press delivers dependable performance with quality materials and thoughtful design. It is well suited for everyday use in the home & kitchen category, offering a strong balance of value and functionality.",Home & Kitchen,"Ergonomic, Rechargeable, Limited Edition, Wireless, Compact",86.26,3.27,26,967,2019-02-26,20089
https://example.com/images/compact_yoga_mat_622.jpg,Compact Yoga Mat 622,BlueRiver Outfitters,"The Compact Yoga Mat 622 by BlueRiver Outfitters delivers dependable performance with quality materials and thoughtful design. It is well suited for everyday use in the books category, offering a strong balance of value and functionality.",Books,"Premium, Bestseller, Compact, New Arrival, Portable",789.92,2.89,7283,1832,2020-12-07,11908
https://example.com/images/smart_fitness_tracker_157.jpg,Smart Fitness Tracker 157,SilverLine Electronics,"The Smart Fitness Tracker 157 by SilverLine Electronics delivers dependable performance with quality materials and thoughtful design. It is well suited for everyday use in the books category, offering a strong balance of value and functionality.",Books,"Premium, Essential, Modern, Waterproof, Durable",595.74,2.02,5959,1199,2022-03-29,1669
https://example.com/images/advanced_graphic_t-shirt_703.jpg,Advanced Graphic T-Shirt 703,Horizon Tech,"The Advanced Graphic T-Shirt 703 by Horizon Tech delivers dependable performance with quality materials and thoughtful design. It is well suited for everyday use in the clothing category, offering a strong balance of value and functionality.",Clothing,"Ergonomic, New Arrival, Premium, Waterproof, Durable",117.43,1.16,1651,5,2025-10-22,1671
https://example.com/images/eco_led_desk_lamp_696.jpg,Eco LED Desk Lamp 696,Maple Street Press,"The Eco LED Desk Lamp 696 by Maple Street Press delivers dependable performance with quality materials and thoughtful design. It is well suited for everyday use in the sports & outdoors category, offering a strong balance of value and functionality.",Sports & Outdoors,"Compact, Durable, Ergonomic, Rechargeable, Premium",370.53,1.93,2309,208,2019-05-24,3722
https://example.com/images/wireless_fitness_tracker_134.jpg,Wireless Fitness Tracker 134,UrbanNest,"The Wireless Fitness Tracker 134 by UrbanNest delivers dependable performance with quality materials and thoughtful design. It is well suited for everyday use in the sports & outdoors category, offering a strong balance of value and functionality.",Sports & Outdoors,"Bestseller, Versatile, Giftable, Ergonomic, Compact",449.8,3.71,6241,836,2021-10-12,20108
https://example.com/images/eco_science_fiction_novel_637.jpg,Eco Science Fiction Novel 637,NorthPeak,"The Eco Science Fiction Novel 637 by NorthPeak delivers dependable performance with quality materials and thoughtful design. It is well suited for everyday use in the sports & outdoors category, offering a strong balance of value and functionality.",Sports & Outdoors,"Giftable, Versatile, Bestseller, Ergonomic, Limited Edition",717.8,1.48,2563,1998,2019-07-08,11917
https://example.com/images/compact_action_camera_599.jpg,Compact Action Camera 599,Horizon Tech,"The Compact Action Camera 599 by Horizon Tech delivers dependable performance with quality materials and thoughtful design. It is well suited for everyday use in the office supplies category, offering a strong balance of value and functionality.",Office Supplies,"Compact, Durable, Wireless, Modern, Waterproof",570.72,3.29,2821,1118,2022-01-29,1681
https://example.com/images/premium_yoga_mat_949.jpg,Premium Yoga Mat 949,Maple Street Press,"The Premium Yoga Mat 949 by Maple Street Press delivers dependable performance with quality materials and thoughtful design. It is well suited for everyday use in the office supplies category, offering a strong balance of value and functionality.",Office Supplies,"Limited Edition, Modern, Lightweight, Portable, New Arrival",769.23,2.26,7476,727,2025-10-02,3730
https://example.com/images/premium_led_desk_lamp_680.jpg,Premium LED Desk Lamp 680,Summit Gear Co.,"The Premium LED Desk Lamp 680 by Summit Gear Co. delivers dependable performance with quality materials and thoughtful design. It is well suited for everyday use in the electronics category, offering a strong balance of value and functionality.",Electronics,"Waterproof, New Arrival, Lightweight, Bestseller, Premium",99.98,2.03,7541,363,2017-04-28,22166
https://example.com/images/classic_led_desk_lamp_992.jpg,Classic LED Desk Lamp 992,UrbanNest,"The Classic LED Desk Lamp 992 by UrbanNest delivers dependable performance with quality materials and thoughtful design. It is well suited for everyday use in the home & kitchen category, offering a strong balance of value and functionality.",Home & Kitchen,"Ergonomic, Compact, Giftable, Waterproof, Durable",174.95,4.26,7764,868,2025-04-19,16025
https://example.com/images/eco_office_chair_637.jpg,Eco Office Chair 637,SilverLine Electronics,"The Eco Office Chair 637 by SilverLine Electronics delivers dependable performance with quality materials and thoughtful design. It is well suited for everyday use in the sports & outdoors category, offering a strong balance of value and functionality.",Sports & Outdoors,"Versatile, Limited Edition, Giftable, Rechargeable, Compact",405.92,3.8,5902,1331,2016-10-24,9883
https://example.com/images/smart_running_shoes_939.jpg,Smart Running Shoes 939,SilverLine Electronics,"The Smart Running Shoes 939 by SilverLine Electronics delivers dependable performance with quality materials and thoughtful design. It is well suited for everyday use in the office supplies category, offering a strong balance of value and functionality.",Office Supplies,"Essential, New Arrival, Rechargeable, Durable, Bestseller",25.48,4.22,6166,1785,2022-04-12,24219
https://example.com/images/compact_running_shoes_152.jpg,Compact Running Shoes 152,BrightLeaf Publishing,"The Compact Running Shoes 152 by BrightLeaf Publishing delivers dependable performance with quality materials and thoughtful design. It is well suited for everyday use in the clothing category, offering a strong balance of value and functionality.",Clothing,"Premium, Limited Edition, Lightweight, Waterproof, Wireless",567.93,2.59,9491,484,2021-10-19,28322
https://example.com/images/premium_office_chair_423.jpg,Premium Office Chair 423,UrbanNest,"The Premium Office Chair 423 by UrbanNest delivers dependable performance with quality materials and thoughtful design. It is well suited for everyday use in the books category, offering a strong balance of value and functionality.",Books,"Portable, Ergonomic, Versatile, Modern, Premium",662.28,4.09,3933,691,2021-06-28,7844
https://example.com/images/premium_4k_monitor_924.jpg,Premium 4K Monitor 924,BlueRiver Outfitters,"The Premium 4K Monitor 924 by BlueRiver Outfitters delivers dependable performance with quality materials and thoughtful design. It is well suited for everyday use in the sports & outdoors category, offering a strong balance of value and functionality.",Sports & Outdoors,"Lightweight, Essential, New Arrival, Bestseller, Giftable",289.16,3.61,2581,243,2021-12-23,24229
https://example.com/images/smart_cookbook_773.jpg,Smart Cookbook 773,UrbanNest,"The Smart Cookbook 773 by UrbanNest delivers dependable performance with quality materials and thoughtful design. It is well suited for everyday use in the sports & outdoors category, offering a strong balance of value and functionality.",Sports & Outdoors,"Ergonomic, Premium, Compact, Limited Edition, Versatile",367.02,2.5,7659,706,2018-08-26,9903
https://example.com/images/ultra_yoga_mat_693.jpg,Ultra Yoga Mat 693,NorthPeak,"The Ultra Yoga Mat 693 by NorthPeak delivers dependable performance with quality materials and thoughtful design. It is well suited for everyday use in the sports & outdoors category, offering a strong balance of value and functionality.",Sports & Outdoors,"Wireless, Essential, Modern, Bestseller, New Arrival",715.66,3.83,5345,1649,2022-02-10,16049
https://example.com/images/eco_electric_kettle_609.jpg,Eco Electric Kettle 609,BrightLeaf Publishing,"The Eco Electric Kettle 609 by BrightLeaf Publishing delivers dependable performance with quality materials and thoughtful design. It is well suited for everyday use in the books category, offering a strong balance of value and functionality.",Books,"Compact, Durable, Lightweight, Essential, Waterproof",273.44,2.64,9206,543,2019-06-14,7858
https://example.com/images/portable_cookbook_457.jpg,Portable Cookbook 457,NorthPeak,"The Portable Cookbook 457 by NorthPeak delivers dependable performance with quality materials and thoughtful design. It is well suited for everyday use in the sports & outdoors category, offering a strong balance of value and functionality.",Sports & Outdoors,"Limited Edition, Lightweight, Durable, Wireless, Rechargeable",112.36,2.3,3107,420,2020-08-01,22194
https://example.com/images/ultra_electric_kettle_395.jpg,Ultra Electric Kettle 395,Maple Street Press,"The Ultra Electric Kettle 395 by Maple Street Press delivers dependable performance with quality materials and thoughtful design. It is well suited for everyday use in the office supplies category, offering a strong balance of value and functionality.",Office Supplies,"Durable, Limited Edition, Giftable, Lightweight, Wireless",587.41,1.14,3607,178,2018-09-22,24243
https://example.com/images/portable_noise_cancelling_headphones_474.jpg,Portable Noise Cancelling Headphones 474,Summit Gear Co.,"The Portable Noise Cancelling Headphones 474 by Summit Gear Co. delivers dependable performance with quality materials and thoughtful design. It is well suited for everyday use in the sports & outdoors category, offering a strong balance of value and functionality.",Sports & Outdoors,"Bestseller, New Arrival, Limited Edition, Waterproof, Premium",646.63,1.34,4757,442,2024-10-23,18101
https://example.com/images/compact_cookware_set_965.jpg,Compact Cookware Set 965,BlueRiver Outfitters,"The Compact Cookware Set 965 by BlueRiver Outfitters delivers dependable performance with quality materials and thoughtful design. It is well suited for everyday use in the electronics category, offering a strong balance of value and functionality.",Electronics,"Ergonomic, Compact, Bestseller, Essential, Limited Edition",269.4,1.46,1999,362,2019-05-29,22198
https://example.com/images/smart_fitness_tracker_969.jpg,Smart Fitness Tracker 969,UrbanNest,"The Smart Fitness Tracker 969 by UrbanNest delivers dependable performance with quality materials and thoughtful design. It is well suited for everyday use in the home & kitchen category, offering a strong balance of value and functionality.",Home & Kitchen,"Compact, Lightweight, Modern, Portable, Versatile",121.01,3.91,9102,1979,2017-01-16,3767
https://example.com/images/ultra_running_shoes_110.jpg,Ultra Running Shoes 110,Maple Street Press,"The Ultra Running Shoes 110 by Maple Street Press delivers dependable performance with quality materials and thoughtful design. It is well suited for everyday use in the electronics category, offering a strong balance of value and functionality.",Electronics,"Durable, Compact, Giftable, Lightweight, New Arrival",288.46,4.65,3366,486,2021-08-31,3768
https://example.com/images/compact_4k_monitor_529.jpg,Compact 4K Monitor 529,Summit Gear Co.,"The Compact 4K Monitor 529 by Summit Gear Co. delivers dependable performance with quality materials and thoughtful design. It is well suited for everyday use in the office supplies category, offering a strong balance of value and functionality.",Office Supplies,"Versatile, Giftable, Essential, New Arrival, Compact",535.33,2.92,2544,1719,2018-10-05,14010
https://example.com/images/compact_office_chair_496.jpg,Compact Office Chair 496,NorthPeak,"The Compact Office Chair 496 by NorthPeak delivers dependable performance with quality materials and thoughtful design. It is well suited for everyday use in the clothing category, offering a strong balance of value and functionality.",Clothing,"Versatile, Limited Edition, New Arrival, Lightweight, Modern",148.19,2.23,1015,1224,2020-09-02,18108
https://example.com/images/classic_noise_cancelling_headphones_641.jpg,Classic Noise Cancelling Headphones 641,UrbanNest,"The Classic Noise Cancelling Headphones 641 by UrbanNest delivers dependable performance with quality materials and thoughtful design. It is well suited for everyday use in the electronics category, offering a strong balance of value and functionality.",Electronics,"Bestseller, New Arrival, Rechargeable, Portable, Lightweight",747.68,3.59,8749,1657,2016-02-02,32446
https://example.com/images/professional_graphic_t-shirt_818.jpg,Professional Graphic T-Shirt 818,Horizon Tech,"The Professional Graphic T-Shirt 818 by Horizon Tech delivers dependable performance with quality materials and thoughtful design. It is well suited for everyday use in the electronics category, offering a strong balance of value and functionality.",Electronics,"Premium, Portable, Versatile, Giftable, Bestseller",163.11,3.97,8469,314,2016-03-27,11967
https://example.com/images/compact_led_desk_lamp_742.jpg,Compact LED Desk Lamp 742,BlueRiver Outfitters,"The Compact LED Desk Lamp 742 by BlueRiver Outfitters delivers dependable performance with quality materials and thoughtful design. It is well suited for everyday use in the clothing category, offering a strong balance of value and functionality.",Clothing,"Versatile, Modern, Essential, Giftable, Portable",232.84,4.75,1752,1789,2024-08-10,5826
https://example.com/images/wireless_led_desk_lamp_353.jpg,Wireless LED Desk Lamp 353,NorthPeak,"The Wireless LED Desk Lamp 353 by NorthPeak delivers dependable performance with quality materials and thoughtful design. It is well suited for everyday use in the home & kitchen category, offering a strong balance of value and functionality.",Home & Kitchen,"Essential, New Arrival, Modern, Wireless, Rechargeable",509.82,4.55,7396,434,2024-07-02,30402
https://example.com/images/advanced_running_shoes_382.jpg,Advanced Running Shoes 382,NorthPeak,"The Advanced Running Shoes 382 by NorthPeak delivers dependable performance with quality materials and thoughtful design. It is well suited for everyday use in the office supplies category, offering a strong balance of value and functionality.",Office Supplies,"Portable, Premium, Rechargeable, Waterproof, Essential",457.35,3.26,1003,846,2023-02-22,11971
https://example.com/images/classic_stainless_steel_water_bottle_785.jpg,Classic Stainless Steel Water Bottle 785,BlueRiver Outfitters,"The Classic Stainless Steel Water Bottle 785 by BlueRiver Outfitters delivers dependable performance with quality materials and thoughtful design. It is well suited for everyday use in the books category, offering a strong balance of value and functionality.",Books,"New Arrival, Bestseller, Lightweight, Premium, Ergonomic",386.51,3.32,3425,1562,2020-01-06,5827
https://example.com/images/eco_gaming_mouse_488.jpg,Eco Gaming Mouse 488,Maple Street Press,"The Eco Gaming Mouse 488 by Maple Street Press delivers dependable performance with quality materials and thoughtful design. It is well suited for everyday use in the home & kitchen category, offering a strong balance of value and functionality.",Home & Kitchen,"Compact, Bestseller, Giftable, Limited Edition, Versatile",334.86,3.2,843,558,2021-03-26,30405
https://example.com/images/ultra_fitness_tracker_663.jpg,Ultra Fitness Tracker 663,Summit Gear Co.,"The Ultra Fitness Tracker 663 by Summit Gear Co. delivers dependable performance with quality materials and thoughtful design. It is well suited for everyday use in the electronics category, offering a strong balance of value and functionality.",Electronics,"Versatile, Waterproof, Wireless, Bestseller, Compact",621.57,4.17,7200,1232,2018-12-30,5830
https://example.com/images/advanced_fitness_tracker_840.jpg,Advanced Fitness Tracker 840,SilverLine Electronics,"The Advanced Fitness Tracker 840 by SilverLine Electronics delivers dependable performance with quality materials and thoughtful design. It is well suited for everyday use in the books category, offering a strong balance of value and functionality.",Books,"Rechargeable, Ergonomic, Limited Edition, New Arrival, Durable",304.94,1.64,2154,610,2021-05-10,1736
https://example.com/images/wireless_bluetooth_speaker_777.jpg,Wireless Bluetooth Speaker 777,NorthPeak,"The Wireless Bluetooth Speaker 777 by NorthPeak delivers dependable performance with quality materials and thoughtful design. It is well suited for everyday use in the sports & outdoors category, offering a strong balance of value and functionality.",Sports & Outdoors,"New Arrival, Bestseller, Modern, Limited Edition, Premium",723.67,1.31,4242,1320,2022-04-28,11979
https://example.com/images/portable_noise_cancelling_headphones_532.jpg,Portable Noise Cancelling Headphones 532,BrightLeaf Publishing,"The Portable Noise Cancelling Headphones 532 by BrightLeaf Publishing delivers dependable performance with quality materials and thoughtful design. It is well suited for everyday use in the books category, offering a strong balance of value and functionality.",Books,"Rechargeable, Ergonomic, Giftable, Compact, Modern",19.87,1.16,5661,591,2022-10-09,30413
https://example.com/images/compact_led_desk_lamp_758.jpg,Compact LED Desk Lamp 758,SilverLine Electronics,"The Compact LED Desk Lamp 758 by SilverLine Electronics delivers dependable performance with quality materials and thoughtful design. It is well suited for everyday use in the sports & outdoors category, offering a strong balance of value and functionality.",Sports & Outdoors,"Wireless, Lightweight, Bestseller, Waterproof, Giftable",232.02,1.34,207,1674,2022-07-14,7889
https://example.com/images/professional_graphic_t-shirt_900.jpg,Professional Graphic T-Shirt 900,NorthPeak,"The Professional Graphic T-Shirt 900 by NorthPeak delivers dependable performance with quality materials and thoughtful design. It is well suited for everyday use in the home & kitchen category, offering a strong balance of value and functionality.",Home & Kitchen,"Limited Edition, Modern, Premium, Portable, Giftable",346.26,2.93,310,737,2023-01-01,11985
https://example.com/images/eco_graphic_t-shirt_150.jpg,Eco Graphic T-Shirt 150,BrightLeaf Publishing,"The Eco Graphic T-Shirt 150 by BrightLeaf Publishing delivers dependable performance with quality materials and thoughtful design. It is well suited for everyday use in the clothing category, offering a strong balance of value and functionality.",Clothing,"Ergonomic, Wireless, Giftable, Limited Edition, Bestseller",542.03,4.29,7574,1009,2019-11-06,30418
https://example.com/images/portable_action_camera_786.jpg,Portable Action Camera 786,UrbanNest,"The Portable Action Camera 786 by UrbanNest delivers dependable performance with quality materials and thoughtful design. It is well suited for everyday use in the clothing category, offering a strong balance of value and functionality.",Clothing,"Portable, Durable, Waterproof, Modern, Lightweight",712.67,2.76,4656,1394,2020-10-11,7892
https://example.com/images/eco_cookbook_371.jpg,Eco Cookbook 371,BlueRiver Outfitters,"The Eco Cookbook 371 by BlueRiver Outfitters delivers dependable performance with quality materials and thoughtful design. It is well suited for everyday use in the home & kitchen category, offering a strong balance of value and functionality.",Home & Kitchen,"Wireless, Versatile, Ergonomic, Compact, Premium",550.83,3.8,6160,1087,2022-08-04,18133
https://example.com/images/wireless_action_camera_929.jpg,Wireless Action Camera 929,BlueRiver Outfitters,"The Wireless Action Camera 929 by BlueRiver Outfitters delivers dependable performance with quality materials and thoughtful design. It is well suited for everyday use in the sports & outdoors category, offering a strong balance of value and functionality.",Sports & Outdoors,"Premium, New Arrival, Rechargeable, Ergonomic, Limited Edition",208.06,3.99,8084,13,2017-10-07,32477
https://example.com/images/ultra_gaming_mouse_314.jpg,Ultra Gaming Mouse 314,Maple Street Press,"The Ultra Gaming Mouse 314 by Maple Street Press delivers dependable performance with quality materials and thoughtful design. It is well suited for everyday use in the books category, offering a strong balance of value and functionality.",Books,"Giftable, Modern, Portable, Versatile, Rechargeable",676.36,3.18,7368,1213,2025-01-23,26334
https://example.com/images/wireless_yoga_mat_107.jpg,Wireless Yoga Mat 107,BlueRiver Outfitters,"The Wireless Yoga Mat 107 by BlueRiver Outfitters delivers dependable performance with quality materials and thoughtful design. It is well suited for everyday use in the sports & outdoors category, offering a strong balance of value and functionality.",Sports & Outdoors,"Durable, Versatile, Modern, Lightweight, New Arrival",74.8,2.09,2951,1677,2018-01-06,16094
https://example.com/images/wireless_smartphone_stand_456.jpg,Wireless Smartphone Stand 456,SilverLine Electronics,"The Wireless Smartphone Stand 456 by SilverLine Electronics delivers dependable performance with quality materials and thoughtful design. It is well suited for everyday use in the sports & outdoors category, offering a strong balance of value and functionality.",Sports & Outdoors,"New Arrival, Giftable, Portable, Modern, Limited Edition",383.66,1.1,2873,1929,2022-12-24,5858
https://example.com/images/portable_science_fiction_novel_553.jpg,Portable Science Fiction Novel 553,UrbanNest,"The Portable Science Fiction Novel 553 by UrbanNest delivers dependable performance with quality materials and thoughtful design. It is well suited for everyday use in the office supplies category, offering a strong balance of value and functionality.",Office Supplies,"Premium, Waterproof, New Arrival, Compact, Essential",264.57,3.96,9704,1506,2017-10-21,3812
https://example.com/images/wireless_mechanical_keyboard_770.jpg,Wireless Mechanical Keyboard 770,BlueRiver Outfitters,"The Wireless Mechanical Keyboard 770 by BlueRiver Outfitters delivers dependable performance with quality materials and thoughtful design. It is well suited for everyday use in the books category, offering a strong balance of value and functionality.",Books,"Versatile, Durable, Premium, Waterproof, New Arrival",95.21,2.74,9633,1146,2020-04-04,12007
https://example.com/images/professional_smartphone_stand_714.jpg,Professional Smartphone Stand 714,Maple Street Press,"The Professional Smartphone Stand 714 by Maple Street Press delivers dependable performance with quality materials and thoughtful design. It is well suited for everyday use in the electronics category, offering a strong balance of value and functionality.",Electronics,"Premium, Waterproof, Modern, Limited Edition, Durable",505.53,1.05,8209,1428,2016-05-18,30440
https://example.com/images/wireless_external_hard_drive_559.jpg,Wireless External Hard Drive 559,Horizon Tech,"The Wireless External Hard Drive 559 by Horizon Tech delivers dependable performance with quality materials and thoughtful design. It is well suited for everyday use in the electronics category, offering a strong balance of value and functionality.",Electronics,"Versatile, Modern, Premium, Durable, Lightweight",204.0,3.59,7569,836,2019-04-24,3816
https://example.com/images/premium_science_fiction_novel_792.jpg,Premium Science Fiction Novel 792,Maple Street Press,"The Premium Science Fiction Novel 792 by Maple Street Press delivers dependable performance with quality materials and thoughtful design. It is well suited for everyday use in the clothing category, offering a strong balance of value and functionality.",Clothing,"Modern, Durable, Waterproof, Ergonomic, Versatile",255.09,4.46,5967,80,2025-03-08,5865
https://example.com/images/smart_fitness_tracker_443.jpg,Smart Fitness Tracker 443,BlueRiver Outfitters,"The Smart Fitness Tracker 443 by BlueRiver Outfitters delivers dependable performance with quality materials and thoughtful design. It is well suited for everyday use in the sports & outdoors category, offering a strong balance of value and functionality.",Sports & Outdoors,"Modern, New Arrival, Durable, Bestseller, Versatile",642.88,1.73,608,1976,2017-01-19,30444
https://example.com/images/wireless_graphic_t-shirt_798.jpg,Wireless Graphic T-Shirt 798,UrbanNest,"The Wireless Graphic T-Shirt 798 by UrbanNest delivers dependable performance with quality materials and thoughtful design. It is well suited for everyday use in the books category, offering a strong balance of value and functionality.",Books,"Portable, Lightweight, New Arrival, Modern, Essential",271.12,4.14,7072,108,2023-07-19,5869
https://example.com/images/smart_backpack_786.jpg,Smart Backpack 786,Horizon Tech,"The Smart Backpack 786 by Horizon Tech delivers dependable performance with quality materials and thoughtful design. It is well suited for everyday use in the office supplies category, offering a strong balance of value and functionality.",Office Supplies,"Essential, Modern, Limited Edition, New Arrival, Lightweight",493.78,4.59,6002,1589,2024-06-04,3823
https://example.com/images/wireless_cookware_set_436.jpg,Wireless Cookware Set 436,BrightLeaf Publishing,"The Wireless Cookware Set 436 by BrightLeaf Publishing delivers dependable performance with quality materials and thoughtful design. It is well suited for everyday use in the clothing category, offering a strong balance of value and functionality.",Clothing,"Premium, Essential, Giftable, Portable, Limited Edition",622.38,3.55,2445,330,2024-09-28,30449
https://example.com/images/smart_stainless_steel_water_bottle_442.jpg,Smart Stainless Steel Water Bottle 442,BrightLeaf Publishing,"The Smart Stainless Steel Water Bottle 442 by BrightLeaf Publishing delivers dependable performance with quality materials and thoughtful design. It is well suited for everyday use in the office supplies category, offering a strong balance of value and functionality.",Office Supplies,"Limited Edition, Wireless, Waterproof, Portable, Premium",346.65,4.69,1715,1620,2016-08-23,9970
https://example.com/images/professional_noise_cancelling_headphones_649.jpg,Professional Noise Cancelling Headphones 649,BrightLeaf Publishing,"The Professional Noise Cancelling Headphones 649 by BrightLeaf Publishing delivers dependable performance with quality materials and thoughtful design. It is well suited for everyday use in the home & kitchen category, offering a strong balance of value and functionality.",Home & Kitchen,"Durable, Compact, Wireless, Premium, Giftable",369.96,1.12,3856,23,2016-11-18,12018
https://example.com/images/premium_smartphone_stand_599.jpg,Premium Smartphone Stand 599,Horizon Tech,"The Premium Smartphone Stand 599 by Horizon Tech delivers dependable performance with quality materials and thoughtful design. It is well suited for everyday use in the books category, offering a strong balance of value and functionality.",Books,"Rechargeable, Essential, Lightweight, Waterproof, New Arrival",160.89,1.18,2130,1627,2024-09-17,14069
https://example.com/images/professional_running_shoes_188.jpg,Professional Running Shoes 188,Summit Gear Co.,"The Professional Running Shoes 188 by Summit Gear Co. delivers dependable performance with quality materials and thoughtful design. It is well suited for everyday use in the clothing category, offering a strong balance of value and functionality.",Clothing,"Rechargeable, Bestseller, Durable, Limited Edition, Lightweight",18.35,4.13,7440,434,2018-11-01,24311
https://example.com/images/advanced_mechanical_keyboard_763.jpg,Advanced Mechanical Keyboard 763,UrbanNest,"The Advanced Mechanical Keyboard 763 by UrbanNest delivers dependable performance with quality materials and thoughtful design. It is well suited for everyday use in the electronics category, offering a strong balance of value and functionality.",Electronics,"Bestseller, Giftable, Versatile, Rechargeable, Limited Edition",193.99,1.86,7499,814,2021-09-10,16122
https://example.com/images/compact_mechanical_keyboard_730.jpg,Compact Mechanical Keyboard 730,BrightLeaf Publishing,"The Compact Mechanical Keyboard 730 by BrightLeaf Publishing delivers dependable performance with quality materials and thoughtful design. It is well suited for everyday use in the home & kitchen category, offering a strong balance of value and functionality.",Home & Kitchen,"Premium, Limited Edition, Versatile, Giftable, Rechargeable",594.62,4.5,4055,319,2019-08-27,14077
https://example.com/images/classic_fitness_tracker_747.jpg,Classic Fitness Tracker 747,Maple Street Press,"The Classic Fitness Tracker 747 by Maple Street Press delivers dependable performance with quality materials and thoughtful design. It is well suited for everyday use in the electronics category, offering a strong balance of value and functionality.",Electronics,"Ergonomic, Premium, Bestseller, Waterproof, Limited Edition",36.22,3.25,5136,184,2019-03-24,24320
https://example.com/images/eco_graphic_t-shirt_138.jpg,Eco Graphic T-Shirt 138,Summit Gear Co.,"The Eco Graphic T-Shirt 138 by Summit Gear Co. delivers dependable performance with quality materials and thoughtful design. It is well suited for everyday use in the books category, offering a strong balance of value and functionality.",Books,"Portable, Rechargeable, Essential, Bestseller, Limited Edition",290.63,4.91,6980,1184,2023-05-23,16131
https://example.com/images/classic_running_shoes_709.jpg,Classic Running Shoes 709,Maple Street Press,"The Classic Running Shoes 709 by Maple Street Press delivers dependable performance with quality materials and thoughtful design. It is well suited for everyday use in the home & kitchen category, offering a strong balance of value and functionality.",Home & Kitchen,"Giftable, Portable, Bestseller, Versatile, Ergonomic",418.97,3.53,8471,249,2020-01-07,18179
https://example.com/images/advanced_external_hard_drive_776.jpg,Advanced External Hard Drive 776,Horizon Tech,"The Advanced External Hard Drive 776 by Horizon Tech delivers dependable performance with quality materials and thoughtful design. It is well suited for everyday use in the office supplies category, offering a strong balance of value and functionality.",Office Supplies,"Portable, Waterproof, Rechargeable, Modern, Essential",33.79,1.64,9139,281,2024-11-20,7940
https://example.com/images/premium_external_hard_drive_314.jpg,Premium External Hard Drive 314,NorthPeak,"The Premium External Hard Drive 314 by NorthPeak delivers dependable performance with quality materials and thoughtful design. It is well suited for everyday use in the office supplies category, offering a strong balance of value and functionality.",Office Supplies,"Ergonomic, Bestseller, Compact, Portable, Premium",798.06,1.92,7661,1791,2020-08-10,3846
https://example.com/images/classic_running_shoes_107.jpg,Classic Running Shoes 107,Horizon Tech,"The Classic Running Shoes 107 by Horizon Tech delivers dependable performance with quality materials and thoughtful design. It is well suited for everyday use in the home & kitchen category, offering a strong balance of value and functionality.",Home & Kitchen,"Durable, Wireless, Bestseller, Lightweight, Portable",757.86,3.01,4143,343,2022-03-25,9990
https://example.com/images/eco_external_hard_drive_757.jpg,Eco External Hard Drive 757,Summit Gear Co.,"The Eco External Hard Drive 757 by Summit Gear Co. delivers dependable performance with quality materials and thoughtful design. It is well suited for everyday use in the clothing category, offering a strong balance of value and functionality.",Clothing,"New Arrival, Rechargeable, Durable, Compact, Versatile",502.02,3.48,9683,550,2023-02-05,26376
https://example.com/images/portable_action_camera_991.jpg,Portable Action Camera 991,BlueRiver Outfitters,"The Portable Action Camera 991 by BlueRiver Outfitters delivers dependable performance with quality materials and thoughtful design. It is well suited for everyday use in the books category, offering a strong balance of value and functionality.",Books,"Waterproof, Portable, Bestseller, Wireless, Giftable",77.62,3.18,9665,264,2019-12-13,7944
https://example.com/images/classic_backpack_994.jpg,Classic Backpack 994,BlueRiver Outfitters,"The Classic Backpack 994 by BlueRiver Outfitters delivers dependable performance with quality materials and thoughtful design. It is well suited for everyday use in the electronics category, offering a strong balance of value and functionality.",Electronics,"New Arrival, Compact, Rechargeable, Bestseller, Portable",487.05,1.01,324,1145,2025-05-15,3855
https://example.com/images/portable_4k_monitor_654.jpg,Portable 4K Monitor 654,Summit Gear Co.,"The Portable 4K Monitor 654 by Summit Gear Co. delivers dependable performance with quality materials and thoughtful design. It is well suited for everyday use in the home & kitchen category, offering a strong balance of value and functionality.",Home & Kitchen,"Versatile, Bestseller, Premium, Modern, Durable",11.7,1.17,6679,1975,2018-10-04,12049
https://example.com/images/classic_running_shoes_700.jpg,Classic Running Shoes 700,UrbanNest,"The Classic Running Shoes 700 by UrbanNest delivers dependable performance with quality materials and thoughtful design. It is well suited for everyday use in the clothing category, offering a strong balance of value and functionality.",Clothing,"Portable, Compact, Waterproof, Ergonomic, Wireless",629.89,3.41,2442,1734,2019-02-16,7953
https://example.com/images/classic_electric_kettle_899.jpg,Classic Electric Kettle 899,Summit Gear Co.,"The Classic Electric Kettle 899 by Summit Gear Co. delivers dependable performance with quality materials and thoughtful design. It is well suited for everyday use in the home & kitchen category, offering a strong balance of value and functionality.",Home & Kitchen,"New Arrival, Ergonomic, Giftable, Versatile, Compact",444.71,2.29,6873,538,2019-06-21,22291
https://example.com/images/smart_led_desk_lamp_473.jpg,Smart LED Desk Lamp 473,SilverLine Electronics,"The Smart LED Desk Lamp 473 by SilverLine Electronics delivers dependable performance with quality materials and thoughtful design. It is well suited for everyday use in the clothing category, offering a strong balance of value and functionality.",Clothing,"Limited Edition, Giftable, Essential, Modern, Waterproof",90.49,3.96,4874,75,2019-11-22,16147
https://example.com/images/wireless_gaming_mouse_503.jpg,Wireless Gaming Mouse 503,UrbanNest,"The Wireless Gaming Mouse 503 by UrbanNest delivers dependable performance with quality materials and thoughtful design. It is well suited for everyday use in the clothing category, offering a strong balance of value and functionality.",Clothing,"New Arrival, Rechargeable, Wireless, Premium, Compact",628.1,2.36,4075,1888,2018-11-21,16148
https://example.com/images/classic_mechanical_keyboard_704.jpg,Classic Mechanical Keyboard 704,BlueRiver Outfitters,"The Classic Mechanical Keyboard 704 by BlueRiver Outfitters delivers dependable performance with quality materials and thoughtful design. It is well suited for everyday use in the sports & outdoors category, offering a strong balance of value and functionality.",Sports & Outdoors,"Waterproof, Compact, Premium, Durable, Limited Edition",178.04,1.03,5027,1878,2016-07-05,30484
https://example.com/images/advanced_backpack_393.jpg,Advanced Backpack 393,Summit Gear Co.,"The Advanced Backpack 393 by Summit Gear Co. delivers dependable performance with quality materials and thoughtful design. It is well suited for everyday use in the office supplies category, offering a strong balance of value and functionality.",Office Supplies,"Wireless, Lightweight, Modern, New Arrival, Essential",96.28,2.49,4666,851,2017-08-09,3862
https://example.com/images/wireless_gaming_mouse_823.jpg,Wireless Gaming Mouse 823,Summit Gear Co.,"The Wireless Gaming Mouse 823 by Summit Gear Co. delivers dependable performance with quality materials and thoughtful design. It is well suited for everyday use in the electronics category, offering a strong balance of value and functionality.",Electronics,"Limited Edition, Wireless, Compact, Essential, Premium",777.4,4.7,592,471,2020-01-05,12060
https://example.com/images/portable_mechanical_keyboard_956.jpg,Portable Mechanical Keyboard 956,BlueRiver Outfitters,"The Portable Mechanical Keyboard 956 by BlueRiver Outfitters delivers dependable performance with quality materials and thoughtful design. It is well suited for everyday use in the sports & outdoors category, offering a strong balance of value and functionality.",Sports & Outdoors,"Giftable, Limited Edition, Modern, Compact, Ergonomic",554.0,2.58,4303,927,2025-05-18,18207
https://example.com/images/classic_noise_cancelling_headphones_527.jpg,Classic Noise Cancelling Headphones 527,Horizon Tech,"The Classic Noise Cancelling Headphones 527 by Horizon Tech delivers dependable performance with quality materials and thoughtful design. It is well suited for everyday use in the sports & outdoors category, offering a strong balance of value and functionality.",Sports & Outdoors,"Waterproof, Ergonomic, Premium, Essential, Versatile",248.66,1.65,8408,1921,2019-04-28,5921
https://example.com/images/wireless_action_camera_594.jpg,Wireless Action Camera 594,UrbanNest,"The Wireless Action Camera 594 by UrbanNest delivers dependable performance with quality materials and thoughtful design. It is well suited for everyday use in the electronics category, offering a strong balance of value and functionality.",Electronics,"Compact, Limited Edition, New Arrival, Wireless, Bestseller",139.54,2.59,1305,1278,2022-01-22,24353
https://example.com/images/portable_led_desk_lamp_612.jpg,Portable LED Desk Lamp 612,BrightLeaf Publishing,"The Portable LED Desk Lamp 612 by BrightLeaf Publishing delivers dependable performance with quality materials and thoughtful design. It is well suited for everyday use in the clothing category, offering a strong balance of value and functionality.",Clothing,"Lightweight, New Arrival, Wireless, Giftable, Ergonomic",362.12,2.44,4546,1779,2021-03-25,32549
https://example.com/images/professional_stainless_steel_water_bottle_592.jpg,Professional Stainless Steel Water Bottle 592,BrightLeaf Publishing,"The Professional Stainless Steel Water Bottle 592 by BrightLeaf Publishing delivers dependable performance with quality materials and thoughtful design. It is well suited for everyday use in the books category, offering a strong balance of value and functionality.",Books,"Wireless, Portable, Limited Edition, Essential, Lightweight",134.64,1.6,3315,919,2019-08-20,22311
https://example.com/images/professional_backpack_826.jpg,Professional Backpack 826,BlueRiver Outfitters,"The Professional Backpack 826 by BlueRiver Outfitters delivers dependable performance with quality materials and thoughtful design. It is well suited for everyday use in the electronics category, offering a strong balance of value and functionality.",Electronics,"Waterproof, Modern, Durable, Lightweight, New Arrival",604.43,2.89,5244,381,2020-03-03,3880
https://example.com/images/smart_external_hard_drive_817.jpg,Smart External Hard Drive 817,Horizon Tech,"The Smart External Hard Drive 817 by Horizon Tech delivers dependable performance with quality materials and thoughtful design. It is well suited for everyday use in the electronics category, offering a strong balance of value and functionality.",Electronics,"Limited Edition, Wireless, Portable, Bestseller, Modern",696.89,1.15,1502,472,2021-01-17,10024
https://example.com/images/professional_bluetooth_speaker_909.jpg,Professional Bluetooth Speaker 909,NorthPeak,"The Professional Bluetooth Speaker 909 by NorthPeak delivers dependable performance with quality materials and thoughtful design. It is well suited for everyday use in the electronics category, offering a strong balance of value and functionality.",Electronics,"Wireless, Durable, Portable, Lightweight, Versatile",513.83,4.45,4616,1122,2018-12-23,7977
https://example.com/images/compact_bluetooth_speaker_688.jpg,Compact Bluetooth Speaker 688,Maple Street Press,"The Compact Bluetooth Speaker 688 by Maple Street Press delivers dependable performance with quality materials and thoughtful design. It is well suited for everyday use in the office supplies category, offering a strong balance of value and functionality.",Office Supplies,"Portable, Compact, Lightweight, Giftable, Rechargeable",648.3,4.07,3708,1216,2024-07-17,28458
https://example.com/images/professional_fitness_tracker_195.jpg,Professional Fitness Tracker 195,Summit Gear Co.,"The Professional Fitness Tracker 195 by Summit Gear Co. delivers dependable performance with quality materials and thoughtful design. It is well suited for everyday use in the electronics category, offering a strong balance of value and functionality.",Electronics,"Wireless, Modern, Versatile, New Arrival, Bestseller",461.77,3.93,5820,1347,2018-09-22,5930
https://example.com/images/smart_noise_cancelling_headphones_440.jpg,Smart Noise Cancelling Headphones 440,BlueRiver Outfitters,"The Smart Noise Cancelling Headphones 440 by BlueRiver Outfitters delivers dependable performance with quality materials and thoughtful design. It is well suited for everyday use in the home & kitchen category, offering a strong balance of value and functionality.",Home & Kitchen,"Wireless, Essential, Portable, Waterproof, New Arrival",82.34,2.71,6757,17,2021-01-07,28459
https://example.com/images/compact_led_desk_lamp_855.jpg,Compact LED Desk Lamp 855,UrbanNest,"The Compact LED Desk Lamp 855 by UrbanNest delivers dependable performance with quality materials and thoughtful design. It is well suited for everyday use in the electronics category, offering a strong balance of value and functionality.",Electronics,"Rechargeable, Wireless, Essential, Premium, Lightweight",535.97,2.3,2086,1442,2021-11-18,1837
https://example.com/images/ultra_bluetooth_speaker_779.jpg,Ultra Bluetooth Speaker 779,BrightLeaf Publishing,"The Ultra Bluetooth Speaker 779 by BrightLeaf Publishing delivers dependable performance with quality materials and thoughtful design. It is well suited for everyday use in the sports & outdoors category, offering a strong balance of value and functionality.",Sports & Outdoors,"Giftable, Lightweight, Waterproof, New Arrival, Wireless",691.53,2.57,4184,1473,2017-08-16,22321
https://example.com/images/classic_led_desk_lamp_944.jpg,Classic LED Desk Lamp 944,Maple Street Press,"The Classic LED Desk Lamp 944 by Maple Street Press delivers dependable performance with quality materials and thoughtful design. It is well suited for everyday use in the home & kitchen category, offering a strong balance of value and functionality.",Home & Kitchen,"Versatile, Premium, Limited Edition, Waterproof, Lightweight",707.78,1.7,5379,937,2020-09-17,28471
https://example.com/images/portable_mechanical_keyboard_703.jpg,Portable Mechanical Keyboard 703,Horizon Tech,"The Portable Mechanical Keyboard 703 by Horizon Tech delivers dependable performance with quality materials and thoughtful design. It is well suited for everyday use in the books category, offering a strong balance of value and functionality.",Books,"Rechargeable, Essential, Premium, Versatile, Ergonomic",669.44,1.23,2719,850,2018-06-12,7992
https://example.com/images/compact_fitness_tracker_956.jpg,Compact Fitness Tracker 956,Horizon Tech,"The Compact Fitness Tracker 956 by Horizon Tech delivers dependable performance with quality materials and thoughtful design. It is well suited for everyday use in the books category, offering a strong balance of value and functionality.",Books,"New Arrival, Premium, Portable, Durable, Modern",308.69,4.64,7307,1219,2024-10-15,32570
https://example.com/images/classic_bluetooth_speaker_775.jpg,Classic Bluetooth Speaker 775,BrightLeaf Publishing,"The Classic Bluetooth Speaker 775 by BrightLeaf Publishing delivers dependable performance with quality materials and thoughtful design. It is well suited for everyday use in the books category, offering a strong balance of value and functionality.",Books,"Waterproof, Bestseller, Ergonomic, Giftable, Lightweight",464.07,2.34,5552,1231,2023-04-05,28478
https://example.com/images/classic_4k_monitor_513.jpg,Classic 4K Monitor 513,SilverLine Electronics,"The Classic 4K Monitor 513 by SilverLine Electronics delivers dependable performance with quality materials and thoughtful design. It is well suited for everyday use in the home & kitchen category, offering a strong balance of value and functionality.",Home & Kitchen,"Rechargeable, Wireless, Bestseller, Limited Edition, Essential",150.3,1.69,2596,1307,2019-12-24,12097
https://example.com/images/smart_mechanical_keyboard_754.jpg,Smart Mechanical Keyboard 754,Horizon Tech,"The Smart Mechanical Keyboard 754 by Horizon Tech delivers dependable performance with quality materials and thoughtful design. It is well suited for everyday use in the clothing category, offering a strong balance of value and functionality.",Clothing,"Versatile, Limited Edition, Durable, Modern, Essential",571.42,3.54,8712,247,2021-09-14,8002
https://example.com/images/portable_external_hard_drive_222.jpg,Portable External Hard Drive 222,NorthPeak,"The Portable External Hard Drive 222 by NorthPeak delivers dependable performance with quality materials and thoughtful design. It is well suited for everyday use in the office supplies category, offering a strong balance of value and functionality.",Office Supplies,"Ergonomic, Durable, Versatile, Premium, Compact",309.97,1.63,3977,22,2024-10-14,24387
https://example.com/images/professional_noise_cancelling_headphones_725.jpg,Professional Noise Cancelling Headphones 725,UrbanNest,"The Professional Noise Cancelling Headphones 725 by UrbanNest delivers dependable performance with quality materials and thoughtful design. It is well suited for everyday use in the office supplies category, offering a strong balance of value and functionality.",Office Supplies,"Compact, Modern, Bestseller, Limited Edition, Ergonomic",664.73,3.73,4314,1381,2020-03-08,22340
https://example.com/images/compact_electric_kettle_326.jpg,Compact Electric Kettle 326,Maple Street Press,"The Compact Electric Kettle 326 by Maple Street Press delivers dependable performance with quality materials and thoughtful design. It is well suited for everyday use in the home & kitchen category, offering a strong balance of value and functionality.",Home & Kitchen,"Lightweight, New Arrival, Premium, Modern, Waterproof",767.6,3.69,5991,990,2017-04-22,10054
https://example.com/images/portable_led_desk_lamp_150.jpg,Portable LED Desk Lamp 150,SilverLine Electronics,"The Portable LED Desk Lamp 150 by SilverLine Electronics delivers dependable performance with quality materials and thoughtful design. It is well suited for everyday use in the office supplies category, offering a strong balance of value and functionality.",Office Supplies,"Giftable, Premium, Wireless, Bestseller, New Arrival",798.03,2.19,2604,926,2024-10-15,28490
https://example.com/images/premium_action_camera_873.jpg,Premium Action Camera 873,Horizon Tech,"The Premium Action Camera 873 by Horizon Tech delivers dependable performance with quality materials and thoughtful design. It is well suited for everyday use in the home & kitchen category, offering a strong balance of value and functionality.",Home & Kitchen,"New Arrival, Wireless, Lightweight, Rechargeable, Waterproof",109.35,4.69,3909,1960,2022-04-12,28492
https://example.com/images/compact_yoga_mat_302.jpg,Compact Yoga Mat 302,BlueRiver Outfitters,"The Compact Yoga Mat 302 by BlueRiver Outfitters delivers dependable performance with quality materials and thoughtful design. It is well suited for everyday use in the home & kitchen category, offering a strong balance of value and functionality.",Home & Kitchen,"Giftable, Portable, Versatile, Bestseller, New Arrival",668.9,4.78,7751,456,2017-11-18,1869
https://example.com/images/smart_4k_monitor_624.jpg,Smart 4K Monitor 624,SilverLine Electronics,"The Smart 4K Monitor 624 by SilverLine Electronics delivers dependable performance with quality materials and thoughtful design. It is well suited for everyday use in the office supplies category, offering a strong balance of value and functionality.",Office Supplies,"Portable, Compact, Lightweight, Giftable, Ergonomic",62.25,4.52,1771,831,2024-03-04,10061
https://example.com/images/wireless_fitness_tracker_545.jpg,Wireless Fitness Tracker 545,Horizon Tech,"The Wireless Fitness Tracker 545 by Horizon Tech delivers dependable performance with quality materials and thoughtful design. It is well suited for everyday use in the sports & outdoors category, offering a strong balance of value and functionality.",Sports & Outdoors,"Compact, Limited Edition, Rechargeable, Lightweight, Premium",450.26,1.77,3703,1281,2024-09-15,3917
https://example.com/images/portable_gaming_mouse_217.jpg,Portable Gaming Mouse 217,UrbanNest,"The Portable Gaming Mouse 217 by UrbanNest delivers dependable performance with quality materials and thoughtful design. It is well suited for everyday use in the sports & outdoors category, offering a strong balance of value and functionality.",Sports & Outdoors,"Portable, New Arrival, Durable, Bestseller, Limited Edition",473.8,4.78,4480,1659,2024-07-08,26446
https://example.com/images/eco_bluetooth_speaker_754.jpg,Eco Bluetooth Speaker 754,NorthPeak,"The Eco Bluetooth Speaker 754 by NorthPeak delivers dependable performance with quality materials and thoughtful design. It is well suited for everyday use in the office supplies category, offering a strong balance of value and functionality.",Office Supplies,"Limited Edition, Modern, New Arrival, Rechargeable, Ergonomic",663.6,1.35,3337,1070,2019-08-02,30543
https://example.com/images/professional_fitness_tracker_374.jpg,Professional Fitness Tracker 374,Summit Gear Co.,"The Professional Fitness Tracker 374 by Summit Gear Co. delivers dependable performance with quality materials and thoughtful design. It is well suited for everyday use in the office supplies category, offering a strong balance of value and functionality.",Office Supplies,"Bestseller, Giftable, Limited Edition, Premium, Lightweight",443.15,1.64,8353,578,2024-12-30,5968
https://example.com/images/classic_cookware_set_958.jpg,Classic Cookware Set 958,UrbanNest,"The Classic Cookware Set 958 by UrbanNest delivers dependable performance with quality materials and thoughtful design. It is well suited for everyday use in the clothing category, offering a strong balance of value and functionality.",Clothing,"Portable, Bestseller, Lightweight, Premium, Wireless",195.62,1.76,1262,782,2022-05-07,16208
https://example.com/images/eco_science_fiction_novel_109.jpg,Eco Science Fiction Novel 109,Horizon Tech,"The Eco Science Fiction Novel 109 by Horizon Tech delivers dependable performance with quality materials and thoughtful design. It is well suited for everyday use in the clothing category, offering a strong balance of value and functionality.",Clothing,"Modern, Lightweight, Durable, Portable, Limited Edition",37.76,4.43,704,477,2025-02-28,12115
https://example.com/images/wireless_fitness_tracker_958.jpg,Wireless Fitness Tracker 958,SilverLine Electronics,"The Wireless Fitness Tracker 958 by SilverLine Electronics delivers dependable performance with quality materials and thoughtful design. It is well suited for everyday use in the office supplies category, offering a strong balance of value and functionality.",Office Supplies,"Limited Edition, Bestseller, Wireless, Premium, Modern",17.25,3.33,8002,491,2021-12-22,22359
https://example.com/images/ultra_smartphone_stand_864.jpg,Ultra Smartphone Stand 864,Horizon Tech,"The Ultra Smartphone Stand 864 by Horizon Tech delivers dependable performance with quality materials and thoughtful design. It is well suited for everyday use in the home & kitchen category, offering a strong balance of value and functionality.",Home & Kitchen,"Versatile, New Arrival, Lightweight, Premium, Modern",420.23,1.94,4333,1729,2020-04-11,18264
https://example.com/images/classic_cookbook_200.jpg,Classic Cookbook 200,BlueRiver Outfitters,"The Classic Cookbook 200 by BlueRiver Outfitters delivers dependable performance with quality materials and thoughtful design. It is well suited for everyday use in the home & kitchen category, offering a strong balance of value and functionality.",Home & Kitchen,"Giftable, Bestseller, Versatile, Compact, Lightweight",548.28,2.69,9588,27,2022-11-02,10072
https://example.com/images/wireless_mechanical_keyboard_628.jpg,Wireless Mechanical Keyboard 628,Horizon Tech,"The Wireless Mechanical Keyboard 628 by Horizon Tech delivers dependable performance with quality materials and thoughtful design. It is well suited for everyday use in the home & kitchen category, offering a strong balance of value and functionality.",Home & Kitchen,"Bestseller, Ergonomic, Compact, Essential, Modern",211.53,2.41,8439,1976,2024-06-05,10073
https://example.com/images/ultra_4k_monitor_243.jpg,Ultra 4K Monitor 243,Horizon Tech,"The Ultra 4K Monitor 243 by Horizon Tech delivers dependable performance with quality materials and thoughtful design. It is well suited for everyday use in the home & kitchen category, offering a strong balance of value and functionality.",Home & Kitchen,"New Arrival, Rechargeable, Versatile, Lightweight, Bestseller",409.99,4.54,9970,205,2025-04-19,28511
https://example.com/images/professional_yoga_mat_782.jpg,Professional Yoga Mat 782,Summit Gear Co.,"The Professional Yoga Mat 782 by Summit Gear Co. delivers dependable performance with quality materials and thoughtful design. It is well suited for everyday use in the clothing category, offering a strong balance of value and functionality.",Clothing,"Bestseller, Compact, New Arrival, Modern, Premium",500.57,2.76,7946,1935,2018-04-14,18274
https://example.com/images/eco_yoga_mat_723.jpg,Eco Yoga Mat 723,Horizon Tech,"The Eco Yoga Mat 723 by Horizon Tech delivers dependable performance with quality materials and thoughtful design. It is well suited for everyday use in the office supplies category, offering a strong balance of value and functionality.",Office Supplies,"Compact, Versatile, Ergonomic, Bestseller, Rechargeable",740.14,3.27,8262,710,2022-06-05,8044
https://example.com/images/portable_graphic_t-shirt_619.jpg,Portable Graphic T-Shirt 619,Maple Street Press,"The Portable Graphic T-Shirt 619 by Maple Street Press delivers dependable performance with quality materials and thoughtful design. It is well suited for everyday use in the home & kitchen category, offering a strong balance of value and functionality.",Home & Kitchen,"Versatile, Giftable, Durable, Compact, Portable",611.42,3.67,9205,565,2022-10-30,20334
https://example.com/images/compact_mechanical_keyboard_535.jpg,Compact Mechanical Keyboard 535,UrbanNest,"The Compact Mechanical Keyboard 535 by UrbanNest delivers dependable performance with quality materials and thoughtful design. It is well suited for everyday use in the home & kitchen category, offering a strong balance of value and functionality.",Home & Kitchen,"Versatile, Essential, Portable, Bestseller, Limited Edition",100.53,3.46,6985,1100,2021-03-06,5999
https://example.com/images/eco_external_hard_drive_451.jpg,Eco External Hard Drive 451,Horizon Tech,"The Eco External Hard Drive 451 by Horizon Tech delivers dependable performance with quality materials and thoughtful design. It is well suited for everyday use in the clothing category, offering a strong balance of value and functionality.",Clothing,"Giftable, Versatile, Ergonomic, Wireless, Portable",134.52,2.73,7338,1338,2019-08-28,28529
https://example.com/images/wireless_electric_kettle_423.jpg,Wireless Electric Kettle 423,Maple Street Press,"The Wireless Electric Kettle 423 by Maple Street Press delivers dependable performance with quality materials and thoughtful design. It is well suited for everyday use in the sports & outdoors category, offering a strong balance of value and functionality.",Sports & Outdoors,"Wireless, New Arrival, Versatile, Compact, Premium",356.24,2.98,7847,1134,2022-02-20,1907
https://example.com/images/wireless_bluetooth_speaker_206.jpg,Wireless Bluetooth Speaker 206,BrightLeaf Publishing,"The Wireless Bluetooth Speaker 206 by BrightLeaf Publishing delivers dependable performance with quality materials and thoughtful design. It is well suited for everyday use in the home & kitchen category, offering a strong balance of value and functionality.",Home & Kitchen,"Portable, Ergonomic, Premium, Essential, Limited Edition",44.03,2.65,4657,1599,2023-08-07,16243
https://example.com/images/wireless_science_fiction_novel_368.jpg,Wireless Science Fiction Novel 368,BrightLeaf Publishing,"The Wireless Science Fiction Novel 368 by BrightLeaf Publishing delivers dependable performance with quality materials and thoughtful design. It is well suited for everyday use in the sports & outdoors category, offering a strong balance of value and functionality.",Sports & Outdoors,"Durable, Versatile, Waterproof, Giftable, New Arrival",648.04,3.15,5507,1380,2020-02-16,22389
https://example.com/images/wireless_noise_cancelling_headphones_314.jpg,Wireless Noise Cancelling Headphones 314,BrightLeaf Publishing,"The Wireless Noise Cancelling Headphones 314 by BrightLeaf Publishing delivers dependable performance with quality materials and thoughtful design. It is well suited for everyday use in the sports & outdoors category, offering a strong balance of value and functionality.",Sports & Outdoors,"Lightweight, Modern, Giftable, Premium, Portable",414.25,2.16,5697,613,2022-07-10,14198
https://example.com/images/wireless_bluetooth_speaker_912.jpg,Wireless Bluetooth Speaker 912,BrightLeaf Publishing,"The Wireless Bluetooth Speaker 912 by BrightLeaf Publishing delivers dependable performance with quality materials and thoughtful design. It is well suited for everyday use in the electronics category, offering a strong balance of value and functionality.",Electronics,"Wireless, Lightweight, Durable, New Arrival, Ergonomic",398.66,1.27,8690,313,2017-08-22,28535
https://example.com/images/premium_graphic_t-shirt_675.jpg,Premium Graphic T-Shirt 675,NorthPeak,"The Premium Graphic T-Shirt 675 by NorthPeak delivers dependable performance with quality materials and thoughtful design. It is well suited for everyday use in the clothing category, offering a strong balance of value and functionality.",Clothing,"Premium, Waterproof, Wireless, Portable, Essential",521.3,2.76,7970,1021,2022-10-07,20345
https://example.com/images/advanced_graphic_t-shirt_631.jpg,Advanced Graphic T-Shirt 631,NorthPeak,"The Advanced Graphic T-Shirt 631 by NorthPeak delivers dependable performance with quality materials and thoughtful design. It is well suited for everyday use in the books category, offering a strong balance of value and functionality.",Books,"Versatile, Ergonomic, Compact, Essential, Rechargeable",264.04,3.91,4396,1759,2021-06-24,18298
https://example.com/images/eco_yoga_mat_528.jpg,Eco Yoga Mat 528,BlueRiver Outfitters,"The Eco Yoga Mat 528 by BlueRiver Outfitters delivers dependable performance with quality materials and thoughtful design. It is well suited for everyday use in the home & kitchen category, offering a strong balance of value and functionality.",Home & Kitchen,"Portable, Premium, Limited Edition, Modern, Compact",449.31,1.73,3201,441,2024-03-12,6012
https://example.com/images/classic_backpack_964.jpg,Classic Backpack 964,UrbanNest,"The Classic Backpack 964 by UrbanNest delivers dependable performance with quality materials and thoughtful design. It is well suited for everyday use in the clothing category, offering a strong balance of value and functionality.",Clothing,"Modern, Versatile, Wireless, Ergonomic, Premium",351.86,2.8,3294,1428,2025-04-07,1916
https://example.com/images/advanced_action_camera_376.jpg,Advanced Action Camera 376,Summit Gear Co.,"The Advanced Action Camera 376 by Summit Gear Co. delivers dependable performance with quality materials and thoughtful design. It is well suited for everyday use in the electronics category, offering a strong balance of value and functionality.",Electronics,"Essential, Giftable, New Arrival, Premium, Portable",585.37,4.01,6479,507,2016-09-18,1917
https://example.com/images/premium_mechanical_keyboard_170.jpg,Premium Mechanical Keyboard 170,SilverLine Electronics,"The Premium Mechanical Keyboard 170 by SilverLine Electronics delivers dependable performance with quality materials and thoughtful design. It is well suited for everyday use in the books category, offering a strong balance of value and functionality.",Books,"Premium, Modern, Versatile, Bestseller, Lightweight",20.16,2.19,8808,136,2023-03-20,20351
https://example.com/images/premium_electric_kettle_260.jpg,Premium Electric Kettle 260,Horizon Tech,"The Premium Electric Kettle 260 by Horizon Tech delivers dependable performance with quality materials and thoughtful design. It is well suited for everyday use in the home & kitchen category, offering a strong balance of value and functionality.",Home & Kitchen,"Modern, Lightweight, Rechargeable, Wireless, Waterproof",608.29,3.13,2328,644,2024-07-20,16261
https://example.com/images/eco_electric_kettle_436.jpg,Eco Electric Kettle 436,NorthPeak,"The Eco Electric Kettle 436 by NorthPeak delivers dependable performance with quality materials and thoughtful design. It is well suited for everyday use in the electronics category, offering a strong balance of value and functionality.",Electronics,"Giftable, Premium, Rechargeable, Bestseller, Ergonomic",319.64,2.17,4095,1504,2017-02-26,12170
https://example.com/images/classic_graphic_t-shirt_395.jpg,Classic Graphic T-Shirt 395,Maple Street Press,"The Classic Graphic T-Shirt 395 by Maple Street Press delivers dependable performance with quality materials and thoughtful design. It is well suited for everyday use in the electronics category, offering a strong balance of value and functionality.",Electronics,"Durable, Limited Edition, Lightweight, Ergonomic, New Arrival",469.91,3.16,45,1618,2020-04-02,14222
https://example.com/images/compact_fitness_tracker_624.jpg,Compact Fitness Tracker 624,Summit Gear Co.,"The Compact Fitness Tracker 624 by Summit Gear Co. delivers dependable performance with quality materials and thoughtful design. It is well suited for everyday use in the sports & outdoors category, offering a strong balance of value and functionality.",Sports & Outdoors,"Wireless, Premium, Portable, Modern, Lightweight",212.24,2.61,7207,704,2018-10-25,8080
https://example.com/images/wireless_mechanical_keyboard_273.jpg,Wireless Mechanical Keyboard 273,Horizon Tech,"The Wireless Mechanical Keyboard 273 by Horizon Tech delivers dependable performance with quality materials and thoughtful design. It is well suited for everyday use in the sports & outdoors category, offering a strong balance of value and functionality.",Sports & Outdoors,"Essential, Ergonomic, Modern, Premium, Waterproof",122.07,2.41,9285,1006,2024-12-27,22416
https://example.com/images/eco_gaming_mouse_495.jpg,Eco Gaming Mouse 495,SilverLine Electronics,"The Eco Gaming Mouse 495 by SilverLine Electronics delivers dependable performance with quality materials and thoughtful design. It is well suited for everyday use in the books category, offering a strong balance of value and functionality.",Books,"Essential, Compact, Bestseller, Modern, Versatile",44.12,1.31,5240,698,2025-06-29,1937
https://example.com/images/smart_electric_kettle_216.jpg,Smart Electric Kettle 216,Horizon Tech,"The Smart Electric Kettle 216 by Horizon Tech delivers dependable performance with quality materials and thoughtful design. It is well suited for everyday use in the clothing category, offering a strong balance of value and functionality.",Clothing,"Compact, Lightweight, New Arrival, Rechargeable, Essential",174.44,2.1,7469,1251,2020-05-24,26516
https://example.com/images/eco_mechanical_keyboard_674.jpg,Eco Mechanical Keyboard 674,BrightLeaf Publishing,"The Eco Mechanical Keyboard 674 by BrightLeaf Publishing delivers dependable performance with quality materials and thoughtful design. It is well suited for everyday use in the books category, offering a strong balance of value and functionality.",Books,"New Arrival, Limited Edition, Premium, Waterproof, Portable",430.18,2.29,4811,1601,2021-04-02,16282
https://example.com/images/professional_mechanical_keyboard_196.jpg,Professional Mechanical Keyboard 196,Horizon Tech,"The Professional Mechanical Keyboard 196 by Horizon Tech delivers dependable performance with quality materials and thoughtful design. It is well suited for everyday use in the electronics category, offering a strong balance of value and functionality.",Electronics,"Lightweight, Essential, Limited Edition, Giftable, Modern",622.57,2.75,2347,1310,2024-01-07,22426
https://example.com/images/advanced_office_chair_172.jpg,Advanced Office Chair 172,BrightLeaf Publishing,"The Advanced Office Chair 172 by BrightLeaf Publishing delivers dependable performance with quality materials and thoughtful design. It is well suited for everyday use in the books category, offering a strong balance of value and functionality.",Books,"Durable, Premium, Wireless, Ergonomic, Essential",76.47,1.1,8903,1215,2017-08-17,14236
https://example.com/images/advanced_external_hard_drive_985.jpg,Advanced External Hard Drive 985,NorthPeak,"The Advanced External Hard Drive 985 by NorthPeak delivers dependable performance with quality materials and thoughtful design. It is well suited for everyday use in the books category, offering a strong balance of value and functionality.",Books,"Versatile, Bestseller, Waterproof, Rechargeable, Portable",425.9,4.46,139,740,2017-06-17,28573
https://example.com/images/wireless_science_fiction_novel_153.jpg,Wireless Science Fiction Novel 153,Maple Street Press,"The Wireless Science Fiction Novel 153 by Maple Street Press delivers dependable performance with quality materials and thoughtful design. It is well suited for everyday use in the sports & outdoors category, offering a strong balance of value and functionality.",Sports & Outdoors,"Wireless, Portable, Limited Edition, Compact, Giftable",760.46,2.24,3885,1536,2016-08-07,28576
https://example.com/images/premium_bluetooth_speaker_656.jpg,Premium Bluetooth Speaker 656,Maple Street Press,"The Premium Bluetooth Speaker 656 by Maple Street Press delivers dependable performance with quality materials and thoughtful design. It is well suited for everyday use in the electronics category, offering a strong balance of value and functionality.",Electronics,"Compact, Limited Edition, Giftable, New Arrival, Wireless",676.16,3.01,3861,395,2025-12-25,26530
https://example.com/images/compact_electric_kettle_920.jpg,Compact Electric Kettle 920,SilverLine Electronics,"The Compact Electric Kettle 920 by SilverLine Electronics delivers dependable performance with quality materials and thoughtful design. It is well suited for everyday use in the electronics category, offering a strong balance of value and functionality.",Electronics,"Wireless, Portable, Essential, Premium, Limited Edition",718.8,4.14,9397,1553,2020-07-14,10148
https://example.com/images/advanced_4k_monitor_258.jpg,Advanced 4K Monitor 258,NorthPeak,"The Advanced 4K Monitor 258 by NorthPeak delivers dependable performance with quality materials and thoughtful design. It is well suited for everyday use in the clothing category, offering a strong balance of value and functionality.",Clothing,"Rechargeable, Ergonomic, Waterproof, Compact, Portable",279.73,4.41,9849,534,2017-07-18,28582
https://example.com/images/wireless_backpack_263.jpg,Wireless Backpack 263,NorthPeak,"The Wireless Backpack 263 by NorthPeak delivers dependable performance with quality materials and thoughtful design. It is well suited for everyday use in the books category, offering a strong balance of value and functionality.",Books,"Giftable, New Arrival, Versatile, Modern, Wireless",458.09,4.72,5159,1389,2020-01-19,10151
https://example.com/images/wireless_backpack_872.jpg,Wireless Backpack 872,Horizon Tech,"The Wireless Backpack 872 by Horizon Tech delivers dependable performance with quality materials and thoughtful design. It is well suited for everyday use in the office supplies category, offering a strong balance of value and functionality.",Office Supplies,"Modern, Ergonomic, New Arrival, Waterproof, Lightweight",87.03,2.5,6832,510,2020-04-12,22442
https://example.com/images/wireless_running_shoes_585.jpg,Wireless Running Shoes 585,NorthPeak,"The Wireless Running Shoes 585 by NorthPeak delivers dependable performance with quality materials and thoughtful design. It is well suited for everyday use in the office supplies category, offering a strong balance of value and functionality.",Office Supplies,"Limited Edition, Versatile, Rechargeable, Giftable, Compact",214.65,2.84,1254,523,2017-04-29,12202
https://example.com/images/smart_mechanical_keyboard_884.jpg,Smart Mechanical Keyboard 884,SilverLine Electronics,"The Smart Mechanical Keyboard 884 by SilverLine Electronics delivers dependable performance with quality materials and thoughtful design. It is well suited for everyday use in the home & kitchen category, offering a strong balance of value and functionality.",Home & Kitchen,"Essential, Versatile, Bestseller, Limited Edition, Ergonomic",593.19,2.12,6841,336,2017-02-13,30637
https://example.com/images/wireless_yoga_mat_422.jpg,Wireless Yoga Mat 422,BrightLeaf Publishing,"The Wireless Yoga Mat 422 by BrightLeaf Publishing delivers dependable performance with quality materials and thoughtful design. It is well suited for everyday use in the office supplies category, offering a strong balance of value and functionality.",Office Supplies,"Compact, Premium, Lightweight, Ergonomic, Giftable",660.62,4.76,6851,1982,2018-11-23,28590
https://example.com/images/portable_smartphone_stand_973.jpg,Portable Smartphone Stand 973,Maple Street Press,"The Portable Smartphone Stand 973 by Maple Street Press delivers dependable performance with quality materials and thoughtful design. It is well suited for everyday use in the clothing category, offering a strong balance of value and functionality.",Clothing,"Ergonomic, New Arrival, Durable, Waterproof, Premium",495.25,2.22,4590,1206,2021-04-19,28591
https://example.com/images/ultra_gaming_mouse_534.jpg,Ultra Gaming Mouse 534,BrightLeaf Publishing,"The Ultra Gaming Mouse 534 by BrightLeaf Publishing delivers dependable performance with quality materials and thoughtful design. It is well suited for everyday use in the books category, offering a strong balance of value and functionality.",Books,"Ergonomic, Portable, Essential, Waterproof, Compact",409.33,4.1,6638,949,2020-06-02,10161
https://example.com/images/smart_bluetooth_speaker_742.jpg,Smart Bluetooth Speaker 742,SilverLine Electronics,"The Smart Bluetooth Speaker 742 by SilverLine Electronics delivers dependable performance with quality materials and thoughtful design. It is well suited for everyday use in the sports & outdoors category, offering a strong balance of value and functionality.",Sports & Outdoors,"Rechargeable, Bestseller, Compact, Wireless, Ergonomic",417.73,3.0,7854,384,2017-04-05,1971
https://example.com/images/advanced_graphic_t-shirt_359.jpg,Advanced Graphic T-Shirt 359,Maple Street Press,"The Advanced Graphic T-Shirt 359 by Maple Street Press delivers dependable performance with quality materials and thoughtful design. It is well suited for everyday use in the books category, offering a strong balance of value and functionality.",Books,"Limited Edition, Versatile, Giftable, New Arrival, Lightweight",222.88,1.68,9927,868,2018-05-19,22452
https://example.com/images/classic_electric_kettle_347.jpg,Classic Electric Kettle 347,UrbanNest,"The Classic Electric Kettle 347 by UrbanNest delivers dependable performance with quality materials and thoughtful design. It is well suited for everyday use in the office supplies category, offering a strong balance of value and functionality.",Office Supplies,"Portable, Rechargeable, Bestseller, Giftable, Modern",481.08,4.77,41,595,2021-02-18,18357
https://example.com/images/wireless_noise_cancelling_headphones_211.jpg,Wireless Noise Cancelling Headphones 211,Maple Street Press,"The Wireless Noise Cancelling Headphones 211 by Maple Street Press delivers dependable performance with quality materials and thoughtful design. It is well suited for everyday use in the sports & outdoors category, offering a strong balance of value and functionality.",Sports & Outdoors,"Lightweight, Ergonomic, Portable, Modern, New Arrival",610.19,2.43,1000,43,2024-03-14,4024
https://example.com/images/classic_graphic_t-shirt_410.jpg,Classic Graphic T-Shirt 410,Summit Gear Co.,"The Classic Graphic T-Shirt 410 by Summit Gear Co. delivers dependable performance with quality materials and thoughtful design. It is well suited for everyday use in the electronics category, offering a strong balance of value and functionality.",Electronics,"Rechargeable, Premium, Lightweight, Limited Edition, Wireless",685.51,1.1,2738,1325,2020-12-31,26556
https://example.com/images/classic_action_camera_153.jpg,Classic Action Camera 153,UrbanNest,"The Classic Action Camera 153 by UrbanNest delivers dependable performance with quality materials and thoughtful design. It is well suited for everyday use in the home & kitchen category, offering a strong balance of value and functionality.",Home & Kitchen,"Ergonomic, Durable, New Arrival, Wireless, Compact",180.3,1.13,6816,1262,2024-06-03,24510
https://example.com/images/advanced_science_fiction_novel_465.jpg,Advanced Science Fiction Novel 465,Maple Street Press,"The Advanced Science Fiction Novel 465 by Maple Street Press delivers dependable performance with quality materials and thoughtful design. It is well suited for everyday use in the office supplies category, offering a strong balance of value and functionality.",Office Supplies,"Compact, Ergonomic, Essential, Wireless, Giftable",405.27,3.9,6595,1639,2022-06-29,14273
https://example.com/images/premium_gaming_mouse_147.jpg,Premium Gaming Mouse 147,Horizon Tech,"The Premium Gaming Mouse 147 by Horizon Tech delivers dependable performance with quality materials and thoughtful design. It is well suited for everyday use in the clothing category, offering a strong balance of value and functionality.",Clothing,"Wireless, Giftable, New Arrival, Versatile, Essential",645.42,3.19,5901,1755,2024-10-23,8129
https://example.com/images/premium_smartphone_stand_921.jpg,Premium Smartphone Stand 921,Maple Street Press,"The Premium Smartphone Stand 921 by Maple Street Press delivers dependable performance with quality materials and thoughtful design. It is well suited for everyday use in the sports & outdoors category, offering a strong balance of value and functionality.",Sports & Outdoors,"Ergonomic, Modern, New Arrival, Versatile, Lightweight",468.95,2.87,4533,1366,2021-11-22,32706
https://example.com/images/compact_bluetooth_speaker_731.jpg,Compact Bluetooth Speaker 731,SilverLine Electronics,"The Compact Bluetooth Speaker 731 by SilverLine Electronics delivers dependable performance with quality materials and thoughtful design. It is well suited for everyday use in the office supplies category, offering a strong balance of value and functionality.",Office Supplies,"Ergonomic, Rechargeable, Durable, Essential, Modern",592.18,3.35,9492,1630,2020-12-14,22466
https://example.com/images/eco_noise_cancelling_headphones_794.jpg,Eco Noise Cancelling Headphones 794,Maple Street Press,"The Eco Noise Cancelling Headphones 794 by Maple Street Press delivers dependable performance with quality materials and thoughtful design. It is well suited for everyday use in the sports & outdoors category, offering a strong balance of value and functionality.",Sports & Outdoors,"Giftable, Lightweight, Portable, Ergonomic, Limited Edition",529.15,3.77,6613,314,2017-06-10,26563
https://example.com/images/classic_action_camera_688.jpg,Classic Action Camera 688,Horizon Tech,"The Classic Action Camera 688 by Horizon Tech delivers dependable performance with quality materials and thoughtful design. It is well suited for everyday use in the clothing category, offering a strong balance of value and functionality.",Clothing,"Durable, Bestseller, Limited Edition, Portable, Waterproof",534.65,4.48,7321,1329,2023-01-20,14275
https://example.com/images/eco_fitness_tracker_524.jpg,Eco Fitness Tracker 524,Horizon Tech,"The Eco Fitness Tracker 524 by Horizon Tech delivers dependable performance with quality materials and thoughtful design. It is well suited for everyday use in the sports & outdoors category, offering a strong balance of value and functionality.",Sports & Outdoors,"Essential, Ergonomic, Bestseller, Compact, New Arrival",351.88,1.75,9630,1935,2022-02-28,1989
https://example.com/images/smart_stainless_steel_water_bottle_194.jpg,Smart Stainless Steel Water Bottle 194,BlueRiver Outfitters,"The Smart Stainless Steel Water Bottle 194 by BlueRiver Outfitters delivers dependable performance with quality materials and thoughtful design. It is well suited for everyday use in the office supplies category, offering a strong balance of value and functionality.",Office Supplies,"Bestseller, Ergonomic, Waterproof, Rechargeable, Modern",537.14,2.73,8136,1304,2021-01-12,24518
https://example.com/images/smart_smartphone_stand_498.jpg,Smart Smartphone Stand 498,Summit Gear Co.,"The Smart Smartphone Stand 498 by Summit Gear Co. delivers dependable performance with quality materials and thoughtful design. It is well suited for everyday use in the clothing category, offering a strong balance of value and functionality.",Clothing,"Durable, Rechargeable, Premium, Lightweight, Giftable",252.17,3.18,5662,818,2019-08-06,30666
https://example.com/images/premium_external_hard_drive_406.jpg,Premium External Hard Drive 406,UrbanNest,"The Premium External Hard Drive 406 by UrbanNest delivers dependable performance with quality materials and thoughtful design. It is well suited for everyday use in the books category, offering a strong balance of value and functionality.",Books,"Wireless, Durable, Modern, New Arrival, Giftable",757.55,4.27,6660,1947,2022-02-14,6092
https://example.com/images/premium_graphic_t-shirt_712.jpg,Premium Graphic T-Shirt 712,SilverLine Electronics,"The Premium Graphic T-Shirt 712 by SilverLine Electronics delivers dependable performance with quality materials and thoughtful design. It is well suited for everyday use in the home & kitchen category, offering a strong balance of value and functionality.",Home & Kitchen,"Essential, Portable, Rechargeable, Ergonomic, Giftable",129.3,3.05,9605,1467,2022-12-25,32717
https://example.com/images/advanced_led_desk_lamp_923.jpg,Advanced LED Desk Lamp 923,UrbanNest,"The Advanced LED Desk Lamp 923 by UrbanNest delivers dependable performance with quality materials and thoughtful design. It is well suited for everyday use in the home & kitchen category, offering a strong balance of value and functionality.",Home & Kitchen,"Giftable, Portable, Lightweight, Ergonomic, Limited Edition",221.63,1.79,3339,1446,2020-01-23,18383
https://example.com/images/portable_led_desk_lamp_513.jpg,Portable LED Desk Lamp 513,BlueRiver Outfitters,"The Portable LED Desk Lamp 513 by BlueRiver Outfitters delivers dependable performance with quality materials and thoughtful design. It is well suited for everyday use in the electronics category, offering a strong balance of value and functionality.",Electronics,"Compact, Modern, Essential, Limited Edition, Durable",495.75,3.27,2843,80,2023-01-25,14287
https://example.com/images/smart_graphic_t-shirt_570.jpg,Smart Graphic T-Shirt 570,BrightLeaf Publishing,"The Smart Graphic T-Shirt 570 by BrightLeaf Publishing delivers dependable performance with quality materials and thoughtful design. It is well suited for everyday use in the office supplies category, offering a strong balance of value and functionality.",Office Supplies,"Premium, New Arrival, Giftable, Compact, Bestseller",53.92,3.81,7153,484,2023-05-30,14291
https://example.com/images/wireless_science_fiction_novel_884.jpg,Wireless Science Fiction Novel 884,Summit Gear Co.,"The Wireless Science Fiction Novel 884 by Summit Gear Co. delivers dependable performance with quality materials and thoughtful design. It is well suited for everyday use in the home & kitchen category, offering a strong balance of value and functionality.",Home & Kitchen,"Rechargeable, Compact, Portable, Lightweight, Giftable",360.58,4.37,4247,925,2024-07-30,10196
https://example.com/images/portable_led_desk_lamp_963.jpg,Portable LED Desk Lamp 963,Horizon Tech,"The Portable LED Desk Lamp 963 by Horizon Tech delivers dependable performance with quality materials and thoughtful design. It is well suited for everyday use in the home & kitchen category, offering a strong balance of value and functionality.",Home & Kitchen,"Durable, Modern, Essential, Premium, Lightweight",105.33,4.73,2418,542,2025-09-02,24536
https://example.com/images/ultra_yoga_mat_366.jpg,Ultra Yoga Mat 366,Maple Street Press,"The Ultra Yoga Mat 366 by Maple Street Press delivers dependable performance with quality materials and thoughtful design. It is well suited for everyday use in the books category, offering a strong balance of value and functionality.",Books,"Bestseller, Modern, Essential, Waterproof, Premium",590.65,1.8,2459,88,2017-06-04,14296
https://example.com/images/ultra_electric_kettle_105.jpg,Ultra Electric Kettle 105,UrbanNest,"The Ultra Electric Kettle 105 by UrbanNest delivers dependable performance with quality materials and thoughtful design. It is well suited for everyday use in the office supplies category, offering a strong balance of value and functionality.",Office Supplies,"Limited Edition, Premium, Durable, Essential, Compact",698.31,4.39,8906,1200,2024-01-10,28633
https://example.com/images/premium_noise_cancelling_headphones_854.jpg,Premium Noise Cancelling Headphones 854,Horizon Tech,"The Premium Noise Cancelling Headphones 854 by Horizon Tech delivers dependable performance with quality materials and thoughtful design. It is well suited for everyday use in the sports & outdoors category, offering a strong balance of value and functionality.",Sports & Outdoors,"Wireless, Lightweight, Giftable, Versatile, Ergonomic",231.42,1.09,1341,328,2022-09-13,8154
https://example.com/images/premium_yoga_mat_172.jpg,Premium Yoga Mat 172,Horizon Tech,"The Premium Yoga Mat 172 by Horizon Tech delivers dependable performance with quality materials and thoughtful design. It is well suited for everyday use in the books category, offering a strong balance of value and functionality.",Books,"New Arrival, Compact, Premium, Bestseller, Ergonomic",696.35,4.15,5035,1520,2019-03-04,10207
https://example.com/images/portable_bluetooth_speaker_157.jpg,Portable Bluetooth Speaker 157,Summit Gear Co.,"The Portable Bluetooth Speaker 157 by Summit Gear Co. delivers dependable performance with quality materials and thoughtful design. It is well suited for everyday use in the sports & outdoors category, offering a strong balance of value and functionality.",Sports & Outdoors,"Wireless, Rechargeable, Durable, Giftable, Portable",354.54,4.83,9896,358,2019-01-20,2016
https://example.com/images/premium_graphic_t-shirt_400.jpg,Premium Graphic T-Shirt 400,SilverLine Electronics,"The Premium Graphic T-Shirt 400 by SilverLine Electronics delivers dependable performance with quality materials and thoughtful design. It is well suited for everyday use in the office supplies category, offering a strong balance of value and functionality.",Office Supplies,"Lightweight, Compact, Durable, Modern, Portable",584.02,1.03,5014,450,2025-05-21,12258
https://example.com/images/compact_office_chair_104.jpg,Compact Office Chair 104,SilverLine Electronics,"The Compact Office Chair 104 by SilverLine Electronics delivers dependable performance with quality materials and thoughtful design. It is well suited for everyday use in the sports & outdoors category, offering a strong balance of value and functionality.",Sports & Outdoors,"Versatile, Rechargeable, Premium, Waterproof, Durable",160.1,4.27,2494,54,2019-06-09,6114
https://example.com/images/professional_stainless_steel_water_bottle_479.jpg,Professional Stainless Steel Water Bottle 479,NorthPeak,"The Professional Stainless Steel Water Bottle 479 by NorthPeak delivers dependable performance with quality materials and thoughtful design. It is well suited for everyday use in the home & kitchen category, offering a strong balance of value and functionality.",Home & Kitchen,"Portable, Versatile, Compact, Rechargeable, New Arrival",111.74,2.29,8001,12,2017-12-15,22500
https://example.com/images/smart_stainless_steel_water_bottle_565.jpg,Smart Stainless Steel Water Bottle 565,Summit Gear Co.,"The Smart Stainless Steel Water Bottle 565 by Summit Gear Co. delivers dependable performance with quality materials and thoughtful design. It is well suited for everyday use in the books category, offering a strong balance of value and functionality.",Books,"Premium, Essential, Waterproof, Versatile, Rechargeable",133.73,2.27,3003,74,2020-12-01,30695
https://example.com/images/compact_science_fiction_novel_954.jpg,Compact Science Fiction Novel 954,Summit Gear Co.,"The Compact Science Fiction Novel 954 by Summit Gear Co. delivers dependable performance with quality materials and thoughtful design. It is well suited for everyday use in the sports & outdoors category, offering a strong balance of value and functionality.",Sports & Outdoors,"Durable, Rechargeable, Giftable, Premium, Lightweight",380.82,3.71,4728,1141,2021-02-15,18407
https://example.com/images/advanced_yoga_mat_450.jpg,Advanced Yoga Mat 450,Summit Gear Co.,"The Advanced Yoga Mat 450 by Summit Gear Co. delivers dependable performance with quality materials and thoughtful design. It is well suited for everyday use in the clothing category, offering a strong balance of value and functionality.",Clothing,"Limited Edition, Ergonomic, New Arrival, Bestseller, Versatile",309.91,1.37,4051,379,2018-07-13,4072
https://example.com/images/advanced_smartphone_stand_636.jpg,Advanced Smartphone Stand 636,UrbanNest,"The Advanced Smartphone Stand 636 by UrbanNest delivers dependable performance with quality materials and thoughtful design. It is well suited for everyday use in the sports & outdoors category, offering a strong balance of value and functionality.",Sports & Outdoors,"Limited Edition, Wireless, Durable, Versatile, Essential",197.34,2.13,3385,1727,2019-12-29,20461
https://example.com/images/ultra_backpack_359.jpg,Ultra Backpack 359,Summit Gear Co.,"The Ultra Backpack 359 by Summit Gear Co. delivers dependable performance with quality materials and thoughtful design. It is well suited for everyday use in the home & kitchen category, offering a strong balance of value and functionality.",Home & Kitchen,"Compact, Versatile, Essential, Giftable, Limited Edition",758.82,2.98,2830,1554,2016-05-25,12271
https://example.com/images/premium_stainless_steel_water_bottle_727.jpg,Premium Stainless Steel Water Bottle 727,SilverLine Electronics,"The Premium Stainless Steel Water Bottle 727 by SilverLine Electronics delivers dependable performance with quality materials and thoughtful design. It is well suited for everyday use in the books category, offering a strong balance of value and functionality.",Books,"Ergonomic, Essential, Rechargeable, Limited Edition, Giftable",663.62,4.97,9501,1000,2020-03-12,20466
https://example.com/images/portable_led_desk_lamp_766.jpg,Portable LED Desk Lamp 766,UrbanNest,"The Portable LED Desk Lamp 766 by UrbanNest delivers dependable performance with quality materials and thoughtful design. It is well suited for everyday use in the sports & outdoors category, offering a strong balance of value and functionality.",Sports & Outdoors,"New Arrival, Bestseller, Premium, Waterproof, Modern",485.44,1.69,4012,638,2022-03-12,26612
https://example.com/images/premium_external_hard_drive_451.jpg,Premium External Hard Drive 451,Horizon Tech,"The Premium External Hard Drive 451 by Horizon Tech delivers dependable performance with quality materials and thoughtful design. It is well suited for everyday use in the home & kitchen category, offering a strong balance of value and functionality.",Home & Kitchen,"Portable, Wireless, Premium, Durable, Ergonomic",589.94,4.26,8269,253,2020-03-02,6133
https://example.com/images/compact_fitness_tracker_659.jpg,Compact Fitness Tracker 659,Horizon Tech,"The Compact Fitness Tracker 659 by Horizon Tech delivers dependable performance with quality materials and thoughtful design. It is well suited for everyday use in the home & kitchen category, offering a strong balance of value and functionality.",Home & Kitchen,"Durable, Compact, Lightweight, Bestseller, Essential",513.61,1.22,692,1399,2016-08-16,28665
https://example.com/images/professional_cookbook_960.jpg,Professional Cookbook 960,SilverLine Electronics,"The Professional Cookbook 960 by SilverLine Electronics delivers dependable performance with quality materials and thoughtful design. It is well suited for everyday use in the clothing category, offering a strong balance of value and functionality.",Clothing,"Wireless, Limited Edition, Compact, Waterproof, Bestseller",388.82,2.54,7167,1757,2022-02-05,12282
https://example.com/images/compact_stainless_steel_water_bottle_649.jpg,Compact Stainless Steel Water Bottle 649,SilverLine Electronics,"The Compact Stainless Steel Water Bottle 649 by SilverLine Electronics delivers dependable performance with quality materials and thoughtful design. It is well suited for everyday use in the sports & outdoors category, offering a strong balance of value and functionality.",Sports & Outdoors,"Giftable, Wireless, Versatile, Essential, Limited Edition",516.23,2.31,6312,917,2024-05-28,2043
https://example.com/images/wireless_science_fiction_novel_659.jpg,Wireless Science Fiction Novel 659,NorthPeak,"The Wireless Science Fiction Novel 659 by NorthPeak delivers dependable performance with quality materials and thoughtful design. It is well suited for everyday use in the electronics category, offering a strong balance of value and functionality.",Electronics,"Durable, Compact, Rechargeable, Modern, Waterproof",318.02,4.46,1617,1267,2021-02-01,22523
https://example.com/images/ultra_smartphone_stand_628.jpg,Ultra Smartphone Stand 628,BlueRiver Outfitters,"The Ultra Smartphone Stand 628 by BlueRiver Outfitters delivers dependable performance with quality materials and thoughtful design. It is well suited for everyday use in the home & kitchen category, offering a strong balance of value and functionality.",Home & Kitchen,"Essential, Durable, New Arrival, Compact, Waterproof",735.03,4.51,7915,1243,2025-06-17,30717
https://example.com/images/professional_yoga_mat_489.jpg,Professional Yoga Mat 489,SilverLine Electronics,"The Professional Yoga Mat 489 by SilverLine Electronics delivers dependable performance with quality materials and thoughtful design. It is well suited for everyday use in the electronics category, offering a strong balance of value and functionality.",Electronics,"Bestseller, Giftable, Compact, Premium, Ergonomic",688.19,3.82,3449,1962,2020-10-30,18430
