image_url,name,publisher,description,category,tags,price,review_score,review_count,stock_quantity,date_added
https://example.com/images/ultra_yoga_mat_430.jpg,Ultra Yoga Mat 430,BrightLeaf Publishing,"The Ultra Yoga Mat 430 by BrightLeaf Publishing delivers dependable performance with quality materials and thoughtful design. It is well suited for everyday use in the home & kitchen category, offering a strong balance of value and functionality.",Home & Kitchen,rechargeable lightweight compact newarrival bestseller,758.15,4.15,9359,1043,2021-06-03
https://example.com/images/classic_backpack_167.jpg,Classic Backpack 167,BrightLeaf Publishing,"The Classic Backpack 167 by BrightLeaf Publishing delivers dependable performance with quality materials and thoughtful design. It is well suited for everyday use in the clothing category, offering a strong balance of value and functionality.",Clothing,premium durable modern versatile newarrival,15.08,2.23,20,1123,2020-08-15
https://example.com/images/portable_bluetooth_speaker_488.jpg,Portable Bluetooth Speaker 488,UrbanNest,"The Portable Bluetooth Speaker 488 by UrbanNest delivers dependable performance with quality materials and thoughtful design. It is well suited for everyday use in the books category, offering a strong balance of value and functionality.",Books,durable wireless bestseller newarrival lightweight,256.36,2.76,5144,1406,2018-05-12
https://example.com/images/advanced_gaming_mouse_316.jpg,Advanced Gaming Mouse 316,UrbanNest,"The Advanced Gaming Mouse 316 by UrbanNest delivers dependable performance with quality materials and thoughtful design. It is well suited for everyday use in the books category, offering a strong balance of value and functionality.",Books,newarrival giftable wireless bestseller essential,76.85,4.59,3235,1420,2016-08-21
https://example.com/images/portable_gaming_mouse_352.jpg,Portable Gaming Mouse 352,BlueRiver Outfitters,"The Portable Gaming Mouse 352 by BlueRiver Outfitters delivers dependable performance with quality materials and thoughtful design. It is well suited for everyday use in the clothing category, offering a strong balance of value and functionality.",Clothing,newarrival durable lightweight essential wireless,235.86,4.16,5747,906,2018-12-03
https://example.com/images/smart_yoga_mat_320.jpg,Smart Yoga Mat 320,Summit Gear Co.,"The Smart Yoga Mat 320 by Summit Gear Co. delivers dependable performance with quality materials and thoughtful design. It is well suited for everyday use in the home & kitchen category, offering a strong balance of value and functionality.",Home & Kitchen,versatile compact modern waterproof lightweight,635.04,1.87,8267,729,2023-05-26
https://example.com/images/advanced_gaming_mouse_342.jpg,Advanced Gaming Mouse 342,UrbanNest,"The Advanced Gaming Mouse 342 by UrbanNest delivers dependable performance with quality materials and thoughtful design. It is well suited for everyday use in the clothing category, offering a strong balance of value and functionality.",Clothing,durable wireless waterproof compact giftable,311.24,4.32,592,1020,2020-09-30
https://example.com/images/portable_office_chair_492.jpg,Portable Office Chair 492,SilverLine Electronics,"The Portable Office Chair 492 by SilverLine Electronics delivers dependable performance with quality materials and thoughtful design. It is well suited for everyday use in the home & kitchen category, offering a strong balance of value and functionality.",Home & Kitchen,versatile wireless rechargeable bestseller ergonomic,467.06,3.46,2428,1331,2019-11-24
https://example.com/images/smart_gaming_mouse_601.jpg,Smart Gaming Mouse 601,BrightLeaf Publishing,"The Smart Gaming Mouse 601 by BrightLeaf Publishing delivers dependable performance with quality materials and thoughtful design. It is well suited for everyday use in the home & kitchen category, offering a strong balance of value and functionality.",Home & Kitchen,versatile essential waterproof ergonomic wireless,316.6,2.06,4105,1520,2018-12-13
https://example.com/images/professional_graphic_t-shirt_152.jpg,Professional Graphic T-Shirt 152,Maple Street Press,"The Professional Graphic T-Shirt 152 by Maple Street Press delivers dependable performance with quality materials and thoughtful design. It is well suited for everyday use in the clothing category, offering a strong balance of value and functionality.",Clothing,durable wireless waterproof lightweight limitededition,392.18,1.15,8660,1926,2025-03-15
https://example.com/images/professional_led_desk_lamp_491.jpg,Professional LED Desk Lamp 491,Horizon Tech,"The Professional LED Desk Lamp 491 by Horizon Tech delivers dependable performance with quality materials and thoughtful design. It is well suited for everyday use in the office supplies category, offering a strong balance of value and functionality.",Office Supplies,bestseller waterproof versatile lightweight rechargeable,177.73,3.29,21,404,2025-03-20
https://example.com/images/professional_led_desk_lamp_363.jpg,Professional LED Desk Lamp 363,SilverLine Electronics,"The Professional LED Desk Lamp 363 by SilverLine Electronics delivers dependable performance with quality materials and thoughtful design. It is well suited for everyday use in the electronics category, offering a strong balance of value and functionality.",Electronics,rechargeable lightweight essential giftable durable,181.82,3.91,7031,1585,2019-04-30
https://example.com/images/professional_gaming_mouse_219.jpg,Professional Gaming Mouse 219,Maple Street Press,"The Professional Gaming Mouse 219 by Maple Street Press delivers dependable performance with quality materials and thoughtful design. It is well suited for everyday use in the books category, offering a strong balance of value and functionality.",Books,portable ergonomic versatile limitededition premium,226.9,2.02,3321,16,2018-08-23
https://example.com/images/compact_external_hard_drive_394.jpg,Compact External Hard Drive 394,BlueRiver Outfitters,"The Compact External Hard Drive 394 by BlueRiver Outfitters delivers dependable performance with quality materials and thoughtful design. It is well suited for everyday use in the books category, offering a strong balance of value and functionality.",Books,giftable durable bestseller essential waterproof,189.89,4.97,1715,1911,2025-12-25
https://example.com/images/smart_science_fiction_novel_619.jpg,Smart Science Fiction Novel 619,Summit Gear Co.,"The Smart Science Fiction Novel 619 by Summit Gear Co. delivers dependable performance with quality materials and thoughtful design. It is well suited for everyday use in the books category, offering a strong balance of value and functionality.",Books,portable wireless lightweight giftable limitededition,777.92,1.22,4852,735,2021-01-24
https://example.com/images/portable_stainless_steel_water_bottle_841.jpg,Portable Stainless Steel Water Bottle 841,Horizon Tech,"The Portable Stainless Steel Water Bottle 841 by Horizon Tech delivers dependable performance with quality materials and thoughtful design. It is well suited for everyday use in the electronics category, offering a strong balance of value and functionality.",Electronics,modern durable giftable portable compact,175.88,1.89,5118,913,2017-01-25
https://example.com/images/professional_stainless_steel_water_bottle_830.jpg,Professional Stainless Steel Water Bottle 830,BlueRiver Outfitters,"The Professional Stainless Steel Water Bottle 830 by BlueRiver Outfitters delivers dependable performance with quality materials and thoughtful design. It is well suited for everyday use in the sports & outdoors category, offering a strong balance of value and functionality.",Sports & Outdoors,ergonomic modern waterproof essential giftable,221.44,1.61,5402,1504,2025-12-28
https://example.com/images/ultra_backpack_708.jpg,Ultra Backpack 708,SilverLine Electronics,"The Ultra Backpack 708 by SilverLine Electronics delivers dependable performance with quality materials and thoughtful design. It is well suited for everyday use in the clothing category, offering a strong balance of value and functionality.",Clothing,limitededition lightweight durable compact bestseller,421.96,1.3,4520,743,2016-01-20
https://example.com/images/premium_running_shoes_678.jpg,Premium Running Shoes 678,BlueRiver Outfitters,"The Premium Running Shoes 678 by BlueRiver Outfitters delivers dependable performance with quality materials and thoughtful design. It is well suited for everyday use in the clothing category, offering a strong balance of value and functionality.",Clothing,premium limitededition versatile essential wireless,324.1,3.88,2703,1115,2019-11-05
https://example.com/images/smart_bluetooth_speaker_211.jpg,Smart Bluetooth Speaker 211,UrbanNest,"The Smart Bluetooth Speaker 211 by UrbanNest delivers dependable performance with quality materials and thoughtful design. It is well suited for everyday use in the home & kitchen category, offering a strong balance of value and functionality.",Home & Kitchen,newarrival portable wireless waterproof rechargeable,312.23,3.14,6799,1150,2018-05-13
https://example.com/images/wireless_electric_kettle_248.jpg,Wireless Electric Kettle 248,BlueRiver Outfitters,"The Wireless Electric Kettle 248 by BlueRiver Outfitters delivers dependable performance with quality materials and thoughtful design. It is well suited for everyday use in the sports & outdoors category, offering a strong balance of value and functionality.",Sports & Outdoors,newarrival wireless giftable essential premium,158.17,3.78,2812,1936,2025-05-15
https://example.com/images/smart_external_hard_drive_445.jpg,Smart External Hard Drive 445,SilverLine Electronics,"The Smart External Hard Drive 445 by SilverLine Electronics delivers dependable performance with quality materials and thoughtful design. It is well suited for everyday use in the office supplies category, offering a strong balance of value and functionality.",Office Supplies,lightweight rechargeable essential durable giftable,318.56,1.5,7168,1118,2024-05-13
https://example.com/images/eco_4k_monitor_887.jpg,Eco 4K Monitor 887,BlueRiver Outfitters,"The Eco 4K Monitor 887 by BlueRiver Outfitters delivers dependable performance with quality materials and thoughtful design. It is well suited for everyday use in the electronics category, offering a strong balance of value and functionality.",Electronics,wireless waterproof ergonomic versatile giftable,129.36,2.24,4925,1443,2019-05-05
https://example.com/images/smart_noise_cancelling_headphones_288.jpg,Smart Noise Cancelling Headphones 288,Maple Street Press,"The Smart Noise Cancelling Headphones 288 by Maple Street Press delivers dependable performance with quality materials and thoughtful design. It is well suited for everyday use in the clothing category, offering a strong balance of value and functionality.",Clothing,lightweight bestseller versatile limitededition modern,61.11,4.42,5025,1705,2025-12-25
https://example.com/images/professional_cookware_set_151.jpg,Professional Cookware Set 151,BrightLeaf Publishing,"The Professional Cookware Set 151 by BrightLeaf Publishing delivers dependable performance with quality materials and thoughtful design. It is well suited for everyday use in the office supplies category, offering a strong balance of value and functionality.",Office Supplies,compact newarrival modern rechargeable ergonomic,107.1,4.75,8720,969,2021-04-28
https://example.com/images/premium_cookware_set_197.jpg,Premium Cookware Set 197,BlueRiver Outfitters,"The Premium Cookware Set 197 by BlueRiver Outfitters delivers dependable performance with quality materials and thoughtful design. It is well suited for everyday use in the electronics category, offering a strong balance of value and functionality.",Electronics,modern compact bestseller lightweight limitededition,313.15,3.9,5248,1272,2017-11-30
https://example.com/images/professional_running_shoes_324.jpg,Professional Running Shoes 324,NorthPeak,"The Professional Running Shoes 324 by NorthPeak delivers dependable performance with quality materials and thoughtful design. It is well suited for everyday use in the home & kitchen category, offering a strong balance of value and functionality.",Home & Kitchen,essential portable waterproof premium lightweight,131.02,1.89,4862,1091,2018-11-05
https://example.com/images/compact_cookbook_349.jpg,Compact Cookbook 349,Summit Gear Co.,"The Compact Cookbook 349 by Summit Gear Co. delivers dependable performance with quality materials and thoughtful design. It is well suited for everyday use in the clothing category, offering a strong balance of value and functionality.",Clothing,compact rechargeable ergonomic durable premium,478.64,1.35,4381,1002,2023-11-16
https://example.com/images/ultra_bluetooth_speaker_495.jpg,Ultra Bluetooth Speaker 495,Horizon Tech,"The Ultra Bluetooth Speaker 495 by Horizon Tech delivers dependable performance with quality materials and thoughtful design. It is well suited for everyday use in the office supplies category, offering a strong balance of value and functionality.",Office Supplies,durable giftable essential compact modern,791.96,3.63,5849,582,2020-02-14
https://example.com/images/eco_fitness_tracker_968.jpg,Eco Fitness Tracker 968,Maple Street Press,"The Eco Fitness Tracker 968 by Maple Street Press delivers dependable performance with quality materials and thoughtful design. It is well suited for everyday use in the sports & outdoors category, offering a strong balance of value and functionality.",Sports & Outdoors,wireless giftable ergonomic bestseller premium,580.21,3.77,2309,1020,2017-09-12
https://example.com/images/compact_yoga_mat_777.jpg,Compact Yoga Mat 777,Summit Gear Co.,"The Compact Yoga Mat 777 by Summit Gear Co. delivers dependable performance with quality materials and thoughtful design. It is well suited for everyday use in the books category, offering a strong balance of value and functionality.",Books,newarrival compact lightweight premium versatile,238.4,2.0,1843,734,2016-10-09
https://example.com/images/professional_cookware_set_103.jpg,Professional Cookware Set 103,NorthPeak,"The Professional Cookware Set 103 by NorthPeak delivers dependable performance with quality materials and thoughtful design. It is well suited for everyday use in the books category, offering a strong balance of value and functionality.",Books,premium newarrival rechargeable waterproof essential,35.19,4.19,4280,88,2021-12-20
https://example.com/images/smart_science_fiction_novel_980.jpg,Smart Science Fiction Novel 980,Horizon Tech,"The Smart Science Fiction Novel 980 by Horizon Tech delivers dependable performance with quality materials and thoughtful design. It is well suited for everyday use in the home & kitchen category, offering a strong balance of value and functionality.",Home & Kitchen,wireless modern bestseller lightweight essential,351.38,4.9,3358,792,2023-09-04
https://example.com/images/wireless_led_desk_lamp_550.jpg,Wireless LED Desk Lamp 550,BrightLeaf Publishing,"The Wireless LED Desk Lamp 550 by BrightLeaf Publishing delivers dependable performance with quality materials and thoughtful design. It is well suited for everyday use in the home & kitchen category, offering a strong balance of value and functionality.",Home & Kitchen,modern versatile newarrival ergonomic durable,432.49,1.45,3095,1864,2016-01-17
https://example.com/images/classic_bluetooth_speaker_122.jpg,Classic Bluetooth Speaker 122,UrbanNest,"The Classic Bluetooth Speaker 122 by UrbanNest delivers dependable performance with quality materials and thoughtful design. It is well suited for everyday use in the books category, offering a strong balance of value and functionality.",Books,limitededition durable premium versatile ergonomic,285.79,2.85,5460,1913,2017-03-01
https://example.com/images/eco_office_chair_257.jpg,Eco Office Chair 257,Maple Street Press,"The Eco Office Chair 257 by Maple Street Press delivers dependable performance with quality materials and thoughtful design. It is well suited for everyday use in the electronics category, offering a strong balance of value and functionality.",Electronics,essential giftable portable compact modern,659.17,3.73,9259,131,2017-03-08
https://example.com/images/smart_gaming_mouse_280.jpg,Smart Gaming Mouse 280,SilverLine Electronics,"The Smart Gaming Mouse 280 by SilverLine Electronics delivers dependable performance with quality materials and thoughtful design. It is well suited for everyday use in the home & kitchen category, offering a strong balance of value and functionality.",Home & Kitchen,portable limitededition versatile waterproof modern,45.58,4.68,3740,533,2021-02-17
https://example.com/images/ultra_science_fiction_novel_201.jpg,Ultra Science Fiction Novel 201,BlueRiver Outfitters,"The Ultra Science Fiction Novel 201 by BlueRiver Outfitters delivers dependable performance with quality materials and thoughtful design. It is well suited for everyday use in the clothing category, offering a strong balance of value and functionality.",Clothing,limitededition portable newarrival lightweight modern,99.59,2.36,7961,1150,2024-08-15
https://example.com/images/premium_noise_cancelling_headphones_294.jpg,Premium Noise Cancelling Headphones 294,Summit Gear Co.,"The Premium Noise Cancelling Headphones 294 by Summit Gear Co. delivers dependable performance with quality materials and thoughtful design. It is well suited for everyday use in the office supplies category, offering a strong balance of value and functionality.",Office Supplies,essential bestseller wireless premium giftable,550.04,3.21,8121,1547,2023-08-30
https://example.com/images/eco_bluetooth_speaker_829.jpg,Eco Bluetooth Speaker 829,Summit Gear Co.,"The Eco Bluetooth Speaker 829 by Summit Gear Co. delivers dependable performance with quality materials and thoughtful design. It is well suited for everyday use in the home & kitchen category, offering a strong balance of value and functionality.",Home & Kitchen,limitededition wireless durable newarrival compact,400.87,3.42,6566,106,2020-09-18
https://example.com/images/portable_fitness_tracker_156.jpg,Portable Fitness Tracker 156,Horizon Tech,"The Portable Fitness Tracker 156 by Horizon Tech delivers dependable performance with quality materials and thoughtful design. It is well suited for everyday use in the electronics category, offering a strong balance of value and functionality.",Electronics,modern ergonomic waterproof limitededition compact,537.03,1.22,5565,1282,2022-04-23
https://example.com/images/classic_led_desk_lamp_929.jpg,Classic LED Desk Lamp 929,Horizon Tech,"The Classic LED Desk Lamp 929 by Horizon Tech delivers dependable performance with quality materials and thoughtful design. It is well suited for everyday use in the sports & outdoors category, offering a strong balance of value and functionality.",Sports & Outdoors,durable waterproof ergonomic limitededition compact,261.39,3.53,5435,603,2021-09-15
https://example.com/images/eco_cookware_set_669.jpg,Eco Cookware Set 669,Summit Gear Co.,"The Eco Cookware Set 669 by Summit Gear Co. delivers dependable performance with quality materials and thoughtful design. It is well suited for everyday use in the clothing category, offering a strong balance of value and functionality.",Clothing,durable wireless rechargeable portable compact,586.07,1.77,7590,1274,2023-05-19
https://example.com/images/portable_action_camera_320.jpg,Portable Action Camera 320,NorthPeak,"The Portable Action Camera 320 by NorthPeak delivers dependable performance with quality materials and thoughtful design. It is well suited for everyday use in the books category, offering a strong balance of value and functionality.",Books,premium durable portable giftable rechargeable,317.51,3.17,1269,920,2024-06-08
https://example.com/images/professional_4k_monitor_740.jpg,Professional 4K Monitor 740,BlueRiver Outfitters,"The Professional 4K Monitor 740 by BlueRiver Outfitters delivers dependable performance with quality materials and thoughtful design. It is well suited for everyday use in the office supplies category, offering a strong balance of value and functionality.",Office Supplies,ergonomic compact versatile limitededition giftable,408.38,2.22,4808,160,2024-09-26
https://example.com/images/wireless_mechanical_keyboard_120.jpg,Wireless Mechanical Keyboard 120,NorthPeak,"The Wireless Mechanical Keyboard 120 by NorthPeak delivers dependable performance with quality materials and thoughtful design. It is well suited for everyday use in the sports & outdoors category, offering a strong balance of value and functionality.",Sports & Outdoors,waterproof ergonomic limitededition essential modern,231.19,4.85,7003,715,2021-07-02
https://example.com/images/classic_external_hard_drive_529.jpg,Classic External Hard Drive 529,Horizon Tech,"The Classic External Hard Drive 529 by Horizon Tech delivers dependable performance with quality materials and thoughtful design. It is well suited for everyday use in the office supplies category, offering a strong balance of value and functionality.",Office Supplies,durable ergonomic compact giftable lightweight,501.9,1.33,3079,433,2018-11-24
https://example.com/images/premium_4k_monitor_952.jpg,Premium 4K Monitor 952,BrightLeaf Publishing,"The Premium 4K Monitor 952 by BrightLeaf Publishing delivers dependable performance with quality materials and thoughtful design. It is well suited for everyday use in the office supplies category, offering a strong balance of value and functionality.",Office Supplies,versatile durable premium rechargeable ergonomic,374.41,3.62,9561,1930,2022-02-10
https://example.com/images/classic_backpack_405.jpg,Classic Backpack 405,SilverLine Electronics,"The Classic Backpack 405 by SilverLine Electronics delivers dependable performance with quality materials and thoughtful design. It is well suited for everyday use in the home & kitchen category, offering a strong balance of value and functionality.",Home & Kitchen,rechargeable premium limitededition giftable bestseller,188.84,2.99,5924,1635,2022-07-15
https://example.com/images/smart_cookbook_530.jpg,Smart Cookbook 530,Summit Gear Co.,"The Smart Cookbook 530 by Summit Gear Co. delivers dependable performance with quality materials and thoughtful design. It is well suited for everyday use in the clothing category, offering a strong balance of value and functionality.",Clothing,limitededition modern waterproof bestseller giftable,25.59,2.28,5502,548,2018-01-12
https://example.com/images/classic_science_fiction_novel_186.jpg,Classic Science Fiction Novel 186,Maple Street Press,"The Classic Science Fiction Novel 186 by Maple Street Press delivers dependable performance with quality materials and thoughtful design. It is well suited for everyday use in the sports & outdoors category, offering a strong balance of value and functionality.",Sports & Outdoors,bestseller lightweight waterproof rechargeable premium,500.01,3.9,8943,946,2017-03-16
https://example.com/images/advanced_graphic_t-shirt_733.jpg,Advanced Graphic T-Shirt 733,NorthPeak,"The Advanced Graphic T-Shirt 733 by NorthPeak delivers dependable performance with quality materials and thoughtful design. It is well suited for everyday use in the office supplies category, offering a strong balance of value and functionality.",Office Supplies,lightweight modern versatile newarrival bestseller,615.35,1.43,2661,1257,2018-09-27
https://example.com/images/portable_stainless_steel_water_bottle_194.jpg,Portable Stainless Steel Water Bottle 194,BrightLeaf Publishing,"The Portable Stainless Steel Water Bottle 194 by BrightLeaf Publishing delivers dependable performance with quality materials and thoughtful design. It is well suited for everyday use in the electronics category, offering a strong balance of value and functionality.",Electronics,essential premium rechargeable compact modern,688.27,4.4,1694,1356,2022-12-12
https://example.com/images/wireless_4k_monitor_107.jpg,Wireless 4K Monitor 107,UrbanNest,"The Wireless 4K Monitor 107 by UrbanNest delivers dependable performance with quality materials and thoughtful design. It is well suited for everyday use in the books category, offering a strong balance of value and functionality.",Books,essential newarrival premium giftable wireless,518.55,1.37,2533,228,2024-11-21
https://example.com/images/wireless_cookware_set_696.jpg,Wireless Cookware Set 696,Summit Gear Co.,"The Wireless Cookware Set 696 by Summit Gear Co. delivers dependable performance with quality materials and thoughtful design. It is well suited for everyday use in the clothing category, offering a strong balance of value and functionality.",Clothing,essential newarrival limitededition giftable versatile,586.24,4.07,2902,663,2019-10-24
https://example.com/images/wireless_mechanical_keyboard_599.jpg,Wireless Mechanical Keyboard 599,SilverLine Electronics,"The Wireless Mechanical Keyboard 599 by SilverLine Electronics delivers dependable performance with quality materials and thoughtful design. It is well suited for everyday use in the clothing category, offering a strong balance of value and functionality.",Clothing,rechargeable wireless lightweight newarrival bestseller,244.87,4.97,5552,580,2023-01-22
https://example.com/images/ultra_stainless_steel_water_bottle_704.jpg,Ultra Stainless Steel Water Bottle 704,UrbanNest,"The Ultra Stainless Steel Water Bottle 704 by UrbanNest delivers dependable performance with quality materials and thoughtful design. It is well suited for everyday use in the office supplies category, offering a strong balance of value and functionality.",Office Supplies,premium modern wireless waterproof rechargeable,407.5,3.64,4541,1382,2024-01-26
https://example.com/images/premium_yoga_mat_129.jpg,Premium Yoga Mat 129,SilverLine Electronics,"The Premium Yoga Mat 129 by SilverLine Electronics delivers dependable performance with quality materials and thoughtful design. It is well suited for everyday use in the electronics category, offering a strong balance of value and functionality.",Electronics,portable ergonomic durable limitededition giftable,489.51,3.52,2245,1823,2021-10-21
https://example.com/images/compact_fitness_tracker_805.jpg,Compact Fitness Tracker 805,BrightLeaf Publishing,"The Compact Fitness Tracker 805 by BrightLeaf Publishing delivers dependable performance with quality materials and thoughtful design. It is well suited for everyday use in the clothing category, offering a strong balance of value and functionality.",Clothing,modern compact lightweight wireless bestseller,441.14,3.07,6604,1633,2021-04-04
https://example.com/images/smart_external_hard_drive_601.jpg,Smart External Hard Drive 601,SilverLine Electronics,"The Smart External Hard Drive 601 by SilverLine Electronics delivers dependable performance with quality materials and thoughtful design. It is well suited for everyday use in the sports & outdoors category, offering a strong balance of value and functionality.",Sports & Outdoors,limitededition modern portable giftable waterproof,95.04,4.08,1564,166,2017-01-09
https://example.com/images/compact_smartphone_stand_293.jpg,Compact Smartphone Stand 293,NorthPeak,"The Compact Smartphone Stand 293 by NorthPeak delivers dependable performance with quality materials and thoughtful design. It is well suited for everyday use in the sports & outdoors category, offering a strong balance of value and functionality.",Sports & Outdoors,rechargeable giftable waterproof ergonomic essential,528.9,4.14,5161,1852,2023-11-01
https://example.com/images/professional_cookbook_521.jpg,Professional Cookbook 521,UrbanNest,"The Professional Cookbook 521 by UrbanNest delivers dependable performance with quality materials and thoughtful design. It is well suited for everyday use in the books category, offering a strong balance of value and functionality.",Books,giftable durable versatile newarrival waterproof,406.72,4.36,4718,173,2022-12-26
https://example.com/images/professional_science_fiction_novel_725.jpg,Professional Science Fiction Novel 725,BrightLeaf Publishing,"The Professional Science Fiction Novel 725 by BrightLeaf Publishing delivers dependable performance with quality materials and thoughtful design. It is well suited for everyday use in the books category, offering a strong balance of value and functionality.",Books,durable lightweight versatile newarrival giftable,14.67,2.75,8376,1142,2016-04-26
https://example.com/images/ultra_gaming_mouse_437.jpg,Ultra Gaming Mouse 437,BrightLeaf Publishing,"The Ultra Gaming Mouse 437 by BrightLeaf Publishing delivers dependable performance with quality materials and thoughtful design. It is well suited for everyday use in the clothing category, offering a strong balance of value and functionality.",Clothing,durable portable versatile compact waterproof,324.93,4.79,9615,361,2025-03-24
https://example.com/images/ultra_bluetooth_speaker_292.jpg,Ultra Bluetooth Speaker 292,Summit Gear Co.,"The Ultra Bluetooth Speaker 292 by Summit Gear Co. delivers dependable performance with quality materials and thoughtful design. It is well suited for everyday use in the books category, offering a strong balance of value and functionality.",Books,versatile premium portable bestseller compact,667.59,2.68,2541,476,2016-10-01
https://example.com/images/professional_backpack_535.jpg,Professional Backpack 535,Summit Gear Co.,"The Professional Backpack 535 by Summit Gear Co. delivers dependable performance with quality materials and thoughtful design. It is well suited for everyday use in the clothing category, offering a strong balance of value and functionality.",Clothing,bestseller modern premium rechargeable compact,549.16,1.62,6320,1421,2024-07-15
https://example.com/images/classic_science_fiction_novel_155.jpg,Classic Science Fiction Novel 155,Summit Gear Co.,"The Classic Science Fiction Novel 155 by Summit Gear Co. delivers dependable performance with quality materials and thoughtful design. It is well suited for everyday use in the books category, offering a strong balance of value and functionality.",Books,ergonomic versatile wireless modern limitededition,730.92,4.28,6814,447,2023-02-07
https://example.com/images/compact_science_fiction_novel_698.jpg,Compact Science Fiction Novel 698,Maple Street Press,"The Compact Science Fiction Novel 698 by Maple Street Press delivers dependable performance with quality materials and thoughtful design. It is well suited for everyday use in the electronics category, offering a strong balance of value and functionality.",Electronics,wireless versatile durable bestseller rechargeable,558.98,1.2,9534,1390,2023-04-21
https://example.com/images/premium_bluetooth_speaker_944.jpg,Premium Bluetooth Speaker 944,UrbanNest,"The Premium Bluetooth Speaker 944 by UrbanNest delivers dependable performance with quality materials and thoughtful design. It is well suited for everyday use in the home & kitchen category, offering a strong balance of value and functionality.",Home & Kitchen,compact newarrival lightweight modern bestseller,67.81,3.74,9542,847,2019-01-18
https://example.com/images/professional_4k_monitor_252.jpg,Professional 4K Monitor 252,UrbanNest,"The Professional 4K Monitor 252 by UrbanNest delivers dependable performance with quality materials and thoughtful design. It is well suited for everyday use in the clothing category, offering a strong balance of value and functionality.",Clothing,limitededition giftable essential compact modern,81.83,4.16,9116,1300,2016-04-29
https://example.com/images/ultra_action_camera_275.jpg,Ultra Action Camera 275,Summit Gear Co.,"The Ultra Action Camera 275 by Summit Gear Co. delivers dependable performance with quality materials and thoughtful design. It is well suited for everyday use in the office supplies category, offering a strong balance of value and functionality.",Office Supplies,rechargeable waterproof limitededition versatile wireless,708.18,3.48,7840,1479,2024-04-15
https://example.com/images/ultra_gaming_mouse_926.jpg,Ultra Gaming Mouse 926,NorthPeak,"The Ultra Gaming Mouse 926 by NorthPeak delivers dependable performance with quality materials and thoughtful design. It is well suited for everyday use in the electronics category, offering a strong balance of value and functionality.",Electronics,essential ergonomic bestseller limitededition premium,483.5,3.33,6953,1297,2020-11-14
https://example.com/images/premium_external_hard_drive_495.jpg,Premium External Hard Drive 495,Horizon Tech,"The Premium External Hard Drive 495 by Horizon Tech delivers dependable performance with quality materials and thoughtful design. It is well suited for everyday use in the clothing category, offering a strong balance of value and functionality.",Clothing,limitededition versatile durable essential portable,613.45,4.71,6511,1435,2017-07-28
https://example.com/images/portable_bluetooth_speaker_503.jpg,Portable Bluetooth Speaker 503,Horizon Tech,"The Portable Bluetooth Speaker 503 by Horizon Tech delivers dependable performance with quality materials and thoughtful design. It is well suited for everyday use in the clothing category, offering a strong balance of value and functionality.",Clothing,giftable compact newarrival essential bestseller,741.45,3.75,8679,1506,2023-02-05
https://example.com/images/smart_science_fiction_novel_313.jpg,Smart Science Fiction Novel 313,BrightLeaf Publishing,"The Smart Science Fiction Novel 313 by BrightLeaf Publishing delivers dependable performance with quality materials and thoughtful design. It is well suited for everyday use in the home & kitchen category, offering a strong balance of value and functionality.",Home & Kitchen,rechargeable ergonomic versatile bestseller waterproof,218.26,3.4,2623,901,2025-03-11
https://example.com/images/eco_noise_cancelling_headphones_420.jpg,Eco Noise Cancelling Headphones 420,Summit Gear Co.,"The Eco Noise Cancelling Headphones 420 by Summit Gear Co. delivers dependable performance with quality materials and thoughtful design. It is well suited for everyday use in the books category, offering a strong balance of value and functionality.",Books,rechargeable limitededition compact newarrival bestseller,601.18,1.85,1842,1853,2017-05-04
https://example.com/images/smart_gaming_mouse_893.jpg,Smart Gaming Mouse 893,Horizon Tech,"The Smart Gaming Mouse 893 by Horizon Tech delivers dependable performance with quality materials and thoughtful design. It is well suited for everyday use in the home & kitchen category, offering a strong balance of value and functionality.",Home & Kitchen,giftable modern durable newarrival lightweight,368.9,2.31,3056,261,2017-08-28
https://example.com/images/compact_4k_monitor_767.jpg,Compact 4K Monitor 767,UrbanNest,"The Compact 4K Monitor 767 by UrbanNest delivers dependable performance with quality materials and thoughtful design. It is well suited for everyday use in the electronics category, offering a strong balance of value and functionality.",Electronics,essential rechargeable lightweight newarrival compact,125.97,4.79,4437,1808,2016-03-05
https://example.com/images/ultra_stainless_steel_water_bottle_457.jpg,Ultra Stainless Steel Water Bottle 457,Summit Gear Co.,"The Ultra Stainless Steel Water Bottle 457 by Summit Gear Co. delivers dependable performance with quality materials and thoughtful design. It is well suited for everyday use in the books category, offering a strong balance of value and functionality.",Books,premium portable lightweight giftable limitededition,752.65,1.66,5957,1340,2022-07-24
https://example.com/images/classic_cookware_set_567.jpg,Classic Cookware Set 567,BrightLeaf Publishing,"The Classic Cookware Set 567 by BrightLeaf Publishing delivers dependable performance with quality materials and thoughtful design. It is well suited for everyday use in the clothing category, offering a strong balance of value and functionality.",Clothing,durable versatile modern lightweight wireless,489.42,4.45,1649,115,2025-07-10
https://example.com/images/smart_stainless_steel_water_bottle_874.jpg,Smart Stainless Steel Water Bottle 874,Summit Gear Co.,"The Smart Stainless Steel Water Bottle 874 by Summit Gear Co. delivers dependable performance with quality materials and thoughtful design. It is well suited for everyday use in the office supplies category, offering a strong balance of value and functionality.",Office Supplies,premium rechargeable durable ergonomic bestseller,622.24,4.81,4138,110,2023-03-17
https://example.com/images/professional_cookware_set_562.jpg,Professional Cookware Set 562,Maple Street Press,"The Professional Cookware Set 562 by Maple Street Press delivers dependable performance with quality materials and thoughtful design. It is well suited for everyday use in the home & kitchen category, offering a strong balance of value and functionality.",Home & Kitchen,wireless limitededition compact premium bestseller,74.45,3.81,6070,428,2021-02-09
https://example.com/images/wireless_fitness_tracker_597.jpg,Wireless Fitness Tracker 597,BlueRiver Outfitters,"The Wireless Fitness Tracker 597 by BlueRiver Outfitters delivers dependable performance with quality materials and thoughtful design. It is well suited for everyday use in the home & kitchen category, offering a strong balance of value and functionality.",Home & Kitchen,ergonomic modern waterproof portable limitededition,121.79,1.22,5722,1044,2017-06-12
https://example.com/images/professional_4k_monitor_638.jpg,Professional 4K Monitor 638,SilverLine Electronics,"The Professional 4K Monitor 638 by SilverLine Electronics delivers dependable performance with quality materials and thoughtful design. It is well suited for everyday use in the office supplies category, offering a strong balance of value and functionality.",Office Supplies,newarrival durable essential portable rechargeable,616.27,4.94,8370,1732,2016-12-07
https://example.com/images/wireless_bluetooth_speaker_788.jpg,Wireless Bluetooth Speaker 788,Horizon Tech,"The Wireless Bluetooth Speaker 788 by Horizon Tech delivers dependable performance with quality materials and thoughtful design. It is well suited for everyday use in the home & kitchen category, offering a strong balance of value and functionality.",Home & Kitchen,portable modern ergonomic wireless bestseller,511.3,2.71,2419,572,2019-03-25
https://example.com/images/professional_led_desk_lamp_258.jpg,Professional LED Desk Lamp 258,NorthPeak,"The Professional LED Desk Lamp 258 by NorthPeak delivers dependable performance with quality materials and thoughtful design. It is well suited for everyday use in the office supplies category, offering a strong balance of value and functionality.",Office Supplies,essential bestseller lightweight waterproof durable,313.64,4.55,6882,125,2022-05-07
https://example.com/images/premium_gaming_mouse_240.jpg,Premium Gaming Mouse 240,BlueRiver Outfitters,"The Premium Gaming Mouse 240 by BlueRiver Outfitters delivers dependable performance with quality materials and thoughtful design. It is well suited for everyday use in the books category, offering a strong balance of value and functionality.",Books,lightweight durable limitededition newarrival versatile,711.49,4.23,4756,179,2020-04-20
https://example.com/images/smart_backpack_703.jpg,Smart Backpack 703,BlueRiver Outfitters,"The Smart Backpack 703 by BlueRiver Outfitters delivers dependable performance with quality materials and thoughtful design. It is well suited for everyday use in the home & kitchen category, offering a strong balance of value and functionality.",Home & Kitchen,modern durable lightweight giftable rechargeable,20.91,2.44,1852,1373,2018-12-08
https://example.com/images/advanced_running_shoes_652.jpg,Advanced Running Shoes 652,BlueRiver Outfitters,"The Advanced Running Shoes 652 by BlueRiver Outfitters delivers dependable performance with quality materials and thoughtful design. It is well suited for everyday use in the books category, offering a strong balance of value and functionality.",Books,compact modern premium newarrival waterproof,197.41,3.84,2455,1461,2019-01-31
https://example.com/images/professional_cookbook_626.jpg,Professional Cookbook 626,UrbanNest,"The Professional Cookbook 626 by UrbanNest delivers dependable performance with quality materials and thoughtful design. It is well suited for everyday use in the clothing category, offering a strong balance of value and functionality.",Clothing,giftable newarrival limitededition modern compact,599.82,1.99,9714,503,2024-07-17
https://example.com/images/premium_cookbook_609.jpg,Premium Cookbook 609,BrightLeaf Publishing,"The Premium Cookbook 609 by BrightLeaf Publishing delivers dependable performance with quality materials and thoughtful design. It is well suited for everyday use in the clothing category, offering a strong balance of value and functionality.",Clothing,essential versatile compact waterproof premium,375.39,1.18,2113,1901,2018-02-11
https://example.com/images/classic_science_fiction_novel_963.jpg,Classic Science Fiction Novel 963,BlueRiver Outfitters,"The Classic Science Fiction Novel 963 by BlueRiver Outfitters delivers dependable performance with quality materials and thoughtful design. It is well suited for everyday use in the electronics category, offering a strong balance of value and functionality.",Electronics,durable giftable rechargeable essential ergonomic,241.9,1.5,3485,1143,2019-02-17
https://example.com/images/wireless_led_desk_lamp_243.jpg,Wireless LED Desk Lamp 243,BlueRiver Outfitters,"The Wireless LED Desk Lamp 243 by BlueRiver Outfitters delivers dependable performance with quality materials and thoughtful design. It is well suited for everyday use in the electronics category, offering a strong balance of value and functionality.",Electronics,ergonomic versatile durable newarrival essential,34.02,1.22,6047,1471,2024-12-11
https://example.com/images/eco_mechanical_keyboard_911.jpg,Eco Mechanical Keyboard 911,BlueRiver Outfitters,"The Eco Mechanical Keyboard 911 by BlueRiver Outfitters delivers dependable performance with quality materials and thoughtful design. It is well suited for everyday use in the electronics category, offering a strong balance of value and functionality.",Electronics,giftable ergonomic newarrival limitededition rechargeable,713.04,3.65,7866,412,2018-12-03
https://example.com/images/advanced_fitness_tracker_431.jpg,Advanced Fitness Tracker 431,Maple Street Press,"The Advanced Fitness Tracker 431 by Maple Street Press delivers dependable performance with quality materials and thoughtful design. It is well suited for everyday use in the sports & outdoors category, offering a strong balance of value and functionality.",Sports & Outdoors,waterproof portable ergonomic compact newarrival,750.5,2.69,9208,1844,2023-03-30
https://example.com/images/ultra_action_camera_319.jpg,Ultra Action Camera 319,BlueRiver Outfitters,"The Ultra Action Camera 319 by BlueRiver Outfitters delivers dependable performance with quality materials and thoughtful design. It is well suited for everyday use in the clothing category, offering a strong balance of value and functionality.",Clothing,newarrival rechargeable premium giftable versatile,338.21,2.66,4004,1430,2018-08-15
https://example.com/images/portable_science_fiction_novel_464.jpg,Portable Science Fiction Novel 464,NorthPeak,"The Portable Science Fiction Novel 464 by NorthPeak delivers dependable performance with quality materials and thoughtful design. It is well suited for everyday use in the electronics category, offering a strong balance of value and functionality.",Electronics,giftable newarrival wireless rechargeable ergonomic,525.03,3.96,5664,552,2024-07-01
https://example.com/images/professional_external_hard_drive_249.jpg,Professional External Hard Drive 249,Summit Gear Co.,"The Professional External Hard Drive 249 by Summit Gear Co. delivers dependable performance with quality materials and thoughtful design. It is well suited for everyday use in the books category, offering a strong balance of value and functionality.",Books,bestseller compact durable giftable modern,546.71,1.2,8786,1901,2023-09-21
https://example.com/images/advanced_noise_cancelling_headphones_845.jpg,Advanced Noise Cancelling Headphones 845,UrbanNest,"The Advanced Noise Cancelling Headphones 845 by UrbanNest delivers dependable performance with quality materials and thoughtful design. It is well suited for everyday use in the electronics category, offering a strong balance of value and functionality.",Electronics,newarrival rechargeable essential premium wireless,264.38,3.66,2957,201,2018-06-20
https://example.com/images/compact_led_desk_lamp_262.jpg,Compact LED Desk Lamp 262,SilverLine Electronics,"The Compact LED Desk Lamp 262 by SilverLine Electronics delivers dependable performance with quality materials and thoughtful design. It is well suited for everyday use in the sports & outdoors category, offering a strong balance of value and functionality.",Sports & Outdoors,newarrival rechargeable versatile ergonomic giftable,741.58,4.48,1602,1214,2025-03-25
https://example.com/images/advanced_electric_kettle_621.jpg,Advanced Electric Kettle 621,NorthPeak,"The Advanced Electric Kettle 621 by NorthPeak delivers dependable performance with quality materials and thoughtful design. It is well suited for everyday use in the office supplies category, offering a strong balance of value and functionality.",Office Supplies,bestseller modern portable premium newarrival,426.79,1.78,2573,524,2022-01-16
https://example.com/images/portable_fitness_tracker_436.jpg,Portable Fitness Tracker 436,Maple Street Press,"The Portable Fitness Tracker 436 by Maple Street Press delivers dependable performance with quality materials and thoughtful design. It is well suited for everyday use in the clothing category, offering a strong balance of value and functionality.",Clothing,giftable wireless ergonomic versatile essential,635.77,1.88,9300,1921,2016-11-23
https://example.com/images/portable_cookbook_420.jpg,Portable Cookbook 420,UrbanNest,"The Portable Cookbook 420 by UrbanNest delivers dependable performance with quality materials and thoughtful design. It is well suited for everyday use in the books category, offering a strong balance of value and functionality.",Books,waterproof ergonomic bestseller compact modern,59.4,3.72,5538,102,2023-11-03
https://example.com/images/professional_led_desk_lamp_663.jpg,Professional LED Desk Lamp 663,Horizon Tech,"The Professional LED Desk Lamp 663 by Horizon Tech delivers dependable performance with quality materials and thoughtful design. It is well suited for everyday use in the sports & outdoors category, offering a strong balance of value and functionality.",Sports & Outdoors,newarrival lightweight durable waterproof wireless,34.08,3.41,8695,547,2016-12-08
https://example.com/images/premium_cookware_set_431.jpg,Premium Cookware Set 431,NorthPeak,"The Premium Cookware Set 431 by NorthPeak delivers dependable performance with quality materials and thoughtful design. It is well suited for everyday use in the home & kitchen category, offering a strong balance of value and functionality.",Home & Kitchen,bestseller wireless portable newarrival durable,472.58,2.69,9258,1231,2025-12-06
https://example.com/images/wireless_running_shoes_187.jpg,Wireless Running Shoes 187,UrbanNest,"The Wireless Running Shoes 187 by UrbanNest delivers dependable performance with quality materials and thoughtful design. It is well suited for everyday use in the books category, offering a strong balance of value and functionality.",Books,bestseller wireless newarrival lightweight compact,624.67,3.6,4383,1353,2017-01-26
https://example.com/images/portable_fitness_tracker_488.jpg,Portable Fitness Tracker 488,BrightLeaf Publishing,"The Portable Fitness Tracker 488 by BrightLeaf Publishing delivers dependable performance with quality materials and thoughtful design. It is well suited for everyday use in the books category, offering a strong balance of value and functionality.",Books,rechargeable modern bestseller ergonomic premium,661.16,4.91,4615,17,2017-11-05
https://example.com/images/professional_yoga_mat_415.jpg,Professional Yoga Mat 415,UrbanNest,"The Professional Yoga Mat 415 by UrbanNest delivers dependable performance with quality materials and thoughtful design. It is well suited for everyday use in the clothing category, offering a strong balance of value and functionality.",Clothing,premium bestseller essential lightweight durable,405.98,4.92,1587,1969,2018-01-19
https://example.com/images/wireless_electric_kettle_767.jpg,Wireless Electric Kettle 767,BlueRiver Outfitters,"The Wireless Electric Kettle 767 by BlueRiver Outfitters delivers dependable performance with quality materials and thoughtful design. It is well suited for everyday use in the office supplies category, offering a strong balance of value and functionality.",Office Supplies,portable bestseller rechargeable giftable wireless,791.0,3.64,2598,839,2016-01-03
https://example.com/images/premium_fitness_tracker_195.jpg,Premium Fitness Tracker 195,NorthPeak,"The Premium Fitness Tracker 195 by NorthPeak delivers dependable performance with quality materials and thoughtful design. It is well suited for everyday use in the office supplies category, offering a strong balance of value and functionality.",Office Supplies,modern giftable ergonomic lightweight newarrival,454.45,1.47,7000,744,2019-02-13
https://example.com/images/smart_stainless_steel_water_bottle_747.jpg,Smart Stainless Steel Water Bottle 747,Maple Street Press,"The Smart Stainless Steel Water Bottle 747 by Maple Street Press delivers dependable performance with quality materials and thoughtful design. It is well suited for everyday use in the electronics category, offering a strong balance of value and functionality.",Electronics,compact newarrival essential waterproof rechargeable,82.74,2.21,6784,1690,2023-12-08
https://example.com/images/ultra_electric_kettle_250.jpg,Ultra Electric Kettle 250,Horizon Tech,"The Ultra Electric Kettle 250 by Horizon Tech delivers dependable performance with quality materials and thoughtful design. It is well suited for everyday use in the home & kitchen category, offering a strong balance of value and functionality.",Home & Kitchen,wireless bestseller modern rechargeable ergonomic,369.57,4.39,3449,1623,2016-07-03
https://example.com/images/classic_cookbook_519.jpg,Classic Cookbook 519,Maple Street Press,"The Classic Cookbook 519 by Maple Street Press delivers dependable performance with quality materials and thoughtful design. It is well suited for everyday use in the office supplies category, offering a strong balance of value and functionality.",Office Supplies,giftable waterproof portable durable limitededition,703.5,2.14,1586,1236,2023-06-12
https://example.com/images/eco_graphic_t-shirt_270.jpg,Eco Graphic T-Shirt 270,BrightLeaf Publishing,"The Eco Graphic T-Shirt 270 by BrightLeaf Publishing delivers dependable performance with quality materials and thoughtful design. It is well suited for everyday use in the books category, offering a strong balance of value and functionality.",Books,ergonomic modern wireless durable essential,492.21,4.75,3270,644,2019-09-12
https://example.com/images/classic_graphic_t-shirt_901.jpg,Classic Graphic T-Shirt 901,Maple Street Press,"The Classic Graphic T-Shirt 901 by Maple Street Press delivers dependable performance with quality materials and thoughtful design. It is well suited for everyday use in the electronics category, offering a strong balance of value and functionality.",Electronics,essential wireless limitededition portable giftable,234.2,4.33,8714,1070,2020-11-12
https://example.com/images/eco_science_fiction_novel_212.jpg,Eco Science Fiction Novel 212,Horizon Tech,"The Eco Science Fiction Novel 212 by Horizon Tech delivers dependable performance with quality materials and thoughtful design. It is well suited for everyday use in the home & kitchen category, offering a strong balance of value and functionality.",Home & Kitchen,ergonomic limitededition essential durable versatile,739.43,3.36,7569,0,2017-10-06
https://example.com/images/ultra_electric_kettle_225.jpg,Ultra Electric Kettle 225,NorthPeak,"The Ultra Electric Kettle 225 by NorthPeak delivers dependable performance with quality materials and thoughtful design. It is well suited for everyday use in the electronics category, offering a strong balance of value and functionality.",Electronics,bestseller waterproof compact lightweight rechargeable,511.35,2.69,6508,1067,2022-09-04
https://example.com/images/wireless_noise_cancelling_headphones_779.jpg,Wireless Noise Cancelling Headphones 779,Summit Gear Co.,"The Wireless Noise Cancelling Headphones 779 by Summit Gear Co. delivers dependable performance with quality materials and thoughtful design. It is well suited for everyday use in the office supplies category, offering a strong balance of value and functionality.",Office Supplies,lightweight wireless essential newarrival ergonomic,493.84,1.18,4653,526,2021-02-03
https://example.com/images/wireless_led_desk_lamp_580.jpg,Wireless LED Desk Lamp 580,SilverLine Electronics,"The Wireless LED Desk Lamp 580 by SilverLine Electronics delivers dependable performance with quality materials and thoughtful design. It is well suited for everyday use in the sports & outdoors category, offering a strong balance of value and functionality.",Sports & Outdoors,giftable modern versatile bestseller newarrival,165.92,4.41,6159,422,2018-01-24
https://example.com/images/ultra_running_shoes_218.jpg,Ultra Running Shoes 218,Summit Gear Co.,"The Ultra Running Shoes 218 by Summit Gear Co. delivers dependable performance with quality materials and thoughtful design. It is well suited for everyday use in the clothing category, offering a strong balance of value and functionality.",Clothing,ergonomic giftable rechargeable modern limitededition,663.28,2.32,7758,849,2017-06-11
https://example.com/images/professional_graphic_t-shirt_457.jpg,Professional Graphic T-Shirt 457,BlueRiver Outfitters,"The Professional Graphic T-Shirt 457 by BlueRiver Outfitters delivers dependable performance with quality materials and thoughtful design. It is well suited for everyday use in the clothing category, offering a strong balance of value and functionality.",Clothing,rechargeable wireless waterproof versatile bestseller,17.24,4.2,6679,1835,2023-12-15
https://example.com/images/ultra_electric_kettle_942.jpg,Ultra Electric Kettle 942,Summit Gear Co.,"The Ultra Electric Kettle 942 by Summit Gear Co. delivers dependable performance with quality materials and thoughtful design. It is well suited for everyday use in the clothing category, offering a strong balance of value and functionality.",Clothing,limitededition compact lightweight premium durable,150.4,2.16,9657,266,2018-04-06
https://example.com/images/classic_graphic_t-shirt_469.jpg,Classic Graphic T-Shirt 469,Maple Street Press,"The Classic Graphic T-Shirt 469 by Maple Street Press delivers dependable performance with quality materials and thoughtful design. It is well suited for everyday use in the sports & outdoors category, offering a strong balance of value and functionality.",Sports & Outdoors,essential rechargeable portable durable ergonomic,70.04,3.96,2501,170,2022-03-09
https://example.com/images/eco_4k_monitor_201.jpg,Eco 4K Monitor 201,Maple Street Press,"The Eco 4K Monitor 201 by Maple Street Press delivers dependable performance with quality materials and thoughtful design. It is well suited for everyday use in the office supplies category, offering a strong balance of value and functionality.",Office Supplies,compact rechargeable portable durable wireless,28.09,2.58,4876,102,2023-06-08
https://example.com/images/advanced_noise_cancelling_headphones_149.jpg,Advanced Noise Cancelling Headphones 149,NorthPeak,"The Advanced Noise Cancelling Headphones 149 by NorthPeak delivers dependable performance with quality materials and thoughtful design. It is well suited for everyday use in the books category, offering a strong balance of value and functionality.",Books,durable waterproof versatile compact limitededition,613.72,1.34,1217,1035,2016-02-08
https://example.com/images/compact_mechanical_keyboard_910.jpg,Compact Mechanical Keyboard 910,Maple Street Press,"The Compact Mechanical Keyboard 910 by Maple Street Press delivers dependable performance with quality materials and thoughtful design. It is well suited for everyday use in the books category, offering a strong balance of value and functionality.",Books,modern versatile ergonomic wireless giftable,638.07,2.03,1625,656,2019-12-26
https://example.com/images/classic_cookbook_588.jpg,Classic Cookbook 588,BlueRiver Outfitters,"The Classic Cookbook 588 by BlueRiver Outfitters delivers dependable performance with quality materials and thoughtful design. It is well suited for everyday use in the home & kitchen category, offering a strong balance of value and functionality.",Home & Kitchen,premium versatile newarrival giftable portable,351.22,3.24,9229,1997,2025-03-27
https://example.com/images/wireless_fitness_tracker_376.jpg,Wireless Fitness Tracker 376,NorthPeak,"The Wireless Fitness Tracker 376 by NorthPeak delivers dependable performance with quality materials and thoughtful design. It is well suited for everyday use in the sports & outdoors category, offering a strong balance of value and functionality.",Sports & Outdoors,modern limitededition bestseller portable essential,778.23,4.15,6453,1845,2023-11-03
https://example.com/images/portable_yoga_mat_601.jpg,Portable Yoga Mat 601,NorthPeak,"The Portable Yoga Mat 601 by NorthPeak delivers dependable performance with quality materials and thoughtful design. It is well suited for everyday use in the office supplies category, offering a strong balance of value and functionality.",Office Supplies,bestseller limitededition modern rechargeable portable,793.25,2.48,3352,1722,2018-01-30
https://example.com/images/compact_science_fiction_novel_949.jpg,Compact Science Fiction Novel 949,SilverLine Electronics,"The Compact Science Fiction Novel 949 by SilverLine Electronics delivers dependable performance with quality materials and thoughtful design. It is well suited for everyday use in the clothing category, offering a strong balance of value and functionality.",Clothing,durable modern wireless portable essential,177.79,3.13,7753,1905,2016-12-28
https://example.com/images/advanced_bluetooth_speaker_272.jpg,Advanced Bluetooth Speaker 272,NorthPeak,"The Advanced Bluetooth Speaker 272 by NorthPeak delivers dependable performance with quality materials and thoughtful design. It is well suited for everyday use in the clothing category, offering a strong balance of value and functionality.",Clothing,wireless bestseller giftable lightweight premium,682.86,4.99,8512,71,2024-09-09
https://example.com/images/advanced_stainless_steel_water_bottle_588.jpg,Advanced Stainless Steel Water Bottle 588,BrightLeaf Publishing,"The Advanced Stainless Steel Water Bottle 588 by BrightLeaf Publishing delivers dependable performance with quality materials and thoughtful design. It is well suited for everyday use in the books category, offering a strong balance of value and functionality.",Books,giftable premium versatile durable limitededition,153.74,4.06,577,1755,2021-08-20
https://example.com/images/eco_electric_kettle_810.jpg,Eco Electric Kettle 810,BlueRiver Outfitters,"The Eco Electric Kettle 810 by BlueRiver Outfitters delivers dependable performance with quality materials and thoughtful design. It is well suited for everyday use in the books category, offering a strong balance of value and functionality.",Books,portable rechargeable durable giftable newarrival,613.39,3.13,6449,964,2019-07-01
https://example.com/images/ultra_stainless_steel_water_bottle_228.jpg,Ultra Stainless Steel Water Bottle 228,BlueRiver Outfitters,"The Ultra Stainless Steel Water Bottle 228 by BlueRiver Outfitters delivers dependable performance with quality materials and thoughtful design. It is well suited for everyday use in the sports & outdoors category, offering a strong balance of value and functionality.",Sports & Outdoors,compact newarrival wireless bestseller lightweight,788.73,5.0,1023,1910,2022-12-14
https://example.com/images/premium_action_camera_241.jpg,Premium Action Camera 241,BlueRiver Outfitters,"The Premium Action Camera 241 by BlueRiver Outfitters delivers dependable performance with quality materials and thoughtful design. It is well suited for everyday use in the electronics category, offering a strong balance of value and functionality.",Electronics,waterproof essential premium ergonomic portable,222.41,2.69,1684,1323,2024-05-30
https://example.com/images/professional_smartphone_stand_170.jpg,Professional Smartphone Stand 170,NorthPeak,"The Professional Smartphone Stand 170 by NorthPeak delivers dependable performance with quality materials and thoughtful design. It is well suited for everyday use in the clothing category, offering a strong balance of value and functionality.",Clothing,giftable portable newarrival durable essential,410.82,3.62,3707,839,2016-01-27
https://example.com/images/classic_external_hard_drive_703.jpg,Classic External Hard Drive 703,BlueRiver Outfitters,"The Classic External Hard Drive 703 by BlueRiver Outfitters delivers dependable performance with quality materials and thoughtful design. It is well suited for everyday use in the home & kitchen category, offering a strong balance of value and functionality.",Home & Kitchen,giftable versatile modern bestseller ergonomic,530.05,4.59,7348,1016,2022-07-25
https://example.com/images/smart_external_hard_drive_260.jpg,Smart External Hard Drive 260,Maple Street Press,"The Smart External Hard Drive 260 by Maple Street Press delivers dependable performance with quality materials and thoughtful design. It is well suited for everyday use in the books category, offering a strong balance of value and functionality.",Books,versatile waterproof limitededition rechargeable bestseller,688.91,1.35,7342,1555,2024-01-05
https://example.com/images/portable_science_fiction_novel_362.jpg,Portable Science Fiction Novel 362,SilverLine Electronics,"The Portable Science Fiction Novel 362 by SilverLine Electronics delivers dependable performance with quality materials and thoughtful design. It is well suited for everyday use in the books category, offering a strong balance of value and functionality.",Books,ergonomic portable essential newarrival limitededition,429.63,1.74,9103,1654,2023-05-20
https://example.com/images/ultra_bluetooth_speaker_286.jpg,Ultra Bluetooth Speaker 286,Maple Street Press,"The Ultra Bluetooth Speaker 286 by Maple Street Press delivers dependable performance with quality materials and thoughtful design. It is well suited for everyday use in the clothing category, offering a strong balance of value and functionality.",Clothing,limitededition durable ergonomic rechargeable newarrival,265.34,3.35,6742,1233,2017-10-23
https://example.com/images/advanced_external_hard_drive_698.jpg,Advanced External Hard Drive 698,BrightLeaf Publishing,"The Advanced External Hard Drive 698 by BrightLeaf Publishing delivers dependable performance with quality materials and thoughtful design. It is well suited for everyday use in the office supplies category, offering a strong balance of value and functionality.",Office Supplies,limitededition rechargeable waterproof giftable modern,130.11,3.11,7203,814,2018-09-29
https://example.com/images/advanced_action_camera_536.jpg,Advanced Action Camera 536,BlueRiver Outfitters,"The Advanced Action Camera 536 by BlueRiver Outfitters delivers dependable performance with quality materials and thoughtful design. It is well suited for everyday use in the books category, offering a strong balance of value and functionality.",Books,compact premium waterproof durable giftable,127.99,3.88,7766,1501,2024-04-18
https://example.com/images/classic_fitness_tracker_573.jpg,Classic Fitness Tracker 573,NorthPeak,"The Classic Fitness Tracker 573 by NorthPeak delivers dependable performance with quality materials and thoughtful design. It is well suited for everyday use in the office supplies category, offering a strong balance of value and functionality.",Office Supplies,compact newarrival versatile premium portable,459.92,3.42,6247,1073,2017-08-27
https://example.com/images/premium_external_hard_drive_813.jpg,Premium External Hard Drive 813,BrightLeaf Publishing,"The Premium External Hard Drive 813 by BrightLeaf Publishing delivers dependable performance with quality materials and thoughtful design. It is well suited for everyday use in the sports & outdoors category, offering a strong balance of value and functionality.",Sports & Outdoors,ergonomic premium lightweight limitededition compact,308.26,1.38,2989,1797,2025-10-01
https://example.com/images/smart_yoga_mat_178.jpg,Smart Yoga Mat 178,BrightLeaf Publishing,"The Smart Yoga Mat 178 by BrightLeaf Publishing delivers dependable performance with quality materials and thoughtful design. It is well suited for everyday use in the sports & outdoors category, offering a strong balance of value and functionality.",Sports & Outdoors,limitededition newarrival portable lightweight essential,447.53,4.8,2289,300,2025-02-18
https://example.com/images/wireless_graphic_t-shirt_998.jpg,Wireless Graphic T-Shirt 998,Horizon Tech,"The Wireless Graphic T-Shirt 998 by Horizon Tech delivers dependable performance with quality materials and thoughtful design. It is well suited for everyday use in the office supplies category, offering a strong balance of value and functionality.",Office Supplies,versatile rechargeable essential giftable durable,388.28,4.9,1317,361,2023-11-02
https://example.com/images/advanced_bluetooth_speaker_902.jpg,Advanced Bluetooth Speaker 902,BlueRiver Outfitters,"The Advanced Bluetooth Speaker 902 by BlueRiver Outfitters delivers dependable performance with quality materials and thoughtful design. It is well suited for everyday use in the clothing category, offering a strong balance of value and functionality.",Clothing,durable newarrival rechargeable versatile ergonomic,178.36,2.45,5027,1967,2020-01-30
https://example.com/images/professional_stainless_steel_water_bottle_518.jpg,Professional Stainless Steel Water Bottle 518,UrbanNest,"The Professional Stainless Steel Water Bottle 518 by UrbanNest delivers dependable performance with quality materials and thoughtful design. It is well suited for everyday use in the sports & outdoors category, offering a strong balance of value and functionality.",Sports & Outdoors,modern durable bestseller giftable essential,330.89,4.25,5733,518,2024-03-07
https://example.com/images/wireless_electric_kettle_113.jpg,Wireless Electric Kettle 113,BlueRiver Outfitters,"The Wireless Electric Kettle 113 by BlueRiver Outfitters delivers dependable performance with quality materials and thoughtful design. It is well suited for everyday use in the electronics category, offering a strong balance of value and functionality.",Electronics,limitededition modern premium lightweight newarrival,310.57,4.28,5108,29,2025-10-14
https://example.com/images/eco_smartphone_stand_700.jpg,Eco Smartphone Stand 700,Summit Gear Co.,"The Eco Smartphone Stand 700 by Summit Gear Co. delivers dependable performance with quality materials and thoughtful design. It is well suited for everyday use in the electronics category, offering a strong balance of value and functionality.",Electronics,durable versatile lightweight premium waterproof,748.02,4.01,6564,1528,2017-05-09
https://example.com/images/compact_science_fiction_novel_193.jpg,Compact Science Fiction Novel 193,BlueRiver Outfitters,"The Compact Science Fiction Novel 193 by BlueRiver Outfitters delivers dependable performance with quality materials and thoughtful design. It is well suited for everyday use in the books category, offering a strong balance of value and functionality.",Books,lightweight limitededition rechargeable modern bestseller,747.13,4.17,8750,1606,2025-07-09
https://example.com/images/ultra_noise_cancelling_headphones_938.jpg,Ultra Noise Cancelling Headphones 938,BrightLeaf Publishing,"The Ultra Noise Cancelling Headphones 938 by BrightLeaf Publishing delivers dependable performance with quality materials and thoughtful design. It is well suited for everyday use in the sports & outdoors category, offering a strong balance of value and functionality.",Sports & Outdoors,rechargeable wireless giftable versatile lightweight,552.97,4.7,2822,1040,2019-06-29
https://example.com/images/smart_office_chair_555.jpg,Smart Office Chair 555,NorthPeak,"The Smart Office Chair 555 by NorthPeak delivers dependable performance with quality materials and thoughtful design. It is well suited for everyday use in the home & kitchen category, offering a strong balance of value and functionality.",Home & Kitchen,rechargeable portable versatile durable compact,709.67,2.89,6659,380,2021-04-25
https://example.com/images/smart_noise_cancelling_headphones_365.jpg,Smart Noise Cancelling Headphones 365,UrbanNest,"The Smart Noise Cancelling Headphones 365 by UrbanNest delivers dependable performance with quality materials and thoughtful design. It is well suited for everyday use in the books category, offering a strong balance of value and functionality.",Books,portable versatile lightweight giftable newarrival,790.42,4.95,3668,373,2022-06-09
https://example.com/images/wireless_noise_cancelling_headphones_143.jpg,Wireless Noise Cancelling Headphones 143,NorthPeak,"The Wireless Noise Cancelling Headphones 143 by NorthPeak delivers dependable performance with quality materials and thoughtful design. It is well suited for everyday use in the sports & outdoors category, offering a strong balance of value and functionality.",Sports & Outdoors,compact giftable waterproof limitededition wireless,77.44,2.32,4909,1318,2018-06-20
https://example.com/images/portable_smartphone_stand_713.jpg,Portable Smartphone Stand 713,NorthPeak,"The Portable Smartphone Stand 713 by NorthPeak delivers dependable performance with quality materials and thoughtful design. It is well suited for everyday use in the office supplies category, offering a strong balance of value and functionality.",Office Supplies,bestseller premium limitededition rechargeable waterproof,706.77,2.65,3424,1882,2020-08-04
https://example.com/images/ultra_4k_monitor_309.jpg,Ultra 4K Monitor 309,BlueRiver Outfitters,"The Ultra 4K Monitor 309 by BlueRiver Outfitters delivers dependable performance with quality materials and thoughtful design. It is well suited for everyday use in the office supplies category, offering a strong balance of value and functionality.",Office Supplies,waterproof essential limitededition wireless lightweight,257.73,2.0,9398,794,2018-10-13
https://example.com/images/compact_cookware_set_248.jpg,Compact Cookware Set 248,NorthPeak,"The Compact Cookware Set 248 by NorthPeak delivers dependable performance with quality materials and thoughtful design. It is well suited for everyday use in the sports & outdoors category, offering a strong balance of value and functionality.",Sports & Outdoors,modern portable bestseller ergonomic wireless,663.41,3.3,3426,495,2020-02-08
https://example.com/images/ultra_running_shoes_789.jpg,Ultra Running Shoes 789,UrbanNest,"The Ultra Running Shoes 789 by UrbanNest delivers dependable performance with quality materials and thoughtful design. It is well suited for everyday use in the office supplies category, offering a strong balance of value and functionality.",Office Supplies,giftable bestseller essential ergonomic compact,620.17,2.12,5898,813,2019-01-26
https://example.com/images/compact_gaming_mouse_465.jpg,Compact Gaming Mouse 465,Maple Street Press,"The Compact Gaming Mouse 465 by Maple Street Press delivers dependable performance with quality materials and thoughtful design. It is well suited for everyday use in the electronics category, offering a strong balance of value and functionality.",Electronics,limitededition wireless premium essential rechargeable,434.96,1.38,6051,596,2024-03-03
https://example.com/images/smart_smartphone_stand_170.jpg,Smart Smartphone Stand 170,Summit Gear Co.,"The Smart Smartphone Stand 170 by Summit Gear Co. delivers dependable performance with quality materials and thoughtful design. It is well suited for everyday use in the electronics category, offering a strong balance of value and functionality.",Electronics,bestseller limitededition modern premium lightweight,499.7,3.95,825,1874,2023-06-29
https://example.com/images/compact_smartphone_stand_657.jpg,Compact Smartphone Stand 657,NorthPeak,"The Compact Smartphone Stand 657 by NorthPeak delivers dependable performance with quality materials and thoughtful design. It is well suited for everyday use in the office supplies category, offering a strong balance of value and functionality.",Office Supplies,portable wireless waterproof essential rechargeable,188.7,4.64,4688,1988,2025-12-26
https://example.com/images/portable_electric_kettle_988.jpg,Portable Electric Kettle 988,UrbanNest,"The Portable Electric Kettle 988 by UrbanNest delivers dependable performance with quality materials and thoughtful design. It is well suited for everyday use in the books category, offering a strong balance of value and functionality.",Books,waterproof versatile newarrival modern portable,273.36,3.71,1483,149,2017-11-17
https://example.com/images/professional_electric_kettle_702.jpg,Professional Electric Kettle 702,BrightLeaf Publishing,"The Professional Electric Kettle 702 by BrightLeaf Publishing delivers dependable performance with quality materials and thoughtful design. It is well suited for everyday use in the sports & outdoors category, offering a strong balance of value and functionality.",Sports & Outdoors,limitededition rechargeable giftable versatile durable,107.38,3.92,3432,640,2022-09-28
https://example.com/images/compact_science_fiction_novel_408.jpg,Compact Science Fiction Novel 408,NorthPeak,"The Compact Science Fiction Novel 408 by NorthPeak delivers dependable performance with quality materials and thoughtful design. It is well suited for everyday use in the sports & outdoors category, offering a strong balance of value and functionality.",Sports & Outdoors,giftable modern limitededition durable bestseller,22.31,4.44,75,1982,2017-10-20
https://example.com/images/wireless_4k_monitor_664.jpg,Wireless 4K Monitor 664,Horizon Tech,"The Wireless 4K Monitor 664 by Horizon Tech delivers dependable performance with quality materials and thoughtful design. It is well suited for everyday use in the home & kitchen category, offering a strong balance of value and functionality.",Home & Kitchen,versatile wireless ergonomic modern lightweight,678.13,3.21,8958,250,2020-03-04
https://example.com/images/ultra_noise_cancelling_headphones_554.jpg,Ultra Noise Cancelling Headphones 554,Horizon Tech,"The Ultra Noise Cancelling Headphones 554 by Horizon Tech delivers dependable performance with quality materials and thoughtful design. It is well suited for everyday use in the books category, offering a strong balance of value and functionality.",Books,waterproof versatile essential limitededition bestseller,348.23,4.08,4067,1813,2020-09-22
https://example.com/images/ultra_fitness_tracker_518.jpg,Ultra Fitness Tracker 518,SilverLine Electronics,"The Ultra Fitness Tracker 518 by SilverLine Electronics delivers dependable performance with quality materials and thoughtful design. It is well suited for everyday use in the home & kitchen category, offering a strong balance of value and functionality.",Home & Kitchen,durable newarrival rechargeable bestseller limitededition,757.55,3.69,2647,488,2018-10-03
https://example.com/images/professional_gaming_mouse_220.jpg,Professional Gaming Mouse 220,Maple Street Press,"The Professional Gaming Mouse 220 by Maple Street Press delivers dependable performance with quality materials and thoughtful design. It is well suited for everyday use in the sports & outdoors category, offering a strong balance of value and functionality.",Sports & Outdoors,durable limitededition ergonomic lightweight waterproof,450.43,1.8,9761,544,2021-09-28
https://example.com/images/ultra_action_camera_696.jpg,Ultra Action Camera 696,Summit Gear Co.,"The Ultra Action Camera 696 by Summit Gear Co. delivers dependable performance with quality materials and thoughtful design. It is well suited for everyday use in the clothing category, offering a strong balance of value and functionality.",Clothing,ergonomic modern versatile premium giftable,716.23,3.2,1964,1351,2019-07-14
https://example.com/images/professional_4k_monitor_501.jpg,Professional 4K Monitor 501,UrbanNest,"The Professional 4K Monitor 501 by UrbanNest delivers dependable performance with quality materials and thoughtful design. It is well suited for everyday use in the sports & outdoors category, offering a strong balance of value and functionality.",Sports & Outdoors,compact lightweight durable newarrival premium,212.64,3.26,3303,1350,2021-08-23
https://example.com/images/eco_yoga_mat_644.jpg,Eco Yoga Mat 644,BrightLeaf Publishing,"The Eco Yoga Mat 644 by BrightLeaf Publishing delivers dependable performance with quality materials and thoughtful design. It is well suited for everyday use in the sports & outdoors category, offering a strong balance of value and functionality.",Sports & Outdoors,portable waterproof wireless limitededition essential,337.43,1.0,7324,480,2024-08-23
https://example.com/images/professional_bluetooth_speaker_752.jpg,Professional Bluetooth Speaker 752,Horizon Tech,"The Professional Bluetooth Speaker 752 by Horizon Tech delivers dependable performance with quality materials and thoughtful design. It is well suited for everyday use in the electronics category, offering a strong balance of value and functionality.",Electronics,modern portable lightweight essential compact,507.2,1.49,1262,451,2016-12-27
https://example.com/images/smart_stainless_steel_water_bottle_650.jpg,Smart Stainless Steel Water Bottle 650,SilverLine Electronics,"The Smart Stainless Steel Water Bottle 650 by SilverLine Electronics delivers dependable performance with quality materials and thoughtful design. It is well suited for everyday use in the office supplies category, offering a strong balance of value and functionality.",Office Supplies,essential limitededition newarrival modern ergonomic,460.28,2.86,1225,233,2022-12-06
https://example.com/images/premium_yoga_mat_369.jpg,Premium Yoga Mat 369,BlueRiver Outfitters,"The Premium Yoga Mat 369 by BlueRiver Outfitters delivers dependable performance with quality materials and thoughtful design. It is well suited for everyday use in the office supplies category, offering a strong balance of value and functionality.",Office Supplies,portable premium limitededition rechargeable modern,399.92,4.03,8974,1037,2024-01-02
https://example.com/images/compact_running_shoes_459.jpg,Compact Running Shoes 459,UrbanNest,"The Compact Running Shoes 459 by UrbanNest delivers dependable performance with quality materials and thoughtful design. It is well suited for everyday use in the office supplies category, offering a strong balance of value and functionality.",Office Supplies,wireless premium versatile newarrival rechargeable,166.04,2.65,4943,585,2024-03-20
https://example.com/images/premium_noise_cancelling_headphones_445.jpg,Premium Noise Cancelling Headphones 445,Maple Street Press,"The Premium Noise Cancelling Headphones 445 by Maple Street Press delivers dependable performance with quality materials and thoughtful design. It is well suited for everyday use in the clothing category, offering a strong balance of value and functionality.",Clothing,limitededition bestseller portable giftable essential,483.49,2.85,4043,1595,2018-03-19
https://example.com/images/wireless_smartphone_stand_331.jpg,Wireless Smartphone Stand 331,Summit Gear Co.,"The Wireless Smartphone Stand 331 by Summit Gear Co. delivers dependable performance with quality materials and thoughtful design. It is well suited for everyday use in the home & kitchen category, offering a strong balance of value and functionality.",Home & Kitchen,newarrival essential compact rechargeable giftable,190.7,3.85,6880,743,2018-04-01
https://example.com/images/ultra_gaming_mouse_549.jpg,Ultra Gaming Mouse 549,NorthPeak,"The Ultra Gaming Mouse 549 by NorthPeak delivers dependable performance with quality materials and thoughtful design. It is well suited for everyday use in the home & kitchen category, offering a strong balance of value and functionality.",Home & Kitchen,lightweight rechargeable wireless newarrival premium,127.69,2.46,8832,1490,2021-09-01
https://example.com/images/ultra_fitness_tracker_249.jpg,Ultra Fitness Tracker 249,SilverLine Electronics,"The Ultra Fitness Tracker 249 by SilverLine Electronics delivers dependable performance with quality materials and thoughtful design. It is well suited for everyday use in the books category, offering a strong balance of value and functionality.",Books,portable giftable versatile waterproof limitededition,117.71,2.22,9418,306,2022-08-08
https://example.com/images/wireless_electric_kettle_657.jpg,Wireless Electric Kettle 657,SilverLine Electronics,"The Wireless Electric Kettle 657 by SilverLine Electronics delivers dependable performance with quality materials and thoughtful design. It is well suited for everyday use in the books category, offering a strong balance of value and functionality.",Books,essential ergonomic versatile newarrival rechargeable,100.48,4.02,398,215,2017-03-25
https://example.com/images/wireless_led_desk_lamp_750.jpg,Wireless LED Desk Lamp 750,UrbanNest,"The Wireless LED Desk Lamp 750 by UrbanNest delivers dependable performance with quality materials and thoughtful design. It is well suited for everyday use in the books category, offering a strong balance of value and functionality.",Books,rechargeable portable versatile bestseller essential,211.34,3.64,2462,389,2019-11-05
https://example.com/images/ultra_cookbook_709.jpg,Ultra Cookbook 709,BrightLeaf Publishing,"The Ultra Cookbook 709 by BrightLeaf Publishing delivers dependable performance with quality materials and thoughtful design. It is well suited for everyday use in the sports & outdoors category, offering a strong balance of value and functionality.",Sports & Outdoors,portable newarrival compact durable rechargeable,549.01,3.79,9112,292,2019-06-17
https://example.com/images/wireless_fitness_tracker_819.jpg,Wireless Fitness Tracker 819,BrightLeaf Publishing,"The Wireless Fitness Tracker 819 by BrightLeaf Publishing delivers dependable performance with quality materials and thoughtful design. It is well suited for everyday use in the sports & outdoors category, offering a strong balance of value and functionality.",Sports & Outdoors,portable lightweight newarrival giftable essential,377.86,3.7,5925,1271,2019-11-29
https://example.com/images/advanced_yoga_mat_951.jpg,Advanced Yoga Mat 951,UrbanNest,"The Advanced Yoga Mat 951 by UrbanNest delivers dependable performance with quality materials and thoughtful design. It is well suited for everyday use in the sports & outdoors category, offering a strong balance of value and functionality.",Sports & Outdoors,compact limitededition bestseller essential durable,554.49,2.17,6252,340,2017-05-31
https://example.com/images/ultra_science_fiction_novel_768.jpg,Ultra Science Fiction Novel 768,Summit Gear Co.,"The Ultra Science Fiction Novel 768 by Summit Gear Co. delivers dependable performance with quality materials and thoughtful design. It is well suited for everyday use in the electronics category, offering a strong balance of value and functionality.",Electronics,essential lightweight rechargeable limitededition modern,517.51,2.67,3385,1114,2018-12-12
https://example.com/images/ultra_office_chair_992.jpg,Ultra Office Chair 992,BrightLeaf Publishing,"The Ultra Office Chair 992 by BrightLeaf Publishing delivers dependable performance with quality materials and thoughtful design. It is well suited for everyday use in the office supplies category, offering a strong balance of value and functionality.",Office Supplies,limitededition wireless premium versatile waterproof,688.06,2.38,8165,30,2018-02-02
https://example.com/images/ultra_cookware_set_543.jpg,Ultra Cookware Set 543,BlueRiver Outfitters,"The Ultra Cookware Set 543 by BlueRiver Outfitters delivers dependable performance with quality materials and thoughtful design. It is well suited for everyday use in the clothing category, offering a strong balance of value and functionality.",Clothing,lightweight portable waterproof limitededition newarrival,265.41,4.66,4871,1448,2020-10-30
https://example.com/images/advanced_cookware_set_139.jpg,Advanced Cookware Set 139,Summit Gear Co.,"The Advanced Cookware Set 139 by Summit Gear Co. delivers dependable performance with quality materials and thoughtful design. It is well suited for everyday use in the books category, offering a strong balance of value and functionality.",Books,versatile lightweight essential rechargeable portable,33.96,2.81,6606,1317,2025-08-11
https://example.com/images/compact_noise_cancelling_headphones_366.jpg,Compact Noise Cancelling Headphones 366,SilverLine Electronics,"The Compact Noise Cancelling Headphones 366 by SilverLine Electronics delivers dependable performance with quality materials and thoughtful design. It is well suited for everyday use in the clothing category, offering a strong balance of value and functionality.",Clothing,durable limitededition essential portable modern,357.98,1.01,1408,858,2017-10-23
https://example.com/images/premium_cookbook_344.jpg,Premium Cookbook 344,SilverLine Electronics,"The Premium Cookbook 344 by SilverLine Electronics delivers dependable performance with quality materials and thoughtful design. It is well suited for everyday use in the office supplies category, offering a strong balance of value and functionality.",Office Supplies,modern portable newarrival versatile limitededition,117.33,1.74,1696,742,2016-01-11
https://example.com/images/portable_graphic_t-shirt_617.jpg,Portable Graphic T-Shirt 617,BlueRiver Outfitters,"The Portable Graphic T-Shirt 617 by BlueRiver Outfitters delivers dependable performance with quality materials and thoughtful design. It is well suited for everyday use in the electronics category, offering a strong balance of value and functionality.",Electronics,portable waterproof wireless ergonomic versatile,492.9,1.03,1225,105,2022-07-25
https://example.com/images/wireless_led_desk_lamp_143.jpg,Wireless LED Desk Lamp 143,NorthPeak,"The Wireless LED Desk Lamp 143 by NorthPeak delivers dependable performance with quality materials and thoughtful design. It is well suited for everyday use in the office supplies category, offering a strong balance of value and functionality.",Office Supplies,ergonomic wireless portable durable versatile,29.63,1.89,6286,1198,2020-03-11
https://example.com/images/eco_yoga_mat_676.jpg,Eco Yoga Mat 676,UrbanNest,"The Eco Yoga Mat 676 by UrbanNest delivers dependable performance with quality materials and thoughtful design. It is well suited for everyday use in the home & kitchen category, offering a strong balance of value and functionality.",Home & Kitchen,bestseller newarrival waterproof durable versatile,153.87,4.14,7749,910,2018-12-09
https://example.com/images/premium_office_chair_159.jpg,Premium Office Chair 159,Maple Street Press,"The Premium Office Chair 159 by Maple Street Press delivers dependable performance with quality materials and thoughtful design. It is well suited for everyday use in the sports & outdoors category, offering a strong balance of value and functionality.",Sports & Outdoors,giftable premium rechargeable modern newarrival,127.45,3.1,7100,75,2019-10-05
https://example.com/images/wireless_stainless_steel_water_bottle_739.jpg,Wireless Stainless Steel Water Bottle 739,Summit Gear Co.,"The Wireless Stainless Steel Water Bottle 739 by Summit Gear Co. delivers dependable performance with quality materials and thoughtful design. It is well suited for everyday use in the office supplies category, offering a strong balance of value and functionality.",Office Supplies,modern bestseller compact premium giftable,312.14,4.72,7913,1910,2017-02-17
https://example.com/images/compact_led_desk_lamp_421.jpg,Compact LED Desk Lamp 421,Horizon Tech,"The Compact LED Desk Lamp 421 by Horizon Tech delivers dependable performance with quality materials and thoughtful design. It is well suited for everyday use in the office supplies category, offering a strong balance of value and functionality.",Office Supplies,newarrival wireless versatile limitededition waterproof,665.71,1.52,3847,185,2017-12-21
https://example.com/images/portable_stainless_steel_water_bottle_996.jpg,Portable Stainless Steel Water Bottle 996,NorthPeak,"The Portable Stainless Steel Water Bottle 996 by NorthPeak delivers dependable performance with quality materials and thoughtful design. It is well suited for everyday use in the office supplies category, offering a strong balance of value and functionality.",Office Supplies,limitededition giftable portable newarrival rechargeable,138.48,2.31,6324,1519,2019-08-12
https://example.com/images/classic_4k_monitor_842.jpg,Classic 4K Monitor 842,UrbanNest,"The Classic 4K Monitor 842 by UrbanNest delivers dependable performance with quality materials and thoughtful design. It is well suited for everyday use in the electronics category, offering a strong balance of value and functionality.",Electronics,wireless lightweight limitededition portable newarrival,169.58,4.41,8756,382,2022-05-25
https://example.com/images/portable_graphic_t-shirt_658.jpg,Portable Graphic T-Shirt 658,BrightLeaf Publishing,"The Portable Graphic T-Shirt 658 by BrightLeaf Publishing delivers dependable performance with quality materials and thoughtful design. It is well suited for everyday use in the electronics category, offering a strong balance of value and functionality.",Electronics,lightweight waterproof portable premium durable,298.09,2.51,1782,1481,2019-03-15
https://example.com/images/eco_bluetooth_speaker_823.jpg,Eco Bluetooth Speaker 823,NorthPeak,"The Eco Bluetooth Speaker 823 by NorthPeak delivers dependable performance with quality materials and thoughtful design. It is well suited for everyday use in the books category, offering a strong balance of value and functionality.",Books,bestseller waterproof durable compact portable,744.6,3.25,3652,938,2018-04-03
https://example.com/images/classic_running_shoes_862.jpg,Classic Running Shoes 862,BlueRiver Outfitters,"The Classic Running Shoes 862 by BlueRiver Outfitters delivers dependable performance with quality materials and thoughtful design. It is well suited for everyday use in the books category, offering a strong balance of value and functionality.",Books,ergonomic wireless newarrival compact lightweight,710.04,3.93,6634,360,2019-07-12
https://example.com/images/compact_stainless_steel_water_bottle_655.jpg,Compact Stainless Steel Water Bottle 655,BlueRiver Outfitters,"The Compact Stainless Steel Water Bottle 655 by BlueRiver Outfitters delivers dependable performance with quality materials and thoughtful design. It is well suited for everyday use in the sports & outdoors category, offering a strong balance of value and functionality.",Sports & Outdoors,versatile newarrival bestseller modern durable,726.99,4.08,9166,371,2021-02-12
https://example.com/images/premium_stainless_steel_water_bottle_348.jpg,Premium Stainless Steel Water Bottle 348,NorthPeak,"The Premium Stainless Steel Water Bottle 348 by NorthPeak delivers dependable performance with quality materials and thoughtful design. It is well suited for everyday use in the electronics category, offering a strong balance of value and functionality.",Electronics,modern premium rechargeable compact durable,549.57,3.75,7364,322,2018-10-07
https://example.com/images/classic_electric_kettle_890.jpg,Classic Electric Kettle 890,Summit Gear Co.,"The Classic Electric Kettle 890 by Summit Gear Co. delivers dependable performance with quality materials and thoughtful design. It is well suited for everyday use in the books category, offering a strong balance of value and functionality.",Books,durable ergonomic waterproof wireless lightweight,400.91,2.11,1562,1108,2017-08-08
https://example.com/images/advanced_4k_monitor_131.jpg,Advanced 4K Monitor 131,BlueRiver Outfitters,"The Advanced 4K Monitor 131 by BlueRiver Outfitters delivers dependable performance with quality materials and thoughtful design. It is well suited for everyday use in the office supplies category, offering a strong balance of value and functionality.",Office Supplies,giftable lightweight versatile modern durable,236.99,1.71,5018,844,2025-02-26
https://example.com/images/compact_4k_monitor_178.jpg,Compact 4K Monitor 178,Maple Street Press,"The Compact 4K Monitor 178 by Maple Street Press delivers dependable performance with quality materials and thoughtful design. It is well suited for everyday use in the home & kitchen category, offering a strong balance of value and functionality.",Home & Kitchen,bestseller limitededition versatile waterproof ergonomic,743.58,3.15,6921,73,2018-09-20
https://example.com/images/professional_office_chair_557.jpg,Professional Office Chair 557,BlueRiver Outfitters,"The Professional Office Chair 557 by BlueRiver Outfitters delivers dependable performance with quality materials and thoughtful design. It is well suited for everyday use in the electronics category, offering a strong balance of value and functionality.",Electronics,compact limitededition modern rechargeable portable,144.62,1.76,1230,1003,2025-08-25
https://example.com/images/wireless_action_camera_494.jpg,Wireless Action Camera 494,BrightLeaf Publishing,"The Wireless Action Camera 494 by BrightLeaf Publishing delivers dependable performance with quality materials and thoughtful design. It is well suited for everyday use in the office supplies category, offering a strong balance of value and functionality.",Office Supplies,ergonomic bestseller modern lightweight limitededition,387.95,2.28,6610,200,2020-07-16
https://example.com/images/wireless_cookware_set_841.jpg,Wireless Cookware Set 841,SilverLine Electronics,"The Wireless Cookware Set 841 by SilverLine Electronics delivers dependable performance with quality materials and thoughtful design. It is well suited for everyday use in the electronics category, offering a strong balance of value and functionality.",Electronics,wireless portable limitededition rechargeable lightweight,268.32,3.33,3379,962,2024-10-14
https://example.com/images/portable_cookbook_697.jpg,Portable Cookbook 697,Horizon Tech,"The Portable Cookbook 697 by Horizon Tech delivers dependable performance with quality materials and thoughtful design. It is well suited for everyday use in the sports & outdoors category, offering a strong balance of value and functionality.",Sports & Outdoors,portable wireless ergonomic newarrival bestseller,180.26,1.09,3428,108,2019-03-17
https://example.com/images/compact_smartphone_stand_753.jpg,Compact Smartphone Stand 753,BrightLeaf Publishing,"The Compact Smartphone Stand 753 by BrightLeaf Publishing delivers dependable performance with quality materials and thoughtful design. It is well suited for everyday use in the books category, offering a strong balance of value and functionality.",Books,premium wireless rechargeable ergonomic lightweight,60.93,2.42,4796,847,2023-04-15
https://example.com/images/wireless_action_camera_519.jpg,Wireless Action Camera 519,UrbanNest,"The Wireless Action Camera 519 by UrbanNest delivers dependable performance with quality materials and thoughtful design. It is well suited for everyday use in the clothing category, offering a strong balance of value and functionality.",Clothing,limitededition giftable bestseller essential durable,241.6,4.04,4096,1165,2023-07-07
https://example.com/images/compact_backpack_544.jpg,Compact Backpack 544,BrightLeaf Publishing,"The Compact Backpack 544 by BrightLeaf Publishing delivers dependable performance with quality materials and thoughtful design. It is well suited for everyday use in the clothing category, offering a strong balance of value and functionality.",Clothing,portable wireless newarrival limitededition premium,704.43,4.05,3756,1006,2016-11-17
https://example.com/images/eco_noise_cancelling_headphones_783.jpg,Eco Noise Cancelling Headphones 783,BlueRiver Outfitters,"The Eco Noise Cancelling Headphones 783 by BlueRiver Outfitters delivers dependable performance with quality materials and thoughtful design. It is well suited for everyday use in the sports & outdoors category, offering a strong balance of value and functionality.",Sports & Outdoors,durable essential portable premium modern,754.51,4.2,1804,1081,2016-01-21
https://example.com/images/classic_mechanical_keyboard_393.jpg,Classic Mechanical Keyboard 393,NorthPeak,"The Classic Mechanical Keyboard 393 by NorthPeak delivers dependable performance with quality materials and thoughtful design. It is well suited for everyday use in the home & kitchen category, offering a strong balance of value and functionality.",Home & Kitchen,modern ergonomic wireless limitededition giftable,594.4,2.59,3070,1724,2018-11-09
https://example.com/images/ultra_smartphone_stand_758.jpg,Ultra Smartphone Stand 758,NorthPeak,"The Ultra Smartphone Stand 758 by NorthPeak delivers dependable performance with quality materials and thoughtful design. It is well suited for everyday use in the electronics category, offering a strong balance of value and functionality.",Electronics,rechargeable modern limitededition compact ergonomic,427.66,2.73,3755,92,2020-08-27
https://example.com/images/eco_gaming_mouse_907.jpg,Eco Gaming Mouse 907,Horizon Tech,"The Eco Gaming Mouse 907 by Horizon Tech delivers dependable performance with quality materials and thoughtful design. It is well suited for everyday use in the office supplies category, offering a strong balance of value and functionality.",Office Supplies,limitededition compact rechargeable portable durable,283.88,2.39,1719,867,2024-02-17
https://example.com/images/ultra_fitness_tracker_825.jpg,Ultra Fitness Tracker 825,Maple Street Press,"The Ultra Fitness Tracker 825 by Maple Street Press delivers dependable performance with quality materials and thoughtful design. It is well suited for everyday use in the home & kitchen category, offering a strong balance of value and functionality.",Home & Kitchen,essential compact lightweight bestseller newarrival,325.63,1.01,1671,739,2020-08-29
https://example.com/images/eco_running_shoes_433.jpg,Eco Running Shoes 433,BlueRiver Outfitters,"The Eco Running Shoes 433 by BlueRiver Outfitters delivers dependable performance with quality materials and thoughtful design. It is well suited for everyday use in the home & kitchen category, offering a strong balance of value and functionality.",Home & Kitchen,waterproof wireless lightweight premium newarrival,175.11,2.23,3700,1464,2021-04-10
https://example.com/images/professional_bluetooth_speaker_655.jpg,Professional Bluetooth Speaker 655,Horizon Tech,"The Professional Bluetooth Speaker 655 by Horizon Tech delivers dependable performance with quality materials and thoughtful design. It is well suited for everyday use in the books category, offering a strong balance of value and functionality.",Books,durable compact versatile lightweight giftable,73.68,2.11,5069,839,2021-03-25
https://example.com/images/ultra_mechanical_keyboard_118.jpg,Ultra Mechanical Keyboard 118,SilverLine Electronics,"The Ultra Mechanical Keyboard 118 by SilverLine Electronics delivers dependable performance with quality materials and thoughtful design. It is well suited for everyday use in the sports & outdoors category, offering a strong balance of value and functionality.",Sports & Outdoors,versatile ergonomic limitededition modern newarrival,367.04,3.1,1664,640,2025-12-17
https://example.com/images/classic_running_shoes_604.jpg,Classic Running Shoes 604,NorthPeak,"The Classic Running Shoes 604 by NorthPeak delivers dependable performance with quality materials and thoughtful design. It is well suited for everyday use in the home & kitchen category, offering a strong balance of value and functionality.",Home & Kitchen,portable limitededition lightweight versatile wireless,586.79,4.62,4814,907,2016-02-29
https://example.com/images/premium_stainless_steel_water_bottle_107.jpg,Premium Stainless Steel Water Bottle 107,SilverLine Electronics,"The Premium Stainless Steel Water Bottle 107 by SilverLine Electronics delivers dependable performance with quality materials and thoughtful design. It is well suited for everyday use in the books category, offering a strong balance of value and functionality.",Books,premium durable ergonomic modern limitededition,178.78,4.32,4292,1006,2016-11-15
https://example.com/images/premium_noise_cancelling_headphones_616.jpg,Premium Noise Cancelling Headphones 616,Maple Street Press,"The Premium Noise Cancelling Headphones 616 by Maple Street Press delivers dependable performance with quality materials and thoughtful design. It is well suited for everyday use in the clothing category, offering a strong balance of value and functionality.",Clothing,giftable compact versatile bestseller limitededition,268.25,1.22,5711,641,2023-04-17
https://example.com/images/advanced_electric_kettle_894.jpg,Advanced Electric Kettle 894,NorthPeak,"The Advanced Electric Kettle 894 by NorthPeak delivers dependable performance with quality materials and thoughtful design. It is well suited for everyday use in the electronics category, offering a strong balance of value and functionality.",Electronics,compact versatile portable durable premium,575.82,1.26,5173,1444,2023-07-27
https://example.com/images/smart_yoga_mat_258.jpg,Smart Yoga Mat 258,Horizon Tech,"The Smart Yoga Mat 258 by Horizon Tech delivers dependable performance with quality materials and thoughtful design. It is well suited for everyday use in the home & kitchen category, offering a strong balance of value and functionality.",Home & Kitchen,premium essential wireless waterproof durable,106.87,2.0,7191,1296,2020-11-06
https://example.com/images/portable_smartphone_stand_451.jpg,Portable Smartphone Stand 451,Summit Gear Co.,"The Portable Smartphone Stand 451 by Summit Gear Co. delivers dependable performance with quality materials and thoughtful design. It is well suited for everyday use in the home & kitchen category, offering a strong balance of value and functionality.",Home & Kitchen,modern limitededition rechargeable giftable ergonomic,81.44,4.86,8708,1545,2021-04-16
https://example.com/images/eco_science_fiction_novel_136.jpg,Eco Science Fiction Novel 136,BrightLeaf Publishing,"The Eco Science Fiction Novel 136 by BrightLeaf Publishing delivers dependable performance with quality materials and thoughtful design. It is well suited for everyday use in the sports & outdoors category, offering a strong balance of value and functionality.",Sports & Outdoors,giftable portable modern limitededition premium,491.35,2.44,4605,36,2020-08-11
https://example.com/images/eco_graphic_t-shirt_237.jpg,Eco Graphic T-Shirt 237,BrightLeaf Publishing,"The Eco Graphic T-Shirt 237 by BrightLeaf Publishing delivers dependable performance with quality materials and thoughtful design. It is well suited for everyday use in the sports & outdoors category, offering a strong balance of value and functionality.",Sports & Outdoors,newarrival waterproof wireless giftable bestseller,262.22,3.91,7190,1586,2021-05-18
https://example.com/images/professional_cookware_set_409.jpg,Professional Cookware Set 409,BlueRiver Outfitters,"The Professional Cookware Set 409 by BlueRiver Outfitters delivers dependable performance with quality materials and thoughtful design. It is well suited for everyday use in the clothing category, offering a strong balance of value and functionality.",Clothing,compact bestseller premium giftable waterproof,119.54,4.9,3549,372,2019-05-19
https://example.com/images/advanced_cookware_set_837.jpg,Advanced Cookware Set 837,NorthPeak,"The Advanced Cookware Set 837 by NorthPeak delivers dependable performance with quality materials and thoughtful design. It is well suited for everyday use in the home & kitchen category, offering a strong balance of value and functionality.",Home & Kitchen,durable newarrival versatile ergonomic bestseller,177.47,2.56,724,378,2025-11-30
https://example.com/images/professional_external_hard_drive_941.jpg,Professional External Hard Drive 941,BrightLeaf Publishing,"The Professional External Hard Drive 941 by BrightLeaf Publishing delivers dependable performance with quality materials and thoughtful design. It is well suited for everyday use in the books category, offering a strong balance of value and functionality.",Books,wireless ergonomic versatile essential bestseller,237.91,3.98,4641,17,2016-05-19
https://example.com/images/eco_gaming_mouse_906.jpg,Eco Gaming Mouse 906,Summit Gear Co.,"The Eco Gaming Mouse 906 by Summit Gear Co. delivers dependable performance with quality materials and thoughtful design. It is well suited for everyday use in the clothing category, offering a strong balance of value and functionality.",Clothing,versatile ergonomic modern compact portable,421.06,1.72,3428,1588,2018-02-21
https://example.com/images/eco_action_camera_629.jpg,Eco Action Camera 629,Maple Street Press,"The Eco Action Camera 629 by Maple Street Press delivers dependable performance with quality materials and thoughtful design. It is well suited for everyday use in the sports & outdoors category, offering a strong balance of value and functionality.",Sports & Outdoors,premium rechargeable portable compact giftable,600.68,1.26,4981,1105,2023-10-13
https://example.com/images/compact_cookware_set_371.jpg,Compact Cookware Set 371,BrightLeaf Publishing,"The Compact Cookware Set 371 by BrightLeaf Publishing delivers dependable performance with quality materials and thoughtful design. It is well suited for everyday use in the home & kitchen category, offering a strong balance of value and functionality.",Home & Kitchen,waterproof newarrival durable essential premium,677.39,4.93,2388,1826,2023-01-12
https://example.com/images/smart_bluetooth_speaker_261.jpg,Smart Bluetooth Speaker 261,SilverLine Electronics,"The Smart Bluetooth Speaker 261 by SilverLine Electronics delivers dependable performance with quality materials and thoughtful design. It is well suited for everyday use in the clothing category, offering a strong balance of value and functionality.",Clothing,giftable limitededition essential newarrival premium,244.71,3.56,9874,123,2017-08-09
https://example.com/images/smart_external_hard_drive_970.jpg,Smart External Hard Drive 970,UrbanNest,"The Smart External Hard Drive 970 by UrbanNest delivers dependable performance with quality materials and thoughtful design. It is well suited for everyday use in the home & kitchen category, offering a strong balance of value and functionality.",Home & Kitchen,durable giftable essential rechargeable premium,11.73,3.73,907,1103,2016-04-22
https://example.com/images/professional_graphic_t-shirt_904.jpg,Professional Graphic T-Shirt 904,UrbanNest,"The Professional Graphic T-Shirt 904 by UrbanNest delivers dependable performance with quality materials and thoughtful design. It is well suited for everyday use in the books category, offering a strong balance of value and functionality.",Books,essential compact bestseller portable ergonomic,632.42,4.48,1734,1853,2016-05-28
https://example.com/images/classic_stainless_steel_water_bottle_374.jpg,Classic Stainless Steel Water Bottle 374,UrbanNest,"The Classic Stainless Steel Water Bottle 374 by UrbanNest delivers dependable performance with quality materials and thoughtful design. It is well suited for everyday use in the books category, offering a strong balance of value and functionality.",Books,newarrival wireless waterproof durable lightweight,19.23,2.25,2180,133,2017-12-14
https://example.com/images/classic_cookbook_970.jpg,Classic Cookbook 970,Horizon Tech,"The Classic Cookbook 970 by Horizon Tech delivers dependable performance with quality materials and thoughtful design. It is well suited for everyday use in the office supplies category, offering a strong balance of value and functionality.",Office Supplies,limitededition essential bestseller lightweight giftable,304.89,4.78,4339,177,2017-09-27
https://example.com/images/eco_noise_cancelling_headphones_578.jpg,Eco Noise Cancelling Headphones 578,NorthPeak,"The Eco Noise Cancelling Headphones 578 by NorthPeak delivers dependable performance with quality materials and thoughtful design. It is well suited for everyday use in the books category, offering a strong balance of value and functionality.",Books,giftable versatile newarrival lightweight rechargeable,175.96,3.52,3763,663,2022-08-31
https://example.com/images/advanced_fitness_tracker_254.jpg,Advanced Fitness Tracker 254,UrbanNest,"The Advanced Fitness Tracker 254 by UrbanNest delivers dependable performance with quality materials and thoughtful design. It is well suited for everyday use in the electronics category, offering a strong balance of value and functionality.",Electronics,bestseller essential giftable compact lightweight,255.34,2.3,4327,1050,2025-03-10
https://example.com/images/ultra_graphic_t-shirt_791.jpg,Ultra Graphic T-Shirt 791,NorthPeak,"The Ultra Graphic T-Shirt 791 by NorthPeak delivers dependable performance with quality materials and thoughtful design. It is well suited for everyday use in the sports & outdoors category, offering a strong balance of value and functionality.",Sports & Outdoors,essential ergonomic lightweight durable waterproof,770.79,1.46,6837,28,2023-04-23
https://example.com/images/wireless_action_camera_336.jpg,Wireless Action Camera 336,UrbanNest,"The Wireless Action Camera 336 by UrbanNest delivers dependable performance with quality materials and thoughtful design. It is well suited for everyday use in the office supplies category, offering a strong balance of value and functionality.",Office Supplies,newarrival ergonomic rechargeable compact wireless,604.22,3.13,1247,490,2023-04-22
https://example.com/images/professional_external_hard_drive_336.jpg,Professional External Hard Drive 336,Maple Street Press,"The Professional External Hard Drive 336 by Maple Street Press delivers dependable performance with quality materials and thoughtful design. It is well suited for everyday use in the clothing category, offering a strong balance of value and functionality.",Clothing,giftable versatile modern lightweight essential,150.57,2.12,4032,132,2017-03-09
https://example.com/images/ultra_cookbook_716.jpg,Ultra Cookbook 716,UrbanNest,"The Ultra Cookbook 716 by UrbanNest delivers dependable performance with quality materials and thoughtful design. It is well suited for everyday use in the home & kitchen category, offering a strong balance of value and functionality.",Home & Kitchen,modern waterproof limitededition giftable wireless,75.17,3.97,4155,334,2023-06-21
https://example.com/images/portable_science_fiction_novel_485.jpg,Portable Science Fiction Novel 485,Horizon Tech,"The Portable Science Fiction Novel 485 by Horizon Tech delivers dependable performance with quality materials and thoughtful design. It is well suited for everyday use in the sports & outdoors category, offering a strong balance of value and functionality.",Sports & Outdoors,limitededition rechargeable portable ergonomic bestseller,119.4,2.28,9812,960,2016-05-06
https://example.com/images/smart_action_camera_102.jpg,Smart Action Camera 102,Horizon Tech,"The Smart Action Camera 102 by Horizon Tech delivers dependable performance with quality materials and thoughtful design. It is well suited for everyday use in the sports & outdoors category, offering a strong balance of value and functionality.",Sports & Outdoors,modern giftable ergonomic premium portable,271.15,2.83,3970,1771,2019-02-12
https://example.com/images/eco_cookbook_740.jpg,Eco Cookbook 740,BlueRiver Outfitters,"The Eco Cookbook 740 by BlueRiver Outfitters delivers dependable performance with quality materials and thoughtful design. It is well suited for everyday use in the home & kitchen category, offering a strong balance of value and functionality.",Home & Kitchen,modern ergonomic versatile waterproof rechargeable,531.08,3.17,986,1134,2022-01-01
https://example.com/images/eco_bluetooth_speaker_766.jpg,Eco Bluetooth Speaker 766,BlueRiver Outfitters,"The Eco Bluetooth Speaker 766 by BlueRiver Outfitters delivers dependable performance with quality materials and thoughtful design. It is well suited for everyday use in the electronics category, offering a strong balance of value and functionality.",Electronics,bestseller giftable durable compact waterproof,593.68,4.87,2189,1379,2016-07-10
https://example.com/images/portable_gaming_mouse_257.jpg,Portable Gaming Mouse 257,Maple Street Press,"The Portable Gaming Mouse 257 by Maple Street Press delivers dependable performance with quality materials and thoughtful design. It is well suited for everyday use in the electronics category, offering a strong balance of value and functionality.",Electronics,portable ergonomic newarrival limitededition premium,12.73,2.97,5483,1916,2019-10-28
https://example.com/images/wireless_4k_monitor_457.jpg,Wireless 4K Monitor 457,SilverLine Electronics,"The Wireless 4K Monitor 457 by SilverLine Electronics delivers dependable performance with quality materials and thoughtful design. It is well suited for everyday use in the books category, offering a strong balance of value and functionality.",Books,modern waterproof newarrival wireless compact,757.84,4.69,6372,1108,2023-04-05
https://example.com/images/classic_4k_monitor_207.jpg,Classic 4K Monitor 207,BrightLeaf Publishing,"The Classic 4K Monitor 207 by BrightLeaf Publishing delivers dependable performance with quality materials and thoughtful design. It is well suited for everyday use in the home & kitchen category, offering a strong balance of value and functionality.",Home & Kitchen,lightweight wireless compact ergonomic modern,64.93,4.08,7115,1045,2024-08-26
https://example.com/images/advanced_running_shoes_618.jpg,Advanced Running Shoes 618,Maple Street Press,"The Advanced Running Shoes 618 by Maple Street Press delivers dependable performance with quality materials and thoughtful design. It is well suited for everyday use in the electronics category, offering a strong balance of value and functionality.",Electronics,premium compact wireless durable bestseller,297.17,4.26,327,1871,2018-05-05
https://example.com/images/advanced_electric_kettle_816.jpg,Advanced Electric Kettle 816,UrbanNest,"The Advanced Electric Kettle 816 by UrbanNest delivers dependable performance with quality materials and thoughtful design. It is well suited for everyday use in the home & kitchen category, offering a strong balance of value and functionality.",Home & Kitchen,modern ergonomic rechargeable lightweight limitededition,204.57,3.22,3149,630,2020-12-09
https://example.com/images/portable_action_camera_806.jpg,Portable Action Camera 806,NorthPeak,"The Portable Action Camera 806 by NorthPeak delivers dependable performance with quality materials and thoughtful design. It is well suited for everyday use in the sports & outdoors category, offering a strong balance of value and functionality.",Sports & Outdoors,giftable modern wireless durable premium,73.91,3.45,5586,693,2021-04-18
https://example.com/images/ultra_cookware_set_930.jpg,Ultra Cookware Set 930,BlueRiver Outfitters,"The Ultra Cookware Set 930 by BlueRiver Outfitters delivers dependable performance with quality materials and thoughtful design. It is well suited for everyday use in the sports & outdoors category, offering a strong balance of value and functionality.",Sports & Outdoors,versatile limitededition waterproof newarrival wireless,530.52,4.93,6721,1563,2024-06-21
https://example.com/images/wireless_action_camera_541.jpg,Wireless Action Camera 541,BlueRiver Outfitters,"The Wireless Action Camera 541 by BlueRiver Outfitters delivers dependable performance with quality materials and thoughtful design. It is well suited for everyday use in the home & kitchen category, offering a strong balance of value and functionality.",Home & Kitchen,modern bestseller wireless rechargeable ergonomic,718.45,4.42,9880,121,2019-05-21
https://example.com/images/smart_science_fiction_novel_503.jpg,Smart Science Fiction Novel 503,Maple Street Press,"The Smart Science Fiction Novel 503 by Maple Street Press delivers dependable performance with quality materials and thoughtful design. It is well suited for everyday use in the sports & outdoors category, offering a strong balance of value and functionality.",Sports & Outdoors,wireless portable rechargeable durable versatile,731.57,3.61,4816,1385,2017-12-07
https://example.com/images/eco_4k_monitor_560.jpg,Eco 4K Monitor 560,Maple Street Press,"The Eco 4K Monitor 560 by Maple Street Press delivers dependable performance with quality materials and thoughtful design. It is well suited for everyday use in the books category, offering a strong balance of value and functionality.",Books,modern ergonomic durable limitededition versatile,55.24,3.65,1651,633,2019-07-05
https://example.com/images/advanced_cookbook_844.jpg,Advanced Cookbook 844,UrbanNest,"The Advanced Cookbook 844 by UrbanNest delivers dependable performance with quality materials and thoughtful design. It is well suited for everyday use in the electronics category, offering a strong balance of value and functionality.",Electronics,modern durable limitededition newarrival premium,641.7,4.25,2196,1221,2022-01-21
https://example.com/images/compact_4k_monitor_917.jpg,Compact 4K Monitor 917,Maple Street Press,"The Compact 4K Monitor 917 by Maple Street Press delivers dependable performance with quality materials and thoughtful design. It is well suited for everyday use in the home & kitchen category, offering a strong balance of value and functionality.",Home & Kitchen,limitededition lightweight compact premium bestseller,774.88,2.87,1781,637,2023-06-12
https://example.com/images/smart_noise_cancelling_headphones_701.jpg,Smart Noise Cancelling Headphones 701,Horizon Tech,"The Smart Noise Cancelling Headphones 701 by Horizon Tech delivers dependable performance with quality materials and thoughtful design. It is well suited for everyday use in the office supplies category, offering a strong balance of value and functionality.",Office Supplies,bestseller newarrival wireless versatile lightweight,721.94,2.98,8173,1167,2018-11-10
https://example.com/images/wireless_science_fiction_novel_514.jpg,Wireless Science Fiction Novel 514,UrbanNest,"The Wireless Science Fiction Novel 514 by UrbanNest delivers dependable performance with quality materials and thoughtful design. It is well suited for everyday use in the office supplies category, offering a strong balance of value and functionality.",Office Supplies,modern compact portable versatile ergonomic,507.46,1.76,2412,208,2019-03-16
https://example.com/images/advanced_led_desk_lamp_978.jpg,Advanced LED Desk Lamp 978,SilverLine Electronics,"The Advanced LED Desk Lamp 978 by SilverLine Electronics delivers dependable performance with quality materials and thoughtful design. It is well suited for everyday use in the office supplies category, offering a strong balance of value and functionality.",Office Supplies,wireless bestseller limitededition ergonomic versatile,143.46,1.51,8747,1464,2023-01-17
https://example.com/images/portable_action_camera_235.jpg,Portable Action Camera 235,Horizon Tech,"The Portable Action Camera 235 by Horizon Tech delivers dependable performance with quality materials and thoughtful design. It is well suited for everyday use in the office supplies category, offering a strong balance of value and functionality.",Office Supplies,wireless lightweight compact limitededition portable,788.68,2.47,8441,1851,2019-04-03
https://example.com/images/ultra_fitness_tracker_638.jpg,Ultra Fitness Tracker 638,BrightLeaf Publishing,"The Ultra Fitness Tracker 638 by BrightLeaf Publishing delivers dependable performance with quality materials and thoughtful design. It is well suited for everyday use in the home & kitchen category, offering a strong balance of value and functionality.",Home & Kitchen,bestseller limitededition modern compact premium,346.75,1.9,3101,1153,2023-10-01
https://example.com/images/advanced_action_camera_327.jpg,Advanced Action Camera 327,NorthPeak,"The Advanced Action Camera 327 by NorthPeak delivers dependable performance with quality materials and thoughtful design. It is well suited for everyday use in the office supplies category, offering a strong balance of value and functionality.",Office Supplies,modern compact durable premium rechargeable,499.51,2.61,595,1332,2020-11-25
https://example.com/images/premium_smartphone_stand_416.jpg,Premium Smartphone Stand 416,SilverLine Electronics,"The Premium Smartphone Stand 416 by SilverLine Electronics delivers dependable performance with quality materials and thoughtful design. It is well suited for everyday use in the office supplies category, offering a strong balance of value and functionality.",Office Supplies,durable premium rechargeable newarrival limitededition,54.63,1.69,1481,556,2025-04-14
https://example.com/images/premium_noise_cancelling_headphones_540.jpg,Premium Noise Cancelling Headphones 540,Summit Gear Co.,"The Premium Noise Cancelling Headphones 540 by Summit Gear Co. delivers dependable performance with quality materials and thoughtful design. It is well suited for everyday use in the books category, offering a strong balance of value and functionality.",Books,lightweight bestseller wireless ergonomic premium,154.38,3.02,4556,14,2018-05-28
https://example.com/images/ultra_stainless_steel_water_bottle_908.jpg,Ultra Stainless Steel Water Bottle 908,BrightLeaf Publishing,"The Ultra Stainless Steel Water Bottle 908 by BrightLeaf Publishing delivers dependable performance with quality materials and thoughtful design. It is well suited for everyday use in the office supplies category, offering a strong balance of value and functionality.",Office Supplies,compact portable modern premium rechargeable,22.05,2.11,1692,1289,2020-09-13
https://example.com/images/ultra_bluetooth_speaker_761.jpg,Ultra Bluetooth Speaker 761,BlueRiver Outfitters,"The Ultra Bluetooth Speaker 761 by BlueRiver Outfitters delivers dependable performance with quality materials and thoughtful design. It is well suited for everyday use in the office supplies category, offering a strong balance of value and functionality.",Office Supplies,modern compact rechargeable portable giftable,166.46,1.97,8369,1767,2024-10-22
https://example.com/images/portable_science_fiction_novel_286.jpg,Portable Science Fiction Novel 286,SilverLine Electronics,"The Portable Science Fiction Novel 286 by SilverLine Electronics delivers dependable performance with quality materials and thoughtful design. It is well suited for everyday use in the books category, offering a strong balance of value and functionality.",Books,modern essential ergonomic wireless waterproof,629.23,4.23,3845,522,2025-07-22
https://example.com/images/classic_bluetooth_speaker_781.jpg,Classic Bluetooth Speaker 781,Summit Gear Co.,"The Classic Bluetooth Speaker 781 by Summit Gear Co. delivers dependable performance with quality materials and thoughtful design. It is well suited for everyday use in the sports & outdoors category, offering a strong balance of value and functionality.",Sports & Outdoors,essential versatile modern waterproof limitededition,395.56,3.03,5214,1122,2018-01-01
https://example.com/images/advanced_action_camera_698.jpg,Advanced Action Camera 698,Summit Gear Co.,"The Advanced Action Camera 698 by Summit Gear Co. delivers dependable performance with quality materials and thoughtful design. It is well suited for everyday use in the office supplies category, offering a strong balance of value and functionality.",Office Supplies,durable rechargeable portable premium wireless,541.94,2.05,8616,1751,2017-11-24
https://example.com/images/classic_cookbook_515.jpg,Classic Cookbook 515,BrightLeaf Publishing,"The Classic Cookbook 515 by BrightLeaf Publishing delivers dependable performance with quality materials and thoughtful design. It is well suited for everyday use in the sports & outdoors category, offering a strong balance of value and functionality.",Sports & Outdoors,ergonomic giftable durable compact rechargeable,732.25,4.65,5748,864,2023-07-04
https://example.com/images/wireless_led_desk_lamp_972.jpg,Wireless LED Desk Lamp 972,BlueRiver Outfitters,"The Wireless LED Desk Lamp 972 by BlueRiver Outfitters delivers dependable performance with quality materials and thoughtful design. It is well suited for everyday use in the office supplies category, offering a strong balance of value and functionality.",Office Supplies,ergonomic bestseller giftable modern limitededition,734.97,3.67,2054,92,2021-07-29
https://example.com/images/advanced_4k_monitor_894.jpg,Advanced 4K Monitor 894,BrightLeaf Publishing,"The Advanced 4K Monitor 894 by BrightLeaf Publishing delivers dependable performance with quality materials and thoughtful design. It is well suited for everyday use in the office supplies category, offering a strong balance of value and functionality.",Office Supplies,ergonomic limitededition bestseller wireless newarrival,581.06,4.5,1586,1481,2023-01-08
https://example.com/images/professional_cookbook_738.jpg,Professional Cookbook 738,Horizon Tech,"The Professional Cookbook 738 by Horizon Tech delivers dependable performance with quality materials and thoughtful design. It is well suited for everyday use in the clothing category, offering a strong balance of value and functionality.",Clothing,bestseller limitededition premium rechargeable waterproof,308.61,1.34,2500,1520,2020-10-29
https://example.com/images/portable_science_fiction_novel_755.jpg,Portable Science Fiction Novel 755,Maple Street Press,"The Portable Science Fiction Novel 755 by Maple Street Press delivers dependable performance with quality materials and thoughtful design. It is well suited for everyday use in the office supplies category, offering a strong balance of value and functionality.",Office Supplies,limitededition giftable modern rechargeable newarrival,359.77,1.78,5474,1408,2018-05-07
https://example.com/images/compact_4k_monitor_349.jpg,Compact 4K Monitor 349,Summit Gear Co.,"The Compact 4K Monitor 349 by Summit Gear Co. delivers dependable performance with quality materials and thoughtful design. It is well suited for everyday use in the home & kitchen category, offering a strong balance of value and functionality.",Home & Kitchen,rechargeable portable wireless essential lightweight,623.93,3.39,3771,936,2018-08-18
https://example.com/images/professional_office_chair_572.jpg,Professional Office Chair 572,NorthPeak,"The Professional Office Chair 572 by NorthPeak delivers dependable performance with quality materials and thoughtful design. It is well suited for everyday use in the home & kitchen category, offering a strong balance of value and functionality.",Home & Kitchen,wireless rechargeable essential durable lightweight,631.41,2.13,4650,504,2021-09-13
https://example.com/images/compact_bluetooth_speaker_635.jpg,Compact Bluetooth Speaker 635,Maple Street Press,"The Compact Bluetooth Speaker 635 by Maple Street Press delivers dependable performance with quality materials and thoughtful design. It is well suited for everyday use in the home & kitchen category, offering a strong balance of value and functionality.",Home & Kitchen,waterproof durable essential compact premium,700.43,1.05,6993,317,2017-05-15
https://example.com/images/professional_office_chair_909.jpg,Professional Office Chair 909,NorthPeak,"The Professional Office Chair 909 by NorthPeak delivers dependable performance with quality materials and thoughtful design. It is well suited for everyday use in the office supplies category, offering a strong balance of value and functionality.",Office Supplies,premium wireless giftable rechargeable limitededition,788.14,1.32,3922,1776,2020-03-06
https://example.com/images/wireless_yoga_mat_649.jpg,Wireless Yoga Mat 649,NorthPeak,"The Wireless Yoga Mat 649 by NorthPeak delivers dependable performance with quality materials and thoughtful design. It is well suited for everyday use in the electronics category, offering a strong balance of value and functionality.",Electronics,newarrival ergonomic lightweight modern wireless,134.23,4.85,5675,638,2019-06-21
https://example.com/images/ultra_4k_monitor_430.jpg,Ultra 4K Monitor 430,BlueRiver Outfitters,"The Ultra 4K Monitor 430 by BlueRiver Outfitters delivers dependable performance with quality materials and thoughtful design. It is well suited for everyday use in the electronics category, offering a strong balance of value and functionality.",Electronics,durable essential portable premium rechargeable,545.57,3.45,5227,1414,2023-07-01
https://example.com/images/professional_led_desk_lamp_197.jpg,Professional LED Desk Lamp 197,NorthPeak,"The Professional LED Desk Lamp 197 by NorthPeak delivers dependable performance with quality materials and thoughtful design. It is well suited for everyday use in the clothing category, offering a strong balance of value and functionality.",Clothing,lightweight versatile giftable modern premium,347.36,1.14,6330,160,2017-10-30
https://example.com/images/ultra_yoga_mat_438.jpg,Ultra Yoga Mat 438,NorthPeak,"The Ultra Yoga Mat 438 by NorthPeak delivers dependable performance with quality materials and thoughtful design. It is well suited for everyday use in the electronics category, offering a strong balance of value and functionality.",Electronics,versatile newarrival modern lightweight limitededition,234.13,3.24,2315,554,2016-08-10
https://example.com/images/professional_noise_cancelling_headphones_305.jpg,Professional Noise Cancelling Headphones 305,Horizon Tech,"The Professional Noise Cancelling Headphones 305 by Horizon Tech delivers dependable performance with quality materials and thoughtful design. It is well suited for everyday use in the clothing category, offering a strong balance of value and functionality.",Clothing,newarrival bestseller essential versatile lightweight,65.84,4.45,6660,19,2017-01-10
https://example.com/images/eco_stainless_steel_water_bottle_544.jpg,Eco Stainless Steel Water Bottle 544,SilverLine Electronics,"The Eco Stainless Steel Water Bottle 544 by SilverLine Electronics delivers dependable performance with quality materials and thoughtful design. It is well suited for everyday use in the home & kitchen category, offering a strong balance of value and functionality.",Home & Kitchen,bestseller ergonomic rechargeable versatile waterproof,22.51,1.27,3771,723,2016-09-13
https://example.com/images/classic_4k_monitor_303.jpg,Classic 4K Monitor 303,NorthPeak,"The Classic 4K Monitor 303 by NorthPeak delivers dependable performance with quality materials and thoughtful design. It is well suited for everyday use in the sports & outdoors category, offering a strong balance of value and functionality.",Sports & Outdoors,compact portable rechargeable versatile durable,488.17,2.91,5649,852,2017-01-05
https://example.com/images/smart_smartphone_stand_187.jpg,Smart Smartphone Stand 187,BrightLeaf Publishing,"The Smart Smartphone Stand 187 by BrightLeaf Publishing delivers dependable performance with quality materials and thoughtful design. It is well suited for everyday use in the home & kitchen category, offering a strong balance of value and functionality.",Home & Kitchen,lightweight giftable limitededition waterproof bestseller,194.12,4.93,711,1046,2023-09-18
https://example.com/images/premium_office_chair_500.jpg,Premium Office Chair 500,NorthPeak,"The Premium Office Chair 500 by NorthPeak delivers dependable performance with quality materials and thoughtful design. It is well suited for everyday use in the electronics category, offering a strong balance of value and functionality.",Electronics,lightweight durable ergonomic rechargeable modern,533.88,1.69,5274,1220,2019-01-18
https://example.com/images/portable_mechanical_keyboard_261.jpg,Portable Mechanical Keyboard 261,Horizon Tech,"The Portable Mechanical Keyboard 261 by Horizon Tech delivers dependable performance with quality materials and thoughtful design. It is well suited for everyday use in the electronics category, offering a strong balance of value and functionality.",Electronics,ergonomic essential rechargeable modern portable,489.32,3.01,5511,1607,2019-01-31
https://example.com/images/compact_office_chair_466.jpg,Compact Office Chair 466,Maple Street Press,"The Compact Office Chair 466 by Maple Street Press delivers dependable performance with quality materials and thoughtful design. It is well suited for everyday use in the electronics category, offering a strong balance of value and functionality.",Electronics,durable versatile essential limitededition newarrival,98.04,2.83,9814,1804,2025-04-01
https://example.com/images/eco_running_shoes_650.jpg,Eco Running Shoes 650,UrbanNest,"The Eco Running Shoes 650 by UrbanNest delivers dependable performance with quality materials and thoughtful design. It is well suited for everyday use in the office supplies category, offering a strong balance of value and functionality.",Office Supplies,essential giftable versatile rechargeable limitededition,385.8,3.45,103,219,2016-01-08
https://example.com/images/classic_running_shoes_861.jpg,Classic Running Shoes 861,Horizon Tech,"The Classic Running Shoes 861 by Horizon Tech delivers dependable performance with quality materials and thoughtful design. It is well suited for everyday use in the office supplies category, offering a strong balance of value and functionality.",Office Supplies,waterproof versatile bestseller newarrival modern,251.65,4.86,959,145,2019-09-12
https://example.com/images/classic_gaming_mouse_143.jpg,Classic Gaming Mouse 143,NorthPeak,"The Classic Gaming Mouse 143 by NorthPeak delivers dependable performance with quality materials and thoughtful design. It is well suited for everyday use in the clothing category, offering a strong balance of value and functionality.",Clothing,waterproof limitededition durable lightweight compact,726.85,1.74,9355,1362,2016-07-18
https://example.com/images/wireless_fitness_tracker_498.jpg,Wireless Fitness Tracker 498,UrbanNest,"The Wireless Fitness Tracker 498 by UrbanNest delivers dependable performance with quality materials and thoughtful design. It is well suited for everyday use in the home & kitchen category, offering a strong balance of value and functionality.",Home & Kitchen,giftable portable premium bestseller newarrival,35.62,3.12,6735,816,2017-07-08
https://example.com/images/compact_4k_monitor_187.jpg,Compact 4K Monitor 187,UrbanNest,"The Compact 4K Monitor 187 by UrbanNest delivers dependable performance with quality materials and thoughtful design. It is well suited for everyday use in the office supplies category, offering a strong balance of value and functionality.",Office Supplies,modern bestseller giftable newarrival durable,581.65,2.19,3825,1024,2020-08-18
https://example.com/images/compact_graphic_t-shirt_843.jpg,Compact Graphic T-Shirt 843,Horizon Tech,"The Compact Graphic T-Shirt 843 by Horizon Tech delivers dependable performance with quality materials and thoughtful design. It is well suited for everyday use in the sports & outdoors category, offering a strong balance of value and functionality.",Sports & Outdoors,premium newarrival durable essential portable,649.48,4.14,9157,1111,2017-02-17
https://example.com/images/smart_4k_monitor_961.jpg,Smart 4K Monitor 961,BlueRiver Outfitters,"The Smart 4K Monitor 961 by BlueRiver Outfitters delivers dependable performance with quality materials and thoughtful design. It is well suited for everyday use in the sports & outdoors category, offering a strong balance of value and functionality.",Sports & Outdoors,premium waterproof portable rechargeable lightweight,730.97,2.8,6119,1322,2019-08-10
https://example.com/images/classic_cookware_set_791.jpg,Classic Cookware Set 791,NorthPeak,"The Classic Cookware Set 791 by NorthPeak delivers dependable performance with quality materials and thoughtful design. It is well suited for everyday use in the sports & outdoors category, offering a strong balance of value and functionality.",Sports & Outdoors,essential bestseller newarrival compact rechargeable,600.07,3.36,2909,500,2022-09-29
https://example.com/images/eco_graphic_t-shirt_111.jpg,Eco Graphic T-Shirt 111,NorthPeak,"The Eco Graphic T-Shirt 111 by NorthPeak delivers dependable performance with quality materials and thoughtful design. It is well suited for everyday use in the books category, offering a strong balance of value and functionality.",Books,durable compact rechargeable versatile newarrival,246.97,1.23,2614,1184,2016-08-04
https://example.com/images/wireless_led_desk_lamp_391.jpg,Wireless LED Desk Lamp 391,SilverLine Electronics,"The Wireless LED Desk Lamp 391 by SilverLine Electronics delivers dependable performance with quality materials and thoughtful design. It is well suited for everyday use in the sports & outdoors category, offering a strong balance of value and functionality.",Sports & Outdoors,rechargeable durable waterproof giftable versatile,356.59,2.38,8607,228,2022-01-30
https://example.com/images/ultra_gaming_mouse_505.jpg,Ultra Gaming Mouse 505,UrbanNest,"The Ultra Gaming Mouse 505 by UrbanNest delivers dependable performance with quality materials and thoughtful design. It is well suited for everyday use in the office supplies category, offering a strong balance of value and functionality.",Office Supplies,premium durable waterproof lightweight newarrival,192.72,1.96,4432,1964,2018-03-25
https://example.com/images/eco_graphic_t-shirt_746.jpg,Eco Graphic T-Shirt 746,Summit Gear Co.,"The Eco Graphic T-Shirt 746 by Summit Gear Co. delivers dependable performance with quality materials and thoughtful design. It is well suited for everyday use in the clothing category, offering a strong balance of value and functionality.",Clothing,compact waterproof limitededition durable ergonomic,215.94,4.82,7005,523,2021-11-02
https://example.com/images/smart_graphic_t-shirt_900.jpg,Smart Graphic T-Shirt 900,BrightLeaf Publishing,"The Smart Graphic T-Shirt 900 by BrightLeaf Publishing delivers dependable performance with quality materials and thoughtful design. It is well suited for everyday use in the clothing category, offering a strong balance of value and functionality.",Clothing,limitededition rechargeable compact essential modern,751.73,2.09,5404,1981,2025-04-28
https://example.com/images/advanced_noise_cancelling_headphones_160.jpg,Advanced Noise Cancelling Headphones 160,UrbanNest,"The Advanced Noise Cancelling Headphones 160 by UrbanNest delivers dependable performance with quality materials and thoughtful design. It is well suited for everyday use in the electronics category, offering a strong balance of value and functionality.",Electronics,wireless versatile limitededition essential lightweight,631.63,3.68,9619,510,2016-12-29
https://example.com/images/portable_mechanical_keyboard_735.jpg,Portable Mechanical Keyboard 735,Maple Street Press,"The Portable Mechanical Keyboard 735 by Maple Street Press delivers dependable performance with quality materials and thoughtful design. It is well suited for everyday use in the books category, offering a strong balance of value and functionality.",Books,premium compact essential wireless lightweight,634.61,2.08,5054,1044,2025-12-27
https://example.com/images/smart_cookware_set_103.jpg,Smart Cookware Set 103,Maple Street Press,"The Smart Cookware Set 103 by Maple Street Press delivers dependable performance with quality materials and thoughtful design. It is well suited for everyday use in the electronics category, offering a strong balance of value and functionality.",Electronics,durable compact newarrival limitededition rechargeable,146.16,2.27,9946,1872,2020-06-23
https://example.com/images/smart_fitness_tracker_469.jpg,Smart Fitness Tracker 469,Horizon Tech,"The Smart Fitness Tracker 469 by Horizon Tech delivers dependable performance with quality materials and thoughtful design. It is well suited for everyday use in the sports & outdoors category, offering a strong balance of value and functionality.",Sports & Outdoors,modern compact newarrival durable limitededition,545.52,2.12,141,602,2017-09-13
https://example.com/images/eco_mechanical_keyboard_525.jpg,Eco Mechanical Keyboard 525,Maple Street Press,"The Eco Mechanical Keyboard 525 by Maple Street Press delivers dependable performance with quality materials and thoughtful design. It is well suited for everyday use in the electronics category, offering a strong balance of value and functionality.",Electronics,waterproof wireless compact durable lightweight,763.14,3.83,5709,906,2019-03-06
https://example.com/images/portable_noise_cancelling_headphones_279.jpg,Portable Noise Cancelling Headphones 279,SilverLine Electronics,"The Portable Noise Cancelling Headphones 279 by SilverLine Electronics delivers dependable performance with quality materials and thoughtful design. It is well suited for everyday use in the sports & outdoors category, offering a strong balance of value and functionality.",Sports & Outdoors,modern wireless durable essential versatile,252.94,2.17,6933,1190,2023-12-12
https://example.com/images/smart_gaming_mouse_618.jpg,Smart Gaming Mouse 618,SilverLine Electronics,"The Smart Gaming Mouse 618 by SilverLine Electronics delivers dependable performance with quality materials and thoughtful design. It is well suited for everyday use in the electronics category, offering a strong balance of value and functionality.",Electronics,waterproof rechargeable durable compact premium,178.1,2.6,6273,287,2022-11-16
https://example.com/images/portable_4k_monitor_903.jpg,Portable 4K Monitor 903,BrightLeaf Publishing,"The Portable 4K Monitor 903 by BrightLeaf Publishing delivers dependable performance with quality materials and thoughtful design. It is well suited for everyday use in the home & kitchen category, offering a strong balance of value and functionality.",Home & Kitchen,wireless lightweight versatile compact essential,524.42,4.66,7088,1034,2016-01-28
https://example.com/images/eco_gaming_mouse_957.jpg,Eco Gaming Mouse 957,Horizon Tech,"The Eco Gaming Mouse 957 by Horizon Tech delivers dependable performance with quality materials and thoughtful design. It is well suited for everyday use in the books category, offering a strong balance of value and functionality.",Books,waterproof limitededition premium rechargeable giftable,744.03,1.14,8703,1111,2016-10-29
https://example.com/images/portable_yoga_mat_665.jpg,Portable Yoga Mat 665,NorthPeak,"The Portable Yoga Mat 665 by NorthPeak delivers dependable performance with quality materials and thoughtful design. It is well suited for everyday use in the home & kitchen category, offering a strong balance of value and functionality.",Home & Kitchen,lightweight durable ergonomic compact newarrival,711.59,1.5,1082,806,2023-02-07
https://example.com/images/wireless_gaming_mouse_155.jpg,Wireless Gaming Mouse 155,UrbanNest,"The Wireless Gaming Mouse 155 by UrbanNest delivers dependable performance with quality materials and thoughtful design. It is well suited for everyday use in the office supplies category, offering a strong balance of value and functionality.",Office Supplies,wireless newarrival modern bestseller portable,213.26,2.24,8419,1599,2022-07-22
https://example.com/images/compact_mechanical_keyboard_397.jpg,Compact Mechanical Keyboard 397,UrbanNest,"The Compact Mechanical Keyboard 397 by UrbanNest delivers dependable performance with quality materials and thoughtful design. It is well suited for everyday use in the sports & outdoors category, offering a strong balance of value and functionality.",Sports & Outdoors,essential durable versatile bestseller premium,522.57,1.04,9648,1350,2018-04-27
https://example.com/images/portable_mechanical_keyboard_336.jpg,Portable Mechanical Keyboard 336,BlueRiver Outfitters,"The Portable Mechanical Keyboard 336 by BlueRiver Outfitters delivers dependable performance with quality materials and thoughtful design. It is well suited for everyday use in the office supplies category, offering a strong balance of value and functionality.",Office Supplies,portable wireless essential premium durable,711.96,2.85,9270,1316,2020-07-21
https://example.com/images/eco_graphic_t-shirt_555.jpg,Eco Graphic T-Shirt 555,Horizon Tech,"The Eco Graphic T-Shirt 555 by Horizon Tech delivers dependable performance with quality materials and thoughtful design. It is well suited for everyday use in the home & kitchen category, offering a strong balance of value and functionality.",Home & Kitchen,bestseller compact modern durable premium,548.96,2.71,8746,1891,2019-01-22
https://example.com/images/smart_backpack_744.jpg,Smart Backpack 744,Maple Street Press,"The Smart Backpack 744 by Maple Street Press delivers dependable performance with quality materials and thoughtful design. It is well suited for everyday use in the home & kitchen category, offering a strong balance of value and functionality.",Home & Kitchen,essential durable portable compact waterproof,567.44,1.9,2296,254,2024-02-18
https://example.com/images/premium_electric_kettle_507.jpg,Premium Electric Kettle 507,Summit Gear Co.,"The Premium Electric Kettle 507 by Summit Gear Co. delivers dependable performance with quality materials and thoughtful design. It is well suited for everyday use in the electronics category, offering a strong balance of value and functionality.",Electronics,rechargeable durable bestseller portable lightweight,686.42,3.69,4209,645,2021-04-11
https://example.com/images/smart_noise_cancelling_headphones_317.jpg,Smart Noise Cancelling Headphones 317,UrbanNest,"The Smart Noise Cancelling Headphones 317 by UrbanNest delivers dependable performance with quality materials and thoughtful design. It is well suited for everyday use in the office supplies category, offering a strong balance of value and functionality.",Office Supplies,ergonomic portable modern bestseller essential,756.36,4.53,5006,1660,2020-03-30
https://example.com/images/advanced_cookware_set_274.jpg,Advanced Cookware Set 274,BrightLeaf Publishing,"The Advanced Cookware Set 274 by BrightLeaf Publishing delivers dependable performance with quality materials and thoughtful design. It is well suited for everyday use in the office supplies category, offering a strong balance of value and functionality.",Office Supplies,limitededition wireless newarrival premium ergonomic,79.59,3.82,2558,69,2016-03-04
https://example.com/images/wireless_noise_cancelling_headphones_783.jpg,Wireless Noise Cancelling Headphones 783,SilverLine Electronics,"The Wireless Noise Cancelling Headphones 783 by SilverLine Electronics delivers dependable performance with quality materials and thoughtful design. It is well suited for everyday use in the sports & outdoors category, offering a strong balance of value and functionality.",Sports & Outdoors,bestseller waterproof rechargeable limitededition lightweight,120.92,1.49,3516,704,2025-07-09
https://example.com/images/classic_mechanical_keyboard_350.jpg,Classic Mechanical Keyboard 350,BrightLeaf Publishing,"The Classic Mechanical Keyboard 350 by BrightLeaf Publishing delivers dependable performance with quality materials and thoughtful design. It is well suited for everyday use in the home & kitchen category, offering a strong balance of value and functionality.",Home & Kitchen,wireless premium waterproof compact portable,508.55,3.93,1746,624,2025-06-23
https://example.com/images/classic_external_hard_drive_720.jpg,Classic External Hard Drive 720,BrightLeaf Publishing,"The Classic External Hard Drive 720 by BrightLeaf Publishing delivers dependable performance with quality materials and thoughtful design. It is well suited for everyday use in the sports & outdoors category, offering a strong balance of value and functionality.",Sports & Outdoors,rechargeable premium durable limitededition newarrival,93.65,2.98,6335,13,2023-02-21
https://example.com/images/ultra_action_camera_153.jpg,Ultra Action Camera 153,NorthPeak,"The Ultra Action Camera 153 by NorthPeak delivers dependable performance with quality materials and thoughtful design. It is well suited for everyday use in the electronics category, offering a strong balance of value and functionality.",Electronics,ergonomic wireless modern versatile giftable,214.8,3.83,218,506,2025-08-25
https://example.com/images/professional_yoga_mat_412.jpg,Professional Yoga Mat 412,UrbanNest,"The Professional Yoga Mat 412 by UrbanNest delivers dependable performance with quality materials and thoughtful design. It is well suited for everyday use in the electronics category, offering a strong balance of value and functionality.",Electronics,wireless rechargeable ergonomic portable waterproof,284.8,3.3,1479,173,2025-12-19
https://example.com/images/classic_yoga_mat_334.jpg,Classic Yoga Mat 334,SilverLine Electronics,"The Classic Yoga Mat 334 by SilverLine Electronics delivers dependable performance with quality materials and thoughtful design. It is well suited for everyday use in the home & kitchen category, offering a strong balance of value and functionality.",Home & Kitchen,versatile modern lightweight newarrival rechargeable,669.68,4.93,4883,43,2018-01-14
https://example.com/images/eco_noise_cancelling_headphones_742.jpg,Eco Noise Cancelling Headphones 742,UrbanNest,"The Eco Noise Cancelling Headphones 742 by UrbanNest delivers dependable performance with quality materials and thoughtful design. It is well suited for everyday use in the office supplies category, offering a strong balance of value and functionality.",Office Supplies,waterproof compact essential modern rechargeable,343.54,3.53,4708,1674,2020-09-11
https://example.com/images/classic_gaming_mouse_419.jpg,Classic Gaming Mouse 419,NorthPeak,"The Classic Gaming Mouse 419 by NorthPeak delivers dependable performance with quality materials and thoughtful design. It is well suited for everyday use in the electronics category, offering a strong balance of value and functionality.",Electronics,waterproof rechargeable bestseller essential newarrival,211.83,2.91,1657,909,2019-08-24
https://example.com/images/smart_fitness_tracker_957.jpg,Smart Fitness Tracker 957,BrightLeaf Publishing,"The Smart Fitness Tracker 957 by BrightLeaf Publishing delivers dependable performance with quality materials and thoughtful design. It is well suited for everyday use in the books category, offering a strong balance of value and functionality.",Books,bestseller compact rechargeable modern limitededition,142.14,4.44,9186,1257,2023-10-18
https://example.com/images/advanced_backpack_512.jpg,Advanced Backpack 512,Horizon Tech,"The Advanced Backpack 512 by Horizon Tech delivers dependable performance with quality materials and thoughtful design. It is well suited for everyday use in the home & kitchen category, offering a strong balance of value and functionality.",Home & Kitchen,limitededition newarrival modern ergonomic waterproof,783.44,4.2,9183,1675,2025-02-18
https://example.com/images/advanced_office_chair_926.jpg,Advanced Office Chair 926,UrbanNest,"The Advanced Office Chair 926 by UrbanNest delivers dependable performance with quality materials and thoughtful design. It is well suited for everyday use in the office supplies category, offering a strong balance of value and functionality.",Office Supplies,waterproof giftable rechargeable portable essential,189.88,2.86,7301,697,2021-10-30
https://example.com/images/eco_led_desk_lamp_727.jpg,Eco LED Desk Lamp 727,BrightLeaf Publishing,"The Eco LED Desk Lamp 727 by BrightLeaf Publishing delivers dependable performance with quality materials and thoughtful design. It is well suited for everyday use in the home & kitchen category, offering a strong balance of value and functionality.",Home & Kitchen,modern portable rechargeable versatile newarrival,83.28,4.3,3479,250,2020-04-26
https://example.com/images/compact_fitness_tracker_629.jpg,Compact Fitness Tracker 629,SilverLine Electronics,"The Compact Fitness Tracker 629 by SilverLine Electronics delivers dependable performance with quality materials and thoughtful design. It is well suited for everyday use in the electronics category, offering a strong balance of value and functionality.",Electronics,waterproof versatile compact portable limitededition,17.78,4.28,2871,719,2017-06-06
https://example.com/images/eco_yoga_mat_778.jpg,Eco Yoga Mat 778,Summit Gear Co.,"The Eco Yoga Mat 778 by Summit Gear Co. delivers dependable performance with quality materials and thoughtful design. It is well suited for everyday use in the books category, offering a strong balance of value and functionality.",Books,modern bestseller wireless portable durable,524.93,2.13,2336,133,2021-02-18
https://example.com/images/eco_bluetooth_speaker_657.jpg,Eco Bluetooth Speaker 657,UrbanNest,"The Eco Bluetooth Speaker 657 by UrbanNest delivers dependable performance with quality materials and thoughtful design. It is well suited for everyday use in the books category, offering a strong balance of value and functionality.",Books,newarrival limitededition compact durable wireless,607.36,4.15,5302,536,2025-08-24
https://example.com/images/compact_stainless_steel_water_bottle_990.jpg,Compact Stainless Steel Water Bottle 990,BlueRiver Outfitters,"The Compact Stainless Steel Water Bottle 990 by BlueRiver Outfitters delivers dependable performance with quality materials and thoughtful design. It is well suited for everyday use in the home & kitchen category, offering a strong balance of value and functionality.",Home & Kitchen,durable bestseller portable premium giftable,321.12,4.97,57,1770,2021-01-28
https://example.com/images/classic_cookware_set_222.jpg,Classic Cookware Set 222,UrbanNest,"The Classic Cookware Set 222 by UrbanNest delivers dependable performance with quality materials and thoughtful design. It is well suited for everyday use in the home & kitchen category, offering a strong balance of value and functionality.",Home & Kitchen,wireless bestseller ergonomic essential rechargeable,711.36,4.12,6962,1630,2020-05-11
https://example.com/images/eco_gaming_mouse_202.jpg,Eco Gaming Mouse 202,UrbanNest,"The Eco Gaming Mouse 202 by UrbanNest delivers dependable performance with quality materials and thoughtful design. It is well suited for everyday use in the clothing category, offering a strong balance of value and functionality.",Clothing,premium wireless ergonomic compact modern,112.73,3.14,2713,1015,2025-10-18
https://example.com/images/premium_external_hard_drive_338.jpg,Premium External Hard Drive 338,BrightLeaf Publishing,"The Premium External Hard Drive 338 by BrightLeaf Publishing delivers dependable performance with quality materials and thoughtful design. It is well suited for everyday use in the electronics category, offering a strong balance of value and functionality.",Electronics,lightweight bestseller newarrival ergonomic modern,451.6,1.87,8828,1543,2020-09-06
https://example.com/images/smart_stainless_steel_water_bottle_147.jpg,Smart Stainless Steel Water Bottle 147,Maple Street Press,"The Smart Stainless Steel Water Bottle 147 by Maple Street Press delivers dependable performance with quality materials and thoughtful design. It is well suited for everyday use in the electronics category, offering a strong balance of value and functionality.",Electronics,durable versatile ergonomic premium giftable,258.74,4.52,8594,1084,2023-11-30
https://example.com/images/wireless_mechanical_keyboard_194.jpg,Wireless Mechanical Keyboard 194,BrightLeaf Publishing,"The Wireless Mechanical Keyboard 194 by BrightLeaf Publishing delivers dependable performance with quality materials and thoughtful design. It is well suited for everyday use in the office supplies category, offering a strong balance of value and functionality.",Office Supplies,modern rechargeable versatile lightweight compact,199.67,4.15,6875,306,2025-04-22
https://example.com/images/professional_led_desk_lamp_546.jpg,Professional LED Desk Lamp 546,BlueRiver Outfitters,"The Professional LED Desk Lamp 546 by BlueRiver Outfitters delivers dependable performance with quality materials and thoughtful design. It is well suited for everyday use in the home & kitchen category, offering a strong balance of value and functionality.",Home & Kitchen,waterproof essential newarrival ergonomic premium,690.55,2.87,6818,1318,2019-11-20
https://example.com/images/compact_running_shoes_855.jpg,Compact Running Shoes 855,BrightLeaf Publishing,"The Compact Running Shoes 855 by BrightLeaf Publishing delivers dependable performance with quality materials and thoughtful design. It is well suited for everyday use in the sports & outdoors category, offering a strong balance of value and functionality.",Sports & Outdoors,ergonomic waterproof limitededition premium wireless,711.38,3.85,5777,1954,2020-04-05
https://example.com/images/portable_cookbook_602.jpg,Portable Cookbook 602,SilverLine Electronics,"The Portable Cookbook 602 by SilverLine Electronics delivers dependable performance with quality materials and thoughtful design. It is well suited for everyday use in the home & kitchen category, offering a strong balance of value and functionality.",Home & Kitchen,versatile giftable bestseller rechargeable portable,401.3,2.71,9680,15,2018-08-18
https://example.com/images/advanced_smartphone_stand_855.jpg,Advanced Smartphone Stand 855,NorthPeak,"The Advanced Smartphone Stand 855 by NorthPeak delivers dependable performance with quality materials and thoughtful design. It is well suited for everyday use in the electronics category, offering a strong balance of value and functionality.",Electronics,rechargeable durable premium compact wireless,81.38,2.75,2853,533,2024-05-17
https://example.com/images/wireless_external_hard_drive_331.jpg,Wireless External Hard Drive 331,Horizon Tech,"The Wireless External Hard Drive 331 by Horizon Tech delivers dependable performance with quality materials and thoughtful design. It is well suited for everyday use in the home & kitchen category, offering a strong balance of value and functionality.",Home & Kitchen,modern limitededition giftable rechargeable portable,654.61,1.52,5555,560,2021-12-24
https://example.com/images/classic_bluetooth_speaker_757.jpg,Classic Bluetooth Speaker 757,NorthPeak,"The Classic Bluetooth Speaker 757 by NorthPeak delivers dependable performance with quality materials and thoughtful design. It is well suited for everyday use in the electronics category, offering a strong balance of value and functionality.",Electronics,wireless ergonomic portable versatile premium,278.54,1.52,9651,325,2022-09-09
https://example.com/images/compact_cookbook_760.jpg,Compact Cookbook 760,BrightLeaf Publishing,"The Compact Cookbook 760 by BrightLeaf Publishing delivers dependable performance with quality materials and thoughtful design. It is well suited for everyday use in the clothing category, offering a strong balance of value and functionality.",Clothing,durable newarrival essential rechargeable wireless,743.51,2.15,7574,886,2020-03-13
https://example.com/images/premium_stainless_steel_water_bottle_859.jpg,Premium Stainless Steel Water Bottle 859,BlueRiver Outfitters,"The Premium Stainless Steel Water Bottle 859 by BlueRiver Outfitters delivers dependable performance with quality materials and thoughtful design. It is well suited for everyday use in the electronics category, offering a strong balance of value and functionality.",Electronics,bestseller versatile rechargeable limitededition waterproof,582.1,4.76,9443,1351,2022-02-10
https://example.com/images/classic_stainless_steel_water_bottle_438.jpg,Classic Stainless Steel Water Bottle 438,Maple Street Press,"The Classic Stainless Steel Water Bottle 438 by Maple Street Press delivers dependable performance with quality materials and thoughtful design. It is well suited for everyday use in the home & kitchen category, offering a strong balance of value and functionality.",Home & Kitchen,modern versatile rechargeable ergonomic compact,451.79,4.56,5232,610,2018-05-31
https://example.com/images/professional_bluetooth_speaker_354.jpg,Professional Bluetooth Speaker 354,BlueRiver Outfitters,"The Professional Bluetooth Speaker 354 by BlueRiver Outfitters delivers dependable performance with quality materials and thoughtful design. It is well suited for everyday use in the office supplies category, offering a strong balance of value and functionality.",Office Supplies,modern ergonomic rechargeable lightweight giftable,44.47,2.0,370,1860,2023-11-10
https://example.com/images/wireless_graphic_t-shirt_161.jpg,Wireless Graphic T-Shirt 161,SilverLine Electronics,"The Wireless Graphic T-Shirt 161 by SilverLine Electronics delivers dependable performance with quality materials and thoughtful design. It is well suited for everyday use in the electronics category, offering a strong balance of value and functionality.",Electronics,newarrival bestseller modern giftable lightweight,506.1,2.31,4520,812,2016-05-10
https://example.com/images/smart_science_fiction_novel_434.jpg,Smart Science Fiction Novel 434,BrightLeaf Publishing,"The Smart Science Fiction Novel 434 by BrightLeaf Publishing delivers dependable performance with quality materials and thoughtful design. It is well suited for everyday use in the books category, offering a strong balance of value and functionality.",Books,modern bestseller giftable durable premium,277.57,3.57,8296,1457,2019-12-25
https://example.com/images/premium_bluetooth_speaker_927.jpg,Premium Bluetooth Speaker 927,Summit Gear Co.,"The Premium Bluetooth Speaker 927 by Summit Gear Co. delivers dependable performance with quality materials and thoughtful design. It is well suited for everyday use in the books category, offering a strong balance of value and functionality.",Books,premium durable versatile portable ergonomic,668.43,2.55,2411,695,2016-02-14
https://example.com/images/compact_running_shoes_381.jpg,Compact Running Shoes 381,BrightLeaf Publishing,"The Compact Running Shoes 381 by BrightLeaf Publishing delivers dependable performance with quality materials and thoughtful design. It is well suited for everyday use in the office supplies category, offering a strong balance of value and functionality.",Office Supplies,bestseller waterproof essential giftable modern,335.65,2.63,9139,1007,2016-10-01
https://example.com/images/wireless_bluetooth_speaker_392.jpg,Wireless Bluetooth Speaker 392,UrbanNest,"The Wireless Bluetooth Speaker 392 by UrbanNest delivers dependable performance with quality materials and thoughtful design. It is well suited for everyday use in the electronics category, offering a strong balance of value and functionality.",Electronics,compact giftable newarrival waterproof portable,740.27,2.25,3440,513,2021-03-05
https://example.com/images/portable_office_chair_974.jpg,Portable Office Chair 974,NorthPeak,"The Portable Office Chair 974 by NorthPeak delivers dependable performance with quality materials and thoughtful design. It is well suited for everyday use in the office supplies category, offering a strong balance of value and functionality.",Office Supplies,waterproof lightweight newarrival versatile durable,455.24,2.93,1111,1976,2021-12-31
https://example.com/images/professional_external_hard_drive_586.jpg,Professional External Hard Drive 586,SilverLine Electronics,"The Professional External Hard Drive 586 by SilverLine Electronics delivers dependable performance with quality materials and thoughtful design. It is well suited for everyday use in the books category, offering a strong balance of value and functionality.",Books,essential ergonomic versatile limitededition lightweight,206.93,4.16,8298,1259,2017-10-22
https://example.com/images/wireless_stainless_steel_water_bottle_469.jpg,Wireless Stainless Steel Water Bottle 469,BlueRiver Outfitters,"The Wireless Stainless Steel Water Bottle 469 by BlueRiver Outfitters delivers dependable performance with quality materials and thoughtful design. It is well suited for everyday use in the home & kitchen category, offering a strong balance of value and functionality.",Home & Kitchen,bestseller ergonomic giftable modern limitededition,442.41,1.71,4191,228,2020-05-30
https://example.com/images/ultra_stainless_steel_water_bottle_510.jpg,Ultra Stainless Steel Water Bottle 510,BrightLeaf Publishing,"The Ultra Stainless Steel Water Bottle 510 by BrightLeaf Publishing delivers dependable performance with quality materials and thoughtful design. It is well suited for everyday use in the books category, offering a strong balance of value and functionality.",Books,rechargeable limitededition giftable newarrival premium,516.36,1.11,2430,1062,2018-12-21
https://example.com/images/professional_4k_monitor_552.jpg,Professional 4K Monitor 552,BrightLeaf Publishing,"The Professional 4K Monitor 552 by BrightLeaf Publishing delivers dependable performance with quality materials and thoughtful design. It is well suited for everyday use in the books category, offering a strong balance of value and functionality.",Books,newarrival versatile giftable waterproof essential,175.05,2.0,7990,131,2023-03-20
https://example.com/images/professional_graphic_t-shirt_568.jpg,Professional Graphic T-Shirt 568,BrightLeaf Publishing,"The Professional Graphic T-Shirt 568 by BrightLeaf Publishing delivers dependable performance with quality materials and thoughtful design. It is well suited for everyday use in the office supplies category, offering a strong balance of value and functionality.",Office Supplies,bestseller compact limitededition lightweight newarrival,319.4,4.86,8304,1083,2018-02-25
https://example.com/images/advanced_fitness_tracker_232.jpg,Advanced Fitness Tracker 232,BlueRiver Outfitters,"The Advanced Fitness Tracker 232 by BlueRiver Outfitters delivers dependable performance with quality materials and thoughtful design. It is well suited for everyday use in the sports & outdoors category, offering a strong balance of value and functionality.",Sports & Outdoors,newarrival modern lightweight essential premium,431.17,3.79,9989,350,2025-01-30
https://example.com/images/eco_stainless_steel_water_bottle_161.jpg,Eco Stainless Steel Water Bottle 161,Summit Gear Co.,"The Eco Stainless Steel Water Bottle 161 by Summit Gear Co. delivers dependable performance with quality materials and thoughtful design. It is well suited for everyday use in the sports & outdoors category, offering a strong balance of value and functionality.",Sports & Outdoors,ergonomic bestseller versatile lightweight modern,772.77,1.5,2423,382,2020-08-28
https://example.com/images/classic_noise_cancelling_headphones_941.jpg,Classic Noise Cancelling Headphones 941,NorthPeak,"The Classic Noise Cancelling Headphones 941 by NorthPeak delivers dependable performance with quality materials and thoughtful design. It is well suited for everyday use in the clothing category, offering a strong balance of value and functionality.",Clothing,modern wireless essential versatile waterproof,445.97,1.69,4176,1347,2018-02-21
https://example.com/images/wireless_cookware_set_943.jpg,Wireless Cookware Set 943,SilverLine Electronics,"The Wireless Cookware Set 943 by SilverLine Electronics delivers dependable performance with quality materials and thoughtful design. It is well suited for everyday use in the home & kitchen category, offering a strong balance of value and functionality.",Home & Kitchen,rechargeable lightweight waterproof modern portable,605.98,2.75,9660,1168,2020-07-24
https://example.com/images/professional_cookbook_132.jpg,Professional Cookbook 132,UrbanNest,"The Professional Cookbook 132 by UrbanNest delivers dependable performance with quality materials and thoughtful design. It is well suited for everyday use in the office supplies category, offering a strong balance of value and functionality.",Office Supplies,limitededition versatile durable essential portable,421.69,2.12,5410,1703,2020-03-24
https://example.com/images/eco_external_hard_drive_199.jpg,Eco External Hard Drive 199,SilverLine Electronics,"The Eco External Hard Drive 199 by SilverLine Electronics delivers dependable performance with quality materials and thoughtful design. It is well suited for everyday use in the office supplies category, offering a strong balance of value and functionality.",Office Supplies,wireless premium essential waterproof durable,271.88,4.8,1320,1392,2020-06-28
https://example.com/images/portable_running_shoes_546.jpg,Portable Running Shoes 546,Horizon Tech,"The Portable Running Shoes 546 by Horizon Tech delivers dependable performance with quality materials and thoughtful design. It is well suited for everyday use in the clothing category, offering a strong balance of value and functionality.",Clothing,wireless portable ergonomic durable compact,705.87,1.35,3714,245,2025-01-27
https://example.com/images/advanced_cookbook_455.jpg,Advanced Cookbook 455,UrbanNest,"The Advanced Cookbook 455 by UrbanNest delivers dependable performance with quality materials and thoughtful design. It is well suited for everyday use in the electronics category, offering a strong balance of value and functionality.",Electronics,limitededition portable waterproof giftable compact,131.64,2.23,8258,436,2022-10-08
https://example.com/images/wireless_gaming_mouse_967.jpg,Wireless Gaming Mouse 967,BrightLeaf Publishing,"The Wireless Gaming Mouse 967 by BrightLeaf Publishing delivers dependable performance with quality materials and thoughtful design. It is well suited for everyday use in the home & kitchen category, offering a strong balance of value and functionality.",Home & Kitchen,premium modern bestseller wireless lightweight,396.53,1.28,8861,805,2020-04-25
https://example.com/images/portable_science_fiction_novel_124.jpg,Portable Science Fiction Novel 124,UrbanNest,"The Portable Science Fiction Novel 124 by UrbanNest delivers dependable performance with quality materials and thoughtful design. It is well suited for everyday use in the home & kitchen category, offering a strong balance of value and functionality.",Home & Kitchen,essential bestseller modern versatile compact,645.93,1.08,4309,337,2024-05-01
https://example.com/images/smart_action_camera_325.jpg,Smart Action Camera 325,SilverLine Electronics,"The Smart Action Camera 325 by SilverLine Electronics delivers dependable performance with quality materials and thoughtful design. It is well suited for everyday use in the home & kitchen category, offering a strong balance of value and functionality.",Home & Kitchen,premium newarrival essential durable wireless,55.93,1.7,548,703,2016-12-15
https://example.com/images/premium_mechanical_keyboard_615.jpg,Premium Mechanical Keyboard 615,Maple Street Press,"The Premium Mechanical Keyboard 615 by Maple Street Press delivers dependable performance with quality materials and thoughtful design. It is well suited for everyday use in the electronics category, offering a strong balance of value and functionality.",Electronics,versatile giftable essential bestseller rechargeable,296.68,4.96,4176,42,2017-08-18
https://example.com/images/smart_stainless_steel_water_bottle_463.jpg,Smart Stainless Steel Water Bottle 463,SilverLine Electronics,"The Smart Stainless Steel Water Bottle 463 by SilverLine Electronics delivers dependable performance with quality materials and thoughtful design. It is well suited for everyday use in the electronics category, offering a strong balance of value and functionality.",Electronics,lightweight limitededition wireless ergonomic waterproof,497.06,1.73,6451,1238,2016-01-30
https://example.com/images/premium_yoga_mat_901.jpg,Premium Yoga Mat 901,Maple Street Press,"The Premium Yoga Mat 901 by Maple Street Press delivers dependable performance with quality materials and thoughtful design. It is well suited for everyday use in the office supplies category, offering a strong balance of value and functionality.",Office Supplies,limitededition giftable portable essential versatile,663.38,1.66,4628,564,2021-11-11
https://example.com/images/ultra_action_camera_392.jpg,Ultra Action Camera 392,Maple Street Press,"The Ultra Action Camera 392 by Maple Street Press delivers dependable performance with quality materials and thoughtful design. It is well suited for everyday use in the clothing category, offering a strong balance of value and functionality.",Clothing,newarrival premium bestseller limitededition essential,97.22,4.42,8542,1136,2023-04-21
https://example.com/images/portable_yoga_mat_951.jpg,Portable Yoga Mat 951,NorthPeak,"The Portable Yoga Mat 951 by NorthPeak delivers dependable performance with quality materials and thoughtful design. It is well suited for everyday use in the books category, offering a strong balance of value and functionality.",Books,giftable durable rechargeable ergonomic bestseller,346.54,1.31,8361,1393,2025-04-29
https://example.com/images/classic_action_camera_338.jpg,Classic Action Camera 338,BlueRiver Outfitters,"The Classic Action Camera 338 by BlueRiver Outfitters delivers dependable performance with quality materials and thoughtful design. It is well suited for everyday use in the clothing category, offering a strong balance of value and functionality.",Clothing,lightweight bestseller essential limitededition waterproof,587.27,4.66,38,938,2019-06-21
https://example.com/images/wireless_backpack_628.jpg,Wireless Backpack 628,NorthPeak,"The Wireless Backpack 628 by NorthPeak delivers dependable performance with quality materials and thoughtful design. It is well suited for everyday use in the home & kitchen category, offering a strong balance of value and functionality.",Home & Kitchen,wireless versatile limitededition ergonomic bestseller,529.37,2.59,3623,1921,2024-02-02
https://example.com/images/compact_gaming_mouse_584.jpg,Compact Gaming Mouse 584,BlueRiver Outfitters,"The Compact Gaming Mouse 584 by BlueRiver Outfitters delivers dependable performance with quality materials and thoughtful design. It is well suited for everyday use in the clothing category, offering a strong balance of value and functionality.",Clothing,limitededition versatile ergonomic rechargeable bestseller,713.77,1.37,2933,838,2018-10-24
https://example.com/images/professional_cookware_set_990.jpg,Professional Cookware Set 990,Horizon Tech,"The Professional Cookware Set 990 by Horizon Tech delivers dependable performance with quality materials and thoughtful design. It is well suited for everyday use in the electronics category, offering a strong balance of value and functionality.",Electronics,compact versatile giftable bestseller premium,327.18,2.78,3819,131,2019-06-20
https://example.com/images/ultra_cookware_set_531.jpg,Ultra Cookware Set 531,NorthPeak,"The Ultra Cookware Set 531 by NorthPeak delivers dependable performance with quality materials and thoughtful design. It is well suited for everyday use in the books category, offering a strong balance of value and functionality.",Books,newarrival essential ergonomic portable lightweight,487.97,4.83,4251,792,2018-02-23
https://example.com/images/professional_bluetooth_speaker_708.jpg,Professional Bluetooth Speaker 708,Summit Gear Co.,"The Professional Bluetooth Speaker 708 by Summit Gear Co. delivers dependable performance with quality materials and thoughtful design. It is well suited for everyday use in the office supplies category, offering a strong balance of value and functionality.",Office Supplies,wireless ergonomic waterproof lightweight rechargeable,790.33,1.74,8739,1005,2025-09-16
https://example.com/images/classic_smartphone_stand_803.jpg,Classic Smartphone Stand 803,SilverLine Electronics,"The Classic Smartphone Stand 803 by SilverLine Electronics delivers dependable performance with quality materials and thoughtful design. It is well suited for everyday use in the clothing category, offering a strong balance of value and functionality.",Clothing,wireless waterproof newarrival portable giftable,656.89,3.97,5245,709,2020-10-23
https://example.com/images/wireless_running_shoes_284.jpg,Wireless Running Shoes 284,BlueRiver Outfitters,"The Wireless Running Shoes 284 by BlueRiver Outfitters delivers dependable performance with quality materials and thoughtful design. It is well suited for everyday use in the clothing category, offering a strong balance of value and functionality.",Clothing,durable lightweight portable giftable bestseller,610.78,4.21,5250,765,2016-01-28
https://example.com/images/portable_electric_kettle_746.jpg,Portable Electric Kettle 746,Summit Gear Co.,"The Portable Electric Kettle 746 by Summit Gear Co. delivers dependable performance with quality materials and thoughtful design. It is well suited for everyday use in the home & kitchen category, offering a strong balance of value and functionality.",Home & Kitchen,modern bestseller portable waterproof compact,451.07,2.03,5807,1767,2018-07-03
https://example.com/images/smart_running_shoes_182.jpg,Smart Running Shoes 182,NorthPeak,"The Smart Running Shoes 182 by NorthPeak delivers dependable performance with quality materials and thoughtful design. It is well suited for everyday use in the electronics category, offering a strong balance of value and functionality.",Electronics,limitededition newarrival premium portable rechargeable,611.09,4.27,1896,1012,2018-08-03
https://example.com/images/professional_cookbook_145.jpg,Professional Cookbook 145,UrbanNest,"The Professional Cookbook 145 by UrbanNest delivers dependable performance with quality materials and thoughtful design. It is well suited for everyday use in the sports & outdoors category, offering a strong balance of value and functionality.",Sports & Outdoors,lightweight giftable waterproof rechargeable premium,362.17,2.89,7359,853,2019-09-10
https://example.com/images/smart_office_chair_776.jpg,Smart Office Chair 776,BrightLeaf Publishing,"The Smart Office Chair 776 by BrightLeaf Publishing delivers dependable performance with quality materials and thoughtful design. It is well suited for everyday use in the electronics category, offering a strong balance of value and functionality.",Electronics,rechargeable limitededition essential newarrival durable,130.21,3.08,9769,103,2016-05-13
https://example.com/images/classic_cookbook_348.jpg,Classic Cookbook 348,Summit Gear Co.,"The Classic Cookbook 348 by Summit Gear Co. delivers dependable performance with quality materials and thoughtful design. It is well suited for everyday use in the books category, offering a strong balance of value and functionality.",Books,compact portable premium giftable versatile,463.45,1.88,9143,698,2018-10-31
https://example.com/images/wireless_smartphone_stand_145.jpg,Wireless Smartphone Stand 145,NorthPeak,"The Wireless Smartphone Stand 145 by NorthPeak delivers dependable performance with quality materials and thoughtful design. It is well suited for everyday use in the office supplies category, offering a strong balance of value and functionality.",Office Supplies,bestseller durable wireless versatile limitededition,54.18,1.87,245,1672,2024-09-27
https://example.com/images/compact_cookbook_222.jpg,Compact Cookbook 222,Maple Street Press,"The Compact Cookbook 222 by Maple Street Press delivers dependable performance with quality materials and thoughtful design. It is well suited for everyday use in the home & kitchen category, offering a strong balance of value and functionality.",Home & Kitchen,wireless compact newarrival essential modern,643.98,4.62,3786,1102,2017-02-23
https://example.com/images/classic_running_shoes_211.jpg,Classic Running Shoes 211,BrightLeaf Publishing,"The Classic Running Shoes 211 by BrightLeaf Publishing delivers dependable performance with quality materials and thoughtful design. It is well suited for everyday use in the books category, offering a strong balance of value and functionality.",Books,premium bestseller rechargeable portable compact,184.51,1.98,7336,623,2022-06-10
https://example.com/images/compact_led_desk_lamp_467.jpg,Compact LED Desk Lamp 467,BlueRiver Outfitters,"The Compact LED Desk Lamp 467 by BlueRiver Outfitters delivers dependable performance with quality materials and thoughtful design. It is well suited for everyday use in the sports & outdoors category, offering a strong balance of value and functionality.",Sports & Outdoors,rechargeable versatile giftable lightweight portable,757.63,4.67,4680,1456,2021-10-23
https://example.com/images/advanced_cookware_set_366.jpg,Advanced Cookware Set 366,UrbanNest,"The Advanced Cookware Set 366 by UrbanNest delivers dependable performance with quality materials and thoughtful design. It is well suited for everyday use in the home & kitchen category, offering a strong balance of value and functionality.",Home & Kitchen,portable compact bestseller ergonomic modern,343.41,1.9,3909,104,2019-08-14
https://example.com/images/compact_led_desk_lamp_646.jpg,Compact LED Desk Lamp 646,Summit Gear Co.,"The Compact LED Desk Lamp 646 by Summit Gear Co. delivers dependable performance with quality materials and thoughtful design. It is well suited for everyday use in the clothing category, offering a strong balance of value and functionality.",Clothing,bestseller newarrival wireless essential lightweight,43.71,3.72,157,840,2017-01-18
https://example.com/images/wireless_backpack_792.jpg,Wireless Backpack 792,Horizon Tech,"The Wireless Backpack 792 by Horizon Tech delivers dependable performance with quality materials and thoughtful design. It is well suited for everyday use in the clothing category, offering a strong balance of value and functionality.",Clothing,rechargeable newarrival versatile premium portable,538.86,4.36,8008,632,2017-10-28
https://example.com/images/smart_fitness_tracker_895.jpg,Smart Fitness Tracker 895,Maple Street Press,"The Smart Fitness Tracker 895 by Maple Street Press delivers dependable performance with quality materials and thoughtful design. It is well suited for everyday use in the sports & outdoors category, offering a strong balance of value and functionality.",Sports & Outdoors,portable limitededition rechargeable newarrival compact,539.93,3.39,9742,813,2022-08-18
https://example.com/images/eco_graphic_t-shirt_811.jpg,Eco Graphic T-Shirt 811,BlueRiver Outfitters,"The Eco Graphic T-Shirt 811 by BlueRiver Outfitters delivers dependable performance with quality materials and thoughtful design. It is well suited for everyday use in the office supplies category, offering a strong balance of value and functionality.",Office Supplies,portable essential durable premium bestseller,354.85,3.86,2834,654,2018-12-19
https://example.com/images/compact_running_shoes_243.jpg,Compact Running Shoes 243,Summit Gear Co.,"The Compact Running Shoes 243 by Summit Gear Co. delivers dependable performance with quality materials and thoughtful design. It is well suited for everyday use in the sports & outdoors category, offering a strong balance of value and functionality.",Sports & Outdoors,giftable versatile rechargeable limitededition wireless,726.44,1.31,3622,545,2018-08-05
https://example.com/images/advanced_office_chair_778.jpg,Advanced Office Chair 778,SilverLine Electronics,"The Advanced Office Chair 778 by SilverLine Electronics delivers dependable performance with quality materials and thoughtful design. It is well suited for everyday use in the sports & outdoors category, offering a strong balance of value and functionality.",Sports & Outdoors,lightweight ergonomic portable durable versatile,10.14,3.92,247,1031,2024-07-09
https://example.com/images/smart_4k_monitor_990.jpg,Smart 4K Monitor 990,BlueRiver Outfitters,"The Smart 4K Monitor 990 by BlueRiver Outfitters delivers dependable performance with quality materials and thoughtful design. It is well suited for everyday use in the sports & outdoors category, offering a strong balance of value and functionality.",Sports & Outdoors,durable bestseller limitededition versatile giftable,575.99,2.6,6761,1625,2019-01-08
https://example.com/images/eco_led_desk_lamp_504.jpg,Eco LED Desk Lamp 504,BlueRiver Outfitters,"The Eco LED Desk Lamp 504 by BlueRiver Outfitters delivers dependable performance with quality materials and thoughtful design. It is well suited for everyday use in the electronics category, offering a strong balance of value and functionality.",Electronics,durable versatile compact waterproof rechargeable,379.72,1.21,3262,1426,2019-09-06
https://example.com/images/eco_cookware_set_286.jpg,Eco Cookware Set 286,NorthPeak,"The Eco Cookware Set 286 by NorthPeak delivers dependable performance with quality materials and thoughtful design. It is well suited for everyday use in the home & kitchen category, offering a strong balance of value and functionality.",Home & Kitchen,wireless giftable durable essential modern,679.37,4.52,7708,415,2023-08-04
https://example.com/images/eco_noise_cancelling_headphones_675.jpg,Eco Noise Cancelling Headphones 675,BrightLeaf Publishing,"The Eco Noise Cancelling Headphones 675 by BrightLeaf Publishing delivers dependable performance with quality materials and thoughtful design. It is well suited for everyday use in the books category, offering a strong balance of value and functionality.",Books,versatile limitededition ergonomic giftable durable,106.94,4.66,3559,1637,2019-06-19
https://example.com/images/wireless_backpack_773.jpg,Wireless Backpack 773,Summit Gear Co.,"The Wireless Backpack 773 by Summit Gear Co. delivers dependable performance with quality materials and thoughtful design. It is well suited for everyday use in the electronics category, offering a strong balance of value and functionality.",Electronics,versatile portable wireless limitededition modern,573.74,4.21,8621,1046,2021-11-15
https://example.com/images/smart_fitness_tracker_939.jpg,Smart Fitness Tracker 939,BrightLeaf Publishing,"The Smart Fitness Tracker 939 by BrightLeaf Publishing delivers dependable performance with quality materials and thoughtful design. It is well suited for everyday use in the clothing category, offering a strong balance of value and functionality.",Clothing,essential ergonomic modern newarrival limitededition,127.42,2.6,1263,1902,2017-05-26
https://example.com/images/premium_graphic_t-shirt_485.jpg,Premium Graphic T-Shirt 485,NorthPeak,"The Premium Graphic T-Shirt 485 by NorthPeak delivers dependable performance with quality materials and thoughtful design. It is well suited for everyday use in the books category, offering a strong balance of value and functionality.",Books,newarrival rechargeable ergonomic versatile bestseller,534.33,4.05,3839,975,2025-05-17
https://example.com/images/portable_led_desk_lamp_238.jpg,Portable LED Desk Lamp 238,Maple Street Press,"The Portable LED Desk Lamp 238 by Maple Street Press delivers dependable performance with quality materials and thoughtful design. It is well suited for everyday use in the clothing category, offering a strong balance of value and functionality.",Clothing,portable rechargeable versatile waterproof modern,58.24,4.69,4107,1218,2022-09-07
https://example.com/images/portable_graphic_t-shirt_710.jpg,Portable Graphic T-Shirt 710,Summit Gear Co.,"The Portable Graphic T-Shirt 710 by Summit Gear Co. delivers dependable performance with quality materials and thoughtful design. It is well suited for everyday use in the electronics category, offering a strong balance of value and functionality.",Electronics,durable premium bestseller newarrival ergonomic,629.11,4.16,8934,1724,2021-02-27
https://example.com/images/professional_gaming_mouse_786.jpg,Professional Gaming Mouse 786,Summit Gear Co.,"The Professional Gaming Mouse 786 by Summit Gear Co. delivers dependable performance with quality materials and thoughtful design. It is well suited for everyday use in the clothing category, offering a strong balance of value and functionality.",Clothing,lightweight rechargeable versatile limitededition ergonomic,780.61,2.68,5847,1823,2025-06-17
https://example.com/images/wireless_gaming_mouse_262.jpg,Wireless Gaming Mouse 262,Maple Street Press,"The Wireless Gaming Mouse 262 by Maple Street Press delivers dependable performance with quality materials and thoughtful design. It is well suited for everyday use in the books category, offering a strong balance of value and functionality.",Books,bestseller portable versatile compact rechargeable,550.75,1.33,7949,689,2020-08-04
https://example.com/images/smart_running_shoes_329.jpg,Smart Running Shoes 329,Summit Gear Co.,"The Smart Running Shoes 329 by Summit Gear Co. delivers dependable performance with quality materials and thoughtful design. It is well suited for everyday use in the books category, offering a strong balance of value and functionality.",Books,lightweight compact versatile bestseller giftable,522.03,1.91,6125,1680,2024-04-04
https://example.com/images/professional_smartphone_stand_510.jpg,Professional Smartphone Stand 510,SilverLine Electronics,"The Professional Smartphone Stand 510 by SilverLine Electronics delivers dependable performance with quality materials and thoughtful design. It is well suited for everyday use in the books category, offering a strong balance of value and functionality.",Books,ergonomic rechargeable limitededition durable waterproof,490.76,2.1,4780,69,2021-05-13
https://example.com/images/portable_bluetooth_speaker_584.jpg,Portable Bluetooth Speaker 584,BrightLeaf Publishing,"The Portable Bluetooth Speaker 584 by BrightLeaf Publishing delivers dependable performance with quality materials and thoughtful design. It is well suited for everyday use in the clothing category, offering a strong balance of value and functionality.",Clothing,waterproof portable essential limitededition newarrival,114.65,2.57,4346,1353,2023-10-07
https://example.com/images/eco_cookware_set_969.jpg,Eco Cookware Set 969,BrightLeaf Publishing,"The Eco Cookware Set 969 by BrightLeaf Publishing delivers dependable performance with quality materials and thoughtful design. It is well suited for everyday use in the home & kitchen category, offering a strong balance of value and functionality.",Home & Kitchen,compact lightweight newarrival limitededition premium,637.65,1.52,505,28,2023-09-06
https://example.com/images/classic_office_chair_724.jpg,Classic Office Chair 724,Summit Gear Co.,"The Classic Office Chair 724 by Summit Gear Co. delivers dependable performance with quality materials and thoughtful design. It is well suited for everyday use in the books category, offering a strong balance of value and functionality.",Books,lightweight portable giftable rechargeable modern,565.19,1.64,6118,687,2017-04-11
https://example.com/images/advanced_gaming_mouse_281.jpg,Advanced Gaming Mouse 281,UrbanNest,"The Advanced Gaming Mouse 281 by UrbanNest delivers dependable performance with quality materials and thoughtful design. It is well suited for everyday use in the sports & outdoors category, offering a strong balance of value and functionality.",Sports & Outdoors,bestseller portable ergonomic premium durable,90.02,2.52,6028,1278,2020-09-21
https://example.com/images/advanced_fitness_tracker_741.jpg,Advanced Fitness Tracker 741,Summit Gear Co.,"The Advanced Fitness Tracker 741 by Summit Gear Co. delivers dependable performance with quality materials and thoughtful design. It is well suited for everyday use in the electronics category, offering a strong balance of value and functionality.",Electronics,compact ergonomic versatile bestseller essential,583.54,4.34,6829,1241,2025-09-23
https://example.com/images/portable_noise_cancelling_headphones_311.jpg,Portable Noise Cancelling Headphones 311,BlueRiver Outfitters,"The Portable Noise Cancelling Headphones 311 by BlueRiver Outfitters delivers dependable performance with quality materials and thoughtful design. It is well suited for everyday use in the books category, offering a strong balance of value and functionality.",Books,modern premium lightweight ergonomic compact,760.73,4.72,7017,1152,2020-03-12
https://example.com/images/eco_smartphone_stand_390.jpg,Eco Smartphone Stand 390,Maple Street Press,"The Eco Smartphone Stand 390 by Maple Street Press delivers dependable performance with quality materials and thoughtful design. It is well suited for everyday use in the home & kitchen category, offering a strong balance of value and functionality.",Home & Kitchen,ergonomic limitededition rechargeable premium durable,379.5,4.41,555,1238,2019-05-08
https://example.com/images/classic_gaming_mouse_730.jpg,Classic Gaming Mouse 730,Maple Street Press,"The Classic Gaming Mouse 730 by Maple Street Press delivers dependable performance with quality materials and thoughtful design. It is well suited for everyday use in the clothing category, offering a strong balance of value and functionality.",Clothing,lightweight limitededition modern wireless bestseller,186.17,2.84,1767,606,2025-06-26
https://example.com/images/smart_gaming_mouse_391.jpg,Smart Gaming Mouse 391,BlueRiver Outfitters,"The Smart Gaming Mouse 391 by BlueRiver Outfitters delivers dependable performance with quality materials and thoughtful design. It is well suited for everyday use in the electronics category, offering a strong balance of value and functionality.",Electronics,versatile wireless lightweight modern essential,660.29,3.27,1774,191,2023-09-13
https://example.com/images/classic_stainless_steel_water_bottle_411.jpg,Classic Stainless Steel Water Bottle 411,Summit Gear Co.,"The Classic Stainless Steel Water Bottle 411 by Summit Gear Co. delivers dependable performance with quality materials and thoughtful design. It is well suited for everyday use in the office supplies category, offering a strong balance of value and functionality.",Office Supplies,premium durable rechargeable giftable portable,195.84,1.09,1282,1156,2023-08-19
https://example.com/images/compact_mechanical_keyboard_429.jpg,Compact Mechanical Keyboard 429,UrbanNest,"The Compact Mechanical Keyboard 429 by UrbanNest delivers dependable performance with quality materials and thoughtful design. It is well suited for everyday use in the office supplies category, offering a strong balance of value and functionality.",Office Supplies,lightweight versatile premium limitededition essential,629.63,3.44,1517,1510,2016-12-04
https://example.com/images/smart_gaming_mouse_820.jpg,Smart Gaming Mouse 820,NorthPeak,"The Smart Gaming Mouse 820 by NorthPeak delivers dependable performance with quality materials and thoughtful design. It is well suited for everyday use in the electronics category, offering a strong balance of value and functionality.",Electronics,bestseller premium rechargeable lightweight versatile,370.86,2.1,2575,952,2021-02-25
https://example.com/images/advanced_science_fiction_novel_702.jpg,Advanced Science Fiction Novel 702,Summit Gear Co.,"The Advanced Science Fiction Novel 702 by Summit Gear Co. delivers dependable performance with quality materials and thoughtful design. It is well suited for everyday use in the sports & outdoors category, offering a strong balance of value and functionality.",Sports & Outdoors,waterproof rechargeable lightweight ergonomic portable,231.38,4.32,4712,185,2018-03-28
https://example.com/images/compact_graphic_t-shirt_255.jpg,Compact Graphic T-Shirt 255,SilverLine Electronics,"The Compact Graphic T-Shirt 255 by SilverLine Electronics delivers dependable performance with quality materials and thoughtful design. It is well suited for everyday use in the sports & outdoors category, offering a strong balance of value and functionality.",Sports & Outdoors,essential wireless ergonomic giftable compact,213.26,4.05,7111,1290,2020-02-12
https://example.com/images/advanced_external_hard_drive_624.jpg,Advanced External Hard Drive 624,NorthPeak,"The Advanced External Hard Drive 624 by NorthPeak delivers dependable performance with quality materials and thoughtful design. It is well suited for everyday use in the books category, offering a strong balance of value and functionality.",Books,compact giftable premium essential limitededition,406.03,2.45,3356,1426,2022-02-14
https://example.com/images/ultra_yoga_mat_995.jpg,Ultra Yoga Mat 995,NorthPeak,"The Ultra Yoga Mat 995 by NorthPeak delivers dependable performance with quality materials and thoughtful design. It is well suited for everyday use in the books category, offering a strong balance of value and functionality.",Books,portable versatile essential limitededition lightweight,555.62,1.29,4381,1594,2019-05-07
https://example.com/images/advanced_science_fiction_novel_273.jpg,Advanced Science Fiction Novel 273,Horizon Tech,"The Advanced Science Fiction Novel 273 by Horizon Tech delivers dependable performance with quality materials and thoughtful design. It is well suited for everyday use in the sports & outdoors category, offering a strong balance of value and functionality.",Sports & Outdoors,bestseller rechargeable durable wireless waterproof,488.85,3.09,6903,33,2016-11-30
https://example.com/images/eco_mechanical_keyboard_227.jpg,Eco Mechanical Keyboard 227,Summit Gear Co.,"The Eco Mechanical Keyboard 227 by Summit Gear Co. delivers dependable performance with quality materials and thoughtful design. It is well suited for everyday use in the sports & outdoors category, offering a strong balance of value and functionality.",Sports & Outdoors,durable giftable waterproof ergonomic rechargeable,670.07,1.37,228,1204,2017-07-25
https://example.com/images/compact_mechanical_keyboard_702.jpg,Compact Mechanical Keyboard 702,BlueRiver Outfitters,"The Compact Mechanical Keyboard 702 by BlueRiver Outfitters delivers dependable performance with quality materials and thoughtful design. It is well suited for everyday use in the clothing category, offering a strong balance of value and functionality.",Clothing,giftable compact wireless versatile premium,625.45,3.04,8218,1598,2023-09-29
https://example.com/images/classic_noise_cancelling_headphones_122.jpg,Classic Noise Cancelling Headphones 122,BlueRiver Outfitters,"The Classic Noise Cancelling Headphones 122 by BlueRiver Outfitters delivers dependable performance with quality materials and thoughtful design. It is well suited for everyday use in the office supplies category, offering a strong balance of value and functionality.",Office Supplies,bestseller compact modern limitededition portable,597.91,4.85,305,1659,2022-02-05
https://example.com/images/classic_fitness_tracker_926.jpg,Classic Fitness Tracker 926,SilverLine Electronics,"The Classic Fitness Tracker 926 by SilverLine Electronics delivers dependable performance with quality materials and thoughtful design. It is well suited for everyday use in the home & kitchen category, offering a strong balance of value and functionality.",Home & Kitchen,versatile ergonomic modern compact essential,570.69,4.66,6232,61,2019-06-12
https://example.com/images/advanced_electric_kettle_185.jpg,Advanced Electric Kettle 185,BrightLeaf Publishing,"The Advanced Electric Kettle 185 by BrightLeaf Publishing delivers dependable performance with quality materials and thoughtful design. It is well suited for everyday use in the sports & outdoors category, offering a strong balance of value and functionality.",Sports & Outdoors,ergonomic modern bestseller limitededition durable,145.25,4.6,6701,1535,2021-09-02
https://example.com/images/portable_gaming_mouse_429.jpg,Portable Gaming Mouse 429,BrightLeaf Publishing,"The Portable Gaming Mouse 429 by BrightLeaf Publishing delivers dependable performance with quality materials and thoughtful design. It is well suited for everyday use in the sports & outdoors category, offering a strong balance of value and functionality.",Sports & Outdoors,newarrival modern limitededition bestseller portable,68.31,3.77,1032,372,2018-03-31
https://example.com/images/portable_fitness_tracker_635.jpg,Portable Fitness Tracker 635,BrightLeaf Publishing,"The Portable Fitness Tracker 635 by BrightLeaf Publishing delivers dependable performance with quality materials and thoughtful design. It is well suited for everyday use in the clothing category, offering a strong balance of value and functionality.",Clothing,rechargeable wireless essential bestseller giftable,209.3,2.97,3975,696,2025-12-04
https://example.com/images/professional_smartphone_stand_434.jpg,Professional Smartphone Stand 434,Horizon Tech,"The Professional Smartphone Stand 434 by Horizon Tech delivers dependable performance with quality materials and thoughtful design. It is well suited for everyday use in the books category, offering a strong balance of value and functionality.",Books,waterproof newarrival portable modern wireless,25.78,1.72,759,964,2022-04-23
https://example.com/images/ultra_gaming_mouse_914.jpg,Ultra Gaming Mouse 914,BlueRiver Outfitters,"The Ultra Gaming Mouse 914 by BlueRiver Outfitters delivers dependable performance with quality materials and thoughtful design. It is well suited for everyday use in the clothing category, offering a strong balance of value and functionality.",Clothing,limitededition waterproof wireless rechargeable newarrival,540.56,2.19,4516,1534,2017-08-03
https://example.com/images/wireless_external_hard_drive_550.jpg,Wireless External Hard Drive 550,NorthPeak,"The Wireless External Hard Drive 550 by NorthPeak delivers dependable performance with quality materials and thoughtful design. It is well suited for everyday use in the sports & outdoors category, offering a strong balance of value and functionality.",Sports & Outdoors,versatile limitededition rechargeable giftable essential,616.34,1.44,5284,485,2022-09-03
https://example.com/images/classic_yoga_mat_423.jpg,Classic Yoga Mat 423,Horizon Tech,"The Classic Yoga Mat 423 by Horizon Tech delivers dependable performance with quality materials and thoughtful design. It is well suited for everyday use in the office supplies category, offering a strong balance of value and functionality.",Office Supplies,bestseller premium portable ergonomic wireless,312.7,2.3,9184,527,2020-02-17
https://example.com/images/advanced_graphic_t-shirt_973.jpg,Advanced Graphic T-Shirt 973,SilverLine Electronics,"The Advanced Graphic T-Shirt 973 by SilverLine Electronics delivers dependable performance with quality materials and thoughtful design. It is well suited for everyday use in the home & kitchen category, offering a strong balance of value and functionality.",Home & Kitchen,giftable lightweight ergonomic bestseller limitededition,312.79,2.16,3671,1979,2021-11-18
https://example.com/images/eco_external_hard_drive_944.jpg,Eco External Hard Drive 944,Maple Street Press,"The Eco External Hard Drive 944 by Maple Street Press delivers dependable performance with quality materials and thoughtful design. It is well suited for everyday use in the books category, offering a strong balance of value and functionality.",Books,lightweight premium versatile essential durable,511.71,1.57,5593,1822,2017-02-13
https://example.com/images/portable_electric_kettle_772.jpg,Portable Electric Kettle 772,Summit Gear Co.,"The Portable Electric Kettle 772 by Summit Gear Co. delivers dependable performance with quality materials and thoughtful design. It is well suited for everyday use in the office supplies category, offering a strong balance of value and functionality.",Office Supplies,waterproof modern ergonomic lightweight newarrival,10.76,1.6,3625,961,2020-05-19
https://example.com/images/classic_cookbook_513.jpg,Classic Cookbook 513,Summit Gear Co.,"The Classic Cookbook 513 by Summit Gear Co. delivers dependable performance with quality materials and thoughtful design. It is well suited for everyday use in the books category, offering a strong balance of value and functionality.",Books,portable premium compact durable waterproof,279.57,1.86,7316,1599,2025-07-22
https://example.com/images/portable_mechanical_keyboard_808.jpg,Portable Mechanical Keyboard 808,BrightLeaf Publishing,"The Portable Mechanical Keyboard 808 by BrightLeaf Publishing delivers dependable performance with quality materials and thoughtful design. It is well suited for everyday use in the home & kitchen category, offering a strong balance of value and functionality.",Home & Kitchen,essential wireless portable limitededition bestseller,395.73,2.03,9249,1591,2022-08-25
https://example.com/images/professional_cookware_set_901.jpg,Professional Cookware Set 901,SilverLine Electronics,"The Professional Cookware Set 901 by SilverLine Electronics delivers dependable performance with quality materials and thoughtful design. It is well suited for everyday use in the sports & outdoors category, offering a strong balance of value and functionality.",Sports & Outdoors,portable giftable essential ergonomic premium,639.02,2.76,6153,332,2016-04-20
https://example.com/images/eco_mechanical_keyboard_715.jpg,Eco Mechanical Keyboard 715,UrbanNest,"The Eco Mechanical Keyboard 715 by UrbanNest delivers dependable performance with quality materials and thoughtful design. It is well suited for everyday use in the home & kitchen category, offering a strong balance of value and functionality.",Home & Kitchen,portable essential wireless compact modern,51.87,3.57,1734,1855,2024-09-20
https://example.com/images/premium_running_shoes_818.jpg,Premium Running Shoes 818,UrbanNest,"The Premium Running Shoes 818 by UrbanNest delivers dependable performance with quality materials and thoughtful design. It is well suited for everyday use in the books category, offering a strong balance of value and functionality.",Books,rechargeable ergonomic modern giftable essential,132.97,2.95,2003,301,2021-12-23
https://example.com/images/premium_led_desk_lamp_602.jpg,Premium LED Desk Lamp 602,Horizon Tech,"The Premium LED Desk Lamp 602 by Horizon Tech delivers dependable performance with quality materials and thoughtful design. It is well suited for everyday use in the electronics category, offering a strong balance of value and functionality.",Electronics,limitededition rechargeable ergonomic waterproof giftable,289.28,3.31,814,992,2023-03-02
https://example.com/images/advanced_4k_monitor_456.jpg,Advanced 4K Monitor 456,Summit Gear Co.,"The Advanced 4K Monitor 456 by Summit Gear Co. delivers dependable performance with quality materials and thoughtful design. It is well suited for everyday use in the sports & outdoors category, offering a strong balance of value and functionality.",Sports & Outdoors,bestseller portable essential waterproof compact,404.82,3.27,6474,1049,2018-04-07
https://example.com/images/wireless_running_shoes_230.jpg,Wireless Running Shoes 230,NorthPeak,"The Wireless Running Shoes 230 by NorthPeak delivers dependable performance with quality materials and thoughtful design. It is well suited for everyday use in the office supplies category, offering a strong balance of value and functionality.",Office Supplies,wireless limitededition premium waterproof portable,248.59,2.95,6433,467,2025-12-30
https://example.com/images/ultra_stainless_steel_water_bottle_349.jpg,Ultra Stainless Steel Water Bottle 349,NorthPeak,"The Ultra Stainless Steel Water Bottle 349 by NorthPeak delivers dependable performance with quality materials and thoughtful design. It is well suited for everyday use in the clothing category, offering a strong balance of value and functionality.",Clothing,newarrival lightweight wireless versatile limitededition,305.95,2.46,2930,1784,2024-03-14
https://example.com/images/advanced_noise_cancelling_headphones_212.jpg,Advanced Noise Cancelling Headphones 212,Summit Gear Co.,"The Advanced Noise Cancelling Headphones 212 by Summit Gear Co. delivers dependable performance with quality materials and thoughtful design. It is well suited for everyday use in the office supplies category, offering a strong balance of value and functionality.",Office Supplies,giftable versatile premium durable compact,139.81,1.19,9500,1488,2019-05-17
https://example.com/images/compact_stainless_steel_water_bottle_349.jpg,Compact Stainless Steel Water Bottle 349,BlueRiver Outfitters,"The Compact Stainless Steel Water Bottle 349 by BlueRiver Outfitters delivers dependable performance with quality materials and thoughtful design. It is well suited for everyday use in the clothing category, offering a strong balance of value and functionality.",Clothing,essential limitededition versatile compact bestseller,681.71,2.79,2729,466,2021-04-08
https://example.com/images/smart_led_desk_lamp_590.jpg,Smart LED Desk Lamp 590,Maple Street Press,"The Smart LED Desk Lamp 590 by Maple Street Press delivers dependable performance with quality materials and thoughtful design. It is well suited for everyday use in the home & kitchen category, offering a strong balance of value and functionality.",Home & Kitchen,versatile compact waterproof bestseller wireless,633.48,2.16,7325,1064,2022-01-11
https://example.com/images/smart_4k_monitor_264.jpg,Smart 4K Monitor 264,SilverLine Electronics,"The Smart 4K Monitor 264 by SilverLine Electronics delivers dependable performance with quality materials and thoughtful design. It is well suited for everyday use in the clothing category, offering a strong balance of value and functionality.",Clothing,waterproof newarrival giftable rechargeable modern,700.37,4.97,9452,909,2023-01-05
https://example.com/images/professional_stainless_steel_water_bottle_228.jpg,Professional Stainless Steel Water Bottle 228,Summit Gear Co.,"The Professional Stainless Steel Water Bottle 228 by Summit Gear Co. delivers dependable performance with quality materials and thoughtful design. It is well suited for everyday use in the home & kitchen category, offering a strong balance of value and functionality.",Home & Kitchen,portable compact limitededition durable lightweight,265.98,4.39,9735,691,2022-06-20
https://example.com/images/ultra_running_shoes_655.jpg,Ultra Running Shoes 655,BrightLeaf Publishing,"The Ultra Running Shoes 655 by BrightLeaf Publishing delivers dependable performance with quality materials and thoughtful design. It is well suited for everyday use in the books category, offering a strong balance of value and functionality.",Books,lightweight durable giftable premium rechargeable,778.41,3.04,7081,1033,2022-02-03
https://example.com/images/professional_cookbook_468.jpg,Professional Cookbook 468,Maple Street Press,"The Professional Cookbook 468 by Maple Street Press delivers dependable performance with quality materials and thoughtful design. It is well suited for everyday use in the books category, offering a strong balance of value and functionality.",Books,premium versatile newarrival giftable rechargeable,302.28,4.51,8265,1006,2018-10-10
https://example.com/images/professional_office_chair_253.jpg,Professional Office Chair 253,Horizon Tech,"The Professional Office Chair 253 by Horizon Tech delivers dependable performance with quality materials and thoughtful design. It is well suited for everyday use in the electronics category, offering a strong balance of value and functionality.",Electronics,portable waterproof giftable essential ergonomic,396.88,2.45,3679,1062,2024-11-25
https://example.com/images/portable_stainless_steel_water_bottle_317.jpg,Portable Stainless Steel Water Bottle 317,BrightLeaf Publishing,"The Portable Stainless Steel Water Bottle 317 by BrightLeaf Publishing delivers dependable performance with quality materials and thoughtful design. It is well suited for everyday use in the home & kitchen category, offering a strong balance of value and functionality.",Home & Kitchen,compact bestseller rechargeable portable essential,469.97,3.63,5880,1529,2025-05-15
https://example.com/images/classic_fitness_tracker_522.jpg,Classic Fitness Tracker 522,NorthPeak,"The Classic Fitness Tracker 522 by NorthPeak delivers dependable performance with quality materials and thoughtful design. It is well suited for everyday use in the electronics category, offering a strong balance of value and functionality.",Electronics,versatile wireless modern essential waterproof,438.52,2.09,2085,1886,2022-05-08
https://example.com/images/portable_cookware_set_147.jpg,Portable Cookware Set 147,SilverLine Electronics,"The Portable Cookware Set 147 by SilverLine Electronics delivers dependable performance with quality materials and thoughtful design. It is well suited for everyday use in the office supplies category, offering a strong balance of value and functionality.",Office Supplies,compact durable ergonomic bestseller wireless,698.55,4.12,1595,880,2020-01-26
https://example.com/images/portable_led_desk_lamp_248.jpg,Portable LED Desk Lamp 248,Summit Gear Co.,"The Portable LED Desk Lamp 248 by Summit Gear Co. delivers dependable performance with quality materials and thoughtful design. It is well suited for everyday use in the electronics category, offering a strong balance of value and functionality.",Electronics,giftable waterproof portable compact essential,554.74,1.13,9273,580,2025-04-23
https://example.com/images/compact_science_fiction_novel_259.jpg,Compact Science Fiction Novel 259,Maple Street Press,"The Compact Science Fiction Novel 259 by Maple Street Press delivers dependable performance with quality materials and thoughtful design. It is well suited for everyday use in the clothing category, offering a strong balance of value and functionality.",Clothing,giftable durable essential modern compact,675.5,3.48,5397,715,2023-10-13
https://example.com/images/portable_mechanical_keyboard_198.jpg,Portable Mechanical Keyboard 198,Summit Gear Co.,"The Portable Mechanical Keyboard 198 by Summit Gear Co. delivers dependable performance with quality materials and thoughtful design. It is well suited for everyday use in the sports & outdoors category, offering a strong balance of value and functionality.",Sports & Outdoors,essential limitededition premium durable portable,341.22,3.2,1618,1145,2020-09-18
https://example.com/images/smart_graphic_t-shirt_892.jpg,Smart Graphic T-Shirt 892,Horizon Tech,"The Smart Graphic T-Shirt 892 by Horizon Tech delivers dependable performance with quality materials and thoughtful design. It is well suited for everyday use in the sports & outdoors category, offering a strong balance of value and functionality.",Sports & Outdoors,giftable compact waterproof durable versatile,238.67,1.83,5659,1349,2018-11-24
https://example.com/images/eco_bluetooth_speaker_596.jpg,Eco Bluetooth Speaker 596,SilverLine Electronics,"The Eco Bluetooth Speaker 596 by SilverLine Electronics delivers dependable performance with quality materials and thoughtful design. It is well suited for everyday use in the office supplies category, offering a strong balance of value and functionality.",Office Supplies,lightweight bestseller compact waterproof rechargeable,331.56,4.66,4075,1877,2016-12-13
https://example.com/images/smart_electric_kettle_193.jpg,Smart Electric Kettle 193,Summit Gear Co.,"The Smart Electric Kettle 193 by Summit Gear Co. delivers dependable performance with quality materials and thoughtful design. It is well suited for everyday use in the electronics category, offering a strong balance of value and functionality.",Electronics,rechargeable lightweight limitededition versatile portable,145.91,3.17,8100,908,2023-12-30
https://example.com/images/eco_smartphone_stand_237.jpg,Eco Smartphone Stand 237,SilverLine Electronics,"The Eco Smartphone Stand 237 by SilverLine Electronics delivers dependable performance with quality materials and thoughtful design. It is well suited for everyday use in the electronics category, offering a strong balance of value and functionality.",Electronics,premium compact limitededition portable bestseller,747.09,4.64,6589,880,2017-05-01
https://example.com/images/classic_mechanical_keyboard_187.jpg,Classic Mechanical Keyboard 187,BlueRiver Outfitters,"The Classic Mechanical Keyboard 187 by BlueRiver Outfitters delivers dependable performance with quality materials and thoughtful design. It is well suited for everyday use in the office supplies category, offering a strong balance of value and functionality.",Office Supplies,limitededition durable newarrival premium ergonomic,324.76,4.06,9251,828,2020-10-01
https://example.com/images/classic_electric_kettle_571.jpg,Classic Electric Kettle 571,BlueRiver Outfitters,"The Classic Electric Kettle 571 by BlueRiver Outfitters delivers dependable performance with quality materials and thoughtful design. It is well suited for everyday use in the office supplies category, offering a strong balance of value and functionality.",Office Supplies,durable waterproof rechargeable modern ergonomic,113.9,1.1,7898,564,2019-06-19
https://example.com/images/wireless_action_camera_279.jpg,Wireless Action Camera 279,UrbanNest,"The Wireless Action Camera 279 by UrbanNest delivers dependable performance with quality materials and thoughtful design. It is well suited for everyday use in the office supplies category, offering a strong balance of value and functionality.",Office Supplies,compact essential portable bestseller versatile,572.09,3.04,5890,1383,2019-04-02
https://example.com/images/wireless_smartphone_stand_539.jpg,Wireless Smartphone Stand 539,UrbanNest,"The Wireless Smartphone Stand 539 by UrbanNest delivers dependable performance with quality materials and thoughtful design. It is well suited for everyday use in the electronics category, offering a strong balance of value and functionality.",Electronics,lightweight waterproof ergonomic giftable modern,74.58,3.81,4665,1946,2025-05-31
https://example.com/images/portable_graphic_t-shirt_750.jpg,Portable Graphic T-Shirt 750,SilverLine Electronics,"The Portable Graphic T-Shirt 750 by SilverLine Electronics delivers dependable performance with quality materials and thoughtful design. It is well suited for everyday use in the office supplies category, offering a strong balance of value and functionality.",Office Supplies,newarrival portable ergonomic giftable premium,366.04,4.11,41,1476,2024-08-26
https://example.com/images/ultra_bluetooth_speaker_234.jpg,Ultra Bluetooth Speaker 234,Horizon Tech,"The Ultra Bluetooth Speaker 234 by Horizon Tech delivers dependable performance with quality materials and thoughtful design. It is well suited for everyday use in the home & kitchen category, offering a strong balance of value and functionality.",Home & Kitchen,compact essential limitededition portable ergonomic,786.9,2.56,8370,819,2018-06-22
https://example.com/images/premium_mechanical_keyboard_667.jpg,Premium Mechanical Keyboard 667,Summit Gear Co.,"The Premium Mechanical Keyboard 667 by Summit Gear Co. delivers dependable performance with quality materials and thoughtful design. It is well suited for everyday use in the sports & outdoors category, offering a strong balance of value and functionality.",Sports & Outdoors,bestseller compact lightweight portable waterproof,353.9,3.56,863,1344,2017-05-07
https://example.com/images/portable_bluetooth_speaker_310.jpg,Portable Bluetooth Speaker 310,BrightLeaf Publishing,"The Portable Bluetooth Speaker 310 by BrightLeaf Publishing delivers dependable performance with quality materials and thoughtful design. It is well suited for everyday use in the home & kitchen category, offering a strong balance of value and functionality.",Home & Kitchen,rechargeable durable wireless bestseller premium,586.6,1.92,1199,1928,2019-02-15
https://example.com/images/premium_gaming_mouse_785.jpg,Premium Gaming Mouse 785,Horizon Tech,"The Premium Gaming Mouse 785 by Horizon Tech delivers dependable performance with quality materials and thoughtful design. It is well suited for everyday use in the office supplies category, offering a strong balance of value and functionality.",Office Supplies,limitededition bestseller ergonomic premium modern,378.57,3.33,623,902,2021-07-05
https://example.com/images/advanced_office_chair_805.jpg,Advanced Office Chair 805,NorthPeak,"The Advanced Office Chair 805 by NorthPeak delivers dependable performance with quality materials and thoughtful design. It is well suited for everyday use in the sports & outdoors category, offering a strong balance of value and functionality.",Sports & Outdoors,portable ergonomic rechargeable versatile giftable,385.49,1.61,5817,1359,2022-02-22
https://example.com/images/compact_bluetooth_speaker_998.jpg,Compact Bluetooth Speaker 998,UrbanNest,"The Compact Bluetooth Speaker 998 by UrbanNest delivers dependable performance with quality materials and thoughtful design. It is well suited for everyday use in the home & kitchen category, offering a strong balance of value and functionality.",Home & Kitchen,modern limitededition premium rechargeable lightweight,259.28,3.69,9869,1940,2025-07-19
https://example.com/images/professional_noise_cancelling_headphones_620.jpg,Professional Noise Cancelling Headphones 620,BrightLeaf Publishing,"The Professional Noise Cancelling Headphones 620 by BrightLeaf Publishing delivers dependable performance with quality materials and thoughtful design. It is well suited for everyday use in the sports & outdoors category, offering a strong balance of value and functionality.",Sports & Outdoors,wireless rechargeable lightweight durable giftable,445.74,1.68,7006,1671,2018-07-10
https://example.com/images/eco_cookbook_943.jpg,Eco Cookbook 943,UrbanNest,"The Eco Cookbook 943 by UrbanNest delivers dependable performance with quality materials and thoughtful design. It is well suited for everyday use in the books category, offering a strong balance of value and functionality.",Books,versatile essential premium compact portable,568.41,3.97,7375,1214,2020-10-11
https://example.com/images/classic_stainless_steel_water_bottle_679.jpg,Classic Stainless Steel Water Bottle 679,Maple Street Press,"The Classic Stainless Steel Water Bottle 679 by Maple Street Press delivers dependable performance with quality materials and thoughtful design. It is well suited for everyday use in the home & kitchen category, offering a strong balance of value and functionality.",Home & Kitchen,ergonomic waterproof modern limitededition essential,189.59,4.35,9421,556,2020-01-20
https://example.com/images/eco_external_hard_drive_138.jpg,Eco External Hard Drive 138,BlueRiver Outfitters,"The Eco External Hard Drive 138 by BlueRiver Outfitters delivers dependable performance with quality materials and thoughtful design. It is well suited for everyday use in the office supplies category, offering a strong balance of value and functionality.",Office Supplies,wireless giftable ergonomic portable modern,750.27,2.37,6394,1562,2025-01-15
https://example.com/images/professional_led_desk_lamp_794.jpg,Professional LED Desk Lamp 794,Maple Street Press,"The Professional LED Desk Lamp 794 by Maple Street Press delivers dependable performance with quality materials and thoughtful design. It is well suited for everyday use in the books category, offering a strong balance of value and functionality.",Books,compact ergonomic bestseller giftable lightweight,68.31,1.83,9354,195,2025-09-07
https://example.com/images/compact_fitness_tracker_780.jpg,Compact Fitness Tracker 780,Summit Gear Co.,"The Compact Fitness Tracker 780 by Summit Gear Co. delivers dependable performance with quality materials and thoughtful design. It is well suited for everyday use in the sports & outdoors category, offering a strong balance of value and functionality.",Sports & Outdoors,waterproof modern newarrival compact ergonomic,685.96,2.23,3832,88,2017-05-13
https://example.com/images/wireless_external_hard_drive_961.jpg,Wireless External Hard Drive 961,UrbanNest,"The Wireless External Hard Drive 961 by UrbanNest delivers dependable performance with quality materials and thoughtful design. It is well suited for everyday use in the sports & outdoors category, offering a strong balance of value and functionality.",Sports & Outdoors,portable giftable waterproof ergonomic rechargeable,66.95,4.17,6655,563,2019-03-30
https://example.com/images/eco_smartphone_stand_949.jpg,Eco Smartphone Stand 949,SilverLine Electronics,"The Eco Smartphone Stand 949 by SilverLine Electronics delivers dependable performance with quality materials and thoughtful design. It is well suited for everyday use in the clothing category, offering a strong balance of value and functionality.",Clothing,giftable bestseller compact limitededition lightweight,140.76,1.85,8288,591,2020-02-01
https://example.com/images/premium_4k_monitor_367.jpg,Premium 4K Monitor 367,BrightLeaf Publishing,"The Premium 4K Monitor 367 by BrightLeaf Publishing delivers dependable performance with quality materials and thoughtful design. It is well suited for everyday use in the clothing category, offering a strong balance of value and functionality.",Clothing,bestseller essential giftable ergonomic limitededition,240.13,3.45,9472,967,2020-06-08
https://example.com/images/classic_running_shoes_137.jpg,Classic Running Shoes 137,Horizon Tech,"The Classic Running Shoes 137 by Horizon Tech delivers dependable performance with quality materials and thoughtful design. It is well suited for everyday use in the sports & outdoors category, offering a strong balance of value and functionality.",Sports & Outdoors,rechargeable premium versatile compact durable,410.04,4.16,4095,1380,2018-01-11
https://example.com/images/professional_running_shoes_661.jpg,Professional Running Shoes 661,BrightLeaf Publishing,"The Professional Running Shoes 661 by BrightLeaf Publishing delivers dependable performance with quality materials and thoughtful design. It is well suited for everyday use in the clothing category, offering a strong balance of value and functionality.",Clothing,wireless limitededition premium compact bestseller,560.59,1.06,7449,108,2018-06-18
https://example.com/images/ultra_fitness_tracker_132.jpg,Ultra Fitness Tracker 132,NorthPeak,"The Ultra Fitness Tracker 132 by NorthPeak delivers dependable performance with quality materials and thoughtful design. It is well suited for everyday use in the electronics category, offering a strong balance of value and functionality.",Electronics,modern waterproof premium newarrival portable,155.1,1.29,3120,1143,2020-10-11
https://example.com/images/classic_electric_kettle_697.jpg,Classic Electric Kettle 697,BrightLeaf Publishing,"The Classic Electric Kettle 697 by BrightLeaf Publishing delivers dependable performance with quality materials and thoughtful design. It is well suited for everyday use in the sports & outdoors category, offering a strong balance of value and functionality.",Sports & Outdoors,essential compact newarrival bestseller durable,717.93,3.3,322,704,2016-02-17
https://example.com/images/classic_noise_cancelling_headphones_997.jpg,Classic Noise Cancelling Headphones 997,SilverLine Electronics,"The Classic Noise Cancelling Headphones 997 by SilverLine Electronics delivers dependable performance with quality materials and thoughtful design. It is well suited for everyday use in the home & kitchen category, offering a strong balance of value and functionality.",Home & Kitchen,rechargeable waterproof durable portable ergonomic,443.41,2.44,1270,535,2025-05-16
https://example.com/images/wireless_yoga_mat_659.jpg,Wireless Yoga Mat 659,NorthPeak,"The Wireless Yoga Mat 659 by NorthPeak delivers dependable performance with quality materials and thoughtful design. It is well suited for everyday use in the books category, offering a strong balance of value and functionality.",Books,bestseller limitededition giftable modern portable,483.17,3.69,3809,1992,2017-08-11
https://example.com/images/premium_electric_kettle_255.jpg,Premium Electric Kettle 255,BlueRiver Outfitters,"The Premium Electric Kettle 255 by BlueRiver Outfitters delivers dependable performance with quality materials and thoughtful design. It is well suited for everyday use in the home & kitchen category, offering a strong balance of value and functionality.",Home & Kitchen,premium waterproof durable portable giftable,312.49,1.14,2471,944,2022-03-06
https://example.com/images/smart_gaming_mouse_815.jpg,Smart Gaming Mouse 815,UrbanNest,"The Smart Gaming Mouse 815 by UrbanNest delivers dependable performance with quality materials and thoughtful design. It is well suited for everyday use in the office supplies category, offering a strong balance of value and functionality.",Office Supplies,modern bestseller durable portable ergonomic,672.5,2.78,8139,1744,2024-06-12
https://example.com/images/eco_4k_monitor_954.jpg,Eco 4K Monitor 954,Horizon Tech,"The Eco 4K Monitor 954 by Horizon Tech delivers dependable performance with quality materials and thoughtful design. It is well suited for everyday use in the books category, offering a strong balance of value and functionality.",Books,premium waterproof lightweight bestseller modern,326.56,1.04,8074,856,2019-03-10
https://example.com/images/ultra_noise_cancelling_headphones_884.jpg,Ultra Noise Cancelling Headphones 884,Horizon Tech,"The Ultra Noise Cancelling Headphones 884 by Horizon Tech delivers dependable performance with quality materials and thoughtful design. It is well suited for everyday use in the home & kitchen category, offering a strong balance of value and functionality.",Home & Kitchen,compact versatile giftable newarrival rechargeable,111.86,2.94,6103,299,2020-07-29
https://example.com/images/eco_electric_kettle_687.jpg,Eco Electric Kettle 687,SilverLine Electronics,"The Eco Electric Kettle 687 by SilverLine Electronics delivers dependable performance with quality materials and thoughtful design. It is well suited for everyday use in the home & kitchen category, offering a strong balance of value and functionality.",Home & Kitchen,bestseller waterproof modern durable essential,121.84,3.2,8813,194,2019-01-28
https://example.com/images/ultra_cookware_set_799.jpg,Ultra Cookware Set 799,Horizon Tech,"The Ultra Cookware Set 799 by Horizon Tech delivers dependable performance with quality materials and thoughtful design. It is well suited for everyday use in the electronics category, offering a strong balance of value and functionality.",Electronics,lightweight newarrival waterproof essential durable,245.51,4.96,7033,1850,2022-08-14
https://example.com/images/compact_fitness_tracker_478.jpg,Compact Fitness Tracker 478,NorthPeak,"The Compact Fitness Tracker 478 by NorthPeak delivers dependable performance with quality materials and thoughtful design. It is well suited for everyday use in the home & kitchen category, offering a strong balance of value and functionality.",Home & Kitchen,wireless giftable durable premium lightweight,244.09,2.14,4425,504,2025-01-14
https://example.com/images/wireless_fitness_tracker_537.jpg,Wireless Fitness Tracker 537,BlueRiver Outfitters,"The Wireless Fitness Tracker 537 by BlueRiver Outfitters delivers dependable performance with quality materials and thoughtful design. It is well suited for everyday use in the sports & outdoors category, offering a strong balance of value and functionality.",Sports & Outdoors,giftable compact newarrival limitededition portable,444.28,1.31,3470,1458,2021-09-27
https://example.com/images/advanced_running_shoes_272.jpg,Advanced Running Shoes 272,NorthPeak,"The Advanced Running Shoes 272 by NorthPeak delivers dependable performance with quality materials and thoughtful design. It is well suited for everyday use in the home & kitchen category, offering a strong balance of value and functionality.",Home & Kitchen,compact portable modern essential giftable,439.92,3.49,774,1998,2021-01-17
https://example.com/images/classic_bluetooth_speaker_860.jpg,Classic Bluetooth Speaker 860,BrightLeaf Publishing,"The Classic Bluetooth Speaker 860 by BrightLeaf Publishing delivers dependable performance with quality materials and thoughtful design. It is well suited for everyday use in the sports & outdoors category, offering a strong balance of value and functionality.",Sports & Outdoors,lightweight bestseller wireless modern premium,47.61,4.5,1826,1487,2018-03-03
https://example.com/images/premium_graphic_t-shirt_196.jpg,Premium Graphic T-Shirt 196,BrightLeaf Publishing,"The Premium Graphic T-Shirt 196 by BrightLeaf Publishing delivers dependable performance with quality materials and thoughtful design. It is well suited for everyday use in the books category, offering a strong balance of value and functionality.",Books,newarrival rechargeable limitededition essential versatile,230.75,1.76,4963,1446,2020-09-11
https://example.com/images/ultra_cookware_set_190.jpg,Ultra Cookware Set 190,NorthPeak,"The Ultra Cookware Set 190 by NorthPeak delivers dependable performance with quality materials and thoughtful design. It is well suited for everyday use in the electronics category, offering a strong balance of value and functionality.",Electronics,essential rechargeable ergonomic wireless modern,464.84,1.25,2292,1399,2022-07-18
https://example.com/images/classic_running_shoes_814.jpg,Classic Running Shoes 814,BrightLeaf Publishing,"The Classic Running Shoes 814 by BrightLeaf Publishing delivers dependable performance with quality materials and thoughtful design. It is well suited for everyday use in the home & kitchen category, offering a strong balance of value and functionality.",Home & Kitchen,compact wireless rechargeable premium limitededition,502.49,4.17,24,696,2025-10-21
https://example.com/images/advanced_graphic_t-shirt_875.jpg,Advanced Graphic T-Shirt 875,BrightLeaf Publishing,"The Advanced Graphic T-Shirt 875 by BrightLeaf Publishing delivers dependable performance with quality materials and thoughtful design. It is well suited for everyday use in the sports & outdoors category, offering a strong balance of value and functionality.",Sports & Outdoors,premium bestseller lightweight portable ergonomic,187.16,2.57,4423,1124,2024-02-01
https://example.com/images/smart_fitness_tracker_920.jpg,Smart Fitness Tracker 920,SilverLine Electronics,"The Smart Fitness Tracker 920 by SilverLine Electronics delivers dependable performance with quality materials and thoughtful design. It is well suited for everyday use in the office supplies category, offering a strong balance of value and functionality.",Office Supplies,durable newarrival rechargeable essential ergonomic,195.84,2.77,1080,400,2024-01-10
https://example.com/images/professional_noise_cancelling_headphones_812.jpg,Professional Noise Cancelling Headphones 812,SilverLine Electronics,"The Professional Noise Cancelling Headphones 812 by SilverLine Electronics delivers dependable performance with quality materials and thoughtful design. It is well suited for everyday use in the home & kitchen category, offering a strong balance of value and functionality.",Home & Kitchen,giftable portable durable ergonomic compact,322.32,3.59,6068,1393,2017-05-11
https://example.com/images/premium_cookbook_412.jpg,Premium Cookbook 412,BrightLeaf Publishing,"The Premium Cookbook 412 by BrightLeaf Publishing delivers dependable performance with quality materials and thoughtful design. It is well suited for everyday use in the home & kitchen category, offering a strong balance of value and functionality.",Home & Kitchen,giftable portable essential durable wireless,435.8,4.53,1633,732,2023-06-05
https://example.com/images/eco_gaming_mouse_677.jpg,Eco Gaming Mouse 677,BlueRiver Outfitters,"The Eco Gaming Mouse 677 by BlueRiver Outfitters delivers dependable performance with quality materials and thoughtful design. It is well suited for everyday use in the books category, offering a strong balance of value and functionality.",Books,limitededition waterproof newarrival portable essential,393.16,1.06,3031,695,2016-01-13
https://example.com/images/premium_bluetooth_speaker_564.jpg,Premium Bluetooth Speaker 564,NorthPeak,"The Premium Bluetooth Speaker 564 by NorthPeak delivers dependable performance with quality materials and thoughtful design. It is well suited for everyday use in the clothing category, offering a strong balance of value and functionality.",Clothing,lightweight modern newarrival bestseller giftable,360.91,3.38,5499,924,2016-07-22
https://example.com/images/compact_cookbook_683.jpg,Compact Cookbook 683,Summit Gear Co.,"The Compact Cookbook 683 by Summit Gear Co. delivers dependable performance with quality materials and thoughtful design. It is well suited for everyday use in the sports & outdoors category, offering a strong balance of value and functionality.",Sports & Outdoors,premium essential durable lightweight waterproof,239.54,2.85,6912,1302,2020-02-28
https://example.com/images/classic_science_fiction_novel_823.jpg,Classic Science Fiction Novel 823,BlueRiver Outfitters,"The Classic Science Fiction Novel 823 by BlueRiver Outfitters delivers dependable performance with quality materials and thoughtful design. It is well suited for everyday use in the home & kitchen category, offering a strong balance of value and functionality.",Home & Kitchen,ergonomic premium compact essential newarrival,600.56,4.48,8360,756,2018-01-05
https://example.com/images/advanced_gaming_mouse_996.jpg,Advanced Gaming Mouse 996,BrightLeaf Publishing,"The Advanced Gaming Mouse 996 by BrightLeaf Publishing delivers dependable performance with quality materials and thoughtful design. It is well suited for everyday use in the home & kitchen category, offering a strong balance of value and functionality.",Home & Kitchen,compact newarrival rechargeable waterproof limitededition,333.55,2.19,2236,418,2024-12-20
https://example.com/images/premium_gaming_mouse_911.jpg,Premium Gaming Mouse 911,BrightLeaf Publishing,"The Premium Gaming Mouse 911 by BrightLeaf Publishing delivers dependable performance with quality materials and thoughtful design. It is well suited for everyday use in the clothing category, offering a strong balance of value and functionality.",Clothing,essential rechargeable wireless compact newarrival,293.88,4.79,7403,1581,2021-11-30
https://example.com/images/wireless_bluetooth_speaker_890.jpg,Wireless Bluetooth Speaker 890,SilverLine Electronics,"The Wireless Bluetooth Speaker 890 by SilverLine Electronics delivers dependable performance with quality materials and thoughtful design. It is well suited for everyday use in the books category, offering a strong balance of value and functionality.",Books,waterproof durable essential modern lightweight,147.43,3.48,9663,437,2024-10-02
https://example.com/images/portable_gaming_mouse_316.jpg,Portable Gaming Mouse 316,BrightLeaf Publishing,"The Portable Gaming Mouse 316 by BrightLeaf Publishing delivers dependable performance with quality materials and thoughtful design. It is well suited for everyday use in the home & kitchen category, offering a strong balance of value and functionality.",Home & Kitchen,modern newarrival essential limitededition wireless,643.23,2.26,9345,650,2023-06-06
https://example.com/images/premium_running_shoes_928.jpg,Premium Running Shoes 928,BrightLeaf Publishing,"The Premium Running Shoes 928 by BrightLeaf Publishing delivers dependable performance with quality materials and thoughtful design. It is well suited for everyday use in the clothing category, offering a strong balance of value and functionality.",Clothing,versatile newarrival durable giftable bestseller,531.06,4.53,1085,1722,2018-10-19
https://example.com/images/smart_fitness_tracker_883.jpg,Smart Fitness Tracker 883,BlueRiver Outfitters,"The Smart Fitness Tracker 883 by BlueRiver Outfitters delivers dependable performance with quality materials and thoughtful design. It is well suited for everyday use in the home & kitchen category, offering a strong balance of value and functionality.",Home & Kitchen,durable bestseller essential ergonomic wireless,706.63,1.01,5544,163,2016-10-08
https://example.com/images/premium_bluetooth_speaker_752.jpg,Premium Bluetooth Speaker 752,Horizon Tech,"The Premium Bluetooth Speaker 752 by Horizon Tech delivers dependable performance with quality materials and thoughtful design. It is well suited for everyday use in the books category, offering a strong balance of value and functionality.",Books,bestseller rechargeable newarrival waterproof modern,743.17,4.96,9686,916,2020-08-04
https://example.com/images/portable_yoga_mat_395.jpg,Portable Yoga Mat 395,NorthPeak,"The Portable Yoga Mat 395 by NorthPeak delivers dependable performance with quality materials and thoughtful design. It is well suited for everyday use in the electronics category, offering a strong balance of value and functionality.",Electronics,rechargeable wireless limitededition lightweight premium,72.24,3.14,3820,332,2016-01-14
https://example.com/images/ultra_graphic_t-shirt_913.jpg,Ultra Graphic T-Shirt 913,BrightLeaf Publishing,"The Ultra Graphic T-Shirt 913 by BrightLeaf Publishing delivers dependable performance with quality materials and thoughtful design. It is well suited for everyday use in the home & kitchen category, offering a strong balance of value and functionality.",Home & Kitchen,waterproof premium ergonomic limitededition newarrival,297.76,2.91,474,1739,2022-03-20
https://example.com/images/classic_graphic_t-shirt_221.jpg,Classic Graphic T-Shirt 221,Summit Gear Co.,"The Classic Graphic T-Shirt 221 by Summit Gear Co. delivers dependable performance with quality materials and thoughtful design. It is well suited for everyday use in the home & kitchen category, offering a strong balance of value and functionality.",Home & Kitchen,portable bestseller versatile limitededition essential,311.78,2.57,8015,572,2016-01-25
https://example.com/images/eco_yoga_mat_396.jpg,Eco Yoga Mat 396,BlueRiver Outfitters,"The Eco Yoga Mat 396 by BlueRiver Outfitters delivers dependable performance with quality materials and thoughtful design. It is well suited for everyday use in the books category, offering a strong balance of value and functionality.",Books,giftable essential lightweight wireless waterproof,274.86,2.66,6282,1295,2022-08-30
https://example.com/images/smart_backpack_180.jpg,Smart Backpack 180,NorthPeak,"The Smart Backpack 180 by NorthPeak delivers dependable performance with quality materials and thoughtful design. It is well suited for everyday use in the electronics category, offering a strong balance of value and functionality.",Electronics,versatile durable limitededition portable wireless,527.65,1.6,585,1638,2024-01-29
https://example.com/images/portable_smartphone_stand_587.jpg,Portable Smartphone Stand 587,BlueRiver Outfitters,"The Portable Smartphone Stand 587 by BlueRiver Outfitters delivers dependable performance with quality materials and thoughtful design. It is well suited for everyday use in the office supplies category, offering a strong balance of value and functionality.",Office Supplies,portable lightweight premium wireless essential,48.8,3.71,9507,760,2016-09-16
https://example.com/images/smart_stainless_steel_water_bottle_180.jpg,Smart Stainless Steel Water Bottle 180,BlueRiver Outfitters,"The Smart Stainless Steel Water Bottle 180 by BlueRiver Outfitters delivers dependable performance with quality materials and thoughtful design. It is well suited for everyday use in the office supplies category, offering a strong balance of value and functionality.",Office Supplies,limitededition modern rechargeable durable versatile,476.87,2.7,4789,1777,2018-04-16
https://example.com/images/compact_office_chair_737.jpg,Compact Office Chair 737,UrbanNest,"The Compact Office Chair 737 by UrbanNest delivers dependable performance with quality materials and thoughtful design. It is well suited for everyday use in the clothing category, offering a strong balance of value and functionality.",Clothing,rechargeable premium durable wireless portable,778.67,1.16,980,1842,2024-07-21
https://example.com/images/ultra_cookbook_963.jpg,Ultra Cookbook 963,NorthPeak,"The Ultra Cookbook 963 by NorthPeak delivers dependable performance with quality materials and thoughtful design. It is well suited for everyday use in the sports & outdoors category, offering a strong balance of value and functionality.",Sports & Outdoors,ergonomic lightweight rechargeable waterproof versatile,295.47,1.52,6864,1963,2025-05-26
https://example.com/images/smart_fitness_tracker_724.jpg,Smart Fitness Tracker 724,Summit Gear Co.,"The Smart Fitness Tracker 724 by Summit Gear Co. delivers dependable performance with quality materials and thoughtful design. It is well suited for everyday use in the books category, offering a strong balance of value and functionality.",Books,ergonomic waterproof newarrival portable premium,796.47,2.07,5727,1821,2019-09-27
https://example.com/images/compact_fitness_tracker_819.jpg,Compact Fitness Tracker 819,BlueRiver Outfitters,"The Compact Fitness Tracker 819 by BlueRiver Outfitters delivers dependable performance with quality materials and thoughtful design. It is well suited for everyday use in the sports & outdoors category, offering a strong balance of value and functionality.",Sports & Outdoors,versatile newarrival essential rechargeable giftable,600.76,4.57,4049,1854,2022-04-14
https://example.com/images/professional_noise_cancelling_headphones_672.jpg,Professional Noise Cancelling Headphones 672,UrbanNest,"The Professional Noise Cancelling Headphones 672 by UrbanNest delivers dependable performance with quality materials and thoughtful design. It is well suited for everyday use in the electronics category, offering a strong balance of value and functionality.",Electronics,lightweight premium waterproof ergonomic versatile,795.88,1.5,3633,387,2023-12-23
https://example.com/images/ultra_cookware_set_918.jpg,Ultra Cookware Set 918,Horizon Tech,"The Ultra Cookware Set 918 by Horizon Tech delivers dependable performance with quality materials and thoughtful design. It is well suited for everyday use in the office supplies category, offering a strong balance of value and functionality.",Office Supplies,wireless versatile modern essential limitededition,357.81,4.47,9225,1825,2016-04-12
https://example.com/images/compact_fitness_tracker_788.jpg,Compact Fitness Tracker 788,Summit Gear Co.,"The Compact Fitness Tracker 788 by Summit Gear Co. delivers dependable performance with quality materials and thoughtful design. It is well suited for everyday use in the books category, offering a strong balance of value and functionality.",Books,portable ergonomic rechargeable modern giftable,615.81,1.14,7307,1813,2017-11-21
https://example.com/images/ultra_backpack_358.jpg,Ultra Backpack 358,Horizon Tech,"The Ultra Backpack 358 by Horizon Tech delivers dependable performance with quality materials and thoughtful design. It is well suited for everyday use in the electronics category, offering a strong balance of value and functionality.",Electronics,lightweight durable newarrival limitededition ergonomic,550.22,2.05,7681,869,2023-07-04
https://example.com/images/compact_external_hard_drive_319.jpg,Compact External Hard Drive 319,BlueRiver Outfitters,"The Compact External Hard Drive 319 by BlueRiver Outfitters delivers dependable performance with quality materials and thoughtful design. It is well suited for everyday use in the electronics category, offering a strong balance of value and functionality.",Electronics,portable waterproof giftable bestseller versatile,126.56,4.6,5177,1692,2017-08-15
https://example.com/images/wireless_fitness_tracker_253.jpg,Wireless Fitness Tracker 253,NorthPeak,"The Wireless Fitness Tracker 253 by NorthPeak delivers dependable performance with quality materials and thoughtful design. It is well suited for everyday use in the electronics category, offering a strong balance of value and functionality.",Electronics,wireless compact giftable bestseller rechargeable,157.8,1.05,7349,455,2016-10-01
https://example.com/images/smart_smartphone_stand_290.jpg,Smart Smartphone Stand 290,Horizon Tech,"The Smart Smartphone Stand 290 by Horizon Tech delivers dependable performance with quality materials and thoughtful design. It is well suited for everyday use in the sports & outdoors category, offering a strong balance of value and functionality.",Sports & Outdoors,durable compact essential limitededition premium,9.72,2.72,4372,1177,2025-04-06
https://example.com/images/ultra_yoga_mat_582.jpg,Ultra Yoga Mat 582,NorthPeak,"The Ultra Yoga Mat 582 by NorthPeak delivers dependable performance with quality materials and thoughtful design. It is well suited for everyday use in the home & kitchen category, offering a strong balance of value and functionality.",Home & Kitchen,versatile portable bestseller compact wireless,453.8,1.66,6849,1968,2016-07-08
https://example.com/images/smart_graphic_t-shirt_373.jpg,Smart Graphic T-Shirt 373,SilverLine Electronics,"The Smart Graphic T-Shirt 373 by SilverLine Electronics delivers dependable performance with quality materials and thoughtful design. It is well suited for everyday use in the office supplies category, offering a strong balance of value and functionality.",Office Supplies,versatile giftable lightweight modern portable,382.68,2.49,56,1493,2021-06-17
https://example.com/images/wireless_backpack_118.jpg,Wireless Backpack 118,SilverLine Electronics,"The Wireless Backpack 118 by SilverLine Electronics delivers dependable performance with quality materials and thoughtful design. It is well suited for everyday use in the office supplies category, offering a strong balance of value and functionality.",Office Supplies,modern wireless rechargeable waterproof newarrival,235.78,3.28,969,266,2024-07-09
https://example.com/images/smart_science_fiction_novel_700.jpg,Smart Science Fiction Novel 700,NorthPeak,"The Smart Science Fiction Novel 700 by NorthPeak delivers dependable performance with quality materials and thoughtful design. It is well suited for everyday use in the clothing category, offering a strong balance of value and functionality.",Clothing,bestseller modern wireless versatile limitededition,66.92,4.15,350,1058,2017-02-24
https://example.com/images/advanced_running_shoes_218.jpg,Advanced Running Shoes 218,SilverLine Electronics,"The Advanced Running Shoes 218 by SilverLine Electronics delivers dependable performance with quality materials and thoughtful design. It is well suited for everyday use in the electronics category, offering a strong balance of value and functionality.",Electronics,versatile essential portable premium ergonomic,402.84,4.08,9663,212,2023-08-09
https://example.com/images/compact_4k_monitor_197.jpg,Compact 4K Monitor 197,BrightLeaf Publishing,"The Compact 4K Monitor 197 by BrightLeaf Publishing delivers dependable performance with quality materials and thoughtful design. It is well suited for everyday use in the sports & outdoors category, offering a strong balance of value and functionality.",Sports & Outdoors,compact versatile premium waterproof giftable,485.96,2.77,4494,814,2019-06-02
https://example.com/images/compact_smartphone_stand_740.jpg,Compact Smartphone Stand 740,BlueRiver Outfitters,"The Compact Smartphone Stand 740 by BlueRiver Outfitters delivers dependable performance with quality materials and thoughtful design. It is well suited for everyday use in the office supplies category, offering a strong balance of value and functionality.",Office Supplies,limitededition lightweight giftable versatile premium,736.11,1.24,8077,1161,2022-05-13
https://example.com/images/professional_running_shoes_516.jpg,Professional Running Shoes 516,NorthPeak,"The Professional Running Shoes 516 by NorthPeak delivers dependable performance with quality materials and thoughtful design. It is well suited for everyday use in the sports & outdoors category, offering a strong balance of value and functionality.",Sports & Outdoors,giftable limitededition lightweight waterproof essential,398.04,4.56,2981,1768,2020-09-20
https://example.com/images/premium_mechanical_keyboard_731.jpg,Premium Mechanical Keyboard 731,Summit Gear Co.,"The Premium Mechanical Keyboard 731 by Summit Gear Co. delivers dependable performance with quality materials and thoughtful design. It is well suited for everyday use in the electronics category, offering a strong balance of value and functionality.",Electronics,lightweight giftable newarrival portable durable,669.01,3.75,3965,1366,2018-04-20
https://example.com/images/ultra_noise_cancelling_headphones_833.jpg,Ultra Noise Cancelling Headphones 833,NorthPeak,"The Ultra Noise Cancelling Headphones 833 by NorthPeak delivers dependable performance with quality materials and thoughtful design. It is well suited for everyday use in the books category, offering a strong balance of value and functionality.",Books,bestseller ergonomic durable wireless essential,442.33,1.06,3998,221,2022-04-12
https://example.com/images/premium_running_shoes_141.jpg,Premium Running Shoes 141,UrbanNest,"The Premium Running Shoes 141 by UrbanNest delivers dependable performance with quality materials and thoughtful design. It is well suited for everyday use in the electronics category, offering a strong balance of value and functionality.",Electronics,premium newarrival portable limitededition wireless,82.12,2.41,2434,776,2018-07-04
https://example.com/images/advanced_led_desk_lamp_414.jpg,Advanced LED Desk Lamp 414,BlueRiver Outfitters,"The Advanced LED Desk Lamp 414 by BlueRiver Outfitters delivers dependable performance with quality materials and thoughtful design. It is well suited for everyday use in the clothing category, offering a strong balance of value and functionality.",Clothing,giftable rechargeable essential wireless portable,478.76,1.51,3385,1250,2016-07-17
https://example.com/images/smart_noise_cancelling_headphones_949.jpg,Smart Noise Cancelling Headphones 949,NorthPeak,"The Smart Noise Cancelling Headphones 949 by NorthPeak delivers dependable performance with quality materials and thoughtful design. It is well suited for everyday use in the office supplies category, offering a strong balance of value and functionality.",Office Supplies,compact essential giftable durable versatile,560.83,4.31,696,916,2017-12-04
https://example.com/images/advanced_mechanical_keyboard_219.jpg,Advanced Mechanical Keyboard 219,BlueRiver Outfitters,"The Advanced Mechanical Keyboard 219 by BlueRiver Outfitters delivers dependable performance with quality materials and thoughtful design. It is well suited for everyday use in the office supplies category, offering a strong balance of value and functionality.",Office Supplies,lightweight versatile compact ergonomic rechargeable,627.94,3.99,9016,853,2022-11-17
https://example.com/images/premium_led_desk_lamp_885.jpg,Premium LED Desk Lamp 885,BlueRiver Outfitters,"The Premium LED Desk Lamp 885 by BlueRiver Outfitters delivers dependable performance with quality materials and thoughtful design. It is well suited for everyday use in the electronics category, offering a strong balance of value and functionality.",Electronics,rechargeable limitededition lightweight newarrival wireless,386.24,1.3,6520,381,2017-03-20
https://example.com/images/ultra_running_shoes_203.jpg,Ultra Running Shoes 203,Summit Gear Co.,"The Ultra Running Shoes 203 by Summit Gear Co. delivers dependable performance with quality materials and thoughtful design. It is well suited for everyday use in the clothing category, offering a strong balance of value and functionality.",Clothing,waterproof bestseller limitededition lightweight newarrival,112.96,3.31,298,608,2017-12-24
https://example.com/images/advanced_cookbook_250.jpg,Advanced Cookbook 250,NorthPeak,"The Advanced Cookbook 250 by NorthPeak delivers dependable performance with quality materials and thoughtful design. It is well suited for everyday use in the clothing category, offering a strong balance of value and functionality.",Clothing,wireless premium lightweight limitededition rechargeable,692.29,2.18,2919,498,2025-02-18
https://example.com/images/compact_stainless_steel_water_bottle_784.jpg,Compact Stainless Steel Water Bottle 784,Summit Gear Co.,"The Compact Stainless Steel Water Bottle 784 by Summit Gear Co. delivers dependable performance with quality materials and thoughtful design. It is well suited for everyday use in the clothing category, offering a strong balance of value and functionality.",Clothing,limitededition premium lightweight portable rechargeable,166.02,4.82,3851,1167,2020-02-27
https://example.com/images/premium_science_fiction_novel_382.jpg,Premium Science Fiction Novel 382,Maple Street Press,"The Premium Science Fiction Novel 382 by Maple Street Press delivers dependable performance with quality materials and thoughtful design. It is well suited for everyday use in the books category, offering a strong balance of value and functionality.",Books,compact bestseller lightweight portable wireless,606.82,3.8,2107,1843,2023-03-31
https://example.com/images/smart_cookbook_430.jpg,Smart Cookbook 430,BrightLeaf Publishing,"The Smart Cookbook 430 by BrightLeaf Publishing delivers dependable performance with quality materials and thoughtful design. It is well suited for everyday use in the office supplies category, offering a strong balance of value and functionality.",Office Supplies,bestseller rechargeable essential giftable ergonomic,161.77,3.8,1351,880,2024-11-05
https://example.com/images/eco_cookbook_902.jpg,Eco Cookbook 902,Maple Street Press,"The Eco Cookbook 902 by Maple Street Press delivers dependable performance with quality materials and thoughtful design. It is well suited for everyday use in the electronics category, offering a strong balance of value and functionality.",Electronics,waterproof wireless essential ergonomic compact,489.21,2.57,5237,92,2016-12-23
https://example.com/images/eco_backpack_712.jpg,Eco Backpack 712,BlueRiver Outfitters,"The Eco Backpack 712 by BlueRiver Outfitters delivers dependable performance with quality materials and thoughtful design. It is well suited for everyday use in the home & kitchen category, offering a strong balance of value and functionality.",Home & Kitchen,modern compact ergonomic lightweight waterproof,444.16,3.94,515,205,2021-06-19
https://example.com/images/professional_mechanical_keyboard_721.jpg,Professional Mechanical Keyboard 721,NorthPeak,"The Professional Mechanical Keyboard 721 by NorthPeak delivers dependable performance with quality materials and thoughtful design. It is well suited for everyday use in the office supplies category, offering a strong balance of value and functionality.",Office Supplies,ergonomic newarrival portable giftable wireless,105.09,2.79,514,1113,2017-11-05
https://example.com/images/portable_mechanical_keyboard_969.jpg,Portable Mechanical Keyboard 969,BlueRiver Outfitters,"The Portable Mechanical Keyboard 969 by BlueRiver Outfitters delivers dependable performance with quality materials and thoughtful design. It is well suited for everyday use in the books category, offering a strong balance of value and functionality.",Books,durable essential portable bestseller rechargeable,314.2,4.39,2531,10,2017-02-17
https://example.com/images/compact_running_shoes_346.jpg,Compact Running Shoes 346,Summit Gear Co.,"The Compact Running Shoes 346 by Summit Gear Co. delivers dependable performance with quality materials and thoughtful design. It is well suited for everyday use in the books category, offering a strong balance of value and functionality.",Books,versatile durable rechargeable bestseller lightweight,213.5,4.83,9825,49,2022-02-02
https://example.com/images/wireless_action_camera_204.jpg,Wireless Action Camera 204,BrightLeaf Publishing,"The Wireless Action Camera 204 by BrightLeaf Publishing delivers dependable performance with quality materials and thoughtful design. It is well suited for everyday use in the home & kitchen category, offering a strong balance of value and functionality.",Home & Kitchen,modern bestseller waterproof lightweight essential,712.45,1.47,9556,683,2024-07-23
https://example.com/images/classic_stainless_steel_water_bottle_408.jpg,Classic Stainless Steel Water Bottle 408,BrightLeaf Publishing,"The Classic Stainless Steel Water Bottle 408 by BrightLeaf Publishing delivers dependable performance with quality materials and thoughtful design. It is well suited for everyday use in the electronics category, offering a strong balance of value and functionality.",Electronics,premium compact newarrival ergonomic waterproof,639.37,3.12,8125,1070,2025-03-10
https://example.com/images/wireless_smartphone_stand_909.jpg,Wireless Smartphone Stand 909,BlueRiver Outfitters,"The Wireless Smartphone Stand 909 by BlueRiver Outfitters delivers dependable performance with quality materials and thoughtful design. It is well suited for everyday use in the electronics category, offering a strong balance of value and functionality.",Electronics,essential durable compact lightweight giftable,645.01,1.2,3221,1518,2025-04-02
https://example.com/images/wireless_office_chair_580.jpg,Wireless Office Chair 580,Maple Street Press,"The Wireless Office Chair 580 by Maple Street Press delivers dependable performance with quality materials and thoughtful design. It is well suited for everyday use in the office supplies category, offering a strong balance of value and functionality.",Office Supplies,compact ergonomic giftable newarrival waterproof,553.95,2.98,8082,352,2022-11-15
https://example.com/images/smart_smartphone_stand_533.jpg,Smart Smartphone Stand 533,Horizon Tech,"The Smart Smartphone Stand 533 by Horizon Tech delivers dependable performance with quality materials and thoughtful design. It is well suited for everyday use in the books category, offering a strong balance of value and functionality.",Books,portable premium giftable wireless waterproof,398.58,2.18,547,7,2025-08-22
https://example.com/images/wireless_stainless_steel_water_bottle_742.jpg,Wireless Stainless Steel Water Bottle 742,Maple Street Press,"The Wireless Stainless Steel Water Bottle 742 by Maple Street Press delivers dependable performance with quality materials and thoughtful design. It is well suited for everyday use in the home & kitchen category, offering a strong balance of value and functionality.",Home & Kitchen,wireless newarrival ergonomic modern giftable,71.88,2.42,6318,760,2019-04-25
https://example.com/images/classic_yoga_mat_236.jpg,Classic Yoga Mat 236,Summit Gear Co.,"The Classic Yoga Mat 236 by Summit Gear Co. delivers dependable performance with quality materials and thoughtful design. It is well suited for everyday use in the home & kitchen category, offering a strong balance of value and functionality.",Home & Kitchen,premium versatile modern newarrival essential,600.79,1.31,7683,1678,2019-09-01
https://example.com/images/portable_cookware_set_685.jpg,Portable Cookware Set 685,Horizon Tech,"The Portable Cookware Set 685 by Horizon Tech delivers dependable performance with quality materials and thoughtful design. It is well suited for everyday use in the home & kitchen category, offering a strong balance of value and functionality.",Home & Kitchen,essential bestseller modern giftable rechargeable,455.23,1.3,7743,1227,2021-03-09
https://example.com/images/eco_action_camera_964.jpg,Eco Action Camera 964,BlueRiver Outfitters,"The Eco Action Camera 964 by BlueRiver Outfitters delivers dependable performance with quality materials and thoughtful design. It is well suited for everyday use in the office supplies category, offering a strong balance of value and functionality.",Office Supplies,limitededition essential wireless rechargeable compact,520.92,4.03,7860,1282,2023-07-22
https://example.com/images/eco_electric_kettle_467.jpg,Eco Electric Kettle 467,Summit Gear Co.,"The Eco Electric Kettle 467 by Summit Gear Co. delivers dependable performance with quality materials and thoughtful design. It is well suited for everyday use in the sports & outdoors category, offering a strong balance of value and functionality.",Sports & Outdoors,premium compact waterproof lightweight newarrival,419.27,1.2,948,247,2021-08-25
https://example.com/images/wireless_fitness_tracker_967.jpg,Wireless Fitness Tracker 967,BlueRiver Outfitters,"The Wireless Fitness Tracker 967 by BlueRiver Outfitters delivers dependable performance with quality materials and thoughtful design. It is well suited for everyday use in the books category, offering a strong balance of value and functionality.",Books,wireless modern premium durable versatile,701.13,3.71,5605,1519,2022-10-03
https://example.com/images/classic_fitness_tracker_977.jpg,Classic Fitness Tracker 977,SilverLine Electronics,"The Classic Fitness Tracker 977 by SilverLine Electronics delivers dependable performance with quality materials and thoughtful design. It is well suited for everyday use in the office supplies category, offering a strong balance of value and functionality.",Office Supplies,portable limitededition durable versatile wireless,762.94,2.06,9368,1891,2022-10-28
https://example.com/images/professional_graphic_t-shirt_527.jpg,Professional Graphic T-Shirt 527,BrightLeaf Publishing,"The Professional Graphic T-Shirt 527 by BrightLeaf Publishing delivers dependable performance with quality materials and thoughtful design. It is well suited for everyday use in the office supplies category, offering a strong balance of value and functionality.",Office Supplies,rechargeable waterproof essential giftable compact,30.23,2.29,1271,1859,2019-03-20
https://example.com/images/compact_electric_kettle_181.jpg,Compact Electric Kettle 181,Summit Gear Co.,"The Compact Electric Kettle 181 by Summit Gear Co. delivers dependable performance with quality materials and thoughtful design. It is well suited for everyday use in the electronics category, offering a strong balance of value and functionality.",Electronics,ergonomic versatile limitededition modern premium,665.05,1.58,1252,919,2022-07-07
https://example.com/images/ultra_gaming_mouse_321.jpg,Ultra Gaming Mouse 321,BrightLeaf Publishing,"The Ultra Gaming Mouse 321 by BrightLeaf Publishing delivers dependable performance with quality materials and thoughtful design. It is well suited for everyday use in the home & kitchen category, offering a strong balance of value and functionality.",Home & Kitchen,wireless bestseller giftable waterproof rechargeable,143.4,4.15,7929,1897,2023-01-14
https://example.com/images/compact_4k_monitor_257.jpg,Compact 4K Monitor 257,Maple Street Press,"The Compact 4K Monitor 257 by Maple Street Press delivers dependable performance with quality materials and thoughtful design. It is well suited for everyday use in the clothing category, offering a strong balance of value and functionality.",Clothing,limitededition compact premium modern durable,509.22,3.99,7294,1224,2016-08-14
https://example.com/images/smart_science_fiction_novel_185.jpg,Smart Science Fiction Novel 185,SilverLine Electronics,"The Smart Science Fiction Novel 185 by SilverLine Electronics delivers dependable performance with quality materials and thoughtful design. It is well suited for everyday use in the home & kitchen category, offering a strong balance of value and functionality.",Home & Kitchen,durable wireless rechargeable compact portable,341.49,4.4,6401,460,2020-02-10
https://example.com/images/professional_4k_monitor_582.jpg,Professional 4K Monitor 582,SilverLine Electronics,"The Professional 4K Monitor 582 by SilverLine Electronics delivers dependable performance with quality materials and thoughtful design. It is well suited for everyday use in the office supplies category, offering a strong balance of value and functionality.",Office Supplies,bestseller premium limitededition giftable versatile,292.14,2.9,4698,806,2024-10-03
https://example.com/images/smart_graphic_t-shirt_963.jpg,Smart Graphic T-Shirt 963,UrbanNest,"The Smart Graphic T-Shirt 963 by UrbanNest delivers dependable performance with quality materials and thoughtful design. It is well suited for everyday use in the electronics category, offering a strong balance of value and functionality.",Electronics,limitededition waterproof premium bestseller lightweight,261.67,2.48,772,1669,2019-07-04
https://example.com/images/compact_backpack_354.jpg,Compact Backpack 354,Maple Street Press,"The Compact Backpack 354 by Maple Street Press delivers dependable performance with quality materials and thoughtful design. It is well suited for everyday use in the books category, offering a strong balance of value and functionality.",Books,versatile bestseller waterproof modern newarrival,315.85,3.88,9139,23,2023-01-13
https://example.com/images/compact_office_chair_599.jpg,Compact Office Chair 599,NorthPeak,"The Compact Office Chair 599 by NorthPeak delivers dependable performance with quality materials and thoughtful design. It is well suited for everyday use in the sports & outdoors category, offering a strong balance of value and functionality.",Sports & Outdoors,ergonomic limitededition modern wireless lightweight,534.6,3.37,3149,1684,2016-10-16
https://example.com/images/premium_4k_monitor_578.jpg,Premium 4K Monitor 578,BlueRiver Outfitters,"The Premium 4K Monitor 578 by BlueRiver Outfitters delivers dependable performance with quality materials and thoughtful design. It is well suited for everyday use in the books category, offering a strong balance of value and functionality.",Books,durable rechargeable essential ergonomic portable,140.2,3.04,2939,1458,2023-08-27
https://example.com/images/premium_backpack_725.jpg,Premium Backpack 725,Maple Street Press,"The Premium Backpack 725 by Maple Street Press delivers dependable performance with quality materials and thoughtful design. It is well suited for everyday use in the sports & outdoors category, offering a strong balance of value and functionality.",Sports & Outdoors,bestseller versatile lightweight wireless modern,274.77,3.07,76,586,2017-04-17
https://example.com/images/eco_fitness_tracker_729.jpg,Eco Fitness Tracker 729,SilverLine Electronics,"The Eco Fitness Tracker 729 by SilverLine Electronics delivers dependable performance with quality materials and thoughtful design. It is well suited for everyday use in the books category, offering a strong balance of value and functionality.",Books,portable premium wireless compact modern,601.11,4.76,7600,376,2016-09-30
https://example.com/images/premium_external_hard_drive_684.jpg,Premium External Hard Drive 684,Maple Street Press,"The Premium External Hard Drive 684 by Maple Street Press delivers dependable performance with quality materials and thoughtful design. It is well suited for everyday use in the electronics category, offering a strong balance of value and functionality.",Electronics,durable lightweight essential compact portable,486.17,1.36,4368,1086,2023-07-12
https://example.com/images/smart_office_chair_297.jpg,Smart Office Chair 297,SilverLine Electronics,"The Smart Office Chair 297 by SilverLine Electronics delivers dependable performance with quality materials and thoughtful design. It is well suited for everyday use in the home & kitchen category, offering a strong balance of value and functionality.",Home & Kitchen,durable lightweight bestseller wireless newarrival,54.08,1.01,7628,1517,2019-06-29
https://example.com/images/smart_4k_monitor_149.jpg,Smart 4K Monitor 149,Summit Gear Co.,"The Smart 4K Monitor 149 by Summit Gear Co. delivers dependable performance with quality materials and thoughtful design. It is well suited for everyday use in the office supplies category, offering a strong balance of value and functionality.",Office Supplies,durable essential compact lightweight newarrival,282.04,4.84,1733,490,2025-05-21
https://example.com/images/professional_running_shoes_967.jpg,Professional Running Shoes 967,NorthPeak,"The Professional Running Shoes 967 by NorthPeak delivers dependable performance with quality materials and thoughtful design. It is well suited for everyday use in the office supplies category, offering a strong balance of value and functionality.",Office Supplies,rechargeable giftable essential bestseller newarrival,339.57,3.1,7273,385,2025-05-20
https://example.com/images/wireless_led_desk_lamp_447.jpg,Wireless LED Desk Lamp 447,BrightLeaf Publishing,"The Wireless LED Desk Lamp 447 by BrightLeaf Publishing delivers dependable performance with quality materials and thoughtful design. It is well suited for everyday use in the clothing category, offering a strong balance of value and functionality.",Clothing,durable limitededition wireless waterproof ergonomic,491.08,3.0,6016,1039,2025-02-19
https://example.com/images/professional_science_fiction_novel_163.jpg,Professional Science Fiction Novel 163,BrightLeaf Publishing,"The Professional Science Fiction Novel 163 by BrightLeaf Publishing delivers dependable performance with quality materials and thoughtful design. It is well suited for everyday use in the home & kitchen category, offering a strong balance of value and functionality.",Home & Kitchen,limitededition premium rechargeable bestseller modern,733.42,2.11,5470,67,2019-12-19
https://example.com/images/classic_stainless_steel_water_bottle_255.jpg,Classic Stainless Steel Water Bottle 255,BlueRiver Outfitters,"The Classic Stainless Steel Water Bottle 255 by BlueRiver Outfitters delivers dependable performance with quality materials and thoughtful design. It is well suited for everyday use in the home & kitchen category, offering a strong balance of value and functionality.",Home & Kitchen,ergonomic compact portable modern essential,194.84,1.23,7128,237,2022-11-15
https://example.com/images/compact_external_hard_drive_567.jpg,Compact External Hard Drive 567,Horizon Tech,"The Compact External Hard Drive 567 by Horizon Tech delivers dependable performance with quality materials and thoughtful design. It is well suited for everyday use in the books category, offering a strong balance of value and functionality.",Books,wireless rechargeable lightweight newarrival durable,56.0,1.32,2069,1342,2021-07-24
https://example.com/images/professional_led_desk_lamp_297.jpg,Professional LED Desk Lamp 297,BrightLeaf Publishing,"The Professional LED Desk Lamp 297 by BrightLeaf Publishing delivers dependable performance with quality materials and thoughtful design. It is well suited for everyday use in the clothing category, offering a strong balance of value and functionality.",Clothing,limitededition premium wireless portable giftable,319.88,3.6,9960,647,2025-08-14
https://example.com/images/smart_4k_monitor_641.jpg,Smart 4K Monitor 641,SilverLine Electronics,"The Smart 4K Monitor 641 by SilverLine Electronics delivers dependable performance with quality materials and thoughtful design. It is well suited for everyday use in the clothing category, offering a strong balance of value and functionality.",Clothing,waterproof premium modern limitededition rechargeable,789.37,4.79,4663,1698,2021-12-24
https://example.com/images/smart_electric_kettle_317.jpg,Smart Electric Kettle 317,BlueRiver Outfitters,"The Smart Electric Kettle 317 by BlueRiver Outfitters delivers dependable performance with quality materials and thoughtful design. It is well suited for everyday use in the sports & outdoors category, offering a strong balance of value and functionality.",Sports & Outdoors,waterproof ergonomic portable premium durable,129.41,3.05,1190,1888,2017-01-22
https://example.com/images/ultra_bluetooth_speaker_111.jpg,Ultra Bluetooth Speaker 111,SilverLine Electronics,"The Ultra Bluetooth Speaker 111 by SilverLine Electronics delivers dependable performance with quality materials and thoughtful design. It is well suited for everyday use in the clothing category, offering a strong balance of value and functionality.",Clothing,waterproof versatile compact lightweight premium,257.65,2.02,9173,1991,2025-07-04
https://example.com/images/premium_running_shoes_538.jpg,Premium Running Shoes 538,UrbanNest,"The Premium Running Shoes 538 by UrbanNest delivers dependable performance with quality materials and thoughtful design. It is well suited for everyday use in the office supplies category, offering a strong balance of value and functionality.",Office Supplies,newarrival giftable wireless portable limitededition,534.69,4.74,1184,157,2023-03-28
https://example.com/images/classic_yoga_mat_566.jpg,Classic Yoga Mat 566,Horizon Tech,"The Classic Yoga Mat 566 by Horizon Tech delivers dependable performance with quality materials and thoughtful design. It is well suited for everyday use in the office supplies category, offering a strong balance of value and functionality.",Office Supplies,limitededition rechargeable giftable ergonomic lightweight,238.79,2.44,6706,1228,2017-07-18
https://example.com/images/classic_running_shoes_201.jpg,Classic Running Shoes 201,SilverLine Electronics,"The Classic Running Shoes 201 by SilverLine Electronics delivers dependable performance with quality materials and thoughtful design. It is well suited for everyday use in the books category, offering a strong balance of value and functionality.",Books,portable rechargeable giftable wireless compact,369.52,2.58,4798,90,2025-12-24
https://example.com/images/eco_mechanical_keyboard_491.jpg,Eco Mechanical Keyboard 491,UrbanNest,"The Eco Mechanical Keyboard 491 by UrbanNest delivers dependable performance with quality materials and thoughtful design. It is well suited for everyday use in the clothing category, offering a strong balance of value and functionality.",Clothing,rechargeable essential modern bestseller compact,672.62,3.16,4521,150,2024-06-13
https://example.com/images/advanced_action_camera_722.jpg,Advanced Action Camera 722,Summit Gear Co.,"The Advanced Action Camera 722 by Summit Gear Co. delivers dependable performance with quality materials and thoughtful design. It is well suited for everyday use in the books category, offering a strong balance of value and functionality.",Books,versatile compact waterproof limitededition rechargeable,652.78,2.87,7513,1679,2016-11-06
https://example.com/images/professional_fitness_tracker_628.jpg,Professional Fitness Tracker 628,Summit Gear Co.,"The Professional Fitness Tracker 628 by Summit Gear Co. delivers dependable performance with quality materials and thoughtful design. It is well suited for everyday use in the clothing category, offering a strong balance of value and functionality.",Clothing,wireless waterproof bestseller premium giftable,306.2,2.16,478,1019,2016-09-19
https://example.com/images/compact_external_hard_drive_472.jpg,Compact External Hard Drive 472,Summit Gear Co.,"The Compact External Hard Drive 472 by Summit Gear Co. delivers dependable performance with quality materials and thoughtful design. It is well suited for everyday use in the electronics category, offering a strong balance of value and functionality.",Electronics,bestseller modern lightweight portable essential,249.8,2.34,6525,1756,2024-10-06
https://example.com/images/eco_electric_kettle_739.jpg,Eco Electric Kettle 739,UrbanNest,"The Eco Electric Kettle 739 by UrbanNest delivers dependable performance with quality materials and thoughtful design. It is well suited for everyday use in the electronics category, offering a strong balance of value and functionality.",Electronics,portable ergonomic essential bestseller giftable,788.23,3.74,6934,1478,2021-03-05
https://example.com/images/portable_cookware_set_476.jpg,Portable Cookware Set 476,UrbanNest,"The Portable Cookware Set 476 by UrbanNest delivers dependable performance with quality materials and thoughtful design. It is well suited for everyday use in the clothing category, offering a strong balance of value and functionality.",Clothing,premium versatile bestseller ergonomic essential,469.68,2.53,6943,1724,2021-05-24
https://example.com/images/classic_mechanical_keyboard_114.jpg,Classic Mechanical Keyboard 114,BlueRiver Outfitters,"The Classic Mechanical Keyboard 114 by BlueRiver Outfitters delivers dependable performance with quality materials and thoughtful design. It is well suited for everyday use in the sports & outdoors category, offering a strong balance of value and functionality.",Sports & Outdoors,versatile wireless ergonomic bestseller portable,397.53,3.39,6835,246,2021-03-02
https://example.com/images/wireless_mechanical_keyboard_597.jpg,Wireless Mechanical Keyboard 597,Summit Gear Co.,"The Wireless Mechanical Keyboard 597 by Summit Gear Co. delivers dependable performance with quality materials and thoughtful design. It is well suited for everyday use in the sports & outdoors category, offering a strong balance of value and functionality.",Sports & Outdoors,giftable versatile rechargeable essential modern,461.94,3.53,4576,485,2025-03-08
https://example.com/images/wireless_cookbook_735.jpg,Wireless Cookbook 735,SilverLine Electronics,"The Wireless Cookbook 735 by SilverLine Electronics delivers dependable performance with quality materials and thoughtful design. It is well suited for everyday use in the home & kitchen category, offering a strong balance of value and functionality.",Home & Kitchen,wireless essential newarrival premium limitededition,499.03,4.13,527,1055,2024-06-04
https://example.com/images/classic_backpack_390.jpg,Classic Backpack 390,BrightLeaf Publishing,"The Classic Backpack 390 by BrightLeaf Publishing delivers dependable performance with quality materials and thoughtful design. It is well suited for everyday use in the office supplies category, offering a strong balance of value and functionality.",Office Supplies,giftable bestseller versatile essential limitededition,545.16,3.48,1376,515,2017-04-04
https://example.com/images/wireless_action_camera_452.jpg,Wireless Action Camera 452,Horizon Tech,"The Wireless Action Camera 452 by Horizon Tech delivers dependable performance with quality materials and thoughtful design. It is well suited for everyday use in the sports & outdoors category, offering a strong balance of value and functionality.",Sports & Outdoors,giftable compact waterproof modern portable,109.58,2.18,9359,1150,2019-06-15
https://example.com/images/classic_smartphone_stand_603.jpg,Classic Smartphone Stand 603,BrightLeaf Publishing,"The Classic Smartphone Stand 603 by BrightLeaf Publishing delivers dependable performance with quality materials and thoughtful design. It is well suited for everyday use in the home & kitchen category, offering a strong balance of value and functionality.",Home & Kitchen,premium newarrival portable lightweight essential,784.99,2.58,3158,1957,2024-08-02
https://example.com/images/eco_science_fiction_novel_571.jpg,Eco Science Fiction Novel 571,NorthPeak,"The Eco Science Fiction Novel 571 by NorthPeak delivers dependable performance with quality materials and thoughtful design. It is well suited for everyday use in the electronics category, offering a strong balance of value and functionality.",Electronics,modern giftable bestseller ergonomic durable,113.48,4.81,9294,1676,2016-08-29
https://example.com/images/portable_gaming_mouse_562.jpg,Portable Gaming Mouse 562,UrbanNest,"The Portable Gaming Mouse 562 by UrbanNest delivers dependable performance with quality materials and thoughtful design. It is well suited for everyday use in the clothing category, offering a strong balance of value and functionality.",Clothing,durable premium ergonomic giftable limitededition,463.96,4.82,3027,75,2021-05-30
https://example.com/images/professional_cookbook_497.jpg,Professional Cookbook 497,Horizon Tech,"The Professional Cookbook 497 by Horizon Tech delivers dependable performance with quality materials and thoughtful design. It is well suited for everyday use in the home & kitchen category, offering a strong balance of value and functionality.",Home & Kitchen,waterproof lightweight premium rechargeable wireless,395.91,2.32,7392,1899,2024-04-26
https://example.com/images/ultra_4k_monitor_965.jpg,Ultra 4K Monitor 965,Maple Street Press,"The Ultra 4K Monitor 965 by Maple Street Press delivers dependable performance with quality materials and thoughtful design. It is well suited for everyday use in the books category, offering a strong balance of value and functionality.",Books,giftable wireless ergonomic durable compact,773.06,3.65,8070,212,2023-07-04
https://example.com/images/portable_backpack_698.jpg,Portable Backpack 698,UrbanNest,"The Portable Backpack 698 by UrbanNest delivers dependable performance with quality materials and thoughtful design. It is well suited for everyday use in the books category, offering a strong balance of value and functionality.",Books,waterproof bestseller modern newarrival durable,510.63,1.19,48,1485,2023-11-28
https://example.com/images/compact_cookbook_108.jpg,Compact Cookbook 108,UrbanNest,"The Compact Cookbook 108 by UrbanNest delivers dependable performance with quality materials and thoughtful design. It is well suited for everyday use in the electronics category, offering a strong balance of value and functionality.",Electronics,newarrival lightweight essential premium giftable,724.47,4.1,3953,1026,2016-01-05
https://example.com/images/portable_4k_monitor_443.jpg,Portable 4K Monitor 443,SilverLine Electronics,"The Portable 4K Monitor 443 by SilverLine Electronics delivers dependable performance with quality materials and thoughtful design. It is well suited for everyday use in the clothing category, offering a strong balance of value and functionality.",Clothing,compact lightweight premium limitededition newarrival,666.67,1.0,9354,1818,2025-12-26
https://example.com/images/eco_mechanical_keyboard_543.jpg,Eco Mechanical Keyboard 543,UrbanNest,"The Eco Mechanical Keyboard 543 by UrbanNest delivers dependable performance with quality materials and thoughtful design. It is well suited for everyday use in the home & kitchen category, offering a strong balance of value and functionality.",Home & Kitchen,portable newarrival rechargeable bestseller compact,402.43,1.82,8454,474,2019-06-10
https://example.com/images/classic_stainless_steel_water_bottle_232.jpg,Classic Stainless Steel Water Bottle 232,Horizon Tech,"The Classic Stainless Steel Water Bottle 232 by Horizon Tech delivers dependable performance with quality materials and thoughtful design. It is well suited for everyday use in the electronics category, offering a strong balance of value and functionality.",Electronics,giftable modern compact premium essential,687.71,4.89,6928,1797,2016-05-08
https://example.com/images/eco_bluetooth_speaker_618.jpg,Eco Bluetooth Speaker 618,UrbanNest,"The Eco Bluetooth Speaker 618 by UrbanNest delivers dependable performance with quality materials and thoughtful design. It is well suited for everyday use in the office supplies category, offering a strong balance of value and functionality.",Office Supplies,giftable portable compact modern essential,425.78,4.12,2358,1344,2017-06-09
https://example.com/images/classic_external_hard_drive_960.jpg,Classic External Hard Drive 960,UrbanNest,"The Classic External Hard Drive 960 by UrbanNest delivers dependable performance with quality materials and thoughtful design. It is well suited for everyday use in the electronics category, offering a strong balance of value and functionality.",Electronics,premium rechargeable essential durable ergonomic,103.91,4.09,8378,1574,2025-05-25
https://example.com/images/smart_action_camera_251.jpg,Smart Action Camera 251,UrbanNest,"The Smart Action Camera 251 by UrbanNest delivers dependable performance with quality materials and thoughtful design. It is well suited for everyday use in the sports & outdoors category, offering a strong balance of value and functionality.",Sports & Outdoors,wireless versatile waterproof ergonomic portable,49.45,4.32,5341,923,2018-01-07
https://example.com/images/advanced_running_shoes_700.jpg,Advanced Running Shoes 700,UrbanNest,"The Advanced Running Shoes 700 by UrbanNest delivers dependable performance with quality materials and thoughtful design. It is well suited for everyday use in the books category, offering a strong balance of value and functionality.",Books,limitededition ergonomic wireless essential premium,765.02,4.22,4914,792,2021-03-08
https://example.com/images/eco_stainless_steel_water_bottle_510.jpg,Eco Stainless Steel Water Bottle 510,UrbanNest,"The Eco Stainless Steel Water Bottle 510 by UrbanNest delivers dependable performance with quality materials and thoughtful design. It is well suited for everyday use in the sports & outdoors category, offering a strong balance of value and functionality.",Sports & Outdoors,modern newarrival durable wireless compact,562.47,4.04,9875,1020,2021-09-03
https://example.com/images/professional_electric_kettle_450.jpg,Professional Electric Kettle 450,Maple Street Press,"The Professional Electric Kettle 450 by Maple Street Press delivers dependable performance with quality materials and thoughtful design. It is well suited for everyday use in the home & kitchen category, offering a strong balance of value and functionality.",Home & Kitchen,bestseller premium wireless newarrival modern,314.67,3.48,7014,1429,2022-08-22
https://example.com/images/professional_bluetooth_speaker_469.jpg,Professional Bluetooth Speaker 469,Maple Street Press,"The Professional Bluetooth Speaker 469 by Maple Street Press delivers dependable performance with quality materials and thoughtful design. It is well suited for everyday use in the office supplies category, offering a strong balance of value and functionality.",Office Supplies,premium modern essential portable waterproof,478.96,1.3,4257,261,2025-09-16
https://example.com/images/professional_external_hard_drive_154.jpg,Professional External Hard Drive 154,Maple Street Press,"The Professional External Hard Drive 154 by Maple Street Press delivers dependable performance with quality materials and thoughtful design. It is well suited for everyday use in the clothing category, offering a strong balance of value and functionality.",Clothing,ergonomic compact modern limitededition rechargeable,100.31,2.17,5772,423,2017-01-29
https://example.com/images/compact_office_chair_464.jpg,Compact Office Chair 464,BrightLeaf Publishing,"The Compact Office Chair 464 by BrightLeaf Publishing delivers dependable performance with quality materials and thoughtful design. It is well suited for everyday use in the clothing category, offering a strong balance of value and functionality.",Clothing,newarrival giftable premium lightweight essential,120.01,1.73,5798,773,2016-10-12
https://example.com/images/portable_science_fiction_novel_668.jpg,Portable Science Fiction Novel 668,Summit Gear Co.,"The Portable Science Fiction Novel 668 by Summit Gear Co. delivers dependable performance with quality materials and thoughtful design. It is well suited for everyday use in the electronics category, offering a strong balance of value and functionality.",Electronics,lightweight premium limitededition rechargeable waterproof,575.74,1.77,2518,793,2018-03-04
https://example.com/images/compact_mechanical_keyboard_135.jpg,Compact Mechanical Keyboard 135,Summit Gear Co.,"The Compact Mechanical Keyboard 135 by Summit Gear Co. delivers dependable performance with quality materials and thoughtful design. It is well suited for everyday use in the clothing category, offering a strong balance of value and functionality.",Clothing,lightweight wireless versatile portable limitededition,390.5,4.18,5827,1092,2021-04-24
https://example.com/images/premium_bluetooth_speaker_690.jpg,Premium Bluetooth Speaker 690,UrbanNest,"The Premium Bluetooth Speaker 690 by UrbanNest delivers dependable performance with quality materials and thoughtful design. It is well suited for everyday use in the home & kitchen category, offering a strong balance of value and functionality.",Home & Kitchen,essential limitededition bestseller newarrival versatile,790.71,2.37,4674,1942,2020-02-22
https://example.com/images/smart_led_desk_lamp_290.jpg,Smart LED Desk Lamp 290,BlueRiver Outfitters,"The Smart LED Desk Lamp 290 by BlueRiver Outfitters delivers dependable performance with quality materials and thoughtful design. It is well suited for everyday use in the books category, offering a strong balance of value and functionality.",Books,wireless lightweight waterproof newarrival rechargeable,142.76,2.43,8139,1442,2022-04-21
https://example.com/images/premium_graphic_t-shirt_932.jpg,Premium Graphic T-Shirt 932,NorthPeak,"The Premium Graphic T-Shirt 932 by NorthPeak delivers dependable performance with quality materials and thoughtful design. It is well suited for everyday use in the office supplies category, offering a strong balance of value and functionality.",Office Supplies,versatile compact ergonomic waterproof giftable,37.75,1.42,1411,1024,2024-09-11
https://example.com/images/ultra_smartphone_stand_743.jpg,Ultra Smartphone Stand 743,NorthPeak,"The Ultra Smartphone Stand 743 by NorthPeak delivers dependable performance with quality materials and thoughtful design. It is well suited for everyday use in the office supplies category, offering a strong balance of value and functionality.",Office Supplies,portable ergonomic compact rechargeable essential,55.72,3.69,2395,1066,2020-12-01
https://example.com/images/ultra_fitness_tracker_553.jpg,Ultra Fitness Tracker 553,Summit Gear Co.,"The Ultra Fitness Tracker 553 by Summit Gear Co. delivers dependable performance with quality materials and thoughtful design. It is well suited for everyday use in the clothing category, offering a strong balance of value and functionality.",Clothing,limitededition essential giftable newarrival wireless,162.68,4.17,5030,1032,2025-05-26
https://example.com/images/ultra_science_fiction_novel_892.jpg,Ultra Science Fiction Novel 892,Maple Street Press,"The Ultra Science Fiction Novel 892 by Maple Street Press delivers dependable performance with quality materials and thoughtful design. It is well suited for everyday use in the clothing category, offering a strong balance of value and functionality.",Clothing,portable lightweight essential limitededition compact,442.91,3.25,9601,1953,2017-04-11
https://example.com/images/advanced_science_fiction_novel_394.jpg,Advanced Science Fiction Novel 394,BrightLeaf Publishing,"The Advanced Science Fiction Novel 394 by BrightLeaf Publishing delivers dependable performance with quality materials and thoughtful design. It is well suited for everyday use in the books category, offering a strong balance of value and functionality.",Books,limitededition durable giftable rechargeable portable,356.95,2.69,2692,1009,2022-07-25
https://example.com/images/wireless_stainless_steel_water_bottle_880.jpg,Wireless Stainless Steel Water Bottle 880,NorthPeak,"The Wireless Stainless Steel Water Bottle 880 by NorthPeak delivers dependable performance with quality materials and thoughtful design. It is well suited for everyday use in the clothing category, offering a strong balance of value and functionality.",Clothing,modern rechargeable essential lightweight wireless,687.16,2.78,1748,1941,2022-01-18
https://example.com/images/smart_4k_monitor_977.jpg,Smart 4K Monitor 977,BrightLeaf Publishing,"The Smart 4K Monitor 977 by BrightLeaf Publishing delivers dependable performance with quality materials and thoughtful design. It is well suited for everyday use in the home & kitchen category, offering a strong balance of value and functionality.",Home & Kitchen,rechargeable compact ergonomic modern premium,11.39,2.73,3711,1219,2016-04-20
https://example.com/images/smart_electric_kettle_214.jpg,Smart Electric Kettle 214,Horizon Tech,"The Smart Electric Kettle 214 by Horizon Tech delivers dependable performance with quality materials and thoughtful design. It is well suited for everyday use in the home & kitchen category, offering a strong balance of value and functionality.",Home & Kitchen,waterproof essential premium lightweight compact,768.46,1.31,5247,1467,2020-04-09
https://example.com/images/smart_running_shoes_724.jpg,Smart Running Shoes 724,Horizon Tech,"The Smart Running Shoes 724 by Horizon Tech delivers dependable performance with quality materials and thoughtful design. It is well suited for everyday use in the clothing category, offering a strong balance of value and functionality.",Clothing,limitededition ergonomic giftable newarrival portable,242.7,3.87,5837,846,2017-04-17
https://example.com/images/portable_office_chair_720.jpg,Portable Office Chair 720,Maple Street Press,"The Portable Office Chair 720 by Maple Street Press delivers dependable performance with quality materials and thoughtful design. It is well suited for everyday use in the electronics category, offering a strong balance of value and functionality.",Electronics,wireless compact newarrival modern durable,744.05,3.1,2222,1927,2021-07-20
https://example.com/images/ultra_stainless_steel_water_bottle_940.jpg,Ultra Stainless Steel Water Bottle 940,NorthPeak,"The Ultra Stainless Steel Water Bottle 940 by NorthPeak delivers dependable performance with quality materials and thoughtful design. It is well suited for everyday use in the sports & outdoors category, offering a strong balance of value and functionality.",Sports & Outdoors,ergonomic giftable lightweight bestseller newarrival,488.07,1.88,3445,1718,2020-08-25
https://example.com/images/compact_science_fiction_novel_261.jpg,Compact Science Fiction Novel 261,Summit Gear Co.,"The Compact Science Fiction Novel 261 by Summit Gear Co. delivers dependable performance with quality materials and thoughtful design. It is well suited for everyday use in the electronics category, offering a strong balance of value and functionality.",Electronics,portable lightweight limitededition essential ergonomic,28.35,1.01,8499,1543,2022-12-29
https://example.com/images/wireless_cookware_set_239.jpg,Wireless Cookware Set 239,Maple Street Press,"The Wireless Cookware Set 239 by Maple Street Press delivers dependable performance with quality materials and thoughtful design. It is well suited for everyday use in the sports & outdoors category, offering a strong balance of value and functionality.",Sports & Outdoors,essential limitededition wireless newarrival waterproof,80.26,4.52,7974,751,2019-11-17
https://example.com/images/ultra_cookbook_948.jpg,Ultra Cookbook 948,Maple Street Press,"The Ultra Cookbook 948 by Maple Street Press delivers dependable performance with quality materials and thoughtful design. It is well suited for everyday use in the sports & outdoors category, offering a strong balance of value and functionality.",Sports & Outdoors,waterproof giftable essential lightweight bestseller,146.18,3.7,2095,643,2019-04-16
https://example.com/images/compact_backpack_986.jpg,Compact Backpack 986,BrightLeaf Publishing,"The Compact Backpack 986 by BrightLeaf Publishing delivers dependable performance with quality materials and thoughtful design. It is well suited for everyday use in the books category, offering a strong balance of value and functionality.",Books,bestseller versatile waterproof wireless rechargeable,19.53,4.63,8537,971,2025-07-01
https://example.com/images/wireless_bluetooth_speaker_576.jpg,Wireless Bluetooth Speaker 576,Horizon Tech,"The Wireless Bluetooth Speaker 576 by Horizon Tech delivers dependable performance with quality materials and thoughtful design. It is well suited for everyday use in the home & kitchen category, offering a strong balance of value and functionality.",Home & Kitchen,wireless modern essential waterproof newarrival,29.09,2.37,1660,478,2022-03-06
https://example.com/images/premium_stainless_steel_water_bottle_901.jpg,Premium Stainless Steel Water Bottle 901,UrbanNest,"The Premium Stainless Steel Water Bottle 901 by UrbanNest delivers dependable performance with quality materials and thoughtful design. It is well suited for everyday use in the clothing category, offering a strong balance of value and functionality.",Clothing,waterproof limitededition modern lightweight premium,273.67,3.08,9478,757,2018-12-14
https://example.com/images/classic_backpack_197.jpg,Classic Backpack 197,Summit Gear Co.,"The Classic Backpack 197 by Summit Gear Co. delivers dependable performance with quality materials and thoughtful design. It is well suited for everyday use in the office supplies category, offering a strong balance of value and functionality.",Office Supplies,waterproof giftable durable essential newarrival,691.17,4.63,8865,1057,2024-03-04
https://example.com/images/classic_smartphone_stand_339.jpg,Classic Smartphone Stand 339,Horizon Tech,"The Classic Smartphone Stand 339 by Horizon Tech delivers dependable performance with quality materials and thoughtful design. It is well suited for everyday use in the sports & outdoors category, offering a strong balance of value and functionality.",Sports & Outdoors,wireless durable essential premium newarrival,655.87,2.58,6184,576,2019-11-18
https://example.com/images/advanced_science_fiction_novel_201.jpg,Advanced Science Fiction Novel 201,SilverLine Electronics,"The Advanced Science Fiction Novel 201 by SilverLine Electronics delivers dependable performance with quality materials and thoughtful design. It is well suited for everyday use in the sports & outdoors category, offering a strong balance of value and functionality.",Sports & Outdoors,durable wireless portable ergonomic versatile,179.43,2.13,9387,1011,2025-12-29
https://example.com/images/professional_science_fiction_novel_151.jpg,Professional Science Fiction Novel 151,Summit Gear Co.,"The Professional Science Fiction Novel 151 by Summit Gear Co. delivers dependable performance with quality materials and thoughtful design. It is well suited for everyday use in the sports & outdoors category, offering a strong balance of value and functionality.",Sports & Outdoors,lightweight rechargeable bestseller durable modern,209.67,3.69,7641,1730,2018-12-31
https://example.com/images/ultra_graphic_t-shirt_663.jpg,Ultra Graphic T-Shirt 663,NorthPeak,"The Ultra Graphic T-Shirt 663 by NorthPeak delivers dependable performance with quality materials and thoughtful design. It is well suited for everyday use in the electronics category, offering a strong balance of value and functionality.",Electronics,premium versatile modern newarrival bestseller,529.0,1.95,1483,1875,2022-09-01
https://example.com/images/ultra_running_shoes_285.jpg,Ultra Running Shoes 285,BrightLeaf Publishing,"The Ultra Running Shoes 285 by BrightLeaf Publishing delivers dependable performance with quality materials and thoughtful design. It is well suited for everyday use in the office supplies category, offering a strong balance of value and functionality.",Office Supplies,waterproof premium giftable wireless ergonomic,761.77,3.63,5167,1027,2018-04-16
https://example.com/images/professional_running_shoes_356.jpg,Professional Running Shoes 356,NorthPeak,"The Professional Running Shoes 356 by NorthPeak delivers dependable performance with quality materials and thoughtful design. It is well suited for everyday use in the books category, offering a strong balance of value and functionality.",Books,ergonomic modern versatile rechargeable waterproof,23.18,2.64,1213,128,2017-07-24
https://example.com/images/professional_fitness_tracker_950.jpg,Professional Fitness Tracker 950,BrightLeaf Publishing,"The Professional Fitness Tracker 950 by BrightLeaf Publishing delivers dependable performance with quality materials and thoughtful design. It is well suited for everyday use in the home & kitchen category, offering a strong balance of value and functionality.",Home & Kitchen,essential newarrival versatile giftable modern,200.02,1.27,998,1840,2023-05-30
https://example.com/images/portable_noise_cancelling_headphones_987.jpg,Portable Noise Cancelling Headphones 987,BlueRiver Outfitters,"The Portable Noise Cancelling Headphones 987 by BlueRiver Outfitters delivers dependable performance with quality materials and thoughtful design. It is well suited for everyday use in the home & kitchen category, offering a strong balance of value and functionality.",Home & Kitchen,portable giftable premium bestseller durable,16.23,4.91,4518,696,2016-10-02
https://example.com/images/wireless_science_fiction_novel_939.jpg,Wireless Science Fiction Novel 939,Maple Street Press,"The Wireless Science Fiction Novel 939 by Maple Street Press delivers dependable performance with quality materials and thoughtful design. It is well suited for everyday use in the home & kitchen category, offering a strong balance of value and functionality.",Home & Kitchen,versatile giftable rechargeable limitededition durable,256.6,1.99,6096,616,2019-03-24
https://example.com/images/classic_running_shoes_653.jpg,Classic Running Shoes 653,UrbanNest,"The Classic Running Shoes 653 by UrbanNest delivers dependable performance with quality materials and thoughtful design. It is well suited for everyday use in the home & kitchen category, offering a strong balance of value and functionality.",Home & Kitchen,newarrival premium lightweight bestseller waterproof,411.87,1.21,1287,234,2020-03-13
https://example.com/images/advanced_action_camera_825.jpg,Advanced Action Camera 825,NorthPeak,"The Advanced Action Camera 825 by NorthPeak delivers dependable performance with quality materials and thoughtful design. It is well suited for everyday use in the clothing category, offering a strong balance of value and functionality.",Clothing,newarrival rechargeable premium ergonomic portable,730.19,4.91,4563,156,2017-09-23
https://example.com/images/ultra_mechanical_keyboard_276.jpg,Ultra Mechanical Keyboard 276,UrbanNest,"The Ultra Mechanical Keyboard 276 by UrbanNest delivers dependable performance with quality materials and thoughtful design. It is well suited for everyday use in the electronics category, offering a strong balance of value and functionality.",Electronics,versatile newarrival compact giftable modern,577.89,1.13,4499,592,2020-11-03
https://example.com/images/premium_action_camera_944.jpg,Premium Action Camera 944,Summit Gear Co.,"The Premium Action Camera 944 by Summit Gear Co. delivers dependable performance with quality materials and thoughtful design. It is well suited for everyday use in the home & kitchen category, offering a strong balance of value and functionality.",Home & Kitchen,essential versatile lightweight bestseller compact,39.27,2.91,1180,1024,2024-04-19
https://example.com/images/wireless_action_camera_721.jpg,Wireless Action Camera 721,Horizon Tech,"The Wireless Action Camera 721 by Horizon Tech delivers dependable performance with quality materials and thoughtful design. It is well suited for everyday use in the electronics category, offering a strong balance of value and functionality.",Electronics,versatile lightweight wireless ergonomic premium,107.38,4.44,4121,142,2017-07-14
https://example.com/images/compact_electric_kettle_379.jpg,Compact Electric Kettle 379,Horizon Tech,"The Compact Electric Kettle 379 by Horizon Tech delivers dependable performance with quality materials and thoughtful design. It is well suited for everyday use in the books category, offering a strong balance of value and functionality.",Books,wireless modern lightweight rechargeable premium,74.34,1.76,7011,1120,2020-11-15
https://example.com/images/compact_noise_cancelling_headphones_957.jpg,Compact Noise Cancelling Headphones 957,NorthPeak,"The Compact Noise Cancelling Headphones 957 by NorthPeak delivers dependable performance with quality materials and thoughtful design. It is well suited for everyday use in the electronics category, offering a strong balance of value and functionality.",Electronics,giftable ergonomic essential versatile rechargeable,58.77,2.81,9683,879,2023-06-12
https://example.com/images/premium_led_desk_lamp_165.jpg,Premium LED Desk Lamp 165,SilverLine Electronics,"The Premium LED Desk Lamp 165 by SilverLine Electronics delivers dependable performance with quality materials and thoughtful design. It is well suited for everyday use in the home & kitchen category, offering a strong balance of value and functionality.",Home & Kitchen,portable modern premium durable giftable,780.51,1.43,5804,797,2022-08-11
https://example.com/images/premium_mechanical_keyboard_289.jpg,Premium Mechanical Keyboard 289,Maple Street Press,"The Premium Mechanical Keyboard 289 by Maple Street Press delivers dependable performance with quality materials and thoughtful design. It is well suited for everyday use in the books category, offering a strong balance of value and functionality.",Books,premium wireless bestseller limitededition essential,752.89,1.26,711,441,2023-05-21
https://example.com/images/classic_electric_kettle_271.jpg,Classic Electric Kettle 271,NorthPeak,"The Classic Electric Kettle 271 by NorthPeak delivers dependable performance with quality materials and thoughtful design. It is well suited for everyday use in the home & kitchen category, offering a strong balance of value and functionality.",Home & Kitchen,modern waterproof durable wireless compact,654.6,2.31,9591,1671,2022-09-25
https://example.com/images/smart_graphic_t-shirt_164.jpg,Smart Graphic T-Shirt 164,BrightLeaf Publishing,"The Smart Graphic T-Shirt 164 by BrightLeaf Publishing delivers dependable performance with quality materials and thoughtful design. It is well suited for everyday use in the books category, offering a strong balance of value and functionality.",Books,premium newarrival giftable modern wireless,700.76,1.03,48,1158,2019-06-01
https://example.com/images/smart_electric_kettle_309.jpg,Smart Electric Kettle 309,BlueRiver Outfitters,"The Smart Electric Kettle 309 by BlueRiver Outfitters delivers dependable performance with quality materials and thoughtful design. It is well suited for everyday use in the books category, offering a strong balance of value and functionality.",Books,waterproof versatile essential bestseller giftable,81.15,3.99,2270,1805,2017-05-10
https://example.com/images/classic_gaming_mouse_639.jpg,Classic Gaming Mouse 639,Summit Gear Co.,"The Classic Gaming Mouse 639 by Summit Gear Co. delivers dependable performance with quality materials and thoughtful design. It is well suited for everyday use in the electronics category, offering a strong balance of value and functionality.",Electronics,premium versatile durable essential wireless,12.61,1.93,1326,1686,2022-10-11
https://example.com/images/premium_mechanical_keyboard_881.jpg,Premium Mechanical Keyboard 881,Maple Street Press,"The Premium Mechanical Keyboard 881 by Maple Street Press delivers dependable performance with quality materials and thoughtful design. It is well suited for everyday use in the office supplies category, offering a strong balance of value and functionality.",Office Supplies,bestseller ergonomic rechargeable lightweight essential,706.35,1.56,5606,1124,2020-10-24
https://example.com/images/advanced_cookware_set_744.jpg,Advanced Cookware Set 744,BlueRiver Outfitters,"The Advanced Cookware Set 744 by BlueRiver Outfitters delivers dependable performance with quality materials and thoughtful design. It is well suited for everyday use in the clothing category, offering a strong balance of value and functionality.",Clothing,limitededition lightweight wireless waterproof durable,284.87,1.34,4513,1839,2018-07-23
https://example.com/images/compact_action_camera_881.jpg,Compact Action Camera 881,Summit Gear Co.,"The Compact Action Camera 881 by Summit Gear Co. delivers dependable performance with quality materials and thoughtful design. It is well suited for everyday use in the office supplies category, offering a strong balance of value and functionality.",Office Supplies,limitededition durable ergonomic waterproof essential,710.9,4.51,4287,266,2018-07-12
https://example.com/images/smart_led_desk_lamp_882.jpg,Smart LED Desk Lamp 882,NorthPeak,"The Smart LED Desk Lamp 882 by NorthPeak delivers dependable performance with quality materials and thoughtful design. It is well suited for everyday use in the books category, offering a strong balance of value and functionality.",Books,versatile waterproof bestseller limitededition durable,91.58,1.31,9562,1284,2024-09-24
https://example.com/images/smart_fitness_tracker_456.jpg,Smart Fitness Tracker 456,Maple Street Press,"The Smart Fitness Tracker 456 by Maple Street Press delivers dependable performance with quality materials and thoughtful design. It is well suited for everyday use in the books category, offering a strong balance of value and functionality.",Books,lightweight waterproof portable giftable premium,131.19,2.05,3686,835,2021-11-15
https://example.com/images/smart_noise_cancelling_headphones_292.jpg,Smart Noise Cancelling Headphones 292,NorthPeak,"The Smart Noise Cancelling Headphones 292 by NorthPeak delivers dependable performance with quality materials and thoughtful design. It is well suited for everyday use in the office supplies category, offering a strong balance of value and functionality.",Office Supplies,lightweight limitededition wireless compact essential,790.49,2.94,8276,1084,2022-09-20
https://example.com/images/advanced_office_chair_916.jpg,Advanced Office Chair 916,Horizon Tech,"The Advanced Office Chair 916 by Horizon Tech delivers dependable performance with quality materials and thoughtful design. It is well suited for everyday use in the sports & outdoors category, offering a strong balance of value and functionality.",Sports & Outdoors,wireless lightweight newarrival compact limitededition,85.14,2.06,6734,154,2022-01-28
https://example.com/images/portable_noise_cancelling_headphones_836.jpg,Portable Noise Cancelling Headphones 836,NorthPeak,"The Portable Noise Cancelling Headphones 836 by NorthPeak delivers dependable performance with quality materials and thoughtful design. It is well suited for everyday use in the electronics category, offering a strong balance of value and functionality.",Electronics,wireless ergonomic essential portable durable,31.08,3.66,982,834,2017-12-20
https://example.com/images/premium_gaming_mouse_597.jpg,Premium Gaming Mouse 597,BrightLeaf Publishing,"The Premium Gaming Mouse 597 by BrightLeaf Publishing delivers dependable performance with quality materials and thoughtful design. It is well suited for everyday use in the office supplies category, offering a strong balance of value and functionality.",Office Supplies,portable versatile modern newarrival lightweight,644.59,3.87,2175,1022,2020-01-28
https://example.com/images/smart_graphic_t-shirt_100.jpg,Smart Graphic T-Shirt 100,BrightLeaf Publishing,"The Smart Graphic T-Shirt 100 by BrightLeaf Publishing delivers dependable performance with quality materials and thoughtful design. It is well suited for everyday use in the electronics category, offering a strong balance of value and functionality.",Electronics,modern waterproof ergonomic bestseller newarrival,494.79,3.05,8668,552,2019-01-29
https://example.com/images/eco_led_desk_lamp_645.jpg,Eco LED Desk Lamp 645,Summit Gear Co.,"The Eco LED Desk Lamp 645 by Summit Gear Co. delivers dependable performance with quality materials and thoughtful design. It is well suited for everyday use in the home & kitchen category, offering a strong balance of value and functionality.",Home & Kitchen,modern versatile portable newarrival lightweight,456.11,1.73,8990,1863,2017-04-18
https://example.com/images/ultra_office_chair_930.jpg,Ultra Office Chair 930,UrbanNest,"The Ultra Office Chair 930 by UrbanNest delivers dependable performance with quality materials and thoughtful design. It is well suited for everyday use in the sports & outdoors category, offering a strong balance of value and functionality.",Sports & Outdoors,premium limitededition lightweight wireless versatile,127.33,1.97,4796,303,2020-06-02
https://example.com/images/premium_noise_cancelling_headphones_643.jpg,Premium Noise Cancelling Headphones 643,SilverLine Electronics,"The Premium Noise Cancelling Headphones 643 by SilverLine Electronics delivers dependable performance with quality materials and thoughtful design. It is well suited for everyday use in the sports & outdoors category, offering a strong balance of value and functionality.",Sports & Outdoors,versatile portable lightweight premium rechargeable,723.31,3.0,4061,836,2020-11-20
https://example.com/images/portable_gaming_mouse_323.jpg,Portable Gaming Mouse 323,Horizon Tech,"The Portable Gaming Mouse 323 by Horizon Tech delivers dependable performance with quality materials and thoughtful design. It is well suited for everyday use in the electronics category, offering a strong balance of value and functionality.",Electronics,portable giftable versatile durable compact,524.08,4.02,4063,1577,2022-07-20
https://example.com/images/ultra_cookbook_564.jpg,Ultra Cookbook 564,Summit Gear Co.,"The Ultra Cookbook 564 by Summit Gear Co. delivers dependable performance with quality materials and thoughtful design. It is well suited for everyday use in the clothing category, offering a strong balance of value and functionality.",Clothing,bestseller versatile premium durable newarrival,418.05,2.97,8779,1743,2020-09-06
https://example.com/images/classic_science_fiction_novel_491.jpg,Classic Science Fiction Novel 491,BrightLeaf Publishing,"The Classic Science Fiction Novel 491 by BrightLeaf Publishing delivers dependable performance with quality materials and thoughtful design. It is well suited for everyday use in the books category, offering a strong balance of value and functionality.",Books,lightweight bestseller versatile portable giftable,138.71,3.04,6026,249,2021-09-06
https://example.com/images/wireless_4k_monitor_395.jpg,Wireless 4K Monitor 395,Summit Gear Co.,"The Wireless 4K Monitor 395 by Summit Gear Co. delivers dependable performance with quality materials and thoughtful design. It is well suited for everyday use in the clothing category, offering a strong balance of value and functionality.",Clothing,rechargeable newarrival portable lightweight wireless,493.55,3.9,1415,636,2024-05-21
https://example.com/images/compact_electric_kettle_253.jpg,Compact Electric Kettle 253,BrightLeaf Publishing,"The Compact Electric Kettle 253 by BrightLeaf Publishing delivers dependable performance with quality materials and thoughtful design. It is well suited for everyday use in the home & kitchen category, offering a strong balance of value and functionality.",Home & Kitchen,portable giftable durable essential compact,33.19,4.13,7999,1523,2021-02-16
https://example.com/images/wireless_action_camera_915.jpg,Wireless Action Camera 915,SilverLine Electronics,"The Wireless Action Camera 915 by SilverLine Electronics delivers dependable performance with quality materials and thoughtful design. It is well suited for everyday use in the home & kitchen category, offering a strong balance of value and functionality.",Home & Kitchen,giftable premium limitededition durable modern,729.15,3.28,9596,1363,2024-12-15
https://example.com/images/ultra_stainless_steel_water_bottle_573.jpg,Ultra Stainless Steel Water Bottle 573,NorthPeak,"The Ultra Stainless Steel Water Bottle 573 by NorthPeak delivers dependable performance with quality materials and thoughtful design. It is well suited for everyday use in the office supplies category, offering a strong balance of value and functionality.",Office Supplies,essential wireless waterproof modern ergonomic,161.51,1.33,4410,1276,2021-09-10
https://example.com/images/premium_backpack_185.jpg,Premium Backpack 185,Maple Street Press,"The Premium Backpack 185 by Maple Street Press delivers dependable performance with quality materials and thoughtful design. It is well suited for everyday use in the clothing category, offering a strong balance of value and functionality.",Clothing,modern bestseller versatile waterproof wireless,719.81,4.39,9971,220,2022-08-20
https://example.com/images/eco_noise_cancelling_headphones_181.jpg,Eco Noise Cancelling Headphones 181,Maple Street Press,"The Eco Noise Cancelling Headphones 181 by Maple Street Press delivers dependable performance with quality materials and thoughtful design. It is well suited for everyday use in the books category, offering a strong balance of value and functionality.",Books,giftable limitededition portable versatile durable,428.18,4.22,659,552,2022-10-21
https://example.com/images/smart_led_desk_lamp_306.jpg,Smart LED Desk Lamp 306,SilverLine Electronics,"The Smart LED Desk Lamp 306 by SilverLine Electronics delivers dependable performance with quality materials and thoughtful design. It is well suited for everyday use in the clothing category, offering a strong balance of value and functionality.",Clothing,limitededition waterproof rechargeable modern premium,454.81,2.52,2193,646,2016-03-25
https://example.com/images/ultra_led_desk_lamp_486.jpg,Ultra LED Desk Lamp 486,Horizon Tech,"The Ultra LED Desk Lamp 486 by Horizon Tech delivers dependable performance with quality materials and thoughtful design. It is well suited for everyday use in the sports & outdoors category, offering a strong balance of value and functionality.",Sports & Outdoors,bestseller modern versatile essential portable,59.21,3.03,6988,755,2019-01-21
https://example.com/images/eco_mechanical_keyboard_470.jpg,Eco Mechanical Keyboard 470,BrightLeaf Publishing,"The Eco Mechanical Keyboard 470 by BrightLeaf Publishing delivers dependable performance with quality materials and thoughtful design. It is well suited for everyday use in the electronics category, offering a strong balance of value and functionality.",Electronics,durable rechargeable newarrival premium versatile,715.87,2.22,7789,46,2021-11-22
https://example.com/images/wireless_science_fiction_novel_268.jpg,Wireless Science Fiction Novel 268,Maple Street Press,"The Wireless Science Fiction Novel 268 by Maple Street Press delivers dependable performance with quality materials and thoughtful design. It is well suited for everyday use in the electronics category, offering a strong balance of value and functionality.",Electronics,newarrival waterproof rechargeable wireless limitededition,698.06,1.32,2699,401,2022-11-22
https://example.com/images/eco_action_camera_956.jpg,Eco Action Camera 956,NorthPeak,"The Eco Action Camera 956 by NorthPeak delivers dependable performance with quality materials and thoughtful design. It is well suited for everyday use in the books category, offering a strong balance of value and functionality.",Books,ergonomic newarrival versatile rechargeable giftable,653.7,1.01,7391,384,2019-08-24
https://example.com/images/professional_backpack_711.jpg,Professional Backpack 711,Summit Gear Co.,"The Professional Backpack 711 by Summit Gear Co. delivers dependable performance with quality materials and thoughtful design. It is well suited for everyday use in the sports & outdoors category, offering a strong balance of value and functionality.",Sports & Outdoors,modern bestseller durable limitededition compact,344.31,1.22,5734,1791,2021-02-25
https://example.com/images/premium_action_camera_857.jpg,Premium Action Camera 857,BrightLeaf Publishing,"The Premium Action Camera 857 by BrightLeaf Publishing delivers dependable performance with quality materials and thoughtful design. It is well suited for everyday use in the home & kitchen category, offering a strong balance of value and functionality.",Home & Kitchen,rechargeable essential limitededition waterproof bestseller,191.62,1.1,5658,1025,2021-09-17
https://example.com/images/compact_yoga_mat_677.jpg,Compact Yoga Mat 677,BrightLeaf Publishing,"The Compact Yoga Mat 677 by BrightLeaf Publishing delivers dependable performance with quality materials and thoughtful design. It is well suited for everyday use in the home & kitchen category, offering a strong balance of value and functionality.",Home & Kitchen,durable premium portable bestseller versatile,309.08,2.52,9265,95,2021-07-10
https://example.com/images/classic_action_camera_928.jpg,Classic Action Camera 928,Horizon Tech,"The Classic Action Camera 928 by Horizon Tech delivers dependable performance with quality materials and thoughtful design. It is well suited for everyday use in the clothing category, offering a strong balance of value and functionality.",Clothing,durable limitededition bestseller compact waterproof,227.6,2.53,3640,995,2020-03-07
https://example.com/images/ultra_noise_cancelling_headphones_775.jpg,Ultra Noise Cancelling Headphones 775,BrightLeaf Publishing,"The Ultra Noise Cancelling Headphones 775 by BrightLeaf Publishing delivers dependable performance with quality materials and thoughtful design. It is well suited for everyday use in the books category, offering a strong balance of value and functionality.",Books,lightweight giftable wireless waterproof essential,67.95,4.99,2424,1109,2017-03-03
https://example.com/images/eco_electric_kettle_962.jpg,Eco Electric Kettle 962,BlueRiver Outfitters,"The Eco Electric Kettle 962 by BlueRiver Outfitters delivers dependable performance with quality materials and thoughtful design. It is well suited for everyday use in the sports & outdoors category, offering a strong balance of value and functionality.",Sports & Outdoors,versatile portable lightweight giftable compact,509.45,3.41,315,1596,2016-11-10
https://example.com/images/portable_smartphone_stand_884.jpg,Portable Smartphone Stand 884,Summit Gear Co.,"The Portable Smartphone Stand 884 by Summit Gear Co. delivers dependable performance with quality materials and thoughtful design. It is well suited for everyday use in the office supplies category, offering a strong balance of value and functionality.",Office Supplies,rechargeable compact newarrival wireless essential,550.62,1.71,6582,389,2024-08-27
https://example.com/images/professional_stainless_steel_water_bottle_763.jpg,Professional Stainless Steel Water Bottle 763,SilverLine Electronics,"The Professional Stainless Steel Water Bottle 763 by SilverLine Electronics delivers dependable performance with quality materials and thoughtful design. It is well suited for everyday use in the sports & outdoors category, offering a strong balance of value and functionality.",Sports & Outdoors,durable giftable waterproof ergonomic limitededition,669.11,1.93,5833,350,2025-06-07
https://example.com/images/advanced_mechanical_keyboard_825.jpg,Advanced Mechanical Keyboard 825,Summit Gear Co.,"The Advanced Mechanical Keyboard 825 by Summit Gear Co. delivers dependable performance with quality materials and thoughtful design. It is well suited for everyday use in the office supplies category, offering a strong balance of value and functionality.",Office Supplies,rechargeable modern portable giftable newarrival,476.73,1.05,8971,116,2017-12-22
https://example.com/images/ultra_gaming_mouse_663.jpg,Ultra Gaming Mouse 663,BrightLeaf Publishing,"The Ultra Gaming Mouse 663 by BrightLeaf Publishing delivers dependable performance with quality materials and thoughtful design. It is well suited for everyday use in the electronics category, offering a strong balance of value and functionality.",Electronics,durable versatile giftable wireless limitededition,156.73,3.22,3985,132,2017-02-10
https://example.com/images/classic_graphic_t-shirt_175.jpg,Classic Graphic T-Shirt 175,Horizon Tech,"The Classic Graphic T-Shirt 175 by Horizon Tech delivers dependable performance with quality materials and thoughtful design. It is well suited for everyday use in the clothing category, offering a strong balance of value and functionality.",Clothing,versatile bestseller limitededition durable compact,573.9,1.34,3126,894,2020-01-13
https://example.com/images/wireless_office_chair_998.jpg,Wireless Office Chair 998,Maple Street Press,"The Wireless Office Chair 998 by Maple Street Press delivers dependable performance with quality materials and thoughtful design. It is well suited for everyday use in the electronics category, offering a strong balance of value and functionality.",Electronics,compact rechargeable essential limitededition giftable,153.59,1.97,7243,1729,2019-09-19
https://example.com/images/classic_yoga_mat_241.jpg,Classic Yoga Mat 241,Horizon Tech,"The Classic Yoga Mat 241 by Horizon Tech delivers dependable performance with quality materials and thoughtful design. It is well suited for everyday use in the home & kitchen category, offering a strong balance of value and functionality.",Home & Kitchen,waterproof modern wireless durable lightweight,366.18,2.68,5505,1979,2025-01-16
https://example.com/images/premium_4k_monitor_419.jpg,Premium 4K Monitor 419,NorthPeak,"The Premium 4K Monitor 419 by NorthPeak delivers dependable performance with quality materials and thoughtful design. It is well suited for everyday use in the sports & outdoors category, offering a strong balance of value and functionality.",Sports & Outdoors,limitededition premium lightweight giftable newarrival,625.75,2.78,9426,587,2019-04-07
https://example.com/images/wireless_4k_monitor_354.jpg,Wireless 4K Monitor 354,Horizon Tech,"The Wireless 4K Monitor 354 by Horizon Tech delivers dependable performance with quality materials and thoughtful design. It is well suited for everyday use in the electronics category, offering a strong balance of value and functionality.",Electronics,rechargeable portable waterproof lightweight versatile,115.74,2.88,5137,1963,2020-04-29
https://example.com/images/wireless_backpack_257.jpg,Wireless Backpack 257,SilverLine Electronics,"The Wireless Backpack 257 by SilverLine Electronics delivers dependable performance with quality materials and thoughtful design. It is well suited for everyday use in the office supplies category, offering a strong balance of value and functionality.",Office Supplies,portable rechargeable limitededition giftable bestseller,473.59,1.03,9010,1773,2020-07-10
https://example.com/images/classic_4k_monitor_358.jpg,Classic 4K Monitor 358,NorthPeak,"The Classic 4K Monitor 358 by NorthPeak delivers dependable performance with quality materials and thoughtful design. It is well suited for everyday use in the office supplies category, offering a strong balance of value and functionality.",Office Supplies,durable newarrival bestseller waterproof modern,527.24,4.64,446,1892,2025-06-05
https://example.com/images/eco_bluetooth_speaker_866.jpg,Eco Bluetooth Speaker 866,BlueRiver Outfitters,"The Eco Bluetooth Speaker 866 by BlueRiver Outfitters delivers dependable performance with quality materials and thoughtful design. It is well suited for everyday use in the office supplies category, offering a strong balance of value and functionality.",Office Supplies,portable modern wireless rechargeable premium,98.83,3.43,9363,1382,2017-12-15
https://example.com/images/classic_cookware_set_613.jpg,Classic Cookware Set 613,NorthPeak,"The Classic Cookware Set 613 by NorthPeak delivers dependable performance with quality materials and thoughtful design. It is well suited for everyday use in the books category, offering a strong balance of value and functionality.",Books,durable premium ergonomic versatile essential,440.1,1.11,2501,579,2018-11-28
https://example.com/images/advanced_cookbook_537.jpg,Advanced Cookbook 537,SilverLine Electronics,"The Advanced Cookbook 537 by SilverLine Electronics delivers dependable performance with quality materials and thoughtful design. It is well suited for everyday use in the home & kitchen category, offering a strong balance of value and functionality.",Home & Kitchen,waterproof limitededition essential modern giftable,523.68,1.82,9304,1658,2020-08-10
https://example.com/images/classic_external_hard_drive_655.jpg,Classic External Hard Drive 655,NorthPeak,"The Classic External Hard Drive 655 by NorthPeak delivers dependable performance with quality materials and thoughtful design. It is well suited for everyday use in the electronics category, offering a strong balance of value and functionality.",Electronics,modern waterproof ergonomic lightweight rechargeable,692.85,3.29,8574,1946,2022-08-06
https://example.com/images/ultra_fitness_tracker_240.jpg,Ultra Fitness Tracker 240,SilverLine Electronics,"The Ultra Fitness Tracker 240 by SilverLine Electronics delivers dependable performance with quality materials and thoughtful design. It is well suited for everyday use in the home & kitchen category, offering a strong balance of value and functionality.",Home & Kitchen,portable modern lightweight giftable ergonomic,505.18,2.2,8400,1971,2022-11-12
https://example.com/images/smart_stainless_steel_water_bottle_923.jpg,Smart Stainless Steel Water Bottle 923,Horizon Tech,"The Smart Stainless Steel Water Bottle 923 by Horizon Tech delivers dependable performance with quality materials and thoughtful design. It is well suited for everyday use in the office supplies category, offering a strong balance of value and functionality.",Office Supplies,limitededition premium waterproof ergonomic newarrival,618.38,4.0,4273,176,2025-04-02
https://example.com/images/wireless_led_desk_lamp_128.jpg,Wireless LED Desk Lamp 128,Horizon Tech,"The Wireless LED Desk Lamp 128 by Horizon Tech delivers dependable performance with quality materials and thoughtful design. It is well suited for everyday use in the clothing category, offering a strong balance of value and functionality.",Clothing,portable modern wireless limitededition premium,698.0,3.6,2207,1282,2021-09-29
https://example.com/images/ultra_external_hard_drive_129.jpg,Ultra External Hard Drive 129,Summit Gear Co.,"The Ultra External Hard Drive 129 by Summit Gear Co. delivers dependable performance with quality materials and thoughtful design. It is well suited for everyday use in the home & kitchen category, offering a strong balance of value and functionality.",Home & Kitchen,lightweight limitededition giftable durable compact,188.34,1.87,4134,1804,2024-06-18
https://example.com/images/professional_fitness_tracker_957.jpg,Professional Fitness Tracker 957,NorthPeak,"The Professional Fitness Tracker 957 by NorthPeak delivers dependable performance with quality materials and thoughtful design. It is well suited for everyday use in the sports & outdoors category, offering a strong balance of value and functionality.",Sports & Outdoors,ergonomic wireless durable giftable compact,92.54,4.37,6033,494,2020-10-03
https://example.com/images/compact_gaming_mouse_613.jpg,Compact Gaming Mouse 613,BrightLeaf Publishing,"The Compact Gaming Mouse 613 by BrightLeaf Publishing delivers dependable performance with quality materials and thoughtful design. It is well suited for everyday use in the books category, offering a strong balance of value and functionality.",Books,compact ergonomic portable bestseller modern,236.65,1.99,7303,1309,2017-02-15
https://example.com/images/smart_yoga_mat_366.jpg,Smart Yoga Mat 366,Summit Gear Co.,"The Smart Yoga Mat 366 by Summit Gear Co. delivers dependable performance with quality materials and thoughtful design. It is well suited for everyday use in the clothing category, offering a strong balance of value and functionality.",Clothing,modern essential ergonomic durable premium,311.62,2.41,1318,1679,2021-12-03
https://example.com/images/premium_cookbook_178.jpg,Premium Cookbook 178,Horizon Tech,"The Premium Cookbook 178 by Horizon Tech delivers dependable performance with quality materials and thoughtful design. It is well suited for everyday use in the clothing category, offering a strong balance of value and functionality.",Clothing,compact bestseller portable waterproof premium,232.25,1.3,6057,38,2021-11-06
https://example.com/images/professional_graphic_t-shirt_378.jpg,Professional Graphic T-Shirt 378,SilverLine Electronics,"The Professional Graphic T-Shirt 378 by SilverLine Electronics delivers dependable performance with quality materials and thoughtful design. It is well suited for everyday use in the electronics category, offering a strong balance of value and functionality.",Electronics,essential wireless modern rechargeable premium,352.77,3.05,5997,1006,2025-12-02
https://example.com/images/ultra_gaming_mouse_827.jpg,Ultra Gaming Mouse 827,NorthPeak,"The Ultra Gaming Mouse 827 by NorthPeak delivers dependable performance with quality materials and thoughtful design. It is well suited for everyday use in the home & kitchen category, offering a strong balance of value and functionality.",Home & Kitchen,wireless modern giftable durable compact,597.73,4.07,7463,662,2016-06-19
https://example.com/images/wireless_bluetooth_speaker_968.jpg,Wireless Bluetooth Speaker 968,BrightLeaf Publishing,"The Wireless Bluetooth Speaker 968 by BrightLeaf Publishing delivers dependable performance with quality materials and thoughtful design. It is well suited for everyday use in the sports & outdoors category, offering a strong balance of value and functionality.",Sports & Outdoors,premium giftable rechargeable waterproof lightweight,362.01,4.06,1268,1313,2021-02-03
https://example.com/images/eco_smartphone_stand_570.jpg,Eco Smartphone Stand 570,Summit Gear Co.,"The Eco Smartphone Stand 570 by Summit Gear Co. delivers dependable performance with quality materials and thoughtful design. It is well suited for everyday use in the office supplies category, offering a strong balance of value and functionality.",Office Supplies,portable essential limitededition premium waterproof,602.95,3.75,3516,1100,2024-10-27
https://example.com/images/wireless_noise_cancelling_headphones_794.jpg,Wireless Noise Cancelling Headphones 794,BrightLeaf Publishing,"The Wireless Noise Cancelling Headphones 794 by BrightLeaf Publishing delivers dependable performance with quality materials and thoughtful design. It is well suited for everyday use in the clothing category, offering a strong balance of value and functionality.",Clothing,wireless durable essential giftable lightweight,29.5,2.68,3847,751,2019-04-25
https://example.com/images/professional_stainless_steel_water_bottle_149.jpg,Professional Stainless Steel Water Bottle 149,NorthPeak,"The Professional Stainless Steel Water Bottle 149 by NorthPeak delivers dependable performance with quality materials and thoughtful design. It is well suited for everyday use in the electronics category, offering a strong balance of value and functionality.",Electronics,limitededition bestseller essential compact ergonomic,535.88,3.8,1407,1811,2016-01-26
https://example.com/images/advanced_smartphone_stand_877.jpg,Advanced Smartphone Stand 877,Maple Street Press,"The Advanced Smartphone Stand 877 by Maple Street Press delivers dependable performance with quality materials and thoughtful design. It is well suited for everyday use in the sports & outdoors category, offering a strong balance of value and functionality.",Sports & Outdoors,limitededition compact portable premium ergonomic,291.48,3.6,6120,1221,2016-01-26
https://example.com/images/smart_led_desk_lamp_886.jpg,Smart LED Desk Lamp 886,SilverLine Electronics,"The Smart LED Desk Lamp 886 by SilverLine Electronics delivers dependable performance with quality materials and thoughtful design. It is well suited for everyday use in the office supplies category, offering a strong balance of value and functionality.",Office Supplies,versatile essential limitededition giftable portable,724.82,1.58,3492,364,2018-01-24
https://example.com/images/smart_cookbook_626.jpg,Smart Cookbook 626,NorthPeak,"The Smart Cookbook 626 by NorthPeak delivers dependable performance with quality materials and thoughtful design. It is well suited for everyday use in the clothing category, offering a strong balance of value and functionality.",Clothing,waterproof durable premium compact lightweight,781.64,2.82,5680,848,2017-09-07
https://example.com/images/classic_smartphone_stand_136.jpg,Classic Smartphone Stand 136,BlueRiver Outfitters,"The Classic Smartphone Stand 136 by BlueRiver Outfitters delivers dependable performance with quality materials and thoughtful design. It is well suited for everyday use in the books category, offering a strong balance of value and functionality.",Books,bestseller wireless giftable compact lightweight,413.03,4.73,3053,1054,2020-06-21
https://example.com/images/eco_smartphone_stand_589.jpg,Eco Smartphone Stand 589,NorthPeak,"The Eco Smartphone Stand 589 by NorthPeak delivers dependable performance with quality materials and thoughtful design. It is well suited for everyday use in the electronics category, offering a strong balance of value and functionality.",Electronics,premium ergonomic compact versatile waterproof,526.89,1.26,2604,1729,2020-02-03
https://example.com/images/portable_electric_kettle_576.jpg,Portable Electric Kettle 576,Summit Gear Co.,"The Portable Electric Kettle 576 by Summit Gear Co. delivers dependable performance with quality materials and thoughtful design. It is well suited for everyday use in the electronics category, offering a strong balance of value and functionality.",Electronics,essential giftable lightweight rechargeable bestseller,505.76,3.07,3116,336,2016-03-29
https://example.com/images/classic_external_hard_drive_418.jpg,Classic External Hard Drive 418,UrbanNest,"The Classic External Hard Drive 418 by UrbanNest delivers dependable performance with quality materials and thoughtful design. It is well suited for everyday use in the books category, offering a strong balance of value and functionality.",Books,essential wireless bestseller giftable premium,293.45,3.14,6021,712,2017-10-19
https://example.com/images/premium_gaming_mouse_550.jpg,Premium Gaming Mouse 550,UrbanNest,"The Premium Gaming Mouse 550 by UrbanNest delivers dependable performance with quality materials and thoughtful design. It is well suited for everyday use in the electronics category, offering a strong balance of value and functionality.",Electronics,compact ergonomic portable limitededition lightweight,165.39,2.06,3534,1671,2025-04-16
https://example.com/images/premium_mechanical_keyboard_464.jpg,Premium Mechanical Keyboard 464,Horizon Tech,"The Premium Mechanical Keyboard 464 by Horizon Tech delivers dependable performance with quality materials and thoughtful design. It is well suited for everyday use in the sports & outdoors category, offering a strong balance of value and functionality.",Sports & Outdoors,giftable bestseller versatile modern durable,499.54,3.37,1245,41,2023-10-25
https://example.com/images/premium_office_chair_874.jpg,Premium Office Chair 874,Summit Gear Co.,"The Premium Office Chair 874 by Summit Gear Co. delivers dependable performance with quality materials and thoughtful design. It is well suited for everyday use in the clothing category, offering a strong balance of value and functionality.",Clothing,modern compact versatile bestseller lightweight,386.24,4.48,625,1243,2016-01-23
https://example.com/images/advanced_bluetooth_speaker_688.jpg,Advanced Bluetooth Speaker 688,Maple Street Press,"The Advanced Bluetooth Speaker 688 by Maple Street Press delivers dependable performance with quality materials and thoughtful design. It is well suited for everyday use in the home & kitchen category, offering a strong balance of value and functionality.",Home & Kitchen,giftable compact newarrival limitededition durable,254.56,2.58,5473,1245,2020-08-09
https://example.com/images/premium_gaming_mouse_948.jpg,Premium Gaming Mouse 948,BlueRiver Outfitters,"The Premium Gaming Mouse 948 by BlueRiver Outfitters delivers dependable performance with quality materials and thoughtful design. It is well suited for everyday use in the home & kitchen category, offering a strong balance of value and functionality.",Home & Kitchen,modern portable newarrival essential rechargeable,112.77,2.93,2251,1033,2021-06-20
https://example.com/images/portable_bluetooth_speaker_973.jpg,Portable Bluetooth Speaker 973,Summit Gear Co.,"The Portable Bluetooth Speaker 973 by Summit Gear Co. delivers dependable performance with quality materials and thoughtful design. It is well suited for everyday use in the sports & outdoors category, offering a strong balance of value and functionality.",Sports & Outdoors,durable giftable newarrival wireless essential,741.94,3.7,7110,675,2023-10-02
https://example.com/images/portable_led_desk_lamp_522.jpg,Portable LED Desk Lamp 522,Summit Gear Co.,"The Portable LED Desk Lamp 522 by Summit Gear Co. delivers dependable performance with quality materials and thoughtful design. It is well suited for everyday use in the electronics category, offering a strong balance of value and functionality.",Electronics,lightweight waterproof modern rechargeable compact,397.7,2.3,621,138,2021-03-28
https://example.com/images/professional_cookbook_990.jpg,Professional Cookbook 990,Maple Street Press,"The Professional Cookbook 990 by Maple Street Press delivers dependable performance with quality materials and thoughtful design. It is well suited for everyday use in the office supplies category, offering a strong balance of value and functionality.",Office Supplies,newarrival portable premium bestseller giftable,13.46,3.97,4754,181,2024-08-22
https://example.com/images/professional_running_shoes_364.jpg,Professional Running Shoes 364,BrightLeaf Publishing,"The Professional Running Shoes 364 by BrightLeaf Publishing delivers dependable performance with quality materials and thoughtful design. It is well suited for everyday use in the home & kitchen category, offering a strong balance of value and functionality.",Home & Kitchen,compact essential giftable bestseller portable,264.17,4.54,510,1240,2017-03-24
https://example.com/images/compact_fitness_tracker_986.jpg,Compact Fitness Tracker 986,UrbanNest,"The Compact Fitness Tracker 986 by UrbanNest delivers dependable performance with quality materials and thoughtful design. It is well suited for everyday use in the clothing category, offering a strong balance of value and functionality.",Clothing,limitededition bestseller durable portable premium,129.46,4.14,7749,1285,2025-07-30
https://example.com/images/classic_running_shoes_463.jpg,Classic Running Shoes 463,Summit Gear Co.,"The Classic Running Shoes 463 by Summit Gear Co. delivers dependable performance with quality materials and thoughtful design. It is well suited for everyday use in the home & kitchen category, offering a strong balance of value and functionality.",Home & Kitchen,limitededition compact essential rechargeable durable,792.98,4.22,4270,1844,2017-01-10
https://example.com/images/wireless_noise_cancelling_headphones_579.jpg,Wireless Noise Cancelling Headphones 579,Maple Street Press,"The Wireless Noise Cancelling Headphones 579 by Maple Street Press delivers dependable performance with quality materials and thoughtful design. It is well suited for everyday use in the sports & outdoors category, offering a strong balance of value and functionality.",Sports & Outdoors,wireless lightweight durable versatile giftable,564.64,1.25,6668,63,2025-10-26
https://example.com/images/ultra_cookbook_633.jpg,Ultra Cookbook 633,BrightLeaf Publishing,"The Ultra Cookbook 633 by BrightLeaf Publishing delivers dependable performance with quality materials and thoughtful design. It is well suited for everyday use in the office supplies category, offering a strong balance of value and functionality.",Office Supplies,waterproof versatile wireless modern giftable,109.82,2.31,8350,1838,2024-05-06
https://example.com/images/ultra_cookbook_235.jpg,Ultra Cookbook 235,NorthPeak,"The Ultra Cookbook 235 by NorthPeak delivers dependable performance with quality materials and thoughtful design. It is well suited for everyday use in the office supplies category, offering a strong balance of value and functionality.",Office Supplies,ergonomic limitededition durable wireless modern,314.36,2.81,4844,1870,2017-11-01
https://example.com/images/smart_cookbook_956.jpg,Smart Cookbook 956,Maple Street Press,"The Smart Cookbook 956 by Maple Street Press delivers dependable performance with quality materials and thoughtful design. It is well suited for everyday use in the sports & outdoors category, offering a strong balance of value and functionality.",Sports & Outdoors,lightweight modern compact versatile portable,12.02,1.29,1471,362,2025-06-12
https://example.com/images/compact_gaming_mouse_632.jpg,Compact Gaming Mouse 632,UrbanNest,"The Compact Gaming Mouse 632 by UrbanNest delivers dependable performance with quality materials and thoughtful design. It is well suited for everyday use in the electronics category, offering a strong balance of value and functionality.",Electronics,premium giftable versatile compact durable,171.89,3.04,2046,933,2017-12-03
https://example.com/images/smart_external_hard_drive_271.jpg,Smart External Hard Drive 271,Maple Street Press,"The Smart External Hard Drive 271 by Maple Street Press delivers dependable performance with quality materials and thoughtful design. It is well suited for everyday use in the home & kitchen category, offering a strong balance of value and functionality.",Home & Kitchen,ergonomic compact rechargeable portable giftable,123.95,3.03,4750,959,2021-04-27
https://example.com/images/portable_action_camera_431.jpg,Portable Action Camera 431,SilverLine Electronics,"The Portable Action Camera 431 by SilverLine Electronics delivers dependable performance with quality materials and thoughtful design. It is well suited for everyday use in the sports & outdoors category, offering a strong balance of value and functionality.",Sports & Outdoors,modern premium limitededition wireless bestseller,64.31,2.83,6228,1189,2017-10-02
https://example.com/images/advanced_office_chair_111.jpg,Advanced Office Chair 111,NorthPeak,"The Advanced Office Chair 111 by NorthPeak delivers dependable performance with quality materials and thoughtful design. It is well suited for everyday use in the clothing category, offering a strong balance of value and functionality.",Clothing,rechargeable versatile portable waterproof newarrival,44.51,3.47,8315,896,2021-11-18
https://example.com/images/portable_cookware_set_784.jpg,Portable Cookware Set 784,Horizon Tech,"The Portable Cookware Set 784 by Horizon Tech delivers dependable performance with quality materials and thoughtful design. It is well suited for everyday use in the electronics category, offering a strong balance of value and functionality.",Electronics,lightweight wireless premium waterproof essential,567.28,4.04,6642,637,2024-01-22
https://example.com/images/compact_fitness_tracker_846.jpg,Compact Fitness Tracker 846,SilverLine Electronics,"The Compact Fitness Tracker 846 by SilverLine Electronics delivers dependable performance with quality materials and thoughtful design. It is well suited for everyday use in the office supplies category, offering a strong balance of value and functionality.",Office Supplies,newarrival portable compact limitededition premium,752.85,2.35,5462,404,2018-08-24
https://example.com/images/premium_fitness_tracker_170.jpg,Premium Fitness Tracker 170,UrbanNest,"The Premium Fitness Tracker 170 by UrbanNest delivers dependable performance with quality materials and thoughtful design. It is well suited for everyday use in the sports & outdoors category, offering a strong balance of value and functionality.",Sports & Outdoors,versatile wireless lightweight waterproof ergonomic,67.72,1.5,8623,421,2025-06-15
https://example.com/images/eco_gaming_mouse_447.jpg,Eco Gaming Mouse 447,SilverLine Electronics,"The Eco Gaming Mouse 447 by SilverLine Electronics delivers dependable performance with quality materials and thoughtful design. It is well suited for everyday use in the sports & outdoors category, offering a strong balance of value and functionality.",Sports & Outdoors,ergonomic limitededition rechargeable compact lightweight,50.0,3.83,3004,1911,2024-06-27
https://example.com/images/advanced_noise_cancelling_headphones_214.jpg,Advanced Noise Cancelling Headphones 214,BrightLeaf Publishing,"The Advanced Noise Cancelling Headphones 214 by BrightLeaf Publishing delivers dependable performance with quality materials and thoughtful design. It is well suited for everyday use in the sports & outdoors category, offering a strong balance of value and functionality.",Sports & Outdoors,rechargeable ergonomic portable giftable premium,411.65,1.05,5798,79,2017-09-10
https://example.com/images/premium_office_chair_580.jpg,Premium Office Chair 580,NorthPeak,"The Premium Office Chair 580 by NorthPeak delivers dependable performance with quality materials and thoughtful design. It is well suited for everyday use in the office supplies category, offering a strong balance of value and functionality.",Office Supplies,rechargeable bestseller giftable limitededition essential,20.64,4.49,1906,266,2020-02-22
https://example.com/images/wireless_led_desk_lamp_138.jpg,Wireless LED Desk Lamp 138,Horizon Tech,"The Wireless LED Desk Lamp 138 by Horizon Tech delivers dependable performance with quality materials and thoughtful design. It is well suited for everyday use in the home & kitchen category, offering a strong balance of value and functionality.",Home & Kitchen,lightweight newarrival ergonomic modern wireless,199.03,4.02,4026,995,2021-06-25
https://example.com/images/compact_mechanical_keyboard_949.jpg,Compact Mechanical Keyboard 949,Horizon Tech,"The Compact Mechanical Keyboard 949 by Horizon Tech delivers dependable performance with quality materials and thoughtful design. It is well suited for everyday use in the sports & outdoors category, offering a strong balance of value and functionality.",Sports & Outdoors,compact newarrival modern ergonomic durable,417.01,3.03,9948,1313,2024-05-29
https://example.com/images/premium_bluetooth_speaker_915.jpg,Premium Bluetooth Speaker 915,Summit Gear Co.,"The Premium Bluetooth Speaker 915 by Summit Gear Co. delivers dependable performance with quality materials and thoughtful design. It is well suited for everyday use in the office supplies category, offering a strong balance of value and functionality.",Office Supplies,bestseller giftable lightweight ergonomic versatile,217.04,4.57,9420,1509,2021-01-28
https://example.com/images/wireless_stainless_steel_water_bottle_986.jpg,Wireless Stainless Steel Water Bottle 986,BlueRiver Outfitters,"The Wireless Stainless Steel Water Bottle 986 by BlueRiver Outfitters delivers dependable performance with quality materials and thoughtful design. It is well suited for everyday use in the office supplies category, offering a strong balance of value and functionality.",Office Supplies,lightweight premium portable giftable rechargeable,192.48,4.78,3920,1249,2020-08-20
https://example.com/images/eco_action_camera_788.jpg,Eco Action Camera 788,Horizon Tech,"The Eco Action Camera 788 by Horizon Tech delivers dependable performance with quality materials and thoughtful design. It is well suited for everyday use in the books category, offering a strong balance of value and functionality.",Books,durable compact limitededition lightweight bestseller,208.58,1.02,9230,406,2023-05-16
https://example.com/images/premium_mechanical_keyboard_383.jpg,Premium Mechanical Keyboard 383,UrbanNest,"The Premium Mechanical Keyboard 383 by UrbanNest delivers dependable performance with quality materials and thoughtful design. It is well suited for everyday use in the clothing category, offering a strong balance of value and functionality.",Clothing,newarrival versatile modern waterproof durable,670.58,1.82,8890,313,2016-07-16
https://example.com/images/advanced_noise_cancelling_headphones_497.jpg,Advanced Noise Cancelling Headphones 497,Horizon Tech,"The Advanced Noise Cancelling Headphones 497 by Horizon Tech delivers dependable performance with quality materials and thoughtful design. It is well suited for everyday use in the electronics category, offering a strong balance of value and functionality.",Electronics,bestseller waterproof limitededition ergonomic giftable,704.33,3.04,2896,1364,2021-08-03
https://example.com/images/portable_bluetooth_speaker_539.jpg,Portable Bluetooth Speaker 539,UrbanNest,"The Portable Bluetooth Speaker 539 by UrbanNest delivers dependable performance with quality materials and thoughtful design. It is well suited for everyday use in the books category, offering a strong balance of value and functionality.",Books,compact ergonomic portable limitededition bestseller,22.36,2.61,5115,1614,2020-12-08
https://example.com/images/premium_external_hard_drive_395.jpg,Premium External Hard Drive 395,Maple Street Press,"The Premium External Hard Drive 395 by Maple Street Press delivers dependable performance with quality materials and thoughtful design. It is well suited for everyday use in the books category, offering a strong balance of value and functionality.",Books,rechargeable essential limitededition portable lightweight,163.41,3.88,2983,1518,2022-02-26
https://example.com/images/smart_mechanical_keyboard_821.jpg,Smart Mechanical Keyboard 821,Horizon Tech,"The Smart Mechanical Keyboard 821 by Horizon Tech delivers dependable performance with quality materials and thoughtful design. It is well suited for everyday use in the home & kitchen category, offering a strong balance of value and functionality.",Home & Kitchen,premium newarrival lightweight ergonomic versatile,433.1,1.1,3477,1077,2022-12-18
https://example.com/images/premium_gaming_mouse_682.jpg,Premium Gaming Mouse 682,NorthPeak,"The Premium Gaming Mouse 682 by NorthPeak delivers dependable performance with quality materials and thoughtful design. It is well suited for everyday use in the electronics category, offering a strong balance of value and functionality.",Electronics,compact durable wireless essential premium,673.88,2.44,524,363,2024-05-01
https://example.com/images/portable_office_chair_221.jpg,Portable Office Chair 221,Horizon Tech,"The Portable Office Chair 221 by Horizon Tech delivers dependable performance with quality materials and thoughtful design. It is well suited for everyday use in the electronics category, offering a strong balance of value and functionality.",Electronics,durable waterproof newarrival giftable bestseller,688.75,4.64,2458,830,2016-04-15
https://example.com/images/ultra_led_desk_lamp_824.jpg,Ultra LED Desk Lamp 824,Summit Gear Co.,"The Ultra LED Desk Lamp 824 by Summit Gear Co. delivers dependable performance with quality materials and thoughtful design. It is well suited for everyday use in the books category, offering a strong balance of value and functionality.",Books,versatile waterproof modern ergonomic compact,365.98,1.6,154,604,2021-11-04
https://example.com/images/advanced_4k_monitor_594.jpg,Advanced 4K Monitor 594,BlueRiver Outfitters,"The Advanced 4K Monitor 594 by BlueRiver Outfitters delivers dependable performance with quality materials and thoughtful design. It is well suited for everyday use in the office supplies category, offering a strong balance of value and functionality.",Office Supplies,giftable essential versatile waterproof lightweight,204.5,2.79,3233,156,2023-07-16
https://example.com/images/ultra_cookware_set_795.jpg,Ultra Cookware Set 795,Summit Gear Co.,"The Ultra Cookware Set 795 by Summit Gear Co. delivers dependable performance with quality materials and thoughtful design. It is well suited for everyday use in the home & kitchen category, offering a strong balance of value and functionality.",Home & Kitchen,premium modern ergonomic essential versatile,283.47,1.12,5118,491,2025-02-07
https://example.com/images/wireless_mechanical_keyboard_406.jpg,Wireless Mechanical Keyboard 406,Horizon Tech,"The Wireless Mechanical Keyboard 406 by Horizon Tech delivers dependable performance with quality materials and thoughtful design. It is well suited for everyday use in the sports & outdoors category, offering a strong balance of value and functionality.",Sports & Outdoors,essential versatile lightweight waterproof compact,345.23,3.78,3627,836,2019-02-04
https://example.com/images/wireless_running_shoes_218.jpg,Wireless Running Shoes 218,BlueRiver Outfitters,"The Wireless Running Shoes 218 by BlueRiver Outfitters delivers dependable performance with quality materials and thoughtful design. It is well suited for everyday use in the clothing category, offering a strong balance of value and functionality.",Clothing,compact giftable waterproof wireless modern,9.62,1.93,1363,1672,2024-10-02
https://example.com/images/wireless_action_camera_577.jpg,Wireless Action Camera 577,BrightLeaf Publishing,"The Wireless Action Camera 577 by BrightLeaf Publishing delivers dependable performance with quality materials and thoughtful design. It is well suited for everyday use in the electronics category, offering a strong balance of value and functionality.",Electronics,premium lightweight bestseller durable limitededition,409.68,4.41,7274,1803,2020-03-05
https://example.com/images/advanced_4k_monitor_785.jpg,Advanced 4K Monitor 785,Maple Street Press,"The Advanced 4K Monitor 785 by Maple Street Press delivers dependable performance with quality materials and thoughtful design. It is well suited for everyday use in the home & kitchen category, offering a strong balance of value and functionality.",Home & Kitchen,ergonomic rechargeable limitededition wireless compact,86.26,3.27,26,967,2019-02-26
https://example.com/images/compact_yoga_mat_622.jpg,Compact Yoga Mat 622,BlueRiver Outfitters,"The Compact Yoga Mat 622 by BlueRiver Outfitters delivers dependable performance with quality materials and thoughtful design. It is well suited for everyday use in the books category, offering a strong balance of value and functionality.",Books,premium bestseller compact newarrival portable,789.92,2.89,7283,1832,2020-12-07
https://example.com/images/smart_fitness_tracker_157.jpg,Smart Fitness Tracker 157,SilverLine Electronics,"The Smart Fitness Tracker 157 by SilverLine Electronics delivers dependable performance with quality materials and thoughtful design. It is well suited for everyday use in the books category, offering a strong balance of value and functionality.",Books,premium essential modern waterproof durable,595.74,2.02,5959,1199,2022-03-29
https://example.com/images/advanced_graphic_t-shirt_703.jpg,Advanced Graphic T-Shirt 703,Horizon Tech,"The Advanced Graphic T-Shirt 703 by Horizon Tech delivers dependable performance with quality materials and thoughtful design. It is well suited for everyday use in the clothing category, offering a strong balance of value and functionality.",Clothing,ergonomic newarrival premium waterproof durable,117.43,1.16,1651,5,2025-10-22
https://example.com/images/eco_led_desk_lamp_696.jpg,Eco LED Desk Lamp 696,Maple Street Press,"The Eco LED Desk Lamp 696 by Maple Street Press delivers dependable performance with quality materials and thoughtful design. It is well suited for everyday use in the sports & outdoors category, offering a strong balance of value and functionality.",Sports & Outdoors,compact durable ergonomic rechargeable premium,370.53,1.93,2309,208,2019-05-24
https://example.com/images/wireless_fitness_tracker_134.jpg,Wireless Fitness Tracker 134,UrbanNest,"The Wireless Fitness Tracker 134 by UrbanNest delivers dependable performance with quality materials and thoughtful design. It is well suited for everyday use in the sports & outdoors category, offering a strong balance of value and functionality.",Sports & Outdoors,bestseller versatile giftable ergonomic compact,449.8,3.71,6241,836,2021-10-12
https://example.com/images/eco_science_fiction_novel_637.jpg,Eco Science Fiction Novel 637,NorthPeak,"The Eco Science Fiction Novel 637 by NorthPeak delivers dependable performance with quality materials and thoughtful design. It is well suited for everyday use in the sports & outdoors category, offering a strong balance of value and functionality.",Sports & Outdoors,giftable versatile bestseller ergonomic limitededition,717.8,1.48,2563,1998,2019-07-08
https://example.com/images/compact_action_camera_599.jpg,Compact Action Camera 599,Horizon Tech,"The Compact Action Camera 599 by Horizon Tech delivers dependable performance with quality materials and thoughtful design. It is well suited for everyday use in the office supplies category, offering a strong balance of value and functionality.",Office Supplies,compact durable wireless modern waterproof,570.72,3.29,2821,1118,2022-01-29
https://example.com/images/premium_yoga_mat_949.jpg,Premium Yoga Mat 949,Maple Street Press,"The Premium Yoga Mat 949 by Maple Street Press delivers dependable performance with quality materials and thoughtful design. It is well suited for everyday use in the office supplies category, offering a strong balance of value and functionality.",Office Supplies,limitededition modern lightweight portable newarrival,769.23,2.26,7476,727,2025-10-02
https://example.com/images/premium_led_desk_lamp_680.jpg,Premium LED Desk Lamp 680,Summit Gear Co.,"The Premium LED Desk Lamp 680 by Summit Gear Co. delivers dependable performance with quality materials and thoughtful design. It is well suited for everyday use in the electronics category, offering a strong balance of value and functionality.",Electronics,waterproof newarrival lightweight bestseller premium,99.98,2.03,7541,363,2017-04-28
https://example.com/images/classic_led_desk_lamp_992.jpg,Classic LED Desk Lamp 992,UrbanNest,"The Classic LED Desk Lamp 992 by UrbanNest delivers dependable performance with quality materials and thoughtful design. It is well suited for everyday use in the home & kitchen category, offering a strong balance of value and functionality.",Home & Kitchen,ergonomic compact giftable waterproof durable,174.95,4.26,7764,868,2025-04-19
https://example.com/images/eco_office_chair_637.jpg,Eco Office Chair 637,SilverLine Electronics,"The Eco Office Chair 637 by SilverLine Electronics delivers dependable performance with quality materials and thoughtful design. It is well suited for everyday use in the sports & outdoors category, offering a strong balance of value and functionality.",Sports & Outdoors,versatile limitededition giftable rechargeable compact,405.92,3.8,5902,1331,2016-10-24
https://example.com/images/smart_running_shoes_939.jpg,Smart Running Shoes 939,SilverLine Electronics,"The Smart Running Shoes 939 by SilverLine Electronics delivers dependable performance with quality materials and thoughtful design. It is well suited for everyday use in the office supplies category, offering a strong balance of value and functionality.",Office Supplies,essential newarrival rechargeable durable bestseller,25.48,4.22,6166,1785,2022-04-12
https://example.com/images/compact_running_shoes_152.jpg,Compact Running Shoes 152,BrightLeaf Publishing,"The Compact Running Shoes 152 by BrightLeaf Publishing delivers dependable performance with quality materials and thoughtful design. It is well suited for everyday use in the clothing category, offering a strong balance of value and functionality.",Clothing,premium limitededition lightweight waterproof wireless,567.93,2.59,9491,484,2021-10-19
https://example.com/images/premium_office_chair_423.jpg,Premium Office Chair 423,UrbanNest,"The Premium Office Chair 423 by UrbanNest delivers dependable performance with quality materials and thoughtful design. It is well suited for everyday use in the books category, offering a strong balance of value and functionality.",Books,portable ergonomic versatile modern premium,662.28,4.09,3933,691,2021-06-28
https://example.com/images/premium_4k_monitor_924.jpg,Premium 4K Monitor 924,BlueRiver Outfitters,"The Premium 4K Monitor 924 by BlueRiver Outfitters delivers dependable performance with quality materials and thoughtful design. It is well suited for everyday use in the sports & outdoors category, offering a strong balance of value and functionality.",Sports & Outdoors,lightweight essential newarrival bestseller giftable,289.16,3.61,2581,243,2021-12-23
https://example.com/images/smart_cookbook_773.jpg,Smart Cookbook 773,UrbanNest,"The Smart Cookbook 773 by UrbanNest delivers dependable performance with quality materials and thoughtful design. It is well suited for everyday use in the sports & outdoors category, offering a strong balance of value and functionality.",Sports & Outdoors,ergonomic premium compact limitededition versatile,367.02,2.5,7659,706,2018-08-26
https://example.com/images/ultra_yoga_mat_693.jpg,Ultra Yoga Mat 693,NorthPeak,"The Ultra Yoga Mat 693 by NorthPeak delivers dependable performance with quality materials and thoughtful design. It is well suited for everyday use in the sports & outdoors category, offering a strong balance of value and functionality.",Sports & Outdoors,wireless essential modern bestseller newarrival,715.66,3.83,5345,1649,2022-02-10
https://example.com/images/eco_electric_kettle_609.jpg,Eco Electric Kettle 609,BrightLeaf Publishing,"The Eco Electric Kettle 609 by BrightLeaf Publishing delivers dependable performance with quality materials and thoughtful design. It is well suited for everyday use in the books category, offering a strong balance of value and functionality.",Books,compact durable lightweight essential waterproof,273.44,2.64,9206,543,2019-06-14
https://example.com/images/portable_cookbook_457.jpg,Portable Cookbook 457,NorthPeak,"The Portable Cookbook 457 by NorthPeak delivers dependable performance with quality materials and thoughtful design. It is well suited for everyday use in the sports & outdoors category, offering a strong balance of value and functionality.",Sports & Outdoors,limitededition lightweight durable wireless rechargeable,112.36,2.3,3107,420,2020-08-01
https://example.com/images/ultra_electric_kettle_395.jpg,Ultra Electric Kettle 395,Maple Street Press,"The Ultra Electric Kettle 395 by Maple Street Press delivers dependable performance with quality materials and thoughtful design. It is well suited for everyday use in the office supplies category, offering a strong balance of value and functionality.",Office Supplies,durable limitededition giftable lightweight wireless,587.41,1.14,3607,178,2018-09-22
https://example.com/images/portable_noise_cancelling_headphones_474.jpg,Portable Noise Cancelling Headphones 474,Summit Gear Co.,"The Portable Noise Cancelling Headphones 474 by Summit Gear Co. delivers dependable performance with quality materials and thoughtful design. It is well suited for everyday use in the sports & outdoors category, offering a strong balance of value and functionality.",Sports & Outdoors,bestseller newarrival limitededition waterproof premium,646.63,1.34,4757,442,2024-10-23
https://example.com/images/compact_cookware_set_965.jpg,Compact Cookware Set 965,BlueRiver Outfitters,"The Compact Cookware Set 965 by BlueRiver Outfitters delivers dependable performance with quality materials and thoughtful design. It is well suited for everyday use in the electronics category, offering a strong balance of value and functionality.",Electronics,ergonomic compact bestseller essential limitededition,269.4,1.46,1999,362,2019-05-29
https://example.com/images/smart_fitness_tracker_969.jpg,Smart Fitness Tracker 969,UrbanNest,"The Smart Fitness Tracker 969 by UrbanNest delivers dependable performance with quality materials and thoughtful design. It is well suited for everyday use in the home & kitchen category, offering a strong balance of value and functionality.",Home & Kitchen,compact lightweight modern portable versatile,121.01,3.91,9102,1979,2017-01-16
https://example.com/images/ultra_running_shoes_110.jpg,Ultra Running Shoes 110,Maple Street Press,"The Ultra Running Shoes 110 by Maple Street Press delivers dependable performance with quality materials and thoughtful design. It is well suited for everyday use in the electronics category, offering a strong balance of value and functionality.",Electronics,durable compact giftable lightweight newarrival,288.46,4.65,3366,486,2021-08-31
https://example.com/images/compact_4k_monitor_529.jpg,Compact 4K Monitor 529,Summit Gear Co.,"The Compact 4K Monitor 529 by Summit Gear Co. delivers dependable performance with quality materials and thoughtful design. It is well suited for everyday use in the office supplies category, offering a strong balance of value and functionality.",Office Supplies,versatile giftable essential newarrival compact,535.33,2.92,2544,1719,2018-10-05
https://example.com/images/compact_office_chair_496.jpg,Compact Office Chair 496,NorthPeak,"The Compact Office Chair 496 by NorthPeak delivers dependable performance with quality materials and thoughtful design. It is well suited for everyday use in the clothing category, offering a strong balance of value and functionality.",Clothing,versatile limitededition newarrival lightweight modern,148.19,2.23,1015,1224,2020-09-02
https://example.com/images/classic_noise_cancelling_headphones_641.jpg,Classic Noise Cancelling Headphones 641,UrbanNest,"The Classic Noise Cancelling Headphones 641 by UrbanNest delivers dependable performance with quality materials and thoughtful design. It is well suited for everyday use in the electronics category, offering a strong balance of value and functionality.",Electronics,bestseller newarrival rechargeable portable lightweight,747.68,3.59,8749,1657,2016-02-02
https://example.com/images/professional_graphic_t-shirt_818.jpg,Professional Graphic T-Shirt 818,Horizon Tech,"The Professional Graphic T-Shirt 818 by Horizon Tech delivers dependable performance with quality materials and thoughtful design. It is well suited for everyday use in the electronics category, offering a strong balance of value and functionality.",Electronics,premium portable versatile giftable bestseller,163.11,3.97,8469,314,2016-03-27
https://example.com/images/compact_led_desk_lamp_742.jpg,Compact LED Desk Lamp 742,BlueRiver Outfitters,"The Compact LED Desk Lamp 742 by BlueRiver Outfitters delivers dependable performance with quality materials and thoughtful design. It is well suited for everyday use in the clothing category, offering a strong balance of value and functionality.",Clothing,versatile modern essential giftable portable,232.84,4.75,1752,1789,2024-08-10
https://example.com/images/wireless_led_desk_lamp_353.jpg,Wireless LED Desk Lamp 353,NorthPeak,"The Wireless LED Desk Lamp 353 by NorthPeak delivers dependable performance with quality materials and thoughtful design. It is well suited for everyday use in the home & kitchen category, offering a strong balance of value and functionality.",Home & Kitchen,essential newarrival modern wireless rechargeable,509.82,4.55,7396,434,2024-07-02
https://example.com/images/advanced_running_shoes_382.jpg,Advanced Running Shoes 382,NorthPeak,"The Advanced Running Shoes 382 by NorthPeak delivers dependable performance with quality materials and thoughtful design. It is well suited for everyday use in the office supplies category, offering a strong balance of value and functionality.",Office Supplies,portable premium rechargeable waterproof essential,457.35,3.26,1003,846,2023-02-22
https://example.com/images/classic_stainless_steel_water_bottle_785.jpg,Classic Stainless Steel Water Bottle 785,BlueRiver Outfitters,"The Classic Stainless Steel Water Bottle 785 by BlueRiver Outfitters delivers dependable performance with quality materials and thoughtful design. It is well suited for everyday use in the books category, offering a strong balance of value and functionality.",Books,newarrival bestseller lightweight premium ergonomic,386.51,3.32,3425,1562,2020-01-06
https://example.com/images/eco_gaming_mouse_488.jpg,Eco Gaming Mouse 488,Maple Street Press,"The Eco Gaming Mouse 488 by Maple Street Press delivers dependable performance with quality materials and thoughtful design. It is well suited for everyday use in the home & kitchen category, offering a strong balance of value and functionality.",Home & Kitchen,compact bestseller giftable limitededition versatile,334.86,3.2,843,558,2021-03-26
https://example.com/images/ultra_fitness_tracker_663.jpg,Ultra Fitness Tracker 663,Summit Gear Co.,"The Ultra Fitness Tracker 663 by Summit Gear Co. delivers dependable performance with quality materials and thoughtful design. It is well suited for everyday use in the electronics category, offering a strong balance of value and functionality.",Electronics,versatile waterproof wireless bestseller compact,621.57,4.17,7200,1232,2018-12-30
https://example.com/images/advanced_fitness_tracker_840.jpg,Advanced Fitness Tracker 840,SilverLine Electronics,"The Advanced Fitness Tracker 840 by SilverLine Electronics delivers dependable performance with quality materials and thoughtful design. It is well suited for everyday use in the books category, offering a strong balance of value and functionality.",Books,rechargeable ergonomic limitededition newarrival durable,304.94,1.64,2154,610,2021-05-10
https://example.com/images/wireless_bluetooth_speaker_777.jpg,Wireless Bluetooth Speaker 777,NorthPeak,"The Wireless Bluetooth Speaker 777 by NorthPeak delivers dependable performance with quality materials and thoughtful design. It is well suited for everyday use in the sports & outdoors category, offering a strong balance of value and functionality.",Sports & Outdoors,newarrival bestseller modern limitededition premium,723.67,1.31,4242,1320,2022-04-28
https://example.com/images/portable_noise_cancelling_headphones_532.jpg,Portable Noise Cancelling Headphones 532,BrightLeaf Publishing,"The Portable Noise Cancelling Headphones 532 by BrightLeaf Publishing delivers dependable performance with quality materials and thoughtful design. It is well suited for everyday use in the books category, offering a strong balance of value and functionality.",Books,rechargeable ergonomic giftable compact modern,19.87,1.16,5661,591,2022-10-09
https://example.com/images/compact_led_desk_lamp_758.jpg,Compact LED Desk Lamp 758,SilverLine Electronics,"The Compact LED Desk Lamp 758 by SilverLine Electronics delivers dependable performance with quality materials and thoughtful design. It is well suited for everyday use in the sports & outdoors category, offering a strong balance of value and functionality.",Sports & Outdoors,wireless lightweight bestseller waterproof giftable,232.02,1.34,207,1674,2022-07-14
https://example.com/images/professional_graphic_t-shirt_900.jpg,Professional Graphic T-Shirt 900,NorthPeak,"The Professional Graphic T-Shirt 900 by NorthPeak delivers dependable performance with quality materials and thoughtful design. It is well suited for everyday use in the home & kitchen category, offering a strong balance of value and functionality.",Home & Kitchen,limitededition modern premium portable giftable,346.26,2.93,310,737,2023-01-01
https://example.com/images/eco_graphic_t-shirt_150.jpg,Eco Graphic T-Shirt 150,BrightLeaf Publishing,"The Eco Graphic T-Shirt 150 by BrightLeaf Publishing delivers dependable performance with quality materials and thoughtful design. It is well suited for everyday use in the clothing category, offering a strong balance of value and functionality.",Clothing,ergonomic wireless giftable limitededition bestseller,542.03,4.29,7574,1009,2019-11-06
https://example.com/images/portable_action_camera_786.jpg,Portable Action Camera 786,UrbanNest,"The Portable Action Camera 786 by UrbanNest delivers dependable performance with quality materials and thoughtful design. It is well suited for everyday use in the clothing category, offering a strong balance of value and functionality.",Clothing,portable durable waterproof modern lightweight,712.67,2.76,4656,1394,2020-10-11
https://example.com/images/eco_cookbook_371.jpg,Eco Cookbook 371,BlueRiver Outfitters,"The Eco Cookbook 371 by BlueRiver Outfitters delivers dependable performance with quality materials and thoughtful design. It is well suited for everyday use in the home & kitchen category, offering a strong balance of value and functionality.",Home & Kitchen,wireless versatile ergonomic compact premium,550.83,3.8,6160,1087,2022-08-04
https://example.com/images/wireless_action_camera_929.jpg,Wireless Action Camera 929,BlueRiver Outfitters,"The Wireless Action Camera 929 by BlueRiver Outfitters delivers dependable performance with quality materials and thoughtful design. It is well suited for everyday use in the sports & outdoors category, offering a strong balance of value and functionality.",Sports & Outdoors,premium newarrival rechargeable ergonomic limitededition,208.06,3.99,8084,13,2017-10-07
https://example.com/images/ultra_gaming_mouse_314.jpg,Ultra Gaming Mouse 314,Maple Street Press,"The Ultra Gaming Mouse 314 by Maple Street Press delivers dependable performance with quality materials and thoughtful design. It is well suited for everyday use in the books category, offering a strong balance of value and functionality.",Books,giftable modern portable versatile rechargeable,676.36,3.18,7368,1213,2025-01-23
https://example.com/images/wireless_yoga_mat_107.jpg,Wireless Yoga Mat 107,BlueRiver Outfitters,"The Wireless Yoga Mat 107 by BlueRiver Outfitters delivers dependable performance with quality materials and thoughtful design. It is well suited for everyday use in the sports & outdoors category, offering a strong balance of value and functionality.",Sports & Outdoors,durable versatile modern lightweight newarrival,74.8,2.09,2951,1677,2018-01-06
https://example.com/images/wireless_smartphone_stand_456.jpg,Wireless Smartphone Stand 456,SilverLine Electronics,"The Wireless Smartphone Stand 456 by SilverLine Electronics delivers dependable performance with quality materials and thoughtful design. It is well suited for everyday use in the sports & outdoors category, offering a strong balance of value and functionality.",Sports & Outdoors,newarrival giftable portable modern limitededition,383.66,1.1,2873,1929,2022-12-24
https://example.com/images/portable_science_fiction_novel_553.jpg,Portable Science Fiction Novel 553,UrbanNest,"The Portable Science Fiction Novel 553 by UrbanNest delivers dependable performance with quality materials and thoughtful design. It is well suited for everyday use in the office supplies category, offering a strong balance of value and functionality.",Office Supplies,premium waterproof newarrival compact essential,264.57,3.96,9704,1506,2017-10-21
https://example.com/images/wireless_mechanical_keyboard_770.jpg,Wireless Mechanical Keyboard 770,BlueRiver Outfitters,"The Wireless Mechanical Keyboard 770 by BlueRiver Outfitters delivers dependable performance with quality materials and thoughtful design. It is well suited for everyday use in the books category, offering a strong balance of value and functionality.",Books,versatile durable premium waterproof newarrival,95.21,2.74,9633,1146,2020-04-04
https://example.com/images/professional_smartphone_stand_714.jpg,Professional Smartphone Stand 714,Maple Street Press,"The Professional Smartphone Stand 714 by Maple Street Press delivers dependable performance with quality materials and thoughtful design. It is well suited for everyday use in the electronics category, offering a strong balance of value and functionality.",Electronics,premium waterproof modern limitededition durable,505.53,1.05,8209,1428,2016-05-18
https://example.com/images/wireless_external_hard_drive_559.jpg,Wireless External Hard Drive 559,Horizon Tech,"The Wireless External Hard Drive 559 by Horizon Tech delivers dependable performance with quality materials and thoughtful design. It is well suited for everyday use in the electronics category, offering a strong balance of value and functionality.",Electronics,versatile modern premium durable lightweight,204.0,3.59,7569,836,2019-04-24
https://example.com/images/premium_science_fiction_novel_792.jpg,Premium Science Fiction Novel 792,Maple Street Press,"The Premium Science Fiction Novel 792 by Maple Street Press delivers dependable performance with quality materials and thoughtful design. It is well suited for everyday use in the clothing category, offering a strong balance of value and functionality.",Clothing,modern durable waterproof ergonomic versatile,255.09,4.46,5967,80,2025-03-08
https://example.com/images/smart_fitness_tracker_443.jpg,Smart Fitness Tracker 443,BlueRiver Outfitters,"The Smart Fitness Tracker 443 by BlueRiver Outfitters delivers dependable performance with quality materials and thoughtful design. It is well suited for everyday use in the sports & outdoors category, offering a strong balance of value and functionality.",Sports & Outdoors,modern newarrival durable bestseller versatile,642.88,1.73,608,1976,2017-01-19
https://example.com/images/wireless_graphic_t-shirt_798.jpg,Wireless Graphic T-Shirt 798,UrbanNest,"The Wireless Graphic T-Shirt 798 by UrbanNest delivers dependable performance with quality materials and thoughtful design. It is well suited for everyday use in the books category, offering a strong balance of value and functionality.",Books,portable lightweight newarrival modern essential,271.12,4.14,7072,108,2023-07-19
https://example.com/images/smart_backpack_786.jpg,Smart Backpack 786,Horizon Tech,"The Smart Backpack 786 by Horizon Tech delivers dependable performance with quality materials and thoughtful design. It is well suited for everyday use in the office supplies category, offering a strong balance of value and functionality.",Office Supplies,essential modern limitededition newarrival lightweight,493.78,4.59,6002,1589,2024-06-04
https://example.com/images/wireless_cookware_set_436.jpg,Wireless Cookware Set 436,BrightLeaf Publishing,"The Wireless Cookware Set 436 by BrightLeaf Publishing delivers dependable performance with quality materials and thoughtful design. It is well suited for everyday use in the clothing category, offering a strong balance of value and functionality.",Clothing,premium essential giftable portable limitededition,622.38,3.55,2445,330,2024-09-28
https://example.com/images/smart_stainless_steel_water_bottle_442.jpg,Smart Stainless Steel Water Bottle 442,BrightLeaf Publishing,"The Smart Stainless Steel Water Bottle 442 by BrightLeaf Publishing delivers dependable performance with quality materials and thoughtful design. It is well suited for everyday use in the office supplies category, offering a strong balance of value and functionality.",Office Supplies,limitededition wireless waterproof portable premium,346.65,4.69,1715,1620,2016-08-23
https://example.com/images/professional_noise_cancelling_headphones_649.jpg,Professional Noise Cancelling Headphones 649,BrightLeaf Publishing,"The Professional Noise Cancelling Headphones 649 by BrightLeaf Publishing delivers dependable performance with quality materials and thoughtful design. It is well suited for everyday use in the home & kitchen category, offering a strong balance of value and functionality.",Home & Kitchen,durable compact wireless premium giftable,369.96,1.12,3856,23,2016-11-18
https://example.com/images/premium_smartphone_stand_599.jpg,Premium Smartphone Stand 599,Horizon Tech,"The Premium Smartphone Stand 599 by Horizon Tech delivers dependable performance with quality materials and thoughtful design. It is well suited for everyday use in the books category, offering a strong balance of value and functionality.",Books,rechargeable essential lightweight waterproof newarrival,160.89,1.18,2130,1627,2024-09-17
https://example.com/images/professional_running_shoes_188.jpg,Professional Running Shoes 188,Summit Gear Co.,"The Professional Running Shoes 188 by Summit Gear Co. delivers dependable performance with quality materials and thoughtful design. It is well suited for everyday use in the clothing category, offering a strong balance of value and functionality.",Clothing,rechargeable bestseller durable limitededition lightweight,18.35,4.13,7440,434,2018-11-01
https://example.com/images/advanced_mechanical_keyboard_763.jpg,Advanced Mechanical Keyboard 763,UrbanNest,"The Advanced Mechanical Keyboard 763 by UrbanNest delivers dependable performance with quality materials and thoughtful design. It is well suited for everyday use in the electronics category, offering a strong balance of value and functionality.",Electronics,bestseller giftable versatile rechargeable limitededition,193.99,1.86,7499,814,2021-09-10
https://example.com/images/compact_mechanical_keyboard_730.jpg,Compact Mechanical Keyboard 730,BrightLeaf Publishing,"The Compact Mechanical Keyboard 730 by BrightLeaf Publishing delivers dependable performance with quality materials and thoughtful design. It is well suited for everyday use in the home & kitchen category, offering a strong balance of value and functionality.",Home & Kitchen,premium limitededition versatile giftable rechargeable,594.62,4.5,4055,319,2019-08-27
https://example.com/images/classic_fitness_tracker_747.jpg,Classic Fitness Tracker 747,Maple Street Press,"The Classic Fitness Tracker 747 by Maple Street Press delivers dependable performance with quality materials and thoughtful design. It is well suited for everyday use in the electronics category, offering a strong balance of value and functionality.",Electronics,ergonomic premium bestseller waterproof limitededition,36.22,3.25,5136,184,2019-03-24
https://example.com/images/eco_graphic_t-shirt_138.jpg,Eco Graphic T-Shirt 138,Summit Gear Co.,"The Eco Graphic T-Shirt 138 by Summit Gear Co. delivers dependable performance with quality materials and thoughtful design. It is well suited for everyday use in the books category, offering a strong balance of value and functionality.",Books,portable rechargeable essential bestseller limitededition,290.63,4.91,6980,1184,2023-05-23
https://example.com/images/classic_running_shoes_709.jpg,Classic Running Shoes 709,Maple Street Press,"The Classic Running Shoes 709 by Maple Street Press delivers dependable performance with quality materials and thoughtful design. It is well suited for everyday use in the home & kitchen category, offering a strong balance of value and functionality.",Home & Kitchen,giftable portable bestseller versatile ergonomic,418.97,3.53,8471,249,2020-01-07
https://example.com/images/advanced_external_hard_drive_776.jpg,Advanced External Hard Drive 776,Horizon Tech,"The Advanced External Hard Drive 776 by Horizon Tech delivers dependable performance with quality materials and thoughtful design. It is well suited for everyday use in the office supplies category, offering a strong balance of value and functionality.",Office Supplies,portable waterproof rechargeable modern essential,33.79,1.64,9139,281,2024-11-20
https://example.com/images/premium_external_hard_drive_314.jpg,Premium External Hard Drive 314,NorthPeak,"The Premium External Hard Drive 314 by NorthPeak delivers dependable performance with quality materials and thoughtful design. It is well suited for everyday use in the office supplies category, offering a strong balance of value and functionality.",Office Supplies,ergonomic bestseller compact portable premium,798.06,1.92,7661,1791,2020-08-10
https://example.com/images/classic_running_shoes_107.jpg,Classic Running Shoes 107,Horizon Tech,"The Classic Running Shoes 107 by Horizon Tech delivers dependable performance with quality materials and thoughtful design. It is well suited for everyday use in the home & kitchen category, offering a strong balance of value and functionality.",Home & Kitchen,durable wireless bestseller lightweight portable,757.86,3.01,4143,343,2022-03-25
https://example.com/images/eco_external_hard_drive_757.jpg,Eco External Hard Drive 757,Summit Gear Co.,"The Eco External Hard Drive 757 by Summit Gear Co. delivers dependable performance with quality materials and thoughtful design. It is well suited for everyday use in the clothing category, offering a strong balance of value and functionality.",Clothing,newarrival rechargeable durable compact versatile,502.02,3.48,9683,550,2023-02-05
https://example.com/images/portable_action_camera_991.jpg,Portable Action Camera 991,BlueRiver Outfitters,"The Portable Action Camera 991 by BlueRiver Outfitters delivers dependable performance with quality materials and thoughtful design. It is well suited for everyday use in the books category, offering a strong balance of value and functionality.",Books,waterproof portable bestseller wireless giftable,77.62,3.18,9665,264,2019-12-13
https://example.com/images/classic_backpack_994.jpg,Classic Backpack 994,BlueRiver Outfitters,"The Classic Backpack 994 by BlueRiver Outfitters delivers dependable performance with quality materials and thoughtful design. It is well suited for everyday use in the electronics category, offering a strong balance of value and functionality.",Electronics,newarrival compact rechargeable bestseller portable,487.05,1.01,324,1145,2025-05-15
https://example.com/images/portable_4k_monitor_654.jpg,Portable 4K Monitor 654,Summit Gear Co.,"The Portable 4K Monitor 654 by Summit Gear Co. delivers dependable performance with quality materials and thoughtful design. It is well suited for everyday use in the home & kitchen category, offering a strong balance of value and functionality.",Home & Kitchen,versatile bestseller premium modern durable,11.7,1.17,6679,1975,2018-10-04
https://example.com/images/classic_running_shoes_700.jpg,Classic Running Shoes 700,UrbanNest,"The Classic Running Shoes 700 by UrbanNest delivers dependable performance with quality materials and thoughtful design. It is well suited for everyday use in the clothing category, offering a strong balance of value and functionality.",Clothing,portable compact waterproof ergonomic wireless,629.89,3.41,2442,1734,2019-02-16
https://example.com/images/classic_electric_kettle_899.jpg,Classic Electric Kettle 899,Summit Gear Co.,"The Classic Electric Kettle 899 by Summit Gear Co. delivers dependable performance with quality materials and thoughtful design. It is well suited for everyday use in the home & kitchen category, offering a strong balance of value and functionality.",Home & Kitchen,newarrival ergonomic giftable versatile compact,444.71,2.29,6873,538,2019-06-21
https://example.com/images/smart_led_desk_lamp_473.jpg,Smart LED Desk Lamp 473,SilverLine Electronics,"The Smart LED Desk Lamp 473 by SilverLine Electronics delivers dependable performance with quality materials and thoughtful design. It is well suited for everyday use in the clothing category, offering a strong balance of value and functionality.",Clothing,limitededition giftable essential modern waterproof,90.49,3.96,4874,75,2019-11-22
https://example.com/images/wireless_gaming_mouse_503.jpg,Wireless Gaming Mouse 503,UrbanNest,"The Wireless Gaming Mouse 503 by UrbanNest delivers dependable performance with quality materials and thoughtful design. It is well suited for everyday use in the clothing category, offering a strong balance of value and functionality.",Clothing,newarrival rechargeable wireless premium compact,628.1,2.36,4075,1888,2018-11-21
https://example.com/images/classic_mechanical_keyboard_704.jpg,Classic Mechanical Keyboard 704,BlueRiver Outfitters,"The Classic Mechanical Keyboard 704 by BlueRiver Outfitters delivers dependable performance with quality materials and thoughtful design. It is well suited for everyday use in the sports & outdoors category, offering a strong balance of value and functionality.",Sports & Outdoors,waterproof compact premium durable limitededition,178.04,1.03,5027,1878,2016-07-05
https://example.com/images/advanced_backpack_393.jpg,Advanced Backpack 393,Summit Gear Co.,"The Advanced Backpack 393 by Summit Gear Co. delivers dependable performance with quality materials and thoughtful design. It is well suited for everyday use in the office supplies category, offering a strong balance of value and functionality.",Office Supplies,wireless lightweight modern newarrival essential,96.28,2.49,4666,851,2017-08-09
https://example.com/images/wireless_gaming_mouse_823.jpg,Wireless Gaming Mouse 823,Summit Gear Co.,"The Wireless Gaming Mouse 823 by Summit Gear Co. delivers dependable performance with quality materials and thoughtful design. It is well suited for everyday use in the electronics category, offering a strong balance of value and functionality.",Electronics,limitededition wireless compact essential premium,777.4,4.7,592,471,2020-01-05
https://example.com/images/portable_mechanical_keyboard_956.jpg,Portable Mechanical Keyboard 956,BlueRiver Outfitters,"The Portable Mechanical Keyboard 956 by BlueRiver Outfitters delivers dependable performance with quality materials and thoughtful design. It is well suited for everyday use in the sports & outdoors category, offering a strong balance of value and functionality.",Sports & Outdoors,giftable limitededition modern compact ergonomic,554.0,2.58,4303,927,2025-05-18
https://example.com/images/classic_noise_cancelling_headphones_527.jpg,Classic Noise Cancelling Headphones 527,Horizon Tech,"The Classic Noise Cancelling Headphones 527 by Horizon Tech delivers dependable performance with quality materials and thoughtful design. It is well suited for everyday use in the sports & outdoors category, offering a strong balance of value and functionality.",Sports & Outdoors,waterproof ergonomic premium essential versatile,248.66,1.65,8408,1921,2019-04-28
https://example.com/images/wireless_action_camera_594.jpg,Wireless Action Camera 594,UrbanNest,"The Wireless Action Camera 594 by UrbanNest delivers dependable performance with quality materials and thoughtful design. It is well suited for everyday use in the electronics category, offering a strong balance of value and functionality.",Electronics,compact limitededition newarrival wireless bestseller,139.54,2.59,1305,1278,2022-01-22
https://example.com/images/portable_led_desk_lamp_612.jpg,Portable LED Desk Lamp 612,BrightLeaf Publishing,"The Portable LED Desk Lamp 612 by BrightLeaf Publishing delivers dependable performance with quality materials and thoughtful design. It is well suited for everyday use in the clothing category, offering a strong balance of value and functionality.",Clothing,lightweight newarrival wireless giftable ergonomic,362.12,2.44,4546,1779,2021-03-25
https://example.com/images/professional_stainless_steel_water_bottle_592.jpg,Professional Stainless Steel Water Bottle 592,BrightLeaf Publishing,"The Professional Stainless Steel Water Bottle 592 by BrightLeaf Publishing delivers dependable performance with quality materials and thoughtful design. It is well suited for everyday use in the books category, offering a strong balance of value and functionality.",Books,wireless portable limitededition essential lightweight,134.64,1.6,3315,919,2019-08-20
https://example.com/images/professional_backpack_826.jpg,Professional Backpack 826,BlueRiver Outfitters,"The Professional Backpack 826 by BlueRiver Outfitters delivers dependable performance with quality materials and thoughtful design. It is well suited for everyday use in the electronics category, offering a strong balance of value and functionality.",Electronics,waterproof modern durable lightweight newarrival,604.43,2.89,5244,381,2020-03-03
https://example.com/images/smart_external_hard_drive_817.jpg,Smart External Hard Drive 817,Horizon Tech,"The Smart External Hard Drive 817 by Horizon Tech delivers dependable performance with quality materials and thoughtful design. It is well suited for everyday use in the electronics category, offering a strong balance of value and functionality.",Electronics,limitededition wireless portable bestseller modern,696.89,1.15,1502,472,2021-01-17
https://example.com/images/professional_bluetooth_speaker_909.jpg,Professional Bluetooth Speaker 909,NorthPeak,"The Professional Bluetooth Speaker 909 by NorthPeak delivers dependable performance with quality materials and thoughtful design. It is well suited for everyday use in the electronics category, offering a strong balance of value and functionality.",Electronics,wireless durable portable lightweight versatile,513.83,4.45,4616,1122,2018-12-23
https://example.com/images/compact_bluetooth_speaker_688.jpg,Compact Bluetooth Speaker 688,Maple Street Press,"The Compact Bluetooth Speaker 688 by Maple Street Press delivers dependable performance with quality materials and thoughtful design. It is well suited for everyday use in the office supplies category, offering a strong balance of value and functionality.",Office Supplies,portable compact lightweight giftable rechargeable,648.3,4.07,3708,1216,2024-07-17
https://example.com/images/professional_fitness_tracker_195.jpg,Professional Fitness Tracker 195,Summit Gear Co.,"The Professional Fitness Tracker 195 by Summit Gear Co. delivers dependable performance with quality materials and thoughtful design. It is well suited for everyday use in the electronics category, offering a strong balance of value and functionality.",Electronics,wireless modern versatile newarrival bestseller,461.77,3.93,5820,1347,2018-09-22
https://example.com/images/smart_noise_cancelling_headphones_440.jpg,Smart Noise Cancelling Headphones 440,BlueRiver Outfitters,"The Smart Noise Cancelling Headphones 440 by BlueRiver Outfitters delivers dependable performance with quality materials and thoughtful design. It is well suited for everyday use in the home & kitchen category, offering a strong balance of value and functionality.",Home & Kitchen,wireless essential portable waterproof newarrival,82.34,2.71,6757,17,2021-01-07
https://example.com/images/compact_led_desk_lamp_855.jpg,Compact LED Desk Lamp 855,UrbanNest,"The Compact LED Desk Lamp 855 by UrbanNest delivers dependable performance with quality materials and thoughtful design. It is well suited for everyday use in the electronics category, offering a strong balance of value and functionality.",Electronics,rechargeable wireless essential premium lightweight,535.97,2.3,2086,1442,2021-11-18
https://example.com/images/ultra_bluetooth_speaker_779.jpg,Ultra Bluetooth Speaker 779,BrightLeaf Publishing,"The Ultra Bluetooth Speaker 779 by BrightLeaf Publishing delivers dependable performance with quality materials and thoughtful design. It is well suited for everyday use in the sports & outdoors category, offering a strong balance of value and functionality.",Sports & Outdoors,giftable lightweight waterproof newarrival wireless,691.53,2.57,4184,1473,2017-08-16
https://example.com/images/classic_led_desk_lamp_944.jpg,Classic LED Desk Lamp 944,Maple Street Press,"The Classic LED Desk Lamp 944 by Maple Street Press delivers dependable performance with quality materials and thoughtful design. It is well suited for everyday use in the home & kitchen category, offering a strong balance of value and functionality.",Home & Kitchen,versatile premium limitededition waterproof lightweight,707.78,1.7,5379,937,2020-09-17
https://example.com/images/portable_mechanical_keyboard_703.jpg,Portable Mechanical Keyboard 703,Horizon Tech,"The Portable Mechanical Keyboard 703 by Horizon Tech delivers dependable performance with quality materials and thoughtful design. It is well suited for everyday use in the books category, offering a strong balance of value and functionality.",Books,rechargeable essential premium versatile ergonomic,669.44,1.23,2719,850,2018-06-12
https://example.com/images/compact_fitness_tracker_956.jpg,Compact Fitness Tracker 956,Horizon Tech,"The Compact Fitness Tracker 956 by Horizon Tech delivers dependable performance with quality materials and thoughtful design. It is well suited for everyday use in the books category, offering a strong balance of value and functionality.",Books,newarrival premium portable durable modern,308.69,4.64,7307,1219,2024-10-15
https://example.com/images/classic_bluetooth_speaker_775.jpg,Classic Bluetooth Speaker 775,BrightLeaf Publishing,"The Classic Bluetooth Speaker 775 by BrightLeaf Publishing delivers dependable performance with quality materials and thoughtful design. It is well suited for everyday use in the books category, offering a strong balance of value and functionality.",Books,waterproof bestseller ergonomic giftable lightweight,464.07,2.34,5552,1231,2023-04-05
https://example.com/images/classic_4k_monitor_513.jpg,Classic 4K Monitor 513,SilverLine Electronics,"The Classic 4K Monitor 513 by SilverLine Electronics delivers dependable performance with quality materials and thoughtful design. It is well suited for everyday use in the home & kitchen category, offering a strong balance of value and functionality.",Home & Kitchen,rechargeable wireless bestseller limitededition essential,150.3,1.69,2596,1307,2019-12-24
https://example.com/images/smart_mechanical_keyboard_754.jpg,Smart Mechanical Keyboard 754,Horizon Tech,"The Smart Mechanical Keyboard 754 by Horizon Tech delivers dependable performance with quality materials and thoughtful design. It is well suited for everyday use in the clothing category, offering a strong balance of value and functionality.",Clothing,versatile limitededition durable modern essential,571.42,3.54,8712,247,2021-09-14
https://example.com/images/portable_external_hard_drive_222.jpg,Portable External Hard Drive 222,NorthPeak,"The Portable External Hard Drive 222 by NorthPeak delivers dependable performance with quality materials and thoughtful design. It is well suited for everyday use in the office supplies category, offering a strong balance of value and functionality.",Office Supplies,ergonomic durable versatile premium compact,309.97,1.63,3977,22,2024-10-14
https://example.com/images/professional_noise_cancelling_headphones_725.jpg,Professional Noise Cancelling Headphones 725,UrbanNest,"The Professional Noise Cancelling Headphones 725 by UrbanNest delivers dependable performance with quality materials and thoughtful design. It is well suited for everyday use in the office supplies category, offering a strong balance of value and functionality.",Office Supplies,compact modern bestseller limitededition ergonomic,664.73,3.73,4314,1381,2020-03-08
https://example.com/images/compact_electric_kettle_326.jpg,Compact Electric Kettle 326,Maple Street Press,"The Compact Electric Kettle 326 by Maple Street Press delivers dependable performance with quality materials and thoughtful design. It is well suited for everyday use in the home & kitchen category, offering a strong balance of value and functionality.",Home & Kitchen,lightweight newarrival premium modern waterproof,767.6,3.69,5991,990,2017-04-22
https://example.com/images/portable_led_desk_lamp_150.jpg,Portable LED Desk Lamp 150,SilverLine Electronics,"The Portable LED Desk Lamp 150 by SilverLine Electronics delivers dependable performance with quality materials and thoughtful design. It is well suited for everyday use in the office supplies category, offering a strong balance of value and functionality.",Office Supplies,giftable premium wireless bestseller newarrival,798.03,2.19,2604,926,2024-10-15
https://example.com/images/premium_action_camera_873.jpg,Premium Action Camera 873,Horizon Tech,"The Premium Action Camera 873 by Horizon Tech delivers dependable performance with quality materials and thoughtful design. It is well suited for everyday use in the home & kitchen category, offering a strong balance of value and functionality.",Home & Kitchen,newarrival wireless lightweight rechargeable waterproof,109.35,4.69,3909,1960,2022-04-12
https://example.com/images/compact_yoga_mat_302.jpg,Compact Yoga Mat 302,BlueRiver Outfitters,"The Compact Yoga Mat 302 by BlueRiver Outfitters delivers dependable performance with quality materials and thoughtful design. It is well suited for everyday use in the home & kitchen category, offering a strong balance of value and functionality.",Home & Kitchen,giftable portable versatile bestseller newarrival,668.9,4.78,7751,456,2017-11-18
https://example.com/images/smart_4k_monitor_624.jpg,Smart 4K Monitor 624,SilverLine Electronics,"The Smart 4K Monitor 624 by SilverLine Electronics delivers dependable performance with quality materials and thoughtful design. It is well suited for everyday use in the office supplies category, offering a strong balance of value and functionality.",Office Supplies,portable compact lightweight giftable ergonomic,62.25,4.52,1771,831,2024-03-04
https://example.com/images/wireless_fitness_tracker_545.jpg,Wireless Fitness Tracker 545,Horizon Tech,"The Wireless Fitness Tracker 545 by Horizon Tech delivers dependable performance with quality materials and thoughtful design. It is well suited for everyday use in the sports & outdoors category, offering a strong balance of value and functionality.",Sports & Outdoors,compact limitededition rechargeable lightweight premium,450.26,1.77,3703,1281,2024-09-15
https://example.com/images/portable_gaming_mouse_217.jpg,Portable Gaming Mouse 217,UrbanNest,"The Portable Gaming Mouse 217 by UrbanNest delivers dependable performance with quality materials and thoughtful design. It is well suited for everyday use in the sports & outdoors category, offering a strong balance of value and functionality.",Sports & Outdoors,portable newarrival durable bestseller limitededition,473.8,4.78,4480,1659,2024-07-08
https://example.com/images/eco_bluetooth_speaker_754.jpg,Eco Bluetooth Speaker 754,NorthPeak,"The Eco Bluetooth Speaker 754 by NorthPeak delivers dependable performance with quality materials and thoughtful design. It is well suited for everyday use in the office supplies category, offering a strong balance of value and functionality.",Office Supplies,limitededition modern newarrival rechargeable ergonomic,663.6,1.35,3337,1070,2019-08-02
https://example.com/images/professional_fitness_tracker_374.jpg,Professional Fitness Tracker 374,Summit Gear Co.,"The Professional Fitness Tracker 374 by Summit Gear Co. delivers dependable performance with quality materials and thoughtful design. It is well suited for everyday use in the office supplies category, offering a strong balance of value and functionality.",Office Supplies,bestseller giftable limitededition premium lightweight,443.15,1.64,8353,578,2024-12-30
https://example.com/images/classic_cookware_set_958.jpg,Classic Cookware Set 958,UrbanNest,"The Classic Cookware Set 958 by UrbanNest delivers dependable performance with quality materials and thoughtful design. It is well suited for everyday use in the clothing category, offering a strong balance of value and functionality.",Clothing,portable bestseller lightweight premium wireless,195.62,1.76,1262,782,2022-05-07
https://example.com/images/eco_science_fiction_novel_109.jpg,Eco Science Fiction Novel 109,Horizon Tech,"The Eco Science Fiction Novel 109 by Horizon Tech delivers dependable performance with quality materials and thoughtful design. It is well suited for everyday use in the clothing category, offering a strong balance of value and functionality.",Clothing,modern lightweight durable portable limitededition,37.76,4.43,704,477,2025-02-28
https://example.com/images/wireless_fitness_tracker_958.jpg,Wireless Fitness Tracker 958,SilverLine Electronics,"The Wireless Fitness Tracker 958 by SilverLine Electronics delivers dependable performance with quality materials and thoughtful design. It is well suited for everyday use in the office supplies category, offering a strong balance of value and functionality.",Office Supplies,limitededition bestseller wireless premium modern,17.25,3.33,8002,491,2021-12-22
https://example.com/images/ultra_smartphone_stand_864.jpg,Ultra Smartphone Stand 864,Horizon Tech,"The Ultra Smartphone Stand 864 by Horizon Tech delivers dependable performance with quality materials and thoughtful design. It is well suited for everyday use in the home & kitchen category, offering a strong balance of value and functionality.",Home & Kitchen,versatile newarrival lightweight premium modern,420.23,1.94,4333,1729,2020-04-11
https://example.com/images/classic_cookbook_200.jpg,Classic Cookbook 200,BlueRiver Outfitters,"The Classic Cookbook 200 by BlueRiver Outfitters delivers dependable performance with quality materials and thoughtful design. It is well suited for everyday use in the home & kitchen category, offering a strong balance of value and functionality.",Home & Kitchen,giftable bestseller versatile compact lightweight,548.28,2.69,9588,27,2022-11-02
https://example.com/images/wireless_mechanical_keyboard_628.jpg,Wireless Mechanical Keyboard 628,Horizon Tech,"The Wireless Mechanical Keyboard 628 by Horizon Tech delivers dependable performance with quality materials and thoughtful design. It is well suited for everyday use in the home & kitchen category, offering a strong balance of value and functionality.",Home & Kitchen,bestseller ergonomic compact essential modern,211.53,2.41,8439,1976,2024-06-05
https://example.com/images/ultra_4k_monitor_243.jpg,Ultra 4K Monitor 243,Horizon Tech,"The Ultra 4K Monitor 243 by Horizon Tech delivers dependable performance with quality materials and thoughtful design. It is well suited for everyday use in the home & kitchen category, offering a strong balance of value and functionality.",Home & Kitchen,newarrival rechargeable versatile lightweight bestseller,409.99,4.54,9970,205,2025-04-19
https://example.com/images/professional_yoga_mat_782.jpg,Professional Yoga Mat 782,Summit Gear Co.,"The Professional Yoga Mat 782 by Summit Gear Co. delivers dependable performance with quality materials and thoughtful design. It is well suited for everyday use in the clothing category, offering a strong balance of value and functionality.",Clothing,bestseller compact newarrival modern premium,500.57,2.76,7946,1935,2018-04-14
https://example.com/images/eco_yoga_mat_723.jpg,Eco Yoga Mat 723,Horizon Tech,"The Eco Yoga Mat 723 by Horizon Tech delivers dependable performance with quality materials and thoughtful design. It is well suited for everyday use in the office supplies category, offering a strong balance of value and functionality.",Office Supplies,compact versatile ergonomic bestseller rechargeable,740.14,3.27,8262,710,2022-06-05
https://example.com/images/portable_graphic_t-shirt_619.jpg,Portable Graphic T-Shirt 619,Maple Street Press,"The Portable Graphic T-Shirt 619 by Maple Street Press delivers dependable performance with quality materials and thoughtful design. It is well suited for everyday use in the home & kitchen category, offering a strong balance of value and functionality.",Home & Kitchen,versatile giftable durable compact portable,611.42,3.67,9205,565,2022-10-30
https://example.com/images/compact_mechanical_keyboard_535.jpg,Compact Mechanical Keyboard 535,UrbanNest,"The Compact Mechanical Keyboard 535 by UrbanNest delivers dependable performance with quality materials and thoughtful design. It is well suited for everyday use in the home & kitchen category, offering a strong balance of value and functionality.",Home & Kitchen,versatile essential portable bestseller limitededition,100.53,3.46,6985,1100,2021-03-06
https://example.com/images/eco_external_hard_drive_451.jpg,Eco External Hard Drive 451,Horizon Tech,"The Eco External Hard Drive 451 by Horizon Tech delivers dependable performance with quality materials and thoughtful design. It is well suited for everyday use in the clothing category, offering a strong balance of value and functionality.",Clothing,giftable versatile ergonomic wireless portable,134.52,2.73,7338,1338,2019-08-28
https://example.com/images/wireless_electric_kettle_423.jpg,Wireless Electric Kettle 423,Maple Street Press,"The Wireless Electric Kettle 423 by Maple Street Press delivers dependable performance with quality materials and thoughtful design. It is well suited for everyday use in the sports & outdoors category, offering a strong balance of value and functionality.",Sports & Outdoors,wireless newarrival versatile compact premium,356.24,2.98,7847,1134,2022-02-20
https://example.com/images/wireless_bluetooth_speaker_206.jpg,Wireless Bluetooth Speaker 206,BrightLeaf Publishing,"The Wireless Bluetooth Speaker 206 by BrightLeaf Publishing delivers dependable performance with quality materials and thoughtful design. It is well suited for everyday use in the home & kitchen category, offering a strong balance of value and functionality.",Home & Kitchen,portable ergonomic premium essential limitededition,44.03,2.65,4657,1599,2023-08-07
https://example.com/images/wireless_science_fiction_novel_368.jpg,Wireless Science Fiction Novel 368,BrightLeaf Publishing,"The Wireless Science Fiction Novel 368 by BrightLeaf Publishing delivers dependable performance with quality materials and thoughtful design. It is well suited for everyday use in the sports & outdoors category, offering a strong balance of value and functionality.",Sports & Outdoors,durable versatile waterproof giftable newarrival,648.04,3.15,5507,1380,2020-02-16
https://example.com/images/wireless_noise_cancelling_headphones_314.jpg,Wireless Noise Cancelling Headphones 314,BrightLeaf Publishing,"The Wireless Noise Cancelling Headphones 314 by BrightLeaf Publishing delivers dependable performance with quality materials and thoughtful design. It is well suited for everyday use in the sports & outdoors category, offering a strong balance of value and functionality.",Sports & Outdoors,lightweight modern giftable premium portable,414.25,2.16,5697,613,2022-07-10
https://example.com/images/wireless_bluetooth_speaker_912.jpg,Wireless Bluetooth Speaker 912,BrightLeaf Publishing,"The Wireless Bluetooth Speaker 912 by BrightLeaf Publishing delivers dependable performance with quality materials and thoughtful design. It is well suited for everyday use in the electronics category, offering a strong balance of value and functionality.",Electronics,wireless lightweight durable newarrival ergonomic,398.66,1.27,8690,313,2017-08-22
https://example.com/images/premium_graphic_t-shirt_675.jpg,Premium Graphic T-Shirt 675,NorthPeak,"The Premium Graphic T-Shirt 675 by NorthPeak delivers dependable performance with quality materials and thoughtful design. It is well suited for everyday use in the clothing category, offering a strong balance of value and functionality.",Clothing,premium waterproof wireless portable essential,521.3,2.76,7970,1021,2022-10-07
https://example.com/images/advanced_graphic_t-shirt_631.jpg,Advanced Graphic T-Shirt 631,NorthPeak,"The Advanced Graphic T-Shirt 631 by NorthPeak delivers dependable performance with quality materials and thoughtful design. It is well suited for everyday use in the books category, offering a strong balance of value and functionality.",Books,versatile ergonomic compact essential rechargeable,264.04,3.91,4396,1759,2021-06-24
https://example.com/images/eco_yoga_mat_528.jpg,Eco Yoga Mat 528,BlueRiver Outfitters,"The Eco Yoga Mat 528 by BlueRiver Outfitters delivers dependable performance with quality materials and thoughtful design. It is well suited for everyday use in the home & kitchen category, offering a strong balance of value and functionality.",Home & Kitchen,portable premium limitededition modern compact,449.31,1.73,3201,441,2024-03-12
https://example.com/images/classic_backpack_964.jpg,Classic Backpack 964,UrbanNest,"The Classic Backpack 964 by UrbanNest delivers dependable performance with quality materials and thoughtful design. It is well suited for everyday use in the clothing category, offering a strong balance of value and functionality.",Clothing,modern versatile wireless ergonomic premium,351.86,2.8,3294,1428,2025-04-07
https://example.com/images/advanced_action_camera_376.jpg,Advanced Action Camera 376,Summit Gear Co.,"The Advanced Action Camera 376 by Summit Gear Co. delivers dependable performance with quality materials and thoughtful design. It is well suited for everyday use in the electronics category, offering a strong balance of value and functionality.",Electronics,essential giftable newarrival premium portable,585.37,4.01,6479,507,2016-09-18
https://example.com/images/premium_mechanical_keyboard_170.jpg,Premium Mechanical Keyboard 170,SilverLine Electronics,"The Premium Mechanical Keyboard 170 by SilverLine Electronics delivers dependable performance with quality materials and thoughtful design. It is well suited for everyday use in the books category, offering a strong balance of value and functionality.",Books,premium modern versatile bestseller lightweight,20.16,2.19,8808,136,2023-03-20
https://example.com/images/premium_electric_kettle_260.jpg,Premium Electric Kettle 260,Horizon Tech,"The Premium Electric Kettle 260 by Horizon Tech delivers dependable performance with quality materials and thoughtful design. It is well suited for everyday use in the home & kitchen category, offering a strong balance of value and functionality.",Home & Kitchen,modern lightweight rechargeable wireless waterproof,608.29,3.13,2328,644,2024-07-20
https://example.com/images/eco_electric_kettle_436.jpg,Eco Electric Kettle 436,NorthPeak,"The Eco Electric Kettle 436 by NorthPeak delivers dependable performance with quality materials and thoughtful design. It is well suited for everyday use in the electronics category, offering a strong balance of value and functionality.",Electronics,giftable premium rechargeable bestseller ergonomic,319.64,2.17,4095,1504,2017-02-26
https://example.com/images/classic_graphic_t-shirt_395.jpg,Classic Graphic T-Shirt 395,Maple Street Press,"The Classic Graphic T-Shirt 395 by Maple Street Press delivers dependable performance with quality materials and thoughtful design. It is well suited for everyday use in the electronics category, offering a strong balance of value and functionality.",Electronics,durable limitededition lightweight ergonomic newarrival,469.91,3.16,45,1618,2020-04-02
https://example.com/images/compact_fitness_tracker_624.jpg,Compact Fitness Tracker 624,Summit Gear Co.,"The Compact Fitness Tracker 624 by Summit Gear Co. delivers dependable performance with quality materials and thoughtful design. It is well suited for everyday use in the sports & outdoors category, offering a strong balance of value and functionality.",Sports & Outdoors,wireless premium portable modern lightweight,212.24,2.61,7207,704,2018-10-25
https://example.com/images/wireless_mechanical_keyboard_273.jpg,Wireless Mechanical Keyboard 273,Horizon Tech,"The Wireless Mechanical Keyboard 273 by Horizon Tech delivers dependable performance with quality materials and thoughtful design. It is well suited for everyday use in the sports & outdoors category, offering a strong balance of value and functionality.",Sports & Outdoors,essential ergonomic modern premium waterproof,122.07,2.41,9285,1006,2024-12-27
https://example.com/images/eco_gaming_mouse_495.jpg,Eco Gaming Mouse 495,SilverLine Electronics,"The Eco Gaming Mouse 495 by SilverLine Electronics delivers dependable performance with quality materials and thoughtful design. It is well suited for everyday use in the books category, offering a strong balance of value and functionality.",Books,essential compact bestseller modern versatile,44.12,1.31,5240,698,2025-06-29
https://example.com/images/smart_electric_kettle_216.jpg,Smart Electric Kettle 216,Horizon Tech,"The Smart Electric Kettle 216 by Horizon Tech delivers dependable performance with quality materials and thoughtful design. It is well suited for everyday use in the clothing category, offering a strong balance of value and functionality.",Clothing,compact lightweight newarrival rechargeable essential,174.44,2.1,7469,1251,2020-05-24
https://example.com/images/eco_mechanical_keyboard_674.jpg,Eco Mechanical Keyboard 674,BrightLeaf Publishing,"The Eco Mechanical Keyboard 674 by BrightLeaf Publishing delivers dependable performance with quality materials and thoughtful design. It is well suited for everyday use in the books category, offering a strong balance of value and functionality.",Books,newarrival limitededition premium waterproof portable,430.18,2.29,4811,1601,2021-04-02
https://example.com/images/professional_mechanical_keyboard_196.jpg,Professional Mechanical Keyboard 196,Horizon Tech,"The Professional Mechanical Keyboard 196 by Horizon Tech delivers dependable performance with quality materials and thoughtful design. It is well suited for everyday use in the electronics category, offering a strong balance of value and functionality.",Electronics,lightweight essential limitededition giftable modern,622.57,2.75,2347,1310,2024-01-07
https://example.com/images/advanced_office_chair_172.jpg,Advanced Office Chair 172,BrightLeaf Publishing,"The Advanced Office Chair 172 by BrightLeaf Publishing delivers dependable performance with quality materials and thoughtful design. It is well suited for everyday use in the books category, offering a strong balance of value and functionality.",Books,durable premium wireless ergonomic essential,76.47,1.1,8903,1215,2017-08-17
https://example.com/images/advanced_external_hard_drive_985.jpg,Advanced External Hard Drive 985,NorthPeak,"The Advanced External Hard Drive 985 by NorthPeak delivers dependable performance with quality materials and thoughtful design. It is well suited for everyday use in the books category, offering a strong balance of value and functionality.",Books,versatile bestseller waterproof rechargeable portable,425.9,4.46,139,740,2017-06-17
https://example.com/images/wireless_science_fiction_novel_153.jpg,Wireless Science Fiction Novel 153,Maple Street Press,"The Wireless Science Fiction Novel 153 by Maple Street Press delivers dependable performance with quality materials and thoughtful design. It is well suited for everyday use in the sports & outdoors category, offering a strong balance of value and functionality.",Sports & Outdoors,wireless portable limitededition compact giftable,760.46,2.24,3885,1536,2016-08-07
https://example.com/images/premium_bluetooth_speaker_656.jpg,Premium Bluetooth Speaker 656,Maple Street Press,"The Premium Bluetooth Speaker 656 by Maple Street Press delivers dependable performance with quality materials and thoughtful design. It is well suited for everyday use in the electronics category, offering a strong balance of value and functionality.",Electronics,compact limitededition giftable newarrival wireless,676.16,3.01,3861,395,2025-12-25
https://example.com/images/compact_electric_kettle_920.jpg,Compact Electric Kettle 920,SilverLine Electronics,"The Compact Electric Kettle 920 by SilverLine Electronics delivers dependable performance with quality materials and thoughtful design. It is well suited for everyday use in the electronics category, offering a strong balance of value and functionality.",Electronics,wireless portable essential premium limitededition,718.8,4.14,9397,1553,2020-07-14
https://example.com/images/advanced_4k_monitor_258.jpg,Advanced 4K Monitor 258,NorthPeak,"The Advanced 4K Monitor 258 by NorthPeak delivers dependable performance with quality materials and thoughtful design. It is well suited for everyday use in the clothing category, offering a strong balance of value and functionality.",Clothing,rechargeable ergonomic waterproof compact portable,279.73,4.41,9849,534,2017-07-18
https://example.com/images/wireless_backpack_263.jpg,Wireless Backpack 263,NorthPeak,"The Wireless Backpack 263 by NorthPeak delivers dependable performance with quality materials and thoughtful design. It is well suited for everyday use in the books category, offering a strong balance of value and functionality.",Books,giftable newarrival versatile modern wireless,458.09,4.72,5159,1389,2020-01-19
https://example.com/images/wireless_backpack_872.jpg,Wireless Backpack 872,Horizon Tech,"The Wireless Backpack 872 by Horizon Tech delivers dependable performance with quality materials and thoughtful design. It is well suited for everyday use in the office supplies category, offering a strong balance of value and functionality.",Office Supplies,modern ergonomic newarrival waterproof lightweight,87.03,2.5,6832,510,2020-04-12
https://example.com/images/wireless_running_shoes_585.jpg,Wireless Running Shoes 585,NorthPeak,"The Wireless Running Shoes 585 by NorthPeak delivers dependable performance with quality materials and thoughtful design. It is well suited for everyday use in the office supplies category, offering a strong balance of value and functionality.",Office Supplies,limitededition versatile rechargeable giftable compact,214.65,2.84,1254,523,2017-04-29
https://example.com/images/smart_mechanical_keyboard_884.jpg,Smart Mechanical Keyboard 884,SilverLine Electronics,"The Smart Mechanical Keyboard 884 by SilverLine Electronics delivers dependable performance with quality materials and thoughtful design. It is well suited for everyday use in the home & kitchen category, offering a strong balance of value and functionality.",Home & Kitchen,essential versatile bestseller limitededition ergonomic,593.19,2.12,6841,336,2017-02-13
https://example.com/images/wireless_yoga_mat_422.jpg,Wireless Yoga Mat 422,BrightLeaf Publishing,"The Wireless Yoga Mat 422 by BrightLeaf Publishing delivers dependable performance with quality materials and thoughtful design. It is well suited for everyday use in the office supplies category, offering a strong balance of value and functionality.",Office Supplies,compact premium lightweight ergonomic giftable,660.62,4.76,6851,1982,2018-11-23
https://example.com/images/portable_smartphone_stand_973.jpg,Portable Smartphone Stand 973,Maple Street Press,"The Portable Smartphone Stand 973 by Maple Street Press delivers dependable performance with quality materials and thoughtful design. It is well suited for everyday use in the clothing category, offering a strong balance of value and functionality.",Clothing,ergonomic newarrival durable waterproof premium,495.25,2.22,4590,1206,2021-04-19
https://example.com/images/ultra_gaming_mouse_534.jpg,Ultra Gaming Mouse 534,BrightLeaf Publishing,"The Ultra Gaming Mouse 534 by BrightLeaf Publishing delivers dependable performance with quality materials and thoughtful design. It is well suited for everyday use in the books category, offering a strong balance of value and functionality.",Books,ergonomic portable essential waterproof compact,409.33,4.1,6638,949,2020-06-02
https://example.com/images/smart_bluetooth_speaker_742.jpg,Smart Bluetooth Speaker 742,SilverLine Electronics,"The Smart Bluetooth Speaker 742 by SilverLine Electronics delivers dependable performance with quality materials and thoughtful design. It is well suited for everyday use in the sports & outdoors category, offering a strong balance of value and functionality.",Sports & Outdoors,rechargeable bestseller compact wireless ergonomic,417.73,3.0,7854,384,2017-04-05
https://example.com/images/advanced_graphic_t-shirt_359.jpg,Advanced Graphic T-Shirt 359,Maple Street Press,"The Advanced Graphic T-Shirt 359 by Maple Street Press delivers dependable performance with quality materials and thoughtful design. It is well suited for everyday use in the books category, offering a strong balance of value and functionality.",Books,limitededition versatile giftable newarrival lightweight,222.88,1.68,9927,868,2018-05-19
https://example.com/images/classic_electric_kettle_347.jpg,Classic Electric Kettle 347,UrbanNest,"The Classic Electric Kettle 347 by UrbanNest delivers dependable performance with quality materials and thoughtful design. It is well suited for everyday use in the office supplies category, offering a strong balance of value and functionality.",Office Supplies,portable rechargeable bestseller giftable modern,481.08,4.77,41,595,2021-02-18
https://example.com/images/wireless_noise_cancelling_headphones_211.jpg,Wireless Noise Cancelling Headphones 211,Maple Street Press,"The Wireless Noise Cancelling Headphones 211 by Maple Street Press delivers dependable performance with quality materials and thoughtful design. It is well suited for everyday use in the sports & outdoors category, offering a strong balance of value and functionality.",Sports & Outdoors,lightweight ergonomic portable modern newarrival,610.19,2.43,1000,43,2024-03-14
https://example.com/images/classic_graphic_t-shirt_410.jpg,Classic Graphic T-Shirt 410,Summit Gear Co.,"The Classic Graphic T-Shirt 410 by Summit Gear Co. delivers dependable performance with quality materials and thoughtful design. It is well suited for everyday use in the electronics category, offering a strong balance of value and functionality.",Electronics,rechargeable premium lightweight limitededition wireless,685.51,1.1,2738,1325,2020-12-31
https://example.com/images/classic_action_camera_153.jpg,Classic Action Camera 153,UrbanNest,"The Classic Action Camera 153 by UrbanNest delivers dependable performance with quality materials and thoughtful design. It is well suited for everyday use in the home & kitchen category, offering a strong balance of value and functionality.",Home & Kitchen,ergonomic durable newarrival wireless compact,180.3,1.13,6816,1262,2024-06-03
https://example.com/images/advanced_science_fiction_novel_465.jpg,Advanced Science Fiction Novel 465,Maple Street Press,"The Advanced Science Fiction Novel 465 by Maple Street Press delivers dependable performance with quality materials and thoughtful design. It is well suited for everyday use in the office supplies category, offering a strong balance of value and functionality.",Office Supplies,compact ergonomic essential wireless giftable,405.27,3.9,6595,1639,2022-06-29
https://example.com/images/premium_gaming_mouse_147.jpg,Premium Gaming Mouse 147,Horizon Tech,"The Premium Gaming Mouse 147 by Horizon Tech delivers dependable performance with quality materials and thoughtful design. It is well suited for everyday use in the clothing category, offering a strong balance of value and functionality.",Clothing,wireless giftable newarrival versatile essential,645.42,3.19,5901,1755,2024-10-23
https://example.com/images/premium_smartphone_stand_921.jpg,Premium Smartphone Stand 921,Maple Street Press,"The Premium Smartphone Stand 921 by Maple Street Press delivers dependable performance with quality materials and thoughtful design. It is well suited for everyday use in the sports & outdoors category, offering a strong balance of value and functionality.",Sports & Outdoors,ergonomic modern newarrival versatile lightweight,468.95,2.87,4533,1366,2021-11-22
https://example.com/images/compact_bluetooth_speaker_731.jpg,Compact Bluetooth Speaker 731,SilverLine Electronics,"The Compact Bluetooth Speaker 731 by SilverLine Electronics delivers dependable performance with quality materials and thoughtful design. It is well suited for everyday use in the office supplies category, offering a strong balance of value and functionality.",Office Supplies,ergonomic rechargeable durable essential modern,592.18,3.35,9492,1630,2020-12-14
https://example.com/images/eco_noise_cancelling_headphones_794.jpg,Eco Noise Cancelling Headphones 794,Maple Street Press,"The Eco Noise Cancelling Headphones 794 by Maple Street Press delivers dependable performance with quality materials and thoughtful design. It is well suited for everyday use in the sports & outdoors category, offering a strong balance of value and functionality.",Sports & Outdoors,giftable lightweight portable ergonomic limitededition,529.15,3.77,6613,314,2017-06-10
https://example.com/images/classic_action_camera_688.jpg,Classic Action Camera 688,Horizon Tech,"The Classic Action Camera 688 by Horizon Tech delivers dependable performance with quality materials and thoughtful design. It is well suited for everyday use in the clothing category, offering a strong balance of value and functionality.",Clothing,durable bestseller limitededition portable waterproof,534.65,4.48,7321,1329,2023-01-20
https://example.com/images/eco_fitness_tracker_524.jpg,Eco Fitness Tracker 524,Horizon Tech,"The Eco Fitness Tracker 524 by Horizon Tech delivers dependable performance with quality materials and thoughtful design. It is well suited for everyday use in the sports & outdoors category, offering a strong balance of value and functionality.",Sports & Outdoors,essential ergonomic bestseller compact newarrival,351.88,1.75,9630,1935,2022-02-28
https://example.com/images/smart_stainless_steel_water_bottle_194.jpg,Smart Stainless Steel Water Bottle 194,BlueRiver Outfitters,"The Smart Stainless Steel Water Bottle 194 by BlueRiver Outfitters delivers dependable performance with quality materials and thoughtful design. It is well suited for everyday use in the office supplies category, offering a strong balance of value and functionality.",Office Supplies,bestseller ergonomic waterproof rechargeable modern,537.14,2.73,8136,1304,2021-01-12
https://example.com/images/smart_smartphone_stand_498.jpg,Smart Smartphone Stand 498,Summit Gear Co.,"The Smart Smartphone Stand 498 by Summit Gear Co. delivers dependable performance with quality materials and thoughtful design. It is well suited for everyday use in the clothing category, offering a strong balance of value and functionality.",Clothing,durable rechargeable premium lightweight giftable,252.17,3.18,5662,818,2019-08-06
https://example.com/images/premium_external_hard_drive_406.jpg,Premium External Hard Drive 406,UrbanNest,"The Premium External Hard Drive 406 by UrbanNest delivers dependable performance with quality materials and thoughtful design. It is well suited for everyday use in the books category, offering a strong balance of value and functionality.",Books,wireless durable modern newarrival giftable,757.55,4.27,6660,1947,2022-02-14
https://example.com/images/premium_graphic_t-shirt_712.jpg,Premium Graphic T-Shirt 712,SilverLine Electronics,"The Premium Graphic T-Shirt 712 by SilverLine Electronics delivers dependable performance with quality materials and thoughtful design. It is well suited for everyday use in the home & kitchen category, offering a strong balance of value and functionality.",Home & Kitchen,essential portable rechargeable ergonomic giftable,129.3,3.05,9605,1467,2022-12-25
https://example.com/images/advanced_led_desk_lamp_923.jpg,Advanced LED Desk Lamp 923,UrbanNest,"The Advanced LED Desk Lamp 923 by UrbanNest delivers dependable performance with quality materials and thoughtful design. It is well suited for everyday use in the home & kitchen category, offering a strong balance of value and functionality.",Home & Kitchen,giftable portable lightweight ergonomic limitededition,221.63,1.79,3339,1446,2020-01-23
https://example.com/images/portable_led_desk_lamp_513.jpg,Portable LED Desk Lamp 513,BlueRiver Outfitters,"The Portable LED Desk Lamp 513 by BlueRiver Outfitters delivers dependable performance with quality materials and thoughtful design. It is well suited for everyday use in the electronics category, offering a strong balance of value and functionality.",Electronics,compact modern essential limitededition durable,495.75,3.27,2843,80,2023-01-25
https://example.com/images/smart_graphic_t-shirt_570.jpg,Smart Graphic T-Shirt 570,BrightLeaf Publishing,"The Smart Graphic T-Shirt 570 by BrightLeaf Publishing delivers dependable performance with quality materials and thoughtful design. It is well suited for everyday use in the office supplies category, offering a strong balance of value and functionality.",Office Supplies,premium newarrival giftable compact bestseller,53.92,3.81,7153,484,2023-05-30
https://example.com/images/wireless_science_fiction_novel_884.jpg,Wireless Science Fiction Novel 884,Summit Gear Co.,"The Wireless Science Fiction Novel 884 by Summit Gear Co. delivers dependable performance with quality materials and thoughtful design. It is well suited for everyday use in the home & kitchen category, offering a strong balance of value and functionality.",Home & Kitchen,rechargeable compact portable lightweight giftable,360.58,4.37,4247,925,2024-07-30
https://example.com/images/portable_led_desk_lamp_963.jpg,Portable LED Desk Lamp 963,Horizon Tech,"The Portable LED Desk Lamp 963 by Horizon Tech delivers dependable performance with quality materials and thoughtful design. It is well suited for everyday use in the home & kitchen category, offering a strong balance of value and functionality.",Home & Kitchen,durable modern essential premium lightweight,105.33,4.73,2418,542,2025-09-02
https://example.com/images/ultra_yoga_mat_366.jpg,Ultra Yoga Mat 366,Maple Street Press,"The Ultra Yoga Mat 366 by Maple Street Press delivers dependable performance with quality materials and thoughtful design. It is well suited for everyday use in the books category, offering a strong balance of value and functionality.",Books,bestseller modern essential waterproof premium,590.65,1.8,2459,88,2017-06-04
https://example.com/images/ultra_electric_kettle_105.jpg,Ultra Electric Kettle 105,UrbanNest,"The Ultra Electric Kettle 105 by UrbanNest delivers dependable performance with quality materials and thoughtful design. It is well suited for everyday use in the office supplies category, offering a strong balance of value and functionality.",Office Supplies,limitededition premium durable essential compact,698.31,4.39,8906,1200,2024-01-10
https://example.com/images/premium_noise_cancelling_headphones_854.jpg,Premium Noise Cancelling Headphones 854,Horizon Tech,"The Premium Noise Cancelling Headphones 854 by Horizon Tech delivers dependable performance with quality materials and thoughtful design. It is well suited for everyday use in the sports & outdoors category, offering a strong balance of value and functionality.",Sports & Outdoors,wireless lightweight giftable versatile ergonomic,231.42,1.09,1341,328,2022-09-13
https://example.com/images/premium_yoga_mat_172.jpg,Premium Yoga Mat 172,Horizon Tech,"The Premium Yoga Mat 172 by Horizon Tech delivers dependable performance with quality materials and thoughtful design. It is well suited for everyday use in the books category, offering a strong balance of value and functionality.",Books,newarrival compact premium bestseller ergonomic,696.35,4.15,5035,1520,2019-03-04
https://example.com/images/portable_bluetooth_speaker_157.jpg,Portable Bluetooth Speaker 157,Summit Gear Co.,"The Portable Bluetooth Speaker 157 by Summit Gear Co. delivers dependable performance with quality materials and thoughtful design. It is well suited for everyday use in the sports & outdoors category, offering a strong balance of value and functionality.",Sports & Outdoors,wireless rechargeable durable giftable portable,354.54,4.83,9896,358,2019-01-20
https://example.com/images/premium_graphic_t-shirt_400.jpg,Premium Graphic T-Shirt 400,SilverLine Electronics,"The Premium Graphic T-Shirt 400 by SilverLine Electronics delivers dependable performance with quality materials and thoughtful design. It is well suited for everyday use in the office supplies category, offering a strong balance of value and functionality.",Office Supplies,lightweight compact durable modern portable,584.02,1.03,5014,450,2025-05-21
https://example.com/images/compact_office_chair_104.jpg,Compact Office Chair 104,SilverLine Electronics,"The Compact Office Chair 104 by SilverLine Electronics delivers dependable performance with quality materials and thoughtful design. It is well suited for everyday use in the sports & outdoors category, offering a strong balance of value and functionality.",Sports & Outdoors,versatile rechargeable premium waterproof durable,160.1,4.27,2494,54,2019-06-09
https://example.com/images/professional_stainless_steel_water_bottle_479.jpg,Professional Stainless Steel Water Bottle 479,NorthPeak,"The Professional Stainless Steel Water Bottle 479 by NorthPeak delivers dependable performance with quality materials and thoughtful design. It is well suited for everyday use in the home & kitchen category, offering a strong balance of value and functionality.",Home & Kitchen,portable versatile compact rechargeable newarrival,111.74,2.29,8001,12,2017-12-15
https://example.com/images/smart_stainless_steel_water_bottle_565.jpg,Smart Stainless Steel Water Bottle 565,Summit Gear Co.,"The Smart Stainless Steel Water Bottle 565 by Summit Gear Co. delivers dependable performance with quality materials and thoughtful design. It is well suited for everyday use in the books category, offering a strong balance of value and functionality.",Books,premium essential waterproof versatile rechargeable,133.73,2.27,3003,74,2020-12-01
https://example.com/images/compact_science_fiction_novel_954.jpg,Compact Science Fiction Novel 954,Summit Gear Co.,"The Compact Science Fiction Novel 954 by Summit Gear Co. delivers dependable performance with quality materials and thoughtful design. It is well suited for everyday use in the sports & outdoors category, offering a strong balance of value and functionality.",Sports & Outdoors,durable rechargeable giftable premium lightweight,380.82,3.71,4728,1141,2021-02-15
https://example.com/images/advanced_yoga_mat_450.jpg,Advanced Yoga Mat 450,Summit Gear Co.,"The Advanced Yoga Mat 450 by Summit Gear Co. delivers dependable performance with quality materials and thoughtful design. It is well suited for everyday use in the clothing category, offering a strong balance of value and functionality.",Clothing,limitededition ergonomic newarrival bestseller versatile,309.91,1.37,4051,379,2018-07-13
https://example.com/images/advanced_smartphone_stand_636.jpg,Advanced Smartphone Stand 636,UrbanNest,"The Advanced Smartphone Stand 636 by UrbanNest delivers dependable performance with quality materials and thoughtful design. It is well suited for everyday use in the sports & outdoors category, offering a strong balance of value and functionality.",Sports & Outdoors,limitededition wireless durable versatile essential,197.34,2.13,3385,1727,2019-12-29
https://example.com/images/ultra_backpack_359.jpg,Ultra Backpack 359,Summit Gear Co.,"The Ultra Backpack 359 by Summit Gear Co. delivers dependable performance with quality materials and thoughtful design. It is well suited for everyday use in the home & kitchen category, offering a strong balance of value and functionality.",Home & Kitchen,compact versatile essential giftable limitededition,758.82,2.98,2830,1554,2016-05-25
https://example.com/images/premium_stainless_steel_water_bottle_727.jpg,Premium Stainless Steel Water Bottle 727,SilverLine Electronics,"The Premium Stainless Steel Water Bottle 727 by SilverLine Electronics delivers dependable performance with quality materials and thoughtful design. It is well suited for everyday use in the books category, offering a strong balance of value and functionality.",Books,ergonomic essential rechargeable limitededition giftable,663.62,4.97,9501,1000,2020-03-12
https://example.com/images/portable_led_desk_lamp_766.jpg,Portable LED Desk Lamp 766,UrbanNest,"The Portable LED Desk Lamp 766 by UrbanNest delivers dependable performance with quality materials and thoughtful design. It is well suited for everyday use in the sports & outdoors category, offering a strong balance of value and functionality.",Sports & Outdoors,newarrival bestseller premium waterproof modern,485.44,1.69,4012,638,2022-03-12
https://example.com/images/premium_external_hard_drive_451.jpg,Premium External Hard Drive 451,Horizon Tech,"The Premium External Hard Drive 451 by Horizon Tech delivers dependable performance with quality materials and thoughtful design. It is well suited for everyday use in the home & kitchen category, offering a strong balance of value and functionality.",Home & Kitchen,portable wireless premium durable ergonomic,589.94,4.26,8269,253,2020-03-02
https://example.com/images/compact_fitness_tracker_659.jpg,Compact Fitness Tracker 659,Horizon Tech,"The Compact Fitness Tracker 659 by Horizon Tech delivers dependable performance with quality materials and thoughtful design. It is well suited for everyday use in the home & kitchen category, offering a strong balance of value and functionality.",Home & Kitchen,durable compact lightweight bestseller essential,513.61,1.22,692,1399,2016-08-16
https://example.com/images/professional_cookbook_960.jpg,Professional Cookbook 960,SilverLine Electronics,"The Professional Cookbook 960 by SilverLine Electronics delivers dependable performance with quality materials and thoughtful design. It is well suited for everyday use in the clothing category, offering a strong balance of value and functionality.",Clothing,wireless limitededition compact waterproof bestseller,388.82,2.54,7167,1757,2022-02-05
https://example.com/images/compact_stainless_steel_water_bottle_649.jpg,Compact Stainless Steel Water Bottle 649,SilverLine Electronics,"The Compact Stainless Steel Water Bottle 649 by SilverLine Electronics delivers dependable performance with quality materials and thoughtful design. It is well suited for everyday use in the sports & outdoors category, offering a strong balance of value and functionality.",Sports & Outdoors,giftable wireless versatile essential limitededition,516.23,2.31,6312,917,2024-05-28
https://example.com/images/wireless_science_fiction_novel_659.jpg,Wireless Science Fiction Novel 659,NorthPeak,"The Wireless Science Fiction Novel 659 by NorthPeak delivers dependable performance with quality materials and thoughtful design. It is well suited for everyday use in the electronics category, offering a strong balance of value and functionality.",Electronics,durable compact rechargeable modern waterproof,318.02,4.46,1617,1267,2021-02-01
https://example.com/images/ultra_smartphone_stand_628.jpg,Ultra Smartphone Stand 628,BlueRiver Outfitters,"The Ultra Smartphone Stand 628 by BlueRiver Outfitters delivers dependable performance with quality materials and thoughtful design. It is well suited for everyday use in the home & kitchen category, offering a strong balance of value and functionality.",Home & Kitchen,essential durable newarrival compact waterproof,735.03,4.51,7915,1243,2025-06-17
https://example.com/images/professional_yoga_mat_489.jpg,Professional Yoga Mat 489,SilverLine Electronics,"The Professional Yoga Mat 489 by SilverLine Electronics delivers dependable performance with quality materials and thoughtful design. It is well suited for everyday use in the electronics category, offering a strong balance of value and functionality.",Electronics,bestseller giftable compact premium ergonomic,688.19,3.82,3449,1962,2020-10-30
